,AI,CAV,Ds575,Ds595,PGA,PGV,pSA_0.010000000000,pSA_0.010722672220,pSA_0.011497569954,pSA_0.012328467394,pSA_0.013219411485,pSA_0.014174741629,pSA_0.015199110830,pSA_0.016297508346,pSA_0.017475284000,pSA_0.018738174229,pSA_0.02,pSA_0.020092330026,pSA_0.021544346900,pSA_0.023101297001,pSA_0.024770763560,pSA_0.026560877829,pSA_0.028480358684,pSA_0.030538555088,pSA_0.032745491629,pSA_0.035111917342,pSA_0.037649358068,pSA_0.040370172586,pSA_0.043287612811,pSA_0.046415888336,pSA_0.049770235643,pSA_0.05,pSA_0.053366992312,pSA_0.057223676594,pSA_0.061359072734,pSA_0.065793322466,pSA_0.070548023107,pSA_0.075646332755,pSA_0.081113083079,pSA_0.086974900262,pSA_0.093260334688,pSA_0.1,pSA_0.107226722201,pSA_0.114975699540,pSA_0.123284673944,pSA_0.132194114847,pSA_0.141747416293,pSA_0.151991108295,pSA_0.162975083462,pSA_0.174752840001,pSA_0.187381742286,pSA_0.2,pSA_0.200923300257,pSA_0.215443469003,pSA_0.231012970008,pSA_0.247707635599,pSA_0.265608778295,pSA_0.284803586844,pSA_0.3,pSA_0.305385550883,pSA_0.327454916288,pSA_0.351119173422,pSA_0.376493580679,pSA_0.4,pSA_0.403701725860,pSA_0.432876128108,pSA_0.464158883361,pSA_0.497702356433,pSA_0.5,pSA_0.533669923121,pSA_0.572236765935,pSA_0.613590727341,pSA_0.657933224658,pSA_0.705480231072,pSA_0.75,pSA_0.756463327555,pSA_0.811130830790,pSA_0.869749002618,pSA_0.932603346883,pSA_1.0,pSA_1.072267222010,pSA_1.149756995398,pSA_1.232846739442,pSA_1.321941148466,pSA_1.417474162927,pSA_1.519911082953,pSA_1.629750834621,pSA_1.747528400008,pSA_1.873817422860,pSA_10.0,pSA_2.0,pSA_2.009233002565,pSA_2.154434690032,pSA_2.310129700083,pSA_2.477076355992,pSA_2.656087782947,pSA_2.848035868436,pSA_3.0,pSA_3.053855508833,pSA_3.274549162878,pSA_3.511191734215,pSA_3.764935806792,pSA_4.0,pSA_4.037017258597,pSA_4.328761281083,pSA_4.641588833613,pSA_4.977023564332,pSA_5.0,pSA_5.336699231206,pSA_5.722367659350,pSA_6.135907273413,pSA_6.579332246576,pSA_7.054802310719,pSA_7.5,pSA_7.564633275546,pSA_8.111308307897,pSA_8.697490026178,pSA_9.326033468832
stat_1,0.22486389968170686,0.09496378193692642,0.1465999088668312,0.10834053895048576,0.1436666886046842,0.13630778873328098,0.14331556450439278,0.14333437164905027,0.14333591332601817,0.14330929560828434,0.1432586705446695,0.14314708000149862,0.14301609353052075,0.14289501605639746,0.1428109315882614,0.14273120261982886,0.14271699538698968,0.1427180405488684,0.14261999009486193,0.14249881568759612,0.14238874872071153,0.14239208875775172,0.1426934737726798,0.14274395004384352,0.14323171146707525,0.14343055725477222,0.14331980415946965,0.1433764302433531,0.1435141831610159,0.14349896327467757,0.14389915739611592,0.14390999969985394,0.14430181556704294,0.1450524199276115,0.14556480754973358,0.14569408410272405,0.1460634398220863,0.14617129843754245,0.1464783531488517,0.14632785607126012,0.14644342373068278,0.14681357131904255,0.14690938158626246,0.146859027688221,0.14777025661471657,0.14823896617392882,0.1488323937823323,0.14909629455233958,0.14983632146582193,0.15033106306214336,0.15063251028194288,0.1505366650879223,0.15053135346563906,0.15065590591579966,0.15060850170110757,0.15080334138390325,0.15065613281152637,0.1498668283939519,0.14947509214578733,0.14938004212041675,0.14884654704078187,0.1473580195226579,0.14666232756710293,0.14596374364215897,0.14582577313194525,0.14532774933120207,0.14445837047497234,0.14298075888403108,0.14287642138683498,0.14061638954429367,0.13906802097764437,0.1377372320200547,0.1361796893498449,0.13353328787831026,0.13093685431417257,0.13070113026603158,0.1289553022982748,0.12713585811574177,0.12520894402729377,0.12298477276008628,0.12168324596333488,0.12083902418096935,0.12099547843186484,0.12072860609279783,0.12008863380436356,0.11985297493507513,0.11870943364595002,0.11793411666306786,0.11822643856255682,0.10865342788453104,0.11825329928325269,0.11826367557868703,0.1182146670251893,0.11745139350335689,0.1163336130289943,0.11529395060956928,0.11417936410496264,0.1137559933467065,0.11366558735265338,0.11318725423798684,0.11212473455331003,0.11123575356184019,0.11035838755854813,0.11023745893163732,0.10936255348029197,0.10834376208929776,0.10721998362657285,0.10712012752358646,0.10641812443162624,0.10629578208580184,0.1064962231136308,0.1067917666053125,0.10682534035716815,0.10673048832370292,0.10670882418364372,0.10682179303130035,0.1073639323851041,0.10781478259327232
stat_3,0.12601983883715676,0.05300538636714551,0.08438454091412988,0.0613537944506307,0.0810720163237287,0.07828041331079305,0.08084813156219514,0.08086148167280288,0.08086399215443071,0.0808485312399099,0.08081320567247066,0.08073548415747239,0.08065241326296753,0.08057384172736806,0.080509828578291,0.08044774212716288,0.08040998122641187,0.08040886280817222,0.08032509420442849,0.08021993473758754,0.0801113643260333,0.08004711090832757,0.08014224122235042,0.08013168477065585,0.08037050645893054,0.0804125757892273,0.08028258773462713,0.08025011840481762,0.08023382336676836,0.08016283731136187,0.08033805198020277,0.08034038316626924,0.08048414307314689,0.08082194543298671,0.08109412444176882,0.08116140583919022,0.08139715033063408,0.08149951244907691,0.08171690287874113,0.08168417628358834,0.08178134931421752,0.08198489775172314,0.08209415371263544,0.08217153973057154,0.08281930008994796,0.08314732981543883,0.08352939310425855,0.08376366974520892,0.08428710551743977,0.08471368843236386,0.08504375299230506,0.0850689073577059,0.08506925453310116,0.08519452575301603,0.08527560208815584,0.08550452102211742,0.08555907972937216,0.0852198513253159,0.08499989476591475,0.08495075669023956,0.08464609336811245,0.08381598494745038,0.0834869089721979,0.0831048926038061,0.0830302374495952,0.08277072527753426,0.08220168026100225,0.08115550683901773,0.08108416626068861,0.0796772324515377,0.07861940925797993,0.07771990675642296,0.07681683954128574,0.0752960685998088,0.07370248746097081,0.07354828299273873,0.07235043211250855,0.07125884175337568,0.07019143080951068,0.06890597105843983,0.06813391619646851,0.06756662604965857,0.06762313351773219,0.06744760408770095,0.06707170692283781,0.06692466218323868,0.06625855644637718,0.06581530073680993,0.06601304641506717,0.06175739768986944,0.06608328426319193,0.06609321925947884,0.06618187693070464,0.0658647486038237,0.06533686923079456,0.06476254365458187,0.0641637566105257,0.06396094076835514,0.0639131594516311,0.06371898084250377,0.06325088289528821,0.0628220589495575,0.062416326993902455,0.06236151418982264,0.06199935663724127,0.061492754511612555,0.06097525916427123,0.06092498935026406,0.0605666867220004,0.06055657072121269,0.060729620368515994,0.06087959158028712,0.06079937824665311,0.06071907196490581,0.06070895332622532,0.06079573362166764,0.06112469544548721,0.06136165696778648
stat_5,0.1696991105046834,0.07123750270836994,0.11360172641572419,0.08282242621632364,0.10930227046454638,0.10501152253637765,0.10900347048151067,0.10902050938350444,0.1090246734433732,0.1090061623381994,0.10896319141189864,0.10886316476938637,0.10875393573833336,0.10864949724355312,0.108565444859577,0.10848491693128047,0.10844236652617882,0.10844113492577565,0.10833320581023803,0.10819891428445731,0.10806676738344195,0.10800538959190112,0.10816996563985928,0.10816575777974631,0.10850029897083674,0.10857879732676576,0.10842168140596699,0.1083956713563271,0.10840812217379837,0.10833602153478117,0.10857777479192825,0.1085809726437406,0.10878921596664343,0.10928236011479724,0.1096531770985814,0.10973557815724319,0.1100279957191139,0.11013208175190534,0.11041059956691766,0.11033163395883429,0.11045004717241352,0.1107472604336754,0.11088767353192282,0.1109626216216195,0.11180263001363423,0.11224103507153393,0.11276799612615848,0.11306876066113315,0.11375538255195472,0.11428576584614503,0.11470152099774746,0.11472126407147766,0.11472107739086952,0.1148676386162826,0.11491876715440039,0.11517007123947298,0.11517167089935519,0.11463125129781566,0.11431177575171399,0.11424285438708685,0.11383776534536007,0.11271255752261058,0.1122566667559642,0.11176295884357614,0.11166370913952083,0.11132624783077448,0.1105900652814086,0.10925521226991905,0.10916331872703035,0.1072971719065454,0.10593685584660296,0.1047947480226011,0.10358737304900303,0.10152263475486109,0.09941548237292562,0.09921472027386996,0.09769728636179924,0.09623702787468462,0.09476335536716145,0.09301919834879144,0.09200392204066857,0.09128478253180808,0.0913987282037994,0.09120004631773632,0.09072261597649058,0.09056168794775504,0.08966033002152275,0.08905034778222899,0.08929197025248062,0.08300802451010167,0.08934462354120794,0.0893555752153895,0.0894159276931586,0.08891112136343143,0.08814194073360943,0.08734964266572649,0.08651002655172826,0.08623050299389248,0.08617130637663865,0.08589872733183825,0.08522833086719504,0.08463888337506152,0.08405603197693191,0.083978115838182,0.08344193725058625,0.08272016698154346,0.08196714621195923,0.08189617622810777,0.08139480529089489,0.08136336251705435,0.08157854251299852,0.0817928641090988,0.08171232816067013,0.08159631513614937,0.08158040224991209,0.08168519200105905,0.08212727624433319,0.08245027531777609
stat_6,0.20123982321857217,0.08498655957336906,0.13090014289757265,0.09678135250293778,0.12854443910709723,0.12249545760282433,0.1282265038024255,0.12824442269686578,0.12824500096654418,0.1282186648102272,0.12816821756081412,0.12806294644626717,0.1279425691616932,0.12783238385533657,0.1277542793461876,0.1276790177968341,0.12765641337775244,0.12765698977267811,0.12756278258812156,0.12744474943239478,0.1273290659983675,0.12730234573417856,0.12753056906604732,0.12756277834848592,0.1279839109416993,0.12813441862846764,0.12801121437142435,0.12803807931053415,0.12811844176297413,0.12807546787076118,0.12842150590567142,0.12843059251669764,0.12875681494168323,0.12938291497051246,0.1298354168960056,0.12995693074403478,0.13031295915102725,0.13044421883249196,0.13073880100178684,0.13064147524024627,0.130760819953942,0.13107276065534332,0.1311734137084363,0.13116957735540236,0.1320323843234774,0.13246256069331522,0.13298663460499027,0.13324391958215642,0.13393100505126238,0.13442532520206146,0.13472665161310624,0.13465442296211588,0.13465028262286236,0.1347856437002979,0.13480735371643837,0.13504379116156556,0.13499042481431833,0.1343780535960012,0.13405481254254584,0.13397269678544815,0.1334888213737101,0.13216354806918684,0.13155184401144038,0.1308994030643259,0.13077387941714266,0.13031011495813863,0.12950087738320162,0.12810252106591097,0.1280047665980563,0.12595243429268546,0.1244953321254665,0.12322612961321151,0.12182117131863703,0.11946818762670244,0.11709647943084094,0.11687709668325766,0.11520305752143767,0.11355836613728713,0.11186869080783357,0.10988475231868859,0.10869233210467823,0.10788420707812262,0.10798614429866706,0.10770923632215275,0.10710699261161652,0.10685797833036312,0.10583649058499621,0.10515437695288209,0.10544316948122238,0.09749682013893522,0.10551278786348751,0.10552480530722026,0.10554883759477188,0.10495016840450108,0.10401441054815917,0.10310193743958088,0.10213722240955578,0.10176833972655068,0.10168309999679445,0.10127300668275382,0.1003708736182462,0.09959076661511246,0.0988463020700685,0.09874270065582802,0.09801324106076695,0.09714429869237504,0.09619922595920559,0.09611336427808938,0.09550512114198141,0.09541427034820803,0.09561206777209251,0.0958630866706057,0.09586511252378042,0.0957892810687599,0.09577238240920859,0.0958867881573568,0.09637324623290024,0.09677293998594985
stat_7,0.16727648652638438,0.0704843394545347,0.11130473447293762,0.08127989793873192,0.10741173664555462,0.10298665554268824,0.10712623594967922,0.1071423915724036,0.10714553188398476,0.10712647205741747,0.10708468068770106,0.10698973771171824,0.10688457230359191,0.10678510666611772,0.1067077382163413,0.10663366067287991,0.10659943844204312,0.10659876195558936,0.10650146701380703,0.10638055097653766,0.1062626032370258,0.10621712290892486,0.10639204629383814,0.10639955727354225,0.10673761011272594,0.10683438370520673,0.10670104578652113,0.10669589426099331,0.1067337446041292,0.10667989775682268,0.1069401307005251,0.10694523012987503,0.1071818533741755,0.10768814999615489,0.1080592124865305,0.10814912499132993,0.10843841695402918,0.10854048901492393,0.10879910229367608,0.10871592926315277,0.10882297489144645,0.10910283237544914,0.10921579815245859,0.10925336540911504,0.11003322890085517,0.11043672626949157,0.11092709110433913,0.1111939329242683,0.11183491542418701,0.1123202106621225,0.11268399786847275,0.11268238978175588,0.1126813610441758,0.11281624661391038,0.11285447258965897,0.11308581738355743,0.11307176834890895,0.11253803187692031,0.1122314386756433,0.11216329471233705,0.1117644057128983,0.11065789577615613,0.11019584014420196,0.10970060481018201,0.1096017752325178,0.10926057719110482,0.10854864681438434,0.10727240012512494,0.10718432370285497,0.10538017188459768,0.10407879374592598,0.10297922398984892,0.10179709168149792,0.09978470405159498,0.09774475034891404,0.09755255196764759,0.09610129438757885,0.0946891592359319,0.09325127553517018,0.09155821119589108,0.0905639570005049,0.08987488924461237,0.08997966770607278,0.08977368961290404,0.08929403986647923,0.08912025536388339,0.088246568180045,0.0876576295786327,0.0878942558029548,0.08152190904047447,0.08794458238844718,0.08795482667286827,0.08799336086007473,0.0874882284453136,0.08671710157710033,0.08594266088138221,0.08512132476334308,0.08483372416038097,0.08477141402226455,0.08447658909604693,0.08378351946179853,0.08318172821017858,0.08259185833794046,0.0825122152034608,0.08195964194855801,0.08124273859152296,0.08048611742229964,0.08041563350232925,0.07991782047014198,0.07987564365507914,0.08007602749841418,0.08028751291117954,0.08022772561569556,0.08012429522738825,0.08010878898934927,0.08020892476871713,0.08063697054136469,0.08095838108588327
stat_9,0.09171193985891736,0.03886218509420497,0.059883429526849455,0.0439306014636287,0.0584878844206942,0.05647952544771877,0.05833714000207186,0.058346710410515173,0.05834618520434091,0.0583313407577648,0.05830212905433633,0.05824709404468419,0.05818811328361702,0.05813520091636572,0.05809535830188549,0.05805562868539827,0.058032364710388376,0.05803212592564429,0.05798040903084595,0.05791399325382474,0.057839503960837244,0.05779016705062704,0.05784262948440384,0.05784104033593215,0.058013671147996604,0.0580483204119145,0.05796287537793057,0.05794637491364753,0.05793089484448551,0.057875812277161216,0.0580201414962023,0.05802370217229695,0.05814492318445627,0.05837448756155033,0.058573583626216716,0.058637573768177506,0.05883266645850577,0.05893734509499324,0.05909446217484005,0.059097789726259835,0.05917113872875444,0.059285889297580385,0.05934711306897816,0.05939342599157415,0.05984171020800082,0.060049509853178355,0.060279384239481225,0.06042382168103345,0.0607704131734412,0.06106361743871203,0.061250917543014226,0.06124220342090218,0.061241402211568596,0.061334673188157475,0.061424012334296715,0.06161091401925094,0.06168526766933512,0.06151717456650821,0.06139894694406129,0.06136523108677594,0.061137706760361704,0.06054290842450558,0.060283866880915464,0.05996086968395633,0.0599021826468618,0.05967685944102338,0.059265074872038394,0.05852064050837452,0.05846996507804143,0.057488418827375785,0.056729664503368894,0.05605318645161447,0.055399425362391196,0.05434360765481023,0.05320201715541905,0.05309146123648464,0.052190738338657325,0.051421356907728685,0.05069554941494219,0.04980219834728209,0.049224836603307905,0.048792223579552305,0.048790679329264675,0.04861761072762397,0.04830793306673184,0.04815017101076573,0.04768639655413326,0.04738934843829288,0.047553638835676655,0.044711086593741727,0.04764080694501076,0.04764961932681232,0.04774383636477274,0.04757574888488729,0.04723003171528883,0.04683771293459879,0.04644088435653064,0.04628432732901801,0.04623960209638187,0.04607401527556427,0.04572423650411527,0.04538980558400804,0.04510282868691166,0.045061764576489916,0.04479961654184172,0.044457627835158546,0.044105144821243746,0.04407050980104269,0.04381932657907923,0.04380410613212246,0.04392054465803577,0.04401835767649943,0.04397845763077904,0.04395217985105966,0.04394751314864682,0.04401653723404825,0.04424106050548045,0.04441738556969021
stat_14,0.3992907665647144,0.1755246504411547,0.22942499869341543,0.17946874566054855,0.2438113110792825,0.218727866943278,0.2435718762196644,0.24357399621211043,0.24354128921651638,0.2434728168422824,0.24343092682401654,0.24340758622135517,0.24329097185024093,0.24322487990415573,0.24331033474957034,0.24340025120051575,0.24373270214143944,0.24375771218851694,0.24397410858428883,0.24425381298943954,0.24462101772227093,0.24535528031899376,0.24659460362072372,0.24718789464133972,0.2484468124034659,0.24965856819582674,0.25036569530273994,0.2513213056008509,0.2527014374933225,0.25343639130201756,0.25494963112483116,0.2550366330912651,0.2569045505463573,0.2591802002381885,0.2603045678483617,0.26076720239150514,0.26128478992716836,0.2612301040623653,0.2611484105783813,0.26047380431194794,0.2602729375959858,0.26063470335255623,0.25988928433312725,0.25834658877989863,0.25804119202082393,0.25780227074788964,0.2578443396249708,0.2570911639670884,0.2568951026810187,0.25600507169548803,0.25444989685584174,0.25328532809662707,0.2532350895712641,0.252912814516132,0.25197026267646294,0.25128117806522166,0.2499361303735815,0.248078528190078,0.24766163479289457,0.24746877168125994,0.2465494803589242,0.2439586930560466,0.24204629471979994,0.24045808376655015,0.24016547401228708,0.2388951067729161,0.23813440445138356,0.23769590432873391,0.2376441882485508,0.23532363047409938,0.23459508108409025,0.23369017874904702,0.23128669022103387,0.22740562955668212,0.2244773779649405,0.224320791843527,0.22349727407122172,0.22134471012903395,0.2182390719210156,0.2151585569935472,0.21323122476110382,0.21272309602574144,0.21298122662180782,0.21239819020932987,0.2111338478787806,0.21042363827167448,0.20890458376990953,0.20788232293150521,0.20817122482907255,0.18096962362306146,0.20787352566922834,0.2078556352577903,0.20661628954267752,0.20449614368595695,0.20168337086612917,0.19996887962593127,0.1980319683796887,0.196795352796887,0.19651466166710885,0.1946086039604284,0.19123508088324473,0.18874348094500198,0.18635239768075945,0.1859959810614845,0.18315975544933738,0.1809105759547442,0.17800123540637924,0.1777838563814933,0.1762773816114395,0.1754607458907958,0.17518960666418243,0.17578206416281575,0.17688378850736552,0.17718597850559772,0.1771461085079786,0.17715687314636802,0.17777176032183334,0.17873833379579232
stat_16,0.13067188533423715,0.05516690566043084,0.08688914048036006,0.06335197532281603,0.08381221742401293,0.08065855244713514,0.08358817110580384,0.08360128897887611,0.0836032429966066,0.08358699590871467,0.08355176551945341,0.08347517186729672,0.08339166664600695,0.08331339321408063,0.08325205603319205,0.08319275540350977,0.08316178034794534,0.08316112907778142,0.08308292513477229,0.08298505487174689,0.0828857853179176,0.0828371028233558,0.08295410404977743,0.08295522425980763,0.0832126725973063,0.0832775665437912,0.0831651821979679,0.08315306483539375,0.08316578691158966,0.08311228137614073,0.0833145905135719,0.08331874503762474,0.08349878209713056,0.08387525882342771,0.0841633799336381,0.08423918420835085,0.08447920810910682,0.08457759037576716,0.08478573314614705,0.08473948345894124,0.08482896335706003,0.0850334349334355,0.08512281542426552,0.08516492595150436,0.08578786747335722,0.08610255773420321,0.08647627153635937,0.08669074864341948,0.08719920746864315,0.08760089532454385,0.08789865510011026,0.0879042656207581,0.08790378892331709,0.08802140389075815,0.088084211599228,0.0882971014042448,0.08832706321401225,0.08795824216226968,0.08773219962369583,0.08768054623833968,0.08736607405797618,0.08650613821665196,0.08615246507013928,0.08575371032918129,0.08567577266431417,0.08540221690307798,0.08482905065537903,0.08379065319591286,0.08371953690477714,0.0822952309192812,0.0812436891087851,0.08034667203483709,0.07941873643624847,0.07785765512844922,0.07624442339885013,0.07609076187068355,0.07490629788786482,0.07379994123389101,0.07269831413002789,0.07138527924695197,0.07059552912202562,0.07003402780129625,0.07009390427771717,0.06991070746124853,0.06951874215408282,0.06936021656500356,0.068681719869068,0.0682303927180566,0.06842910836870557,0.06375252869859098,0.06849201345784288,0.06850133309356683,0.06856275580458292,0.06821121126458576,0.0676404552957868,0.06704650921868763,0.066423857560694,0.06620192916147799,0.06615012930455132,0.06592435049289001,0.06540361938647457,0.06493930901445592,0.06449852259442085,0.06443852877511555,0.06403363237174313,0.0634959879917768,0.06293666415010023,0.06288346729747903,0.06250535746593382,0.062482566112948563,0.06264929560150692,0.06280742580461791,0.06274503044884154,0.06266863959513035,0.06265781302619002,0.06274280723553648,0.06307765465648803,0.0633264322141379
stat_17,0.23080214701318805,0.09759985343596117,0.1505942251678304,0.11120326570336254,0.14736901625928026,0.1395301337338811,0.14701257296459028,0.1470311514598609,0.1470329624659366,0.14700683252411867,0.14695776891716741,0.14684694164227893,0.14671476309510062,0.14659225920843133,0.14650872742397675,0.14643022096371228,0.1464227773201697,0.14642417129083227,0.14632923875549267,0.14621295057920508,0.1461125166486579,0.14613615610341513,0.14647159869355025,0.14653392469548818,0.14704542624933264,0.14727061188914486,0.14717725257773892,0.14725551012808938,0.14742966494942486,0.14743662394790952,0.1478626150556347,0.1478748580264122,0.14830321116978976,0.149107257940413,0.14963889393064997,0.14977214290526106,0.15013767747834875,0.15022900757925772,0.1505264653089848,0.15034916000338347,0.15045498709353325,0.15084016356248864,0.15092010487146879,0.15083188933640412,0.1517240682039946,0.15218973026869695,0.15279341041332242,0.15304409210915196,0.1537805300766797,0.15425162531128828,0.15453509171696067,0.15442623368029829,0.15442033698742064,0.1545340689713251,0.1544497287611177,0.15461486833622431,0.15442088184787853,0.15356083271005838,0.15314472371471696,0.15304563176940264,0.1525018933093691,0.1509715212126776,0.1502516908629991,0.14954976384113,0.14940936551904996,0.14890840815591985,0.1480334031451899,0.14655997515009084,0.14645547024304922,0.14415633739936703,0.14261176366244702,0.1412931415846377,0.13970246521894444,0.1369834644925454,0.13435383127061612,0.13411795453572378,0.13239928997223066,0.1305494577300052,0.1285577311806992,0.12628031458461847,0.12496183634955248,0.12413127615821293,0.12430981465563669,0.12405286665437573,0.12340872021700483,0.12318205685624141,0.12201260039774764,0.12121497672711386,0.12149969218525775,0.11129449703756657,0.12150192747954452,0.12151089273866464,0.12141630008171932,0.12058449231092133,0.1193979664695082,0.11832320531797495,0.1171633835455494,0.11671963756165173,0.11662800663115909,0.11611973679441781,0.11499463564860507,0.11406943061590251,0.11314421748967358,0.11301714051999877,0.11208696781108148,0.11101803473941534,0.10983116779676445,0.10972680729736362,0.10899568164181692,0.10885964474401433,0.1090550991891835,0.10936547415002176,0.1094156095436916,0.10931411664002336,0.10929055976478969,0.10939901537482041,0.10995395664699235,0.11041865016723085
stat_18,0.17664680022375326,0.07436065388436625,0.11613193889361251,0.08543643611901598,0.11326984914046054,0.10859462350919175,0.1129744795273039,0.11299167486772775,0.11299348481694811,0.11297078767792454,0.11292363939602454,0.11282316725340683,0.11271224166097908,0.11260916351313702,0.1125305863617892,0.1124544711283337,0.11241845258586067,0.11241796240986013,0.11231844203881768,0.11219335266610628,0.11206642241689031,0.11200904555822992,0.11217468954587081,0.11218112850725007,0.11253295596651597,0.1126273941961221,0.11248074418314244,0.11246806316461526,0.11248918457964356,0.11241857039958629,0.11269083629218328,0.11269622861482731,0.11293607100517532,0.11344478064092123,0.11383337138922157,0.11393253895038634,0.11425376677017086,0.11438301223418247,0.11466720023220524,0.11460225731610682,0.11472427521321876,0.11500592056738165,0.11513026806670927,0.11518748769749268,0.11602525407307245,0.11644572376370291,0.11694376427805435,0.11722089665719496,0.11788793661045975,0.11840173352609497,0.11875715387148462,0.11873735149922575,0.1187355249881666,0.118881307806923,0.11894822743316642,0.11921123508628954,0.119225892262743,0.11872681483891107,0.11843657059981562,0.11836616063180656,0.11793914764192426,0.11677555609146968,0.11627061232293978,0.11570799470907696,0.11559955502781788,0.11520604646414,0.11445554810695004,0.1131191809237912,0.11302684128718374,0.11114832043480183,0.10977170485868437,0.1085836151703497,0.10733382722850782,0.10523820933662258,0.10308047974862918,0.10287602364150757,0.10129834219134126,0.0998103915119059,0.09832078876931069,0.09654722554641464,0.09548153546028311,0.09472657900091638,0.09481086893756102,0.09456601905186157,0.09403765818457471,0.0938241950222138,0.09290879396388037,0.09229867028004779,0.09256480885761956,0.08610717887310856,0.09264576836921905,0.09265809684317454,0.09273329034610334,0.09225067832572541,0.09147209497674469,0.09066908303502298,0.08982623595459578,0.0895231241610292,0.0894522756037216,0.08913720675554114,0.08841377934577381,0.08776917718297575,0.08715772665217832,0.08707355861196756,0.0864973909692628,0.08576193228629282,0.08498401745259716,0.08491112654901728,0.08439283111396334,0.08434311446286757,0.08454802423996453,0.0847624439237651,0.08471282709381411,0.08462769867182651,0.08461343841820507,0.08472474835289365,0.08516690612489797,0.08550955869496014
stat_20,0.288413024023517,0.12292353031333912,0.18224245952553958,0.13674402143603276,0.1822624296378013,0.1698738414960367,0.18188837270264466,0.18190548489744165,0.18190156437711175,0.18186593770824241,0.1818152742950389,0.1817106334709597,0.18156766110707112,0.18144225795643876,0.18138151406416503,0.18132673331408003,0.1813857046442226,0.18139175007283345,0.18134556103925553,0.18129208699122001,0.1812728332071503,0.18144203002493792,0.18200065758390627,0.1821707419824457,0.18288383198132716,0.18332271503456882,0.1833679913537426,0.18361789870919562,0.18404037926133923,0.18418546016881973,0.1848513676179981,0.1848776812814152,0.18560850751922678,0.1867813660329118,0.1874815805706471,0.18768074404701945,0.18810363013698808,0.1881628375059983,0.18842858425013398,0.18812588241059852,0.18818741333788042,0.18863187873439533,0.1885803918406764,0.18821805914653308,0.1889961380107906,0.18939387966870147,0.18997914024946397,0.19007239780749619,0.1907170289380796,0.19096774475581585,0.19092465639556655,0.19059621875210322,0.19058087984261493,0.1906112963991521,0.19031879467055982,0.19030380322669296,0.18982256843037604,0.18862547108094768,0.18815100933942677,0.18802125104795192,0.18734800627570766,0.1854400123044396,0.1844004568537861,0.18345989396457063,0.18327506992096143,0.1825749562519135,0.1816467664582991,0.18026016394184066,0.18015694265034748,0.1776172573225519,0.17609252533850306,0.17474207663635674,0.1728231342308323,0.16956602868565993,0.16659822898089946,0.16635305044271473,0.1646465263652125,0.16252474101621597,0.1600734582197292,0.1573688759497466,0.15579657852102757,0.15494414751108146,0.1551815498873624,0.15486017254403328,0.15404780945223157,0.1537339783085895,0.1523558252970306,0.1514114713334231,0.1517171229907883,0.13690195074705847,0.15164248324617366,0.15164649199460958,0.151307402614386,0.15010295763931106,0.14845237468447806,0.147123872128486,0.14566769457533035,0.14502627986058014,0.144892909328338,0.14406706315858128,0.14237748176855428,0.14104883215639502,0.13972300505952734,0.1395360004523425,0.13811159746199694,0.13667518982033183,0.13499253292569816,0.13485292837675136,0.13388022867472157,0.13358534922617096,0.13369893671140226,0.13410532604118053,0.1343843537776227,0.13434694982363035,0.13431640431020123,0.13441083192021983,0.13503679503031443,0.13565243522170908
stat_21,0.08456346430431322,0.03606182128896203,0.05384865385019055,0.039932367306752474,0.05351885671110694,0.05155254499937899,0.05339121962037195,0.053399647999786595,0.053397346062905776,0.05338120136058197,0.05335254400832829,0.05330446303170193,0.05325212550464444,0.05320745033263038,0.053177211347137446,0.05314623170198598,0.053130902551293435,0.05313126574440576,0.053093108566897806,0.053042922183584196,0.052982489547289555,0.052942520155214216,0.05298755083100263,0.05299475761341464,0.05315712234869129,0.053199994287084273,0.05313567106987399,0.05313323987206075,0.053128123438504524,0.05308293607784313,0.05323423857695255,0.05323932427072471,0.05337296807511455,0.05358469944142117,0.05377113455172481,0.05384150066091092,0.05403391851379926,0.054145719820641314,0.05428351761851421,0.054298400812168225,0.05436346436787625,0.05444662549162448,0.05448302997949194,0.054505285623514345,0.0548858867519474,0.05504837346257562,0.05522114254162762,0.055326317247312455,0.05560978290807455,0.05585180486761549,0.055969956388308165,0.05593435121973386,0.05593250970297788,0.056014230126372855,0.05610716684853581,0.056281845689248274,0.056361442379022186,0.05625244162799849,0.056173080978622385,0.056143041266028315,0.055929687156044156,0.05538741920104847,0.055128905666791385,0.05479805676297484,0.05474055740275439,0.05450464004080643,0.054134577993608525,0.05348168753117264,0.05343711852285146,0.052575955936861256,0.05190326420415812,0.05128003757279589,0.05068274441744818,0.0497487000730761,0.04872345227234528,0.04862507196705486,0.047798943156263,0.047115310884759225,0.04647996454833397,0.04568996788003752,0.045152015227607444,0.04475104764893981,0.044723709988665775,0.04453545251224728,0.04422641513485479,0.0440465862105554,0.043637037408637905,0.0433824187295571,0.04354410949048413,0.0409795761279625,0.04364303114681669,0.043651755572945455,0.04374514602801596,0.04362055507014875,0.043316850691712545,0.04297173211346363,0.042629461450780094,0.042475142012476215,0.04242679595340511,0.04224940847569265,0.041907105997236696,0.04157614532120319,0.04130855965265563,0.04126858401305134,0.041015201299619185,0.04071225792627422,0.04039349075688164,0.04036238797301604,0.04013423549707567,0.040109340214776266,0.04020445457155528,0.04028808473517165,0.04027340663438346,0.04027406351084296,0.0402714456544604,0.04033701128778498,0.040531389513157004,0.040698071005043836
stat_22,0.07825461491457111,0.03339212805061654,0.04981771265666309,0.03691068746287604,0.049482044916078535,0.047650104350209166,0.0493647829517822,0.04937255915451545,0.04937028593744213,0.04935514563515027,0.0493284640068814,0.04928413334307533,0.04923583685937356,0.04919479510659136,0.04916728093101065,0.049139009670677525,0.04912518374777854,0.049125560364364385,0.04909091583742706,0.04904521752271183,0.04898967589415391,0.048952550583637316,0.048993004461321286,0.04899996127795366,0.04914997119525432,0.04918953996566465,0.04913015118695452,0.04912778351962386,0.049121662688975665,0.0490786837022394,0.04921894878171493,0.049223710155261745,0.04934692545527228,0.04953976670379007,0.04971194156676949,0.0497778739888131,0.049958238319693316,0.05006484568874289,0.05019336921363147,0.05021026458967036,0.05027132871708446,0.05034571687193978,0.05037904603345108,0.0504003927368598,0.05075214607896291,0.050900678292365865,0.051057498903119364,0.05115341096137021,0.05141374073032905,0.051636560945141456,0.05174286475874498,0.0517085535071796,0.05170679816863987,0.0517822808706086,0.05186892127755449,0.05203052150116435,0.05210433234851045,0.052005456579198875,0.05193384473473446,0.05190608723313971,0.05170850904003286,0.05120716199405213,0.05096633814232046,0.05065849628029716,0.05060512939383078,0.05038557424250147,0.0500441611191613,0.0494428900871499,0.04940182699238914,0.04860829845392342,0.04798807834546237,0.04741120140705586,0.04685893466027646,0.04599787134242788,0.045050870785646055,0.04495998985538528,0.04419344381097518,0.043562144799776374,0.04297785383007452,0.04224967009241703,0.041750422431864116,0.04137695539530268,0.04134840043416967,0.041171062168650664,0.040882845881212854,0.04071361593819986,0.040335400424245486,0.04010103098654896,0.040252290129011645,0.037892974616045606,0.04034673150603214,0.04035495661516762,0.040444590485853193,0.040334389159838877,0.04005653853228095,0.039739164009877675,0.03942556563027864,0.03928201973557268,0.03923648938712527,0.03907030793317437,0.038752241699186715,0.038443988745356525,0.03819615249932208,0.03815896077624877,0.037923147966255934,0.037643486939963534,0.03734810713304052,0.037319335622555926,0.0371081165427262,0.037083629000225576,0.037170106395376344,0.037247263289071984,0.03723628158491682,0.03723915197644894,0.03723684864238083,0.037297415427999706,0.03747596600836487,0.037630729586276813
stat_23,0.07845743969578729,0.03347337066886472,0.05009094662185299,0.037060506150376496,0.049638993871448815,0.047788296237016775,0.04952070145213912,0.049528466939892005,0.04952638685459902,0.04951156081900873,0.04948525445534469,0.04944090408216962,0.04939250136218239,0.049351124597838414,0.04932317540061456,0.04929460376926269,0.049280835867392285,0.04928118815443854,0.04924608905678001,0.04919999726721989,0.04914473968139037,0.049108947781088416,0.049152324322750386,0.049159506047472414,0.04931065205149541,0.04935135033197188,0.04929245314011127,0.04929087230488566,0.04928707202328286,0.04924565257475659,0.04938616401720658,0.04939088925077161,0.049515067068151564,0.049711628165596676,0.049884560940023234,0.049949766014187116,0.05012824640032827,0.050231965756981974,0.050359701494823404,0.05037339387025268,0.050433578452764326,0.05051062988928772,0.05054398598238545,0.0505636158318747,0.05091500084001587,0.05106506081220212,0.0512253532726076,0.051322180995079264,0.05158438249881339,0.05180703813305767,0.051916527984288446,0.0518839060604111,0.051882215860494026,0.051957041826777246,0.052039600069735965,0.05219818475381996,0.05226709667603718,0.05215848218746363,0.05208222086680436,0.05205413693173489,0.05185681589002205,0.05135333384654618,0.05111346164565949,0.05080982003958723,0.050756798902891746,0.050540674871814656,0.050198981479648824,0.04959667990484613,0.04955553097848327,0.04875743539741175,0.04813717269724117,0.04756326178896408,0.04700980964568374,0.046142464479657974,0.045193812330585406,0.04510294460954165,0.044341011805888626,0.04370740913047505,0.043117197249421285,0.04238461767243074,0.041886273496424424,0.04151549217641229,0.041490848091305765,0.04131714547794994,0.04103139727274858,0.040866094176403855,0.040485700602394266,0.040248882221697806,0.04039825332917069,0.03799085346886911,0.0404889786128434,0.04049701546323747,0.040582140934628634,0.0404642762676168,0.04018049258083131,0.039860007343581215,0.03954183227927325,0.03939792024481845,0.03935305336350151,0.03918704862091052,0.038866652114368204,0.038558572440745315,0.038307992798615714,0.03827062978547807,0.03803227044485583,0.037748361370488585,0.037448302031217254,0.0374191864686684,0.03720602913106735,0.037181611039005184,0.03726861883482805,0.03734736118172625,0.03733551072510426,0.037335333527001045,0.0373327135555929,0.03739247520672875,0.037572666485046584,0.03772757210083244
stat_24,0.2547043938100322,0.10793560810076239,0.16429557122259772,0.12206297570901153,0.16208703085729895,0.15258392582887906,0.1617155955221525,0.16173419951231258,0.1617343274863791,0.1617046489420051,0.16165391172268262,0.16154211407359773,0.16140310493382012,0.16127640107701408,0.16119760026580132,0.1611242567480391,0.16113708732304802,0.16113994152503855,0.1610572777495311,0.1609569066139118,0.16087850607136425,0.16094732093378547,0.1613605051641524,0.16145693911188352,0.16204376914685967,0.1623393308039273,0.16228408373117537,0.16241504382939617,0.1626674281859294,0.16271493204300053,0.1632226276051566,0.1632391943035343,0.16376674221470136,0.16470263717613864,0.16529934363880863,0.16545453537998606,0.16584682801754388,0.16593022400115015,0.16622875721383237,0.16600851114615572,0.16610511845042247,0.16652166388953296,0.1665675972524435,0.16639782041924997,0.16728459855154038,0.1677450554053861,0.1683624729699279,0.1685734374939492,0.16930298741752767,0.16971871832909777,0.1699081671550352,0.16972751760657995,0.16971849105692527,0.16980832766885665,0.16965465410412398,0.1697653085577782,0.16947326996763043,0.16848301108073732,0.16803796032715448,0.167926610211381,0.16732837589514757,0.16564008987701945,0.16479987404666627,0.1640044984050004,0.16384644127387626,0.16326926048390264,0.16235741161051817,0.16087862068034978,0.16077208853920308,0.15834057373125085,0.1567643378676038,0.15540292589859103,0.15366859014448536,0.15070991303533648,0.14790535795768311,0.14766018840707767,0.14589861899505394,0.1439130319262584,0.14172392612099727,0.1392505307457032,0.13781835713320925,0.13695705774564096,0.1371605138906364,0.13687930122866976,0.13616821743802576,0.13591180641007886,0.13464466267531267,0.133778386521514,0.13407672956641672,0.12217081439660406,0.134054496972651,0.1340621924803786,0.13389107583896007,0.13292119988961912,0.13155995561057962,0.13037718929157696,0.12909366153376095,0.12857819451168365,0.12847173810361615,0.1278538096632924,0.12652518024727116,0.12545088173812935,0.12437620058531661,0.12422706009487364,0.12311707256275564,0.12190444502014812,0.12052965208374422,0.12041144422212657,0.11958504111567482,0.11939430669794031,0.11956746029382284,0.11991629845858667,0.12004206115006574,0.11995866320187352,0.11993227274538433,0.12003867563336146,0.1206296186600904,0.12115394668034545
stat_26,0.10729252880872216,0.04515461334359015,0.07052332245418724,0.051784295516863796,0.06880875592583802,0.0665922134648159,0.06862367515214135,0.06863536688913802,0.06863585265977264,0.06861967394148655,0.06858566531401877,0.06851834506489057,0.06844723656495512,0.06838204105352942,0.06833025765584716,0.06827894450978572,0.06824537653506033,0.0682446031158934,0.06817575940726109,0.06808777344357239,0.06799079040584331,0.06792279662176458,0.06797874487195504,0.0679673833522959,0.06816391332644456,0.06819005074777049,0.06807299315971432,0.06803786446783923,0.06800325758938434,0.06792811047801003,0.06807795289543932,0.06808032138939651,0.06819682785937997,0.06845689431374956,0.06868599237957815,0.06875088077369536,0.06897154600040573,0.06908538459889109,0.06928016367160321,0.0692796268413687,0.06937127322614099,0.06952417438334375,0.06961830598989684,0.06970022591475739,0.07026444446346698,0.07053523009664371,0.07083547013346063,0.0710306295025694,0.07146791669917127,0.07184023413428477,0.07209920371414531,0.07210665206378504,0.07210640363484977,0.0722217277060402,0.07233079689652187,0.07255848084470184,0.07265248361263153,0.07244736301181631,0.07229754095284961,0.07225796184215119,0.07199194305016178,0.07129226866724907,0.07100084653964206,0.07063363201591528,0.07056603105231399,0.07031146308311066,0.06981921865460484,0.06891753663773069,0.06885625457669609,0.06767576505514174,0.06675683982971999,0.06594937960431556,0.06517757795407055,0.06391611269035129,0.06254940900180672,0.06241556220061193,0.06133580857928543,0.06041091406210882,0.05953930979976539,0.058465018871429096,0.057788637287157274,0.057273736817462555,0.05728770555168453,0.05710270682869207,0.05675432293254188,0.05659023370015371,0.05603350907400618,0.05567231388050153,0.0558609413868175,0.052612447749883384,0.05595558394296711,0.05596588636606625,0.05608315385695078,0.05587696610772089,0.05547255426038576,0.05500252053199315,0.05452392835692303,0.05435199301250015,0.05430501034493343,0.0541364064673677,0.05375332078401618,0.05338188969741259,0.053056136554990425,0.053010442259343156,0.05272182446420726,0.0523216210577734,0.05191693550816285,0.051876542237038255,0.05158411086394133,0.05157651589126389,0.05172354545724724,0.05183923762594146,0.05177432049122821,0.051729893743649176,0.05172387267989028,0.05180641288976023,0.05207785130380436,0.05228111791627318
stat_27,0.22416677258947845,0.09465986601208513,0.14628604614794008,0.10805290389818736,0.14325162633388416,0.1359320832509976,0.1429005923605071,0.14291937717102854,0.14292107310696703,0.14289475184433376,0.14284442928028335,0.14273294533613473,0.1426021855013465,0.14248112494145462,0.14239673401404485,0.14231676129015966,0.1423020656370542,0.14230305739818153,0.14220450113672878,0.14208277840626923,0.14197238517124017,0.14197530830545987,0.14227611336532453,0.14232578182090308,0.14281182366121561,0.1430093199930198,0.14289794781523257,0.14295360628335801,0.14309058046944817,0.143075254000327,0.14347309256277213,0.14348378842930304,0.1438732265556499,0.14462199920890226,0.14513269370275825,0.1452608186114059,0.14562797808393,0.14573417873550068,0.14604047701346592,0.14588930837240846,0.1460045032724331,0.14637512305282654,0.14647178440686004,0.1464226177511693,0.14733303092220446,0.14780239958256416,0.14839703255742975,0.14866229874117143,0.14940298562843518,0.1498986511317576,0.15020416391114852,0.15011126235932243,0.15010607497567915,0.15023074831944058,0.15018279861650613,0.15037715532046822,0.15022985712766135,0.1494392181584247,0.14904602332347872,0.14895119503059312,0.1484196922900206,0.14693533796478514,0.14624388918223577,0.14555060443591497,0.14541339766315486,0.14491966572099432,0.144051798282607,0.1425749479750336,0.14247070030659886,0.14021341211862012,0.1386671049028527,0.1373402393392264,0.13578707912997282,0.13314553623627762,0.13055488958064324,0.13031961241701165,0.12857910866066966,0.1267634005340759,0.12483976924985675,0.12262000982414994,0.12132310402274127,0.12048201792639351,0.12064007794918237,0.12037634117898414,0.11974025676417117,0.11950810953438305,0.11836677490260271,0.11759239015369656,0.11788288081375461,0.10833487773040874,0.11790801569563386,0.1179182985330577,0.11786856054694657,0.11710496750508179,0.11598925378317307,0.11495149365820398,0.11383846065775852,0.11341712764814234,0.11332756464510788,0.1128526304098265,0.1117950433349034,0.11091081610289218,0.11003657327847395,0.10991622974772437,0.10904537739583392,0.1080288790029424,0.10690846124247944,0.10680886720140496,0.106108908129086,0.10598816302642794,0.10618934094492725,0.1064844699311662,0.10651552833716388,0.10641865671058623,0.10639691900127336,0.10650944634630254,0.10705109012939087,0.10750008858499775
stat_28,0.07581913217515487,0.03240754405859438,0.04800572373981094,0.03564278135518017,0.047849297403948145,0.046033876039030704,0.047738250792977874,0.04774566537958262,0.047743097008777845,0.04772797898444059,0.04770191863878706,0.047659710320558414,0.04761345843293262,0.04757463950515787,0.0475494729376172,0.0475234254668612,0.04751165807819474,0.0475121603607219,0.047480863391941484,0.047439291052522196,0.047387802525357674,0.04735392265527318,0.04739357309261534,0.04740258135512384,0.04754904166129737,0.047590530983126135,0.04753682685142092,0.047537977021562136,0.04753514131749745,0.04749543921881992,0.04763564573220448,0.04764067203415479,0.04776543665253344,0.0479532400131305,0.04812080677494249,0.048187078971606505,0.04836409109712243,0.04847006326538505,0.04859258340385887,0.048610772651045554,0.04866899377683951,0.04873642672453068,0.048763878060555516,0.04877896557868064,0.04911120136935974,0.049248341141488065,0.04939182761843786,0.049478039816959106,0.049721720222566705,0.04993001879723629,0.05002055636511059,0.04998119266504559,0.04997924655329248,0.05005078855616491,0.050134989971254006,0.05029011573412395,0.050361406969895085,0.050271962218078316,0.05020778790858006,0.05018101323988687,0.04998909990547373,0.04950447764527038,0.04926674760677216,0.04896273632794207,0.04891042410825694,0.04869267817291662,0.048364916868605605,0.04779176519722559,0.047752572729033695,0.04699396042514472,0.04640112032544812,0.04584481710840176,0.045311317577034195,0.044485164181952024,0.04357512954662977,0.043488113026065485,0.042749616925358294,0.04214409448377001,0.041584568176593416,0.040886412191863744,0.04040220599393809,0.04004124456113011,0.04000877796778851,0.03983158537341421,0.03954793218468172,0.039377443502881214,0.03901485283504282,0.03879167968638083,0.03893982847299678,0.036647499096565776,0.03903431348187231,0.03904234890906007,0.03912896014657503,0.03902667320790419,0.03875900409563583,0.03845471346321976,0.03815522568492779,0.038013589956546474,0.037968010795627206,0.03780091189027437,0.037486807100862454,0.03718271035353727,0.036940605714571,0.03690396157138524,0.03667116930819581,0.03640137889002984,0.036114338268121604,0.03608651164690258,0.03588187106943121,0.035855157437211536,0.035935685334573725,0.036009572660140626,0.03600460201813778,0.03601232849399142,0.036010361997182556,0.036068934730544816,0.03623916528687486,0.03639011615444846
stat_29,0.181484680391086,0.07646109167341508,0.11889377903751816,0.08761489870357422,0.11624594819827737,0.11131701711998819,0.11594680956616318,0.11596417899111088,0.11596555855336736,0.11594180843330908,0.11589358117052015,0.1157920613832977,0.11567925145529197,0.11557498637441721,0.11549683831232828,0.11542109769700427,0.11538761174918231,0.11538735484367824,0.11528921962778213,0.1151657764838271,0.11504064775477689,0.11498793323307419,0.11516316865901657,0.11517450484942764,0.11553926157016528,0.11564380116884208,0.11550123985660393,0.11549568685261154,0.11552634378477852,0.11545965217611298,0.11574676164709642,0.11575294888431159,0.11600948924046355,0.11653831892445689,0.11693924685894308,0.11704382826575573,0.11737427511717172,0.11750705432797494,0.11779419332268273,0.11772599982481947,0.1178483893979263,0.11813343065907482,0.11825290411232522,0.11829950937395978,0.11914310325227231,0.11956421903267214,0.12006427529698965,0.12033678775550914,0.12100659036219952,0.1215173693858224,0.12185953491769377,0.1218278423464386,0.12182549983862814,0.12197016603545124,0.122032547679235,0.12229384848802181,0.12230021929151697,0.12178784045687087,0.12149515474852916,0.12142268378541574,0.12098379351983528,0.11978920222800743,0.11926200910349773,0.118677242115383,0.11856501271548658,0.1181540987764149,0.11739128336737749,0.11604170777724915,0.1159482558644898,0.11403762344342598,0.11264341646296241,0.1114349637962709,0.11015440253424506,0.10801202670892632,0.10581140212195092,0.10560377028590899,0.10400075227372872,0.10248271969609844,0.10095815017642386,0.099145794160806,0.09805307305415963,0.09728420701531677,0.09736793935080286,0.09711256874525102,0.09656631329057984,0.09634123742720334,0.09540627341736592,0.09478396465912552,0.09505690924652561,0.08834683849940758,0.09513967106094441,0.09515214714926738,0.09522191064719085,0.09472369062485753,0.09391916205695906,0.09309683155213702,0.0922336038982766,0.0919174971098219,0.09184306710244303,0.09150866618952179,0.0907515064903519,0.09007939390914639,0.08944382974481056,0.08935592604947092,0.08875158811708317,0.08799320103982551,0.08718615200432273,0.08711096313371518,0.08657629786138397,0.08651851071998726,0.08672189656902417,0.08694224767333386,0.08690329173892071,0.08682262534647109,0.08680812324759131,0.08692092960030365,0.0873708105387237,0.08772486433542213
stat_30,0.1565909802815949,0.0658220745032447,0.10420890438885748,0.0761361808663438,0.10068470830350704,0.09688424922486054,0.10041196425612547,0.10042795309548957,0.10043078285530155,0.10041178173653122,0.10036948200752185,0.10027612703614304,0.10017491140004468,0.10007942507430288,0.10000327326545282,0.09992963840812884,0.09988890299655352,0.09988785245277794,0.0997894349566006,0.0996660557951387,0.09954059066225787,0.09947442337865031,0.0996086518426452,0.0996029421344254,0.09990673370194848,0.09997236707343529,0.09982318972824712,0.09979437817875847,0.09979186471534014,0.09971542364179244,0.0999401438260508,0.09994349401890362,0.1001334226153657,0.10056945365642575,0.10091008025693692,0.10099255091444367,0.10127748651238044,0.10139356447655459,0.10165630319697513,0.10160335179303286,0.10171831234481687,0.10197620960835162,0.10210455750180358,0.10218299647831708,0.10296488557468686,0.10336264381963076,0.10383123093044508,0.1041064680088898,0.10473602889427862,0.10523467271925095,0.1056097403308738,0.10562274290875777,0.10562239005534636,0.10576513527139295,0.10584075793037792,0.10609711990814559,0.10613251632591379,0.10568716711416011,0.1054143145826024,0.10535224143395575,0.10497461897355509,0.10394135336428352,0.1035170551560905,0.10303839657743497,0.10294473784869172,0.10261574578713627,0.1019284062066518,0.10068090959256172,0.10059529131378532,0.09887906835046792,0.09760709020860052,0.09652339481720018,0.09540720341502971,0.09352323111854242,0.09157083351375528,0.09138366848302094,0.08994128482685511,0.08859708206901423,0.08726399159692444,0.08567005428099139,0.084719986003911,0.08403434321896315,0.0841145166384728,0.08390539818169289,0.08344456960942746,0.08326858184105865,0.08244412398635884,0.08189287980802643,0.08213040484519164,0.07659627678670691,0.08220404377724333,0.08221546747749024,0.08230084622864971,0.08188025284854877,0.08120204643392866,0.08048457570976801,0.07973215119740505,0.07947427190078013,0.07941512783105535,0.07916096405495526,0.07855356629547049,0.0780067011510403,0.07748335297090235,0.07741238852279277,0.07693340896269535,0.07628856843917015,0.07561908896044454,0.07555525239875477,0.07510150298017636,0.07507509190523488,0.07527562849692852,0.07546574204189722,0.07538979214212413,0.07529622495184395,0.07528316288150103,0.0753856395922504,0.07578891518305533,0.07608722818276883
stat_31,0.243482191980339,0.10375526573683508,0.15435094235801533,0.1154364917511966,0.15405250479143132,0.14501197540846134,0.15371858397938676,0.1537360104408877,0.15373220567912388,0.15369796352587203,0.15364399344216234,0.15354027797461273,0.1534102520412558,0.15329664576961563,0.15323319878690403,0.15317290761306168,0.15319362137374876,0.1531973871563636,0.15313519509712337,0.15305814946850746,0.15299369456951226,0.1530598094212411,0.1534322452329466,0.15353791111301612,0.15409993407354025,0.1543958760929271,0.15436582942128485,0.1545107345162007,0.15475759227861247,0.1548056135436286,0.15532831449180148,0.1553480661354516,0.1558948906907964,0.15677538404647842,0.15735068949072142,0.15752760445025799,0.15793995626950513,0.15806597182004853,0.1583406477322735,0.15816856847381636,0.15825958876002147,0.1585997691462074,0.1586023393909914,0.15840697909756388,0.15919797519550907,0.1595787248712614,0.16008263686974042,0.16023339549580182,0.1608658911302116,0.16122710793711167,0.16131443300125775,0.16109490534422463,0.16108445662368515,0.16117305956131373,0.16107538280217223,0.16121356257465927,0.16099018293090983,0.1601690190447584,0.1598091406993992,0.1597059203639261,0.15912543286491845,0.15752704857804004,0.1566939651811001,0.155863814847038,0.15570597690564028,0.15509701326085032,0.15422898554987807,0.1528429639862344,0.15274323146487986,0.15048928286005792,0.14900498900870002,0.14767309404431211,0.14602226988280076,0.14327986791415329,0.1406365356882537,0.14040632611021917,0.13868948192014127,0.13684054237122226,0.13483371769524852,0.13254523972711263,0.1311546509512094,0.13030891024171012,0.13043230781054485,0.13008573626376302,0.12934255085049667,0.12900637756166752,0.12783553787603638,0.12705478746043605,0.1273732902811851,0.11634323453432567,0.1274104554058516,0.12742015561721826,0.12729598007376267,0.126465069537179,0.12521854687665757,0.12412958727434381,0.12296397957742515,0.12245323768408414,0.12233500107978505,0.12169868049194169,0.12040574754724884,0.11933979657446606,0.11832265269236335,0.11817783529783263,0.11711598767633596,0.11599767554803886,0.11471965030301925,0.11460962911649653,0.11383436777057172,0.11363999507269888,0.11379102399919454,0.11410708323440114,0.11425546056274946,0.11422453429027594,0.1142033431125264,0.11431347652975536,0.11485545441327516,0.11536225802908961
stat_32,0.09065084245098866,0.03843120956735639,0.059049473592206636,0.043364462454741334,0.05777173282091802,0.05577939252804277,0.05762380010829838,0.05763323532501063,0.05763252663721059,0.0576175785818516,0.057588467069219176,0.05753425820435744,0.057476117623312534,0.05742419554793932,0.05738541151930281,0.05734664062447808,0.057324105693586695,0.05732392150340948,0.05727363807857958,0.05720892280665235,0.057135834928222044,0.05708714022927687,0.0571380153458087,0.05713704985787585,0.057307724379721404,0.05734251540040492,0.05725895862988449,0.05724336861522262,0.057228052009035864,0.0571735077305273,0.05731750992152379,0.05732117335585745,0.05744234426623712,0.05766821375459465,0.05786510337706668,0.05792944150030267,0.05812392726125848,0.05822950076482431,0.05838465861814731,0.05838981726397894,0.05846245532045027,0.058573480250550904,0.05863256314060921,0.058677369531118774,0.059118391457262026,0.05932128084800195,0.05954470994921864,0.059685174839647956,0.06002468619907025,0.060312488037832526,0.060492675487090135,0.060481492836345394,0.060480598494776966,0.06057264349404442,0.06066272310993534,0.06084835885327243,0.060923746379564596,0.06076315797845679,0.06064958487763137,0.060616390853725416,0.06039106069205345,0.059803801913697045,0.05954580187852827,0.059222884806957206,0.05916450665742215,0.05893872461066065,0.05853240848130474,0.057799283645648625,0.05774936894941371,0.05678328415757537,0.05603518504682119,0.05536559661895772,0.054719783668529955,0.05368024270641389,0.0525538291404716,0.05244476967647426,0.05155311067158834,0.050794749922943284,0.050081097831500825,0.04920131278251473,0.04862959833876558,0.04820077783206394,0.048196180779282984,0.048021813905671194,0.04771306091722967,0.04755334206631187,0.047096583400620985,0.04680490817742106,0.046968730152291575,0.044173511581575724,0.04705742642434456,0.047066243218836734,0.047161240976871244,0.04699942505339783,0.04666024046006482,0.046274335604696466,0.04588489523995757,0.045729366772047114,0.0456844075169134,0.04551864039974444,0.04517167232599313,0.04483906802837615,0.04455560568773617,0.04451485731607475,0.044255142428784464,0.04391879222401365,0.043571570440610656,0.0435374504873994,0.043289683496341866,0.04327365606451403,0.04338761667405186,0.043483521610791394,0.04344616240931047,0.04342285118722918,0.04341843466006149,0.04348697660766862,0.04370761022950175,0.04388230506699829
stat_34,0.13163863791611816,0.05546668079798947,0.08690192885461351,0.06365170656874587,0.08441400772615183,0.08139799896385587,0.08418872382886966,0.08420241089734938,0.0842035921531629,0.08418542650389423,0.08414697105813278,0.08406760534605068,0.08398224791963706,0.08390323809700147,0.08384122394178395,0.08378050290152719,0.0837452704606209,0.08374452801165923,0.08366388061717488,0.08356178201455221,0.0834535517409634,0.08338885083916202,0.08348350491981069,0.08347791853945175,0.0837287841297908,0.08377863480924752,0.08365112002386325,0.08362409418080485,0.08360983779276938,0.08353696005491401,0.08373060885407843,0.08373412637603074,0.0838956862627973,0.08424434595320593,0.08452981153167821,0.08460742280064448,0.0848635818330006,0.08498292042172917,0.08520777829909772,0.08518422512049467,0.08528573534921335,0.085482894265199,0.08558602445502593,0.08565739682622055,0.0863162272764517,0.08663984608637973,0.08701109022148915,0.0872368372396543,0.08775814628916108,0.08818431180927887,0.08848668013784922,0.08849050078657515,0.08848995452609508,0.08861780665099528,0.0887126153321867,0.08895485907359478,0.08902222298130201,0.0887077553604922,0.08850316356001445,0.08845270438217684,0.08813109241402195,0.08726845492148948,0.08690774900433379,0.08647960094834267,0.08639856980600683,0.08610237194327863,0.08551574850198283,0.08445028253006119,0.08437747268487909,0.08294278821379457,0.08185705730687436,0.08091473315508631,0.07997477536181256,0.07841654211152932,0.0767696438601197,0.0766107196063945,0.07535610957258795,0.07423274222961415,0.07314321004064611,0.0718233615494825,0.07101096647962973,0.07041286387055912,0.07045189577958937,0.070246463202265,0.06983558710979698,0.06965541687552104,0.06897222907458316,0.06852321110134867,0.06873871542803531,0.06436372259901037,0.06882796979630997,0.06883895217333583,0.06894078717290991,0.06863607970903816,0.06809923299305784,0.06751178702937488,0.06690448109174871,0.06668649166296738,0.06663139758042969,0.06641226772100277,0.0659112639670171,0.06544675058715956,0.0650219223387083,0.06496314232502487,0.06457691065694768,0.06405835943385207,0.06352367265458236,0.06347186178514923,0.06310043772751528,0.06308108925494717,0.06325186118750795,0.06340302454101611,0.06333740552300578,0.06327397514034476,0.06326480963417316,0.06335732826584556,0.06369093153381267,0.06394194069851782
stat_35,0.15032136628432582,0.06312980559351201,0.10089823534120641,0.07337320497660091,0.09683184562536726,0.09329022701982409,0.0965639913504371,0.09657957717901605,0.09658322568466772,0.09656620969032836,0.09652636512205048,0.09643520606727225,0.09633690615731022,0.09624306545352823,0.09616651701420084,0.09609281650450621,0.09605031538051445,0.09604899952776158,0.09594954622196224,0.09582537477078432,0.09570054182067647,0.09563385697965403,0.0957637434717511,0.09575400397074041,0.09604395092042475,0.09610175294624473,0.09595202008917511,0.09591881828287006,0.09591281669030818,0.0958374464598755,0.0960459065983119,0.09604840942535879,0.09622263509896144,0.0966423290387394,0.09696840246694814,0.09704317791087154,0.09731132599861651,0.09741610478979394,0.09767035537388934,0.0976140898028733,0.09772498877201317,0.09798166225030976,0.09811241267771248,0.09819540972038082,0.0989595979039679,0.09935441835300642,0.09982231386212786,0.10010020908360744,0.10072291244174371,0.10121753734605529,0.10160828282129322,0.10163696830639413,0.10163729109364758,0.10177783725679482,0.10184745494515403,0.10209534353991657,0.10212728767631214,0.10167850881203079,0.10140103189609978,0.10134104920158515,0.10098047551153154,0.09998604878363966,0.09959129871708393,0.09915018233103313,0.099062260702693,0.09876270014104747,0.09809537186886606,0.09687385232156699,0.0967901977188796,0.09511677634474414,0.09387816044124403,0.09283512174825602,0.09176074640147718,0.08993259527559196,0.08804382380220284,0.08786225988589812,0.0864742045069386,0.08517190082631627,0.0838770642699519,0.08233225687675903,0.08142288906236367,0.080766076581371,0.08085440955202391,0.0806664020112036,0.08023463964310362,0.0800814210062317,0.07928183265244507,0.07874405240789646,0.07896737784525684,0.0736415212720887,0.07902964649435137,0.07904033445299057,0.07911921517391836,0.07870187987086931,0.07804430003912133,0.07734818582900187,0.07661547891126673,0.07637247743188835,0.0763189240952819,0.07608672508236553,0.07551442567692047,0.07500159920755461,0.0745023545993374,0.07443555796417246,0.07398457996076219,0.07336107359408597,0.0727184684348016,0.07265694952557937,0.07222081792231298,0.07220286253268056,0.07240360257220557,0.07258893774999339,0.07250145122644462,0.07239810279921739,0.07238476500459282,0.07248275534034641,0.07287687608088193,0.07316053746058132
stat_36,0.30969354142665134,0.13260593247676913,0.19298648277351285,0.14572110515532424,0.1947129153732873,0.18022444737293247,0.19434632821896544,0.1943616765451968,0.19435447739879644,0.19431487390950994,0.194265870534235,0.1941702806615256,0.19402779064895478,0.1939068166029207,0.19386315654316724,0.19382583548007004,0.19392322180414243,0.193931856889154,0.19391849513482687,0.193907297373404,0.193940554529829,0.19419371191614293,0.19486553463669476,0.1950959339485803,0.19590007895314782,0.1964539838465347,0.19658850093793423,0.19693835112927077,0.1975028313307267,0.1977331323965443,0.19852234616953768,0.19855676837933298,0.19945138322797437,0.20080517551467106,0.20157752947213023,0.20181075510304652,0.20224663360718168,0.2022802725450738,0.2025053296623437,0.20213546356390788,0.20216177998497484,0.2026172263310125,0.20247712868536527,0.2019494127202565,0.20260307552760856,0.2029324217322175,0.2034723564192077,0.20345891063403174,0.20401095411369563,0.2041110143665795,0.20387112248131575,0.20342658359864618,0.20340632943503928,0.20338524515943343,0.2029806880654408,0.20285886729024846,0.20222876090525138,0.20088310324468195,0.20039294001980074,0.20025084647171654,0.19953173138752692,0.19748617901764276,0.1963071054890542,0.19527152210204046,0.19506920522065355,0.19428648356862074,0.19336628414605592,0.19208865228947117,0.19199067376070597,0.1894211107190654,0.18797953233025136,0.18667644323657887,0.1846505984624091,0.1812227605192733,0.1781964518553736,0.1779583874417098,0.1763536360813376,0.17417500762113253,0.17156311557220516,0.16873479100864885,0.16708688190135684,0.1662716961257964,0.16653358115829717,0.16618750643711538,0.165310587773385,0.16495637877244665,0.16352167621961844,0.16253650655830382,0.16283794599434448,0.14588413208969683,0.16271657298268008,0.16271701818513395,0.1622348174470121,0.16085431574089146,0.15899375910798247,0.15757492067707934,0.15600773032893775,0.15527364243004937,0.15512070560496216,0.1541359105410426,0.1521785709575671,0.15066714180541535,0.14916043206000223,0.14894600206997208,0.14729069227772673,0.14570003764733352,0.14379909090026305,0.14364488835292327,0.14257310760979167,0.14219915053169987,0.14226137622366586,0.14270651502369064,0.14310492350705173,0.1431049182044207,0.14307148424723637,0.14315322597699795,0.1437940875054532,0.1444707453972928
stat_37,0.1818931837124109,0.07645688814851069,0.12039183347014898,0.08831862233124865,0.11685557442596128,0.1119839092651601,0.11654626364165967,0.11656392447966296,0.11656694343070645,0.11654547065931749,0.11649904660496864,0.11639544627547624,0.11628088331670888,0.11617299219979423,0.116089306703319,0.116008857323986,0.11597086769002435,0.11597013925387403,0.11586415847999576,0.11573180529588956,0.11560087223873355,0.11554603976640389,0.11572839030696462,0.11573365553365524,0.1160980304981246,0.11619635404815103,0.11604385364701761,0.1160301778972202,0.11605804476427735,0.11598992815178848,0.11626420727592107,0.11626901361846345,0.11651134722864614,0.11704699371140677,0.11744730279519994,0.11754230054459648,0.11786023362292795,0.11797668169481877,0.11826765632011672,0.11818518194025844,0.11830797944568701,0.11861432917378537,0.11874861936168032,0.11880742219150936,0.11967499550970997,0.12012033936187945,0.120655211030433,0.12095004490103527,0.12164986529548724,0.12218163795607603,0.122569218150005,0.12256041690948323,0.12255898458165121,0.12270587683072023,0.12275439586558731,0.12300978406029561,0.12300115955379026,0.12244117958602686,0.12212006715185077,0.12204634008972708,0.1216100643975914,0.12040711544188702,0.1198955034452065,0.11934030811006308,0.11923095971270345,0.11884516505206687,0.11807415711933417,0.11669708685260273,0.11660183442604254,0.1146506914355843,0.11323520955082257,0.1120298168412694,0.11074260487182931,0.10856020670034673,0.10633536042473213,0.10612497438080286,0.10452511692455364,0.1029836457917143,0.10142372773224238,0.09957848798699583,0.09849090748550557,0.09772778808767613,0.09783731338565253,0.09760926882967988,0.09708447738869613,0.09689155935488256,0.09593932478311304,0.09529840136994738,0.09556048935983974,0.08873335574174027,0.0956230520553856,0.09563475944406667,0.09569194867608019,0.09515847921275995,0.09433308266469839,0.09349316006517741,0.09260491255939919,0.09229557047215829,0.09222740125841969,0.09191162553973549,0.09116559194490217,0.09051028343914065,0.08987280750642938,0.08978620837537522,0.08918694972109056,0.0884132369493802,0.0875952028637395,0.08751891350436115,0.08697891060737792,0.08692951825727219,0.08714312672476465,0.08737046540567756,0.08731350428524522,0.08721021791711922,0.08719405606320874,0.0873046341419349,0.08776652262918903,0.0881179173688036
stat_43,0.17734579934128006,0.07454954789277525,0.11834876854480657,0.08637841759803135,0.11406167352302685,0.10937530111165313,0.11375500250790224,0.11377233252133302,0.11377620060963033,0.11375662393877768,0.11371254583379493,0.11361065257517781,0.11349824183064486,0.1133912678885605,0.11330684419528923,0.11322608229294423,0.11318694094449405,0.1131859913157035,0.1130789002993644,0.11294579918025188,0.11281602559769073,0.11276271651530621,0.11294528151418702,0.11294810815840048,0.11330339018664612,0.1133976724185538,0.11324620406073763,0.11323095951574477,0.11325971854803295,0.11319480561826281,0.1134582603352272,0.11346251255621051,0.11369582576438639,0.11422359849058782,0.1146139270657333,0.11470313697865982,0.11500701649892987,0.11511270962745063,0.11539544014254262,0.11530760522396605,0.11542588833949412,0.11573235496334096,0.11586661490463084,0.11592492487965993,0.1167758236986658,0.11721893601898864,0.1177556583707657,0.11805264909282404,0.11874866556625968,0.11927690053822473,0.11968119672687702,0.11968750966059873,0.11968672459267915,0.11983133927025583,0.11987002427206202,0.12011526885974305,0.12009787564426454,0.11952232534865984,0.11919151547268088,0.11911900557400214,0.1186963097180137,0.11752084152989893,0.11703371847464937,0.11651374513876993,0.11640940708312193,0.11605190892309274,0.1152955506113589,0.11393586666224674,0.11384195933859668,0.11191753788809979,0.11052769256882515,0.10935743366616997,0.10810118454400613,0.10595472443483767,0.10377776920553351,0.10357185358694722,0.1020199798287865,0.10050908014473516,0.0989730425524668,0.09716242042724847,0.09610693703589226,0.09536931010237672,0.09548838305420158,0.09527970401350974,0.09477953053823236,0.09460826921128512,0.0936729204569917,0.09303988486707536,0.09328899976253317,0.08656400607494645,0.09333889902936851,0.0933498296748979,0.09339662945114872,0.09285763620122114,0.0920415178229006,0.09121526217602632,0.09033821686388582,0.09003899655723549,0.08997542566093746,0.08967504060909684,0.08895196687221489,0.08832225875708398,0.08769986891781054,0.08761622292099377,0.0870352365083919,0.08627294211479522,0.0854699920333895,0.08539508168182948,0.08486636238480626,0.08482351857561761,0.08503796076628874,0.08526355464731321,0.08519657256670457,0.0850823492165642,0.08506561916007926,0.08517175972915005,0.0856283274548717,0.08596864904933094
stat_46,0.10902232385725653,0.04597374629641106,0.07241651014510654,0.05278787295503698,0.06993343747944682,0.06757508575157967,0.06974410206933881,0.06975568490312667,0.06975689420755779,0.06974194369153712,0.06970962670752362,0.06964252957513763,0.06957097131003892,0.06950448006885242,0.06945144451646053,0.06939950003069797,0.06936764004929798,0.06936686345253437,0.0692974159967577,0.06920955286360742,0.0691159881609705,0.0690570304118198,0.06912954266352907,0.06912173118161033,0.06932665632756577,0.06936244336132646,0.06925165558890868,0.06922448309893142,0.06920564451675221,0.06914063079850105,0.06929785691801955,0.06930055683844659,0.06942957441524499,0.06971194133008503,0.06994734471988062,0.0700119073718644,0.0702270519938129,0.07033013962226048,0.07051926380274094,0.07050448570420932,0.07059078752204886,0.0707522485509606,0.07084070051719435,0.07090687308374048,0.07146186359068706,0.0717344435869998,0.07204575201440207,0.0722400670758561,0.07268171955349495,0.07304840574068262,0.07331656901051789,0.07332935096852324,0.07332930988143667,0.07344051765873556,0.07352752905211664,0.07373851623465942,0.07380547109055231,0.07354963758326138,0.07337741151523819,0.07333592849624579,0.07306966067176195,0.07235569992500687,0.07206468958005438,0.0717151190993599,0.07164874753719458,0.07140918687316015,0.0709150523390797,0.07000971249396683,0.06994808555783866,0.06874439166822724,0.06782749700692176,0.06703457410580506,0.06625377755486983,0.0649589143343311,0.0635834136884014,0.06344997742869986,0.062393643470309,0.061457703656979626,0.060556829040286586,0.05946172671267392,0.058785637017409215,0.05828309127724322,0.05831238764331362,0.05813996035922887,0.0577984834326819,0.057648703892316334,0.05708070338934834,0.056708033827332416,0.05688911990765299,0.0533556757390435,0.05696742565447574,0.05697684798499181,0.05707039166113646,0.05682701408172066,0.056390361190555564,0.055904909703018674,0.055404652541744884,0.055226474692813395,0.05518092084927231,0.05500491829251687,0.054600344184444344,0.05422205378457406,0.05387758661576005,0.05383010405718277,0.053521815926962986,0.053097306547160494,0.05266391456466447,0.05262146410822744,0.052316841698150714,0.05230672313679287,0.05245443939974909,0.052578748353806014,0.05251389123711876,0.05245736307428504,0.05244984325733583,0.052528258994337024,0.0528072906343486,0.05301341640185534
stat_48,0.22109154144779777,0.09328713611216434,0.14510175315813115,0.10686160452500028,0.14147717459763856,0.13436145446396788,0.14112477847122118,0.14114356166964154,0.14114616864154209,0.1411214144170194,0.14107248378215434,0.14096088774565893,0.14083071708482578,0.14070907180434536,0.14062228644244423,0.14054027593620644,0.1405221619072399,0.140522819879663,0.14042040338050057,0.1402942816286695,0.140180557139667,0.14017960858290252,0.14047660046708194,0.14052085537225156,0.14099815643097985,0.14118683555859277,0.14106944560116075,0.14111777174305054,0.1412478450618326,0.14122974096525043,0.1416137130966888,0.14162344806279115,0.1419976848172891,0.14273595688549176,0.14323839210895986,0.1433599222421321,0.14371675381176147,0.1438150877083627,0.1441202099119552,0.1439662197481851,0.14408100196230827,0.14445618986223305,0.14456046301432504,0.14452171217500367,0.14543570903429348,0.14591283216210751,0.14651834523670415,0.14679472227411394,0.14754469579415108,0.14805059234700194,0.1483831596222147,0.14830773332447325,0.1483032755174029,0.14842988490126818,0.14838006114221997,0.14857388313873607,0.14842700921165536,0.14762702521455895,0.14722428321024517,0.14713038031714043,0.14660792471604914,0.14514132508966124,0.1444714554706429,0.14380510638684194,0.14367165684263852,0.1432001068677371,0.14233674188316342,0.1408564716189452,0.1407521906823691,0.13850001729260022,0.1369566561186593,0.13564424543850645,0.13410923662698815,0.1314840463186011,0.12891313426384213,0.1286789747532082,0.12695668496774998,0.1251528640059313,0.12324018651257902,0.1210351582085921,0.11975820360239142,0.11892877088212864,0.11909612340720979,0.11884896070705697,0.11823244163624892,0.11801963423058745,0.1168852162011276,0.1161123758023363,0.11639439841668676,0.10697345730738357,0.11641109133607705,0.11642099481391835,0.11637016386979696,0.11560438043344123,0.11449845555389498,0.11346747498065127,0.1123593673229763,0.1119488930557985,0.1118638726809393,0.11140822012143778,0.11037714636371317,0.10951762105054964,0.10865904485256153,0.10854173404396009,0.10769215986405864,0.1066855157512579,0.10558099406316354,0.10548255357474781,0.10479175232503951,0.1046799660839562,0.10488646407658263,0.10518022602145786,0.10519658469907624,0.10508793845724616,0.10506574117160386,0.1051764971041021,0.10571759653986555,0.10615782055821432
stat_49,0.33883365574424174,0.14597289772544658,0.20697076051846303,0.1577285481437389,0.21153274585714246,0.19395462784226858,0.21118436437897137,0.21119670829881038,0.21118419171876546,0.21113848566155374,0.21109238886877588,0.2110125416278473,0.21087295999769484,0.2107611106974674,0.21074567671526986,0.2107369398204266,0.21089387003302545,0.21090652113405842,0.2109459838557554,0.2110025260665471,0.21111842385895946,0.21149994760117422,0.21233895926156282,0.21266171900525924,0.2135978675936152,0.2143255640826456,0.2145996189430863,0.21510261268720823,0.2158825827502831,0.21624367644432094,0.2172172514718651,0.21726409430782978,0.21840516508512153,0.22002371184716393,0.22089881552831853,0.2211832816749045,0.22163489196965971,0.2216296995799508,0.22178762327086532,0.22131913608010276,0.22128996792252478,0.2217540767540052,0.22147531018316166,0.22069405688796734,0.2211408665435462,0.22135517484858852,0.2218116200469275,0.22162764355553857,0.22202240753325123,0.22188175320589817,0.22132914326338232,0.22070473391034393,0.22067689407393232,0.22057526696643104,0.22000377666892024,0.21971830185269187,0.21886755353611437,0.21731726099241994,0.21681432784565927,0.21665508599870612,0.21587307694206445,0.2136407691026185,0.21225669810269646,0.21108049005773902,0.2108529362972868,0.20994661420527513,0.20905154374289472,0.20796411000640166,0.2078758421408101,0.20529962539555258,0.20400973055784674,0.20279670010727063,0.2006312719084781,0.1969881832783686,0.19391396555347012,0.19369060302594027,0.19226599551412243,0.19003100940740802,0.18720752499104235,0.1842277545397739,0.18248265734667238,0.18173603726303889,0.1820294271923991,0.18164570418462392,0.18067650629359364,0.18025930867889123,0.17875793875932208,0.17772469127423984,0.17801667727844805,0.1579608501071086,0.17782609217145712,0.17782102943143632,0.17712229318878728,0.17548938013018986,0.17332795786244154,0.17178917499311228,0.1700728112828031,0.16920250515665328,0.16902001579246756,0.16779679995535177,0.16544494601369789,0.16366486385388498,0.16189578493573395,0.16164111853165442,0.15964638096080402,0.15783871310618,0.15562454844694992,0.15544980968454575,0.1542385518134417,0.15374504621646523,0.15372508265594956,0.1542234355224898,0.15480535062337067,0.15486768594986006,0.1548305063408741,0.15489206502797936,0.1555459453571855,0.15630944816430886
stat_51,0.432911108951335,0.19540975491575205,0.23433835964593597,0.18710388700502523,0.25787766227332537,0.22809263798210974,0.25778312308620405,0.2577762235876685,0.2577195400089717,0.25762187142411386,0.25757203926752786,0.25760167727774974,0.2575144602548778,0.25750496264165457,0.2576954959239275,0.25788396802751834,0.2583639169208181,0.25840033775132754,0.25879095220147674,0.2592857174832004,0.2598677033419684,0.2608599035809123,0.2623179590705621,0.2631424860768114,0.2646166590103501,0.26621170367685193,0.26730878985675516,0.26865484127330846,0.2704953991696179,0.27152174923029804,0.2735316303851909,0.2736601720895293,0.2761901640893263,0.27888757380898677,0.2801896230593727,0.2808700612404054,0.28153094938559287,0.2815729323278178,0.28125149039989644,0.28054174281053995,0.28019499459979486,0.2802795075390666,0.27904420113752854,0.2768239196450175,0.27573731131667767,0.2749711597544477,0.27444568377814377,0.27313177247787623,0.27231068895629174,0.27077734910907464,0.2682886672224175,0.2666512199064741,0.2665818476857861,0.2661106742745473,0.2650280223488547,0.26412869102427633,0.2625765791467399,0.2608167369129322,0.26062109726034255,0.26041629556627827,0.25940624700423087,0.25666711850028706,0.25435531835512215,0.25236523586320414,0.25201991463869766,0.2504041283847863,0.24977597229969817,0.2498968302708182,0.24987905912551622,0.24798945918720855,0.24777435662714634,0.24707440598110691,0.2445911437072535,0.24087370328634441,0.23827000369122697,0.23818397600761912,0.23779945893816876,0.23593057418514368,0.23294952113499867,0.23012501627903265,0.2280717277155746,0.22772746963870155,0.22774981385264692,0.22681596412554264,0.22519279833700986,0.2240355622791131,0.22266760670171118,0.22182064442419266,0.22218390236935467,0.19115744872119445,0.22196649269811453,0.2219450226918939,0.22041579198135197,0.21823586604822973,0.215145194713339,0.21346892944557055,0.21159601175215076,0.21005646477445256,0.2096619978012611,0.2071499011365718,0.2030202642743831,0.19995905409755896,0.19718841978459686,0.19675953087683598,0.1933642337432227,0.1909454234707916,0.18768026178865935,0.18744422102423824,0.1857955200107143,0.18473013652335074,0.18424253435456867,0.18484896538156487,0.1863751771443191,0.18696329916802423,0.1869318846095777,0.18692051009117888,0.18742933091033892,0.18853155532131066
stat_53,0.09287873462535279,0.039346944393094975,0.060644562071931696,0.04449750507274451,0.05924181067165553,0.05721045781506542,0.059088957374251065,0.05909866313197773,0.05909815103199868,0.05908313358907584,0.05905353723981337,0.05899772485518824,0.05893793945798504,0.058884279309172734,0.058843813030512185,0.05880346368809684,0.05877973806865772,0.0587794845532224,0.05872690782001542,0.058659388255890836,0.05858367354682901,0.05853337645690407,0.05858624571501674,0.05858436699590476,0.05875901413678812,0.05879365769925272,0.058706610968300245,0.05868940903916261,0.05867314338093219,0.058616965104326915,0.05876256828061664,0.05876612255987452,0.05888808814239777,0.05912015237589858,0.05932164832494398,0.05938619062194636,0.05958365133452433,0.05968955520011072,0.05984906487395492,0.05985245832170585,0.059926969153075785,0.06004362841204182,0.06010631358004921,0.06015412371424505,0.06060932860627661,0.060820512765296084,0.06105405875283915,0.06120102097065533,0.061552818097347015,0.06185052683137493,0.06204104651376204,0.06203254059039169,0.06203174113479975,0.06212636333643236,0.06221708908373984,0.06240667516660369,0.06248228223567667,0.06231218981254829,0.062192369795531166,0.06215822834188635,0.061927775285754924,0.061325326323914846,0.06106314233528413,0.06073604059953617,0.06067660425993445,0.060448407952423934,0.060031164894317424,0.05927664415411995,0.05922528184533259,0.058230623563103524,0.05746143319218091,0.056775787483260814,0.056113513432322744,0.05504373827435435,0.053886771944413554,0.05377467951329865,0.052861518083774234,0.05208167923076933,0.051346185579517596,0.050440735350948694,0.0498559020978392,0.04941736126670537,0.04941607701649187,0.04924112584764004,0.048927759529074584,0.04876837197955266,0.0482983443551356,0.04799720635654337,0.04816359201482609,0.0452884373950951,0.048251841524780285,0.048260775559516494,0.04835660920775888,0.0481864311359518,0.04783653228217579,0.04743900231672207,0.04703687052660104,0.04687863653187859,0.04683346019161617,0.046666432615632775,0.046312949245551585,0.04597472706218924,0.04568441096042671,0.04564288241572566,0.04537787657694354,0.04503163497584639,0.044674940548047666,0.04463987410932906,0.044385554872022816,0.04437034300019907,0.044488468367291235,0.04458751493761325,0.04454677250212448,0.04451996160796142,0.04451523240818241,0.04458520458586362,0.04481274609294961,0.04499126657977495
stat_55,0.14646472104204672,0.061543573906683524,0.09813981763660666,0.07142273515540545,0.09429712129993077,0.0908341017843631,0.09403749947785689,0.09405262433673803,0.09405598162776452,0.0940391552646086,0.09400020618520319,0.09391176975606208,0.0938162752273381,0.09372534749459623,0.09365156197141297,0.09358047241328372,0.09353993240780628,0.09353872473078652,0.09344305624064314,0.09332355200151529,0.09320321642243164,0.09313944990755883,0.093266339592014,0.09325818852974627,0.0935413978198532,0.09359966736032058,0.09345616630227474,0.09342602660220736,0.09342235837659262,0.09335034416668578,0.09355628380023587,0.09355898992551805,0.09373242776556331,0.09414248389016933,0.09446076471641836,0.09453512889525793,0.094797579265125,0.0949009709196798,0.0951471744206557,0.09509303261815498,0.09520029921627095,0.09544772725373725,0.09557195574424983,0.0956490186257478,0.09638815306652831,0.09676882336469986,0.09721981377971607,0.09748666062625937,0.09808852134259928,0.09856634108509384,0.09894037459812717,0.09896509179190169,0.09896527809779168,0.0991015734292356,0.09917014035542175,0.09941152305465129,0.09944333136219498,0.09900999348127526,0.09874224478483287,0.09868388328956552,0.09833232997402423,0.09736407530842746,0.09697763785321008,0.09654504090473184,0.09645908817944135,0.09616474491713785,0.0955156104994338,0.09432917483176058,0.09424791833266084,0.0926222891454849,0.09141916101720525,0.09040394768824551,0.08935794963156748,0.0875811165095544,0.08574484174446245,0.08556851076303587,0.08421856291143645,0.08295330747506009,0.08169540935607793,0.08019450671355592,0.0793083421145062,0.07866926442765511,0.07875259147383606,0.07856618412648492,0.0781427385631761,0.07798924410908871,0.07721263490782967,0.07669114821870507,0.07690971896991808,0.07171682183396859,0.07697213528078874,0.07698258021511771,0.07705902062837834,0.07665468780020704,0.0760145246904237,0.07533796863619856,0.07462626059568743,0.07438802265616877,0.07433506761925993,0.07410543892488698,0.07354458035355806,0.07304212365939886,0.07255477182918169,0.07248940036353535,0.07204810918353352,0.07144137483340168,0.07081522624829446,0.070755331921676,0.07033054838357093,0.07031191732488669,0.07050627406048789,0.07068636263246204,0.07060331058638458,0.07050476446464066,0.07049189217448097,0.070587364252033,0.07097018133202823,0.07124693098731623
stat_58,0.0928143369616312,0.03932084051162068,0.060798023407261134,0.04453531898259227,0.05923145457971597,0.057169547559385504,0.05907798702850115,0.05908760925745279,0.05908736279860478,0.05907286758592822,0.059044007244582454,0.05898854621063383,0.05892894393081662,0.058875122114657605,0.05883436512038091,0.058793928018650396,0.058770708493041765,0.058770439749256116,0.05871773514594212,0.0586503382885815,0.058575875926814756,0.05852847983764528,0.058586229190089524,0.05858516558193361,0.058761200236368334,0.058798220055166155,0.05871311826106315,0.05869798759708481,0.05868637936627503,0.0586335115424357,0.058779683350401596,0.05878323509182217,0.05890731313075246,0.0591449723381208,0.05934701825601386,0.05941044608342655,0.05960416205036425,0.05970506929045436,0.05986213339695898,0.05986029543756775,0.05993278024000768,0.060052682631324183,0.060114251595832044,0.060157859248900436,0.06060883138210539,0.06082046673901328,0.06105739856706043,0.06120403907085099,0.06155590291325266,0.06185058503335782,0.062043392503902846,0.06203666794227526,0.06203593734594156,0.0621287071860683,0.06221206945566793,0.06239537714536867,0.06246223499627898,0.062277484196530106,0.06215124961778084,0.062116725712642394,0.06188763167512764,0.06128440763525217,0.06102418169991542,0.06070458595039028,0.060645885508125476,0.06042358942049382,0.060008270349501194,0.059257074890041346,0.059205903166882866,0.05820973464233796,0.05744536436615802,0.056768321726507205,0.0561072416069776,0.055032932512235073,0.05387964458204757,0.0537682635455096,0.052867886386149435,0.052088685188379245,0.05134746593055887,0.05043981915205228,0.04985906171669383,0.04942728417738001,0.04943189178347211,0.04926303128497735,0.0489545335215513,0.04880146399789647,0.04833048823136128,0.04802717752387149,0.04818983008064294,0.04524374961818083,0.048271786164013335,0.04828036579839879,0.04836791445964323,0.04818608920569219,0.047827814762693655,0.047427288224170326,0.04701987203988522,0.04686125169897782,0.046817148685998664,0.046650062504183985,0.046293077619377676,0.045955655800326775,0.045661575642023784,0.04561982690126192,0.045350863440108184,0.04499913606331966,0.04463592140460568,0.044600435324169636,0.04434395325246096,0.04432839059908163,0.0444463106245615,0.04454744510382946,0.0445064317490205,0.04447547035691331,0.044470274111915314,0.0445385613939274,0.04476738659189666,0.04494554395550801
stat_59,0.34728201943062187,0.15240746577108874,0.20146142742942566,0.15648260528777236,0.2126855949983116,0.1934317244980322,0.21243496825920896,0.21244288983758916,0.21241457708725256,0.21234836280364158,0.21229105169979792,0.21223894489638057,0.21211791463598179,0.21204262963308612,0.21208889376024126,0.21213577123879607,0.21236334242447885,0.21238205954658318,0.21251786104957499,0.212689946983787,0.21290651333811478,0.2133850264464052,0.21426113540274486,0.21469167311167914,0.21570039232265023,0.2165880482823094,0.21704500796826406,0.2177219863099716,0.2186730784176362,0.21914129572114313,0.22034970037351528,0.22041789517294033,0.22185889269197298,0.2235845891337803,0.224522153176125,0.22493129777030565,0.225495780904621,0.2256074025089638,0.22566038646170045,0.22525224961156515,0.22516904759544304,0.22542721841917324,0.22490247601781715,0.22382472593854116,0.22387755669915846,0.2237888229125128,0.22387716377648334,0.22339333213346999,0.2234299742266645,0.22297528450505244,0.221901166606785,0.22101728166116802,0.22097908098737404,0.22082146818327267,0.22027697288775983,0.21995703597247354,0.21911639055625343,0.2178215598122574,0.21751991556538322,0.21736296459669419,0.21654224906666683,0.2143065500655321,0.2127284912146853,0.21129459593954317,0.21103801774736505,0.20991206578461646,0.20909570937265504,0.2083094218594367,0.20824031485127492,0.20599629328667962,0.204976387278019,0.2038183953594215,0.20166409941071234,0.19827807710010736,0.19543910074428966,0.19525367585013823,0.19396607010743164,0.19195097770069233,0.1893550297643933,0.18663715551586532,0.1848295096253304,0.18411407744236719,0.1841940793224223,0.18355024462339545,0.1823491155337225,0.18161222663767493,0.18025452891507987,0.17938041791206477,0.17975506040149963,0.1590271891562992,0.17969836749030507,0.17969612401156643,0.17896563568895366,0.1774931879781259,0.1753440062268467,0.1739090100218269,0.1723408203850877,0.17133509250395346,0.1710838741591246,0.16956526060363497,0.16690795218124735,0.1648612520874199,0.16297866088495028,0.16269440492693035,0.16049577050336666,0.15870705282915518,0.15643061636084346,0.15625513401781704,0.15502435231008077,0.1544132693839411,0.15427756292564343,0.15474828891251294,0.15554676986177046,0.15580332874425531,0.15577632698908414,0.15583942806833007,0.1564026119361291,0.1572201150074248
stat_64,0.25458778915594804,0.10800871367434335,0.1639982681187907,0.12187423952781735,0.1618792252962785,0.15229179508731405,0.1615115987092248,0.1615298915415067,0.16152969737610406,0.16149986214985415,0.16144964328334058,0.1613395835554141,0.1612017700184853,0.1610765586063299,0.16100005166307016,0.1609289950084305,0.1609453424301981,0.16094842310235896,0.16086969070862456,0.16077438719503945,0.1607018503546053,0.16077830979816649,0.16119879937383486,0.16130068721988475,0.16189153727637373,0.1621966081077531,0.16215185443315916,0.1622928920339496,0.16255880526698563,0.16261562227331494,0.1631335031291001,0.163150962740702,0.16369381584107773,0.1646413925014752,0.16524074637133981,0.16539943697787157,0.16579032967388085,0.16587112410406868,0.1661610140915969,0.165935996807876,0.16602719172876051,0.16643899067786494,0.16647270914763632,0.16628459821724445,0.16714754721118505,0.16759517924987563,0.16820072941749215,0.168398340739648,0.16911185881426424,0.16950997409633894,0.16968029538929996,0.16949131083557653,0.16948195079372755,0.1695670569358843,0.16940589027010805,0.16950764747464436,0.16920655762689096,0.16821188859587619,0.16776849801225613,0.16765700085489676,0.16705960936453426,0.16537292159180542,0.16452855917099624,0.16373229319865962,0.1635741223781462,0.1629954851919525,0.16209016199262588,0.16062918332890708,0.16052378860412556,0.15810748110975492,0.15655005073594935,0.1552032726626748,0.15347345868706153,0.15052418117782168,0.1477380902881475,0.1474957595217157,0.14575933617923872,0.1437869263461632,0.14160292571145192,0.13914129067460457,0.13771423836676788,0.13686508206508444,0.13706753194929727,0.13678437672999375,0.13607147446905593,0.13581088725627394,0.13455061086746037,0.13368939403871252,0.13398528834873072,0.12198055563963275,0.1339596257118419,0.13396691424722634,0.1337828293625777,0.13280519439808966,0.1314354038138297,0.1302548059930302,0.12897249025625662,0.12845176075511955,0.12834401220744757,0.12771487409162519,0.12637157320354103,0.12528910606102822,0.12420710278571405,0.1240567564600191,0.12293592980848064,0.12171987600311605,0.12033789202308978,0.12021940123790253,0.11939129626881839,0.11919608955438492,0.1193644586546332,0.11971380966768304,0.11984723877748336,0.11976703666086938,0.11974059239676557,0.11984518661939274,0.12043314480592705,0.12095832844604804
stat_70,0.2898998637016417,0.1238520940621994,0.1824408662931021,0.1370792762253456,0.18285955139964485,0.1701893352656611,0.18249315453370066,0.18250962391708678,0.18250473450289692,0.182468238697727,0.18241822106007574,0.1823171730141587,0.18217626391562172,0.1820539482100182,0.1819987734900811,0.18194947687072616,0.18201744674441697,0.1820241074809321,0.1819876006511946,0.1819464878964421,0.18194127132657353,0.18212937792599154,0.18270758752800415,0.18289201766262345,0.18361893008461014,0.18408326755050686,0.1841542190028897,0.18442995057876324,0.18488692637357998,0.1850548631690259,0.18574996920734194,0.18577866406184057,0.18655125152881388,0.18775846976591237,0.18846935618179386,0.1886787717181861,0.1891019106184534,0.18915657726592322,0.18940333037217869,0.18908867431553025,0.189137880039654,0.18957225057224572,0.18949060622183284,0.18908215836809722,0.18980745828435075,0.19017552224976675,0.19073327703675091,0.19079372930367886,0.19140184925802028,0.19161088169211354,0.19151745689751173,0.19116453165735192,0.19114819687901938,0.19116754186894275,0.19085778717080026,0.19082301285432238,0.19032002965203593,0.1891120674951705,0.1886424318280993,0.18851169330423614,0.18783572643703264,0.18592045176745728,0.18486259607440247,0.18390965339512605,0.18372295825607676,0.1830112272663114,0.1820933497098639,0.18074286451372165,0.18064185442872094,0.17812654447823636,0.17663806519393144,0.17531227850046205,0.17339244857252425,0.17014135998540592,0.1672002002253195,0.16696033235679109,0.1653008489935027,0.16319884831003467,0.16074769319527848,0.1580567325320041,0.15648599911288832,0.15565600458982606,0.1558901303643388,0.15555958833134517,0.15473577157661653,0.1544069050844201,0.15303807816191672,0.15210158181076308,0.15240439307568512,0.13728201750834326,0.1523231384810515,0.15232628949023172,0.15195593526361897,0.15072949036897848,0.14905101738411736,0.14772103599552894,0.14626113949149425,0.1456029653928215,0.14546513978175543,0.14460644555475824,0.14287148872977137,0.14151383039318283,0.14016321266273504,0.1399721197661408,0.1385134189552878,0.13706221571247199,0.1353541500984726,0.13521317588752735,0.13423122738997065,0.13392319963158095,0.13402521280011911,0.13443433559656878,0.13473504480006418,0.13470772572540018,0.13467709160216823,0.13476834001129115,0.13538987352874798,0.1360116849631107
stat_71,0.11758409000988175,0.04950637225023209,0.07846159456011283,0.05711084709719088,0.07555565960868103,0.07300491809659805,0.07534844365286782,0.07536097795286054,0.07536285403945342,0.07534759507528484,0.07531356999725389,0.07524079839193082,0.07516323837014459,0.07509046471218916,0.07503158921431598,0.07497419806534716,0.07493873438393914,0.07493775255983803,0.07486052011993562,0.07476317733981246,0.07466100356943767,0.07459781129970879,0.07467986052867123,0.07466978635987108,0.07489095913323986,0.0749282616516786,0.0748061848901792,0.07477478134125594,0.07475485977432907,0.0746852397799583,0.0748502975417018,0.07485271743685229,0.07498718896384761,0.07529527443628904,0.07554880022261398,0.07561458519725926,0.0758408651576595,0.07594470502215622,0.07614929621148898,0.07612687385419001,0.07621952894657733,0.07640206585992644,0.07650244503641301,0.07657698707657834,0.07718209982223949,0.07748407310266503,0.07783193155467542,0.07804822649412292,0.07853329480141341,0.07893331861712817,0.07923552236926278,0.07925581809465225,0.07925602625856726,0.0793754807026456,0.07946209944688135,0.07968482934494467,0.07974878961787402,0.07945421246591282,0.0792585797879752,0.07921335147795419,0.07892750346712692,0.07815517810556007,0.07784584939669746,0.07747930875823256,0.07740873097343842,0.07715881742019608,0.07662536001504257,0.07564497802531264,0.0755782130816402,0.07426977093265463,0.07327794212716675,0.07242769917531848,0.07158463740787235,0.07017559814626417,0.06868720484981818,0.06854280640074673,0.06740980641474625,0.0663938710779544,0.06540966356924202,0.06421787803805659,0.06349230493508104,0.06295469415722119,0.06299678011708966,0.062821991083109,0.06246261721650698,0.062313642170464686,0.06169570729636784,0.061287363471760385,0.06147773841897882,0.05760810635377228,0.06155346139938066,0.06156324906219158,0.061657297558034056,0.061379784594726476,0.06089980297533428,0.060369927315184896,0.05982089106206735,0.05963110559050779,0.059584438037140613,0.05940089901246649,0.05896722731879556,0.058564817244926196,0.058191472968002485,0.05814056629861995,0.05780791144876429,0.057343745827563304,0.05687066393001672,0.05682441860828045,0.056493601845687545,0.05648456279758305,0.05664612800544386,0.05678287427607358,0.0567085612517628,0.05663997225559333,0.05663122571921066,0.05671444852188926,0.05701896205780183,0.057240372494557545
stat_73,0.137317138845675,0.05792444237959184,0.09142579749131131,0.06664971654074263,0.08813498035839919,0.08479746228451478,0.08789843722765414,0.08791221970306394,0.08791450691169116,0.08789780926100436,0.08786119632696614,0.08778064331805117,0.08769279177618208,0.08761015096091386,0.08754508409654023,0.08748228835300048,0.08744945177054671,0.08744871502952804,0.08736568048665157,0.08726189433558663,0.08715724281500206,0.0871065450077784,0.0872315155971045,0.08723205219352183,0.08750275869530842,0.08757047052458804,0.08745119207939529,0.08743743005290681,0.08745084511733753,0.08739470007040137,0.08760487360934845,0.08760897723754388,0.08779541946601976,0.08819232494011894,0.08849480056625714,0.08857242433293622,0.088821880945894,0.08892178779752453,0.08914116654305723,0.08908961150667502,0.08918364101225724,0.0894027290291042,0.08949942859835022,0.08954561090823221,0.09020357370661716,0.0905380025508673,0.09093625565063833,0.09116442779292258,0.09170215196468999,0.09212527844337096,0.09244235188195918,0.09245015355022795,0.09244972101534234,0.09257249329550073,0.09263421862946848,0.0928544769311848,0.09288079279728838,0.09248429631896034,0.09224281668792972,0.09218827693415263,0.09185834654456512,0.09095353067892033,0.09058270564236305,0.09016751531515645,0.09008594476772205,0.08980138032980622,0.08920000480645329,0.0881101502355074,0.08803545496920856,0.0865360567129328,0.08543168736732726,0.08449243553198633,0.08351705201499325,0.08187131221347352,0.08017463354206232,0.08001304670580874,0.07877200402834482,0.07760647417367066,0.07644286680664343,0.0750579594887241,0.07422971969350632,0.0736416304467756,0.07370961428422734,0.07352252265503041,0.0731149591443675,0.07295447973319603,0.07223889548941162,0.07176147533978049,0.07196790442973001,0.06702112000215307,0.07202979259262281,0.0720394072734529,0.07210068138720818,0.07172408380076824,0.07111996195661867,0.07049286705205132,0.06983411643586265,0.0696019506582523,0.0695486361249549,0.06931400009625965,0.06876731127900232,0.06828128366111834,0.06781655193119443,0.06775351248016911,0.0673266306456877,0.06675827106689607,0.06616679281110674,0.06611062581398884,0.06571186399094602,0.06568785207504067,0.06586309520814665,0.06603056612752467,0.06596467311145823,0.0658817274565096,0.06587007200444242,0.065958582314319,0.06631160833199112,0.06657293568260739
stat_77,0.1530919185782516,0.06450465976814862,0.10182668522905264,0.07434320444556887,0.09830446979976268,0.09446796398101402,0.09804129162687478,0.09805651085125654,0.09805915338718231,0.09804084872887009,0.09800070237019466,0.09791162708526305,0.09781408777523012,0.0977221859263771,0.09765001356923049,0.09758048483064798,0.0975451148154811,0.09754433383884444,0.0974524232313494,0.09733763488537239,0.09722276087139423,0.09716949903046586,0.09731376929634052,0.09731530703122517,0.09761863520460784,0.09769619884604908,0.09756431680095468,0.09754991327174636,0.09756763566850954,0.0975068031621966,0.0977395227762715,0.09774387665737937,0.09795007144947424,0.09839573282476383,0.09873284721749045,0.098816905691932,0.0990910252382812,0.09919732259519752,0.0994419614772832,0.09937991211148225,0.0994841570418366,0.09973361906562316,0.09984354167659565,0.0998946460832115,0.10062785979450319,0.10100238048456743,0.10145002958106931,0.10170351121386682,0.10230118040903373,0.10276631454263595,0.10311384117314162,0.1031188951196622,0.10311824293127189,0.10325104368931994,0.10331010076964788,0.10354553648054719,0.1035623125300396,0.10310802333603747,0.10283672441764954,0.10277545773397284,0.10240808119806491,0.10139785334034764,0.10098007088579937,0.10051782859355511,0.10042675376915157,0.10010888890925686,0.09944486740588124,0.09824604904350469,0.0981636609395692,0.09649918178059479,0.09527960288555035,0.09424326473910224,0.09315695843287569,0.09131955220744051,0.08943309355691208,0.08925382084428075,0.0878826421550901,0.08658293448021123,0.08527905357322771,0.08373085109866892,0.0828104926320624,0.0821596772905384,0.08224198368405952,0.08204012824243562,0.08159097323938622,0.08141906260563443,0.08061934985294127,0.0800839339098251,0.08031039912845452,0.07471535488336783,0.0803730798792551,0.08038347665896875,0.08044453732229863,0.08001349345385471,0.07933210343767488,0.07862969131585171,0.07788988286597111,0.07763086740793018,0.0775724062358552,0.07731037597324623,0.07669558889520624,0.07615164749424078,0.0756276143211276,0.075556589119746,0.0750719784317742,0.07443193748273244,0.07376270912548039,0.0736995291168667,0.07325156429674637,0.07322060233653867,0.07341161086918047,0.07360019212394195,0.07353374422867555,0.07344167663532025,0.07342839029357835,0.0735251186535379,0.07391779945864291,0.07421032758102916
stat_80,0.29721766489844104,0.12731528195890676,0.18451202135648087,0.13951962411833255,0.186748790201895,0.17337742286403876,0.18639543052002128,0.1864112904311731,0.18640306332859333,0.1863616655878886,0.18630846554692154,0.18621126142407882,0.18607142955790248,0.18595420733075568,0.1859105693684987,0.18587162364850052,0.18595529506538633,0.18596330748104764,0.1859453034636469,0.18592612767874367,0.18594030236989526,0.186150484805645,0.18674676049960892,0.18695472625029466,0.18770931342989597,0.18821122290744566,0.18831511133102322,0.18862548329118467,0.18911830594932227,0.18930551164576834,0.19005215625815663,0.19008481754943007,0.19091853974699555,0.19216287870489465,0.19289742716994235,0.1931305963318723,0.1935822136673596,0.19365930485188468,0.1938975454522367,0.1935894502834336,0.19363307113532102,0.1940426846429107,0.19392186359295344,0.19345992784958016,0.19413598494875772,0.1944584886239667,0.1949603018272692,0.19496588321608593,0.19551640662517683,0.1956649508829353,0.19545767684382537,0.1950396023974608,0.19502058158809027,0.19502597004338396,0.19471132146176806,0.19466296640265185,0.19414579576946062,0.19296649040397043,0.19253268912148566,0.1923996861521894,0.19170171913571385,0.18974714326030978,0.18862164815161633,0.1875901145140078,0.18739284448092536,0.18661485633294955,0.1857012564884558,0.18440259693663832,0.18430438983290445,0.18181698613526157,0.18036162858260943,0.1790239540176572,0.17706850316364606,0.17380500802300222,0.17085231503648893,0.17061502676937426,0.1689471355762933,0.16684244537496154,0.16438343556118443,0.16168362455583493,0.1600685768262845,0.15922372284900418,0.1594245187726093,0.15904099569159777,0.1581590874627033,0.15776607973079412,0.15639496153916885,0.15546749992611789,0.15579180316117508,0.1402357830328062,0.1557339055261076,0.1557377270515962,0.15535705513689632,0.15413740729790382,0.15242960751805612,0.15109203179896044,0.14963039176161763,0.14893513786626777,0.14878192311307623,0.14785183290656237,0.1460236340953328,0.14458508023268773,0.1431831887771066,0.14298194766306474,0.14144853255335232,0.13997081166890593,0.1382119862247262,0.13806786491959788,0.1370609207492365,0.13671849215537432,0.13679397300549287,0.13720560245105692,0.13756479334367924,0.13758068279470664,0.1375516223261041,0.1376444437469883,0.13825764432956006,0.13890427522219545
stat_84,0.4113394260901222,0.18320285874766754,0.23113968328353957,0.1820587270670694,0.24857765839506943,0.22165512146346644,0.2483952428478774,0.24839336736986697,0.24835213822492816,0.2482741898767961,0.24823219033841223,0.2482318225869252,0.2481283072943661,0.24808478638658754,0.2482114621725807,0.24834082192453238,0.24873432565650808,0.24876384073392763,0.24905019677225693,0.24941767922865982,0.24987748095839277,0.25072865530121297,0.2520763880742826,0.2527679472193696,0.25411842864396644,0.25549854883876844,0.2563785797386625,0.2575080776908015,0.2591058945117772,0.2599829214260649,0.26170929544215144,0.2618141245794548,0.26397748085060024,0.26646262202345034,0.26766303368927763,0.2682136896445263,0.2687681689168114,0.26872535666723224,0.26852114822643697,0.26780292830235697,0.26752612991492736,0.2677820463076988,0.26681821638160325,0.26496441169455753,0.2643013812343704,0.2638412991705012,0.2636596480986234,0.26267309909761993,0.2622185209699142,0.261055066407786,0.2591366937211376,0.25779334153017763,0.257735885103661,0.2573484466250354,0.25632680114813766,0.2555353729205595,0.25408438615875834,0.25222236591888025,0.251871214474065,0.2516730551652302,0.25072557959981306,0.24808206361406374,0.2460278075313503,0.24431319397711002,0.2440034497906883,0.24262248410438006,0.24192007140309854,0.2417089575966989,0.24167120883873403,0.23952060550963344,0.23901503691110385,0.2382287634788176,0.23580647160494486,0.2319877403766247,0.22921915793862807,0.22909541285062668,0.22851765534877105,0.2264989214758733,0.22343292878645896,0.2204662966532868,0.21851626045775724,0.21811866781839265,0.21830533515737338,0.2176065461800519,0.21621998461206812,0.21535397240064608,0.21390443767869016,0.2129526973766422,0.21325116146806028,0.18427494714524384,0.21295487406482996,0.21293355588690863,0.2115308117225947,0.20933629863732037,0.2063784949293253,0.204673688279929,0.2027474487152591,0.20138765478575626,0.2010656345844841,0.19891578095706763,0.19523093789288332,0.19252125755005,0.1899719539294303,0.18958704272732196,0.1865247399703777,0.1841970789094181,0.1811367661275359,0.18091145117806806,0.17934753840660225,0.17843710448695577,0.17808408310685697,0.17868661133639901,0.17994614694080885,0.18034395231271325,0.18030594898756924,0.18030293613503903,0.18087981723173802,0.18189465351081077
stat_86,0.17130370135338757,0.07203035836087837,0.11316801714185329,0.08306389831189064,0.11000308624461794,0.10559399927354161,0.10971152381306207,0.10972849637608484,0.10973090052868581,0.10970959070518695,0.10966394164141799,0.10956474681136152,0.10945595074400215,0.10935407990972168,0.10927486535720962,0.10919826039072389,0.10915962403380011,0.10915886687201333,0.10905769364746483,0.1089307485825456,0.108802280009513,0.10874093349382498,0.10889811643448129,0.10889942962370003,0.10923761016814812,0.10932182936610921,0.10917132762446755,0.10915152051482814,0.10916400440320671,0.10909039984588495,0.10934632191633556,0.10935081077541745,0.10957283268926933,0.11006181802021346,0.11043703952389564,0.11052957212138695,0.11083883737043926,0.11096177453433172,0.1112418380610178,0.11117802192671865,0.11129883815332048,0.11157857317261277,0.11170818550791203,0.11177566061566858,0.11260577333932452,0.11302611915370848,0.11352381337286321,0.11380614659102105,0.11447045695852671,0.11498646144187916,0.11535756514326514,0.11535158121936764,0.11535034986419765,0.11549658232213429,0.11556540045715125,0.11582767987455346,0.11584781928011664,0.11535726723611928,0.11506699139817261,0.11499868406379726,0.11458526373036139,0.11345533891222208,0.11297567902805063,0.11244046758274717,0.11233648678580804,0.11196447707443903,0.1112282551184742,0.10990767303755526,0.10981662591109749,0.10797255875709993,0.10661707554887738,0.10545486797790841,0.1042393022749823,0.10219284660197386,0.10008347991035972,0.09988277104069654,0.098338192279247,0.09688326218408695,0.09542923417247452,0.09369686466164938,0.09266264396487121,0.09192583190057288,0.0920135838935025,0.09178321636636785,0.09127681636525425,0.09107909376047103,0.09018462153092204,0.08958677169584836,0.08984373518687307,0.0836333733680554,0.0899198285545949,0.0899318371345918,0.09000939869989148,0.08953865927466122,0.08878488015601559,0.0880015993498743,0.08717858008385494,0.08688975044588038,0.08682338804881985,0.08652988464861157,0.08584231076380204,0.08522847063050301,0.0846419848647189,0.0845618466333927,0.08401509517225508,0.08330250100998864,0.08255392230897086,0.08248338074948267,0.08198217162230628,0.08194127216856432,0.08214787137585076,0.08235664722132933,0.08229504982903495,0.08220315044118198,0.08218895444507344,0.0822979413887977,0.08273225696699267,0.08306220732140855
stat_89,0.10301778373307316,0.04349931900560725,0.06813213275134171,0.049741445413251095,0.06598118934828634,0.063751049836564,0.06580471704040289,0.06581561853243757,0.06581631226437384,0.06580151721685264,0.06577036558418163,0.06570733717873117,0.06564005246216284,0.0655780843211133,0.06552932957488307,0.06548136873143935,0.06545222830995108,0.06545161225066529,0.0653878940401833,0.06530699190451747,0.06521971759402966,0.06516393584850444,0.06522976652703726,0.06522378059519095,0.06541741995997645,0.06545245207334244,0.0653499517021655,0.06532606512308245,0.06530823457568073,0.0652465988592182,0.06539871800355736,0.06540165127694539,0.06552729071515098,0.0657916379544063,0.06601438678268541,0.06607830290302663,0.0662858664027828,0.06638870765019408,0.06656685162691524,0.06655765602685598,0.0666394524774281,0.06678569767161449,0.0668653809682453,0.06692523420119222,0.06744431183079598,0.06769559663120303,0.06798035348579598,0.06815851599434256,0.06856872986093822,0.06891111955699869,0.06915374082585588,0.06916037026277085,0.06916011810395599,0.06926531088243688,0.06935264060400047,0.06955518952518329,0.06962422711428479,0.06939659093827985,0.06924159935414208,0.06920276092670932,0.06895012483823096,0.06827722242591844,0.0679983510424612,0.06765969976945695,0.06759617056342103,0.06736299582520781,0.06689689896088073,0.06604561215351432,0.065987674581178,0.06485888305636507,0.06399558098707876,0.06324311686216987,0.06250615571143259,0.06129237398350312,0.059996876031264024,0.05987123833298201,0.058869018298383265,0.05798981961679999,0.057148111391409226,0.056121559458229664,0.05548007736679502,0.05500213292240674,0.05502194537843815,0.05485059903668018,0.054521196888584006,0.054370142241788724,0.053837569724462866,0.053490328950370813,0.05366508113943037,0.050367269698182136,0.05374553698465196,0.05375471221297893,0.05384794109385997,0.05362906876087567,0.053223053830925716,0.052769117265625706,0.05230357244273435,0.052133288591560724,0.0520883530902956,0.05191700228108931,0.05153221409638789,0.051170178908771444,0.050845747528571586,0.050800590021553446,0.05050885398684876,0.05011235146136825,0.04970673045710855,0.04966695112507356,0.04938071036234169,0.049369408978006686,0.049506939044064335,0.04962238122833861,0.049564989862836015,0.04951765831183836,0.04951104090678642,0.04958609724585097,0.049846872283946346,0.0500424322046969
stat_91,0.17438954068616713,0.07331916930167608,0.11625968059929108,0.08490003026440057,0.1121394948522554,0.10755085079246471,0.11183836495891653,0.11185542714301774,0.11185910928522538,0.11183964028448606,0.11179601558969149,0.11169575189901444,0.11158519994939704,0.1114801496876415,0.11139735817242359,0.11131808660268079,0.11127955051113164,0.11127863369766058,0.11117358501814947,0.1110429325554454,0.11091515112506467,0.11086200203023493,0.11103993668190633,0.11104276545430927,0.11139180354290038,0.11148424631650082,0.11133537299105506,0.11132039719446593,0.1113479286159898,0.11128356818006532,0.11154342441306304,0.11154770110583304,0.11177782367820908,0.11229556178563757,0.11267941646474625,0.112768039841753,0.11306834951725546,0.11317416352297666,0.11345226447473905,0.11336759658414791,0.11348417267946616,0.1137836562434845,0.11391488189893134,0.11397218458723639,0.11480844766844306,0.11524287708693423,0.11576822267016174,0.11605940705552142,0.11674270015902131,0.11726250371009257,0.11765835921130066,0.11766362996812708,0.11766282366218445,0.11780580352065254,0.11784711272913215,0.11809104969633158,0.11807787402624756,0.11751798329512653,0.1171950296505989,0.1171238974492429,0.11670785541337156,0.1155525614597081,0.11507331737993153,0.1145595407256934,0.11445671855599712,0.11410321760185994,0.11335846735581163,0.11201957177720777,0.1119271388850429,0.11003554194458834,0.10866725055134067,0.10751348760825286,0.10627802537026639,0.10416991294969243,0.1020288935880906,0.10182629823903463,0.10029666694408874,0.09881186966398954,0.09730446892286283,0.09552610693537066,0.09448704433970678,0.09375999375062763,0.09387433304513206,0.09366610412471267,0.09317174491576881,0.09299971888321612,0.0920812137026626,0.0914604018903246,0.09170694954900932,0.08511878386843887,0.0917586955207885,0.09176956972986232,0.09181816674371937,0.0912926071902278,0.0904929421970299,0.08968188452351018,0.0888216631103232,0.08852724152411955,0.08846424238358203,0.08816822610382526,0.08745792680494978,0.08683823388123518,0.08622761039572482,0.08614544330777066,0.08557574723102745,0.08482838361059426,0.08404155040756481,0.08396806597220649,0.08344913647056733,0.08340744862351598,0.08361871507841703,0.08383973291955049,0.08377338875169696,0.08366225962509814,0.08364596458821132,0.08375093367190517,0.08419952300741068,0.08453412203078908
stat_94,0.12668378224928417,0.053209456025916015,0.08413070994683375,0.061524980432980145,0.08148016800239194,0.07874280284624816,0.08125655032888546,0.08127018040896503,0.0812720808126506,0.08125529727641526,0.08121800500156189,0.08113899091148231,0.0810550336375578,0.08097640420801133,0.08091264231451048,0.08085030969251059,0.08081088466351752,0.08080977659649548,0.08072554650414009,0.08061906159897081,0.08050639829010196,0.08043423354720153,0.08051774561188593,0.08050453936244227,0.08074071200392473,0.08077620802680228,0.0806396116391481,0.08060068426189564,0.08057183196948162,0.08049175551434701,0.08066438751888018,0.08066653567944213,0.08080312343623723,0.08112853431614414,0.08140015209222391,0.08146902969053466,0.08171331096436509,0.08182626265661354,0.08205160262860635,0.08202996577423097,0.08213294772995718,0.0823325263208694,0.08244766979132316,0.08253837989000304,0.08320308626129903,0.08353411555700045,0.08391226989164524,0.08414992149090708,0.08467683102279075,0.0851133316583825,0.08543855029031994,0.08545826221086095,0.08545838307216895,0.08558856096653515,0.08568861002999104,0.0859341402371682,0.08601095604915673,0.08570799022938196,0.08550345872148643,0.08545504959289513,0.0851455081585353,0.08431343488480515,0.08397750786002124,0.083573744382644,0.08349672255861024,0.08321959474929749,0.08264368350003358,0.08158605853994234,0.08151398937725843,0.08010512975381595,0.07903034904805634,0.0781051854504537,0.07719487446728412,0.07567755286305727,0.07406639992185546,0.0739095363682962,0.07267409328634102,0.07157448517555992,0.07051406786102768,0.0692252648054063,0.06844031518494753,0.06785392994918028,0.06789839135618812,0.0677090615716438,0.06732070170804054,0.06715850779321485,0.06649123421397153,0.06605062730996654,0.06625800103896048,0.06215881379856223,0.06634306781110011,0.06635388693600416,0.06646309371698991,0.06617128562525885,0.06566079246824577,0.06508984391814768,0.06449911617387018,0.06429766882785362,0.06424779128052005,0.0640555096895796,0.06359594443722656,0.0631646330678254,0.06276674815409235,0.06271233883307223,0.06235893182403424,0.0618635100600405,0.06135998086963949,0.06131052088828604,0.06095597010261651,0.060946957721134135,0.06112145333248325,0.061266893265182566,0.06118673634565385,0.061115706900414485,0.06110665319969817,0.06119803274131721,0.06152576726456674,0.06176454109448046
stat_95,0.40789611499034395,0.18148333975645986,0.23052133104348776,0.1811265395704341,0.24692568568053352,0.22039535873079408,0.24673247292006836,0.2467310862256993,0.24669211415922068,0.24661733879756254,0.24657730649570248,0.24657385640214322,0.24646888923889748,0.24642126072175044,0.24653980926660127,0.2466618861071946,0.2470451759498139,0.24707380752389602,0.24734737002104012,0.24769968935208114,0.24814639368279096,0.24898395269188395,0.2503233451121917,0.2509999584561159,0.2523357688818281,0.2536931607186673,0.25455135271887486,0.25565901546106096,0.25723588161355077,0.25810149851049324,0.2597964388161794,0.25989869241003377,0.2620248942738527,0.2644932373010944,0.2656815570147104,0.2662166081401483,0.26675238907313537,0.26669246869242047,0.2664947470286471,0.2657683216897361,0.2654950651514605,0.2657718875072848,0.2648345659129971,0.26301449756443906,0.26238889111575137,0.2619625299976086,0.26182307628124063,0.2608742026227418,0.260461858761514,0.2593396629981947,0.2574965608349246,0.2561943003490512,0.25613852118173763,0.2557600647278523,0.25473940418777885,0.25395609325193574,0.2525112116270395,0.25062344508497214,0.2502457975148768,0.25004844967968387,0.24911222953646991,0.24648500409959484,0.2444702369837011,0.24280284963742169,0.24249912790658756,0.24115798526725665,0.24044864589972445,0.24019762603949596,0.24015756390767964,0.23797587593898786,0.23744099364344737,0.23665670424906213,0.23424839159658384,0.2304202056943358,0.22764398086473478,0.22751726430551583,0.22693829676456387,0.22490996776247463,0.2218344345201046,0.21885802221483064,0.2169306563447622,0.21654030840166041,0.21675276293053383,0.21608988924292905,0.21473946494221682,0.2139163052597251,0.21246104103208738,0.21149780558807488,0.21178236919898735,0.18300833179981899,0.2114681553530845,0.21144630571917564,0.2100465329201537,0.20783796099151758,0.20488924135991957,0.20318143399845437,0.201246808341621,0.1999091036457969,0.1995972448289671,0.19749220025810818,0.19386154137281153,0.1911999202038065,0.18867779129779003,0.18829872542145232,0.18527884697633795,0.18296091061300404,0.17992531060208442,0.17970134139249114,0.1781489341220101,0.1772600005290807,0.17692522759717166,0.17752830516911483,0.17875025860089913,0.17911839602362162,0.17907912363296724,0.17907542691209447,0.1796614157447464,0.1806627423404187
stat_96,0.33494848283621886,0.14506652842522347,0.19960220472623227,0.15366063688244408,0.20757611830590622,0.1902697547469352,0.20726906031616907,0.20728097933076564,0.2072611530961731,0.2072043765773754,0.20714707949945477,0.20707203864370577,0.2069381060009441,0.2068405059423121,0.20684576567132665,0.2068534336734225,0.20702002762119268,0.2070342599224139,0.20710080566712863,0.20718625905373267,0.2073115584149636,0.20767481653843312,0.20844349121805086,0.2087783092419846,0.20969656943389714,0.21042132768532992,0.21071360826764648,0.21122566814769828,0.21197220569498876,0.21230880072494437,0.2133180753302539,0.21336979808081508,0.2145388894297137,0.21607225128198615,0.2169381523080818,0.21726684193560855,0.2177941335961438,0.21789254332181437,0.21805300232410907,0.21768395404462443,0.21766845297140713,0.21802132926688333,0.2176960581665215,0.2169065997615367,0.21729189148145728,0.21741237105159142,0.21771408043323595,0.2174567522102808,0.21774591019584316,0.21756320678554839,0.21685537394421195,0.21615411412018534,0.21612331592740228,0.21603300276770337,0.21557240850790357,0.2153606268134321,0.21463429383480415,0.2133522934648145,0.21298602845348621,0.212834931847648,0.21204342610502316,0.20986485294065096,0.20843487155961424,0.20713024151754314,0.206891428374812,0.20587948529153022,0.2050012374901675,0.20397647136240082,0.20389285092169923,0.2014763902206204,0.20022874487508832,0.1989504023736236,0.19681807284874747,0.19337672336448514,0.1903847742027762,0.1901674501183221,0.18864367943402854,0.1865062707747338,0.18388009595266983,0.18106364729848143,0.17928343395936241,0.1784689194649077,0.1786161746824697,0.17808393888700239,0.17700261383869292,0.17641685091353657,0.17499796791895214,0.1740600847792189,0.1744228814289714,0.15548640293467753,0.17436276515762858,0.1743636122419378,0.1737866804660704,0.1723880166299878,0.17038332715439963,0.16894352053162184,0.1673706109869751,0.16648507733131784,0.16627381376382383,0.16499394096196487,0.16264795047289266,0.1608210574695495,0.15910150850892543,0.15884646589699544,0.1568819316157517,0.15517847828640194,0.1530636417128534,0.15289679527745872,0.15172800799577604,0.15121512681233265,0.15116519293756134,0.15162362460969284,0.15225720195222936,0.1524174000313756,0.15238881716652608,0.15246721974221034,0.15306826125501263,0.1538353049093097
stat_97,0.1321868754786604,0.05557398809592166,0.08857467257576396,0.06440003168409189,0.0850709582207821,0.08210493217202844,0.08483578278792564,0.08484973432249884,0.08485251208851492,0.08483658362754028,0.08479995659252854,0.08471865439987529,0.08463161842896075,0.08454910845043674,0.08448181452351462,0.08441664990905653,0.08437736876997334,0.08437618802992529,0.08428822099613756,0.08417791750298159,0.08406466715327361,0.08399885258595173,0.08410150329575423,0.0840907211006035,0.08434201852113868,0.08438717373147173,0.08425135846270561,0.0842178927884122,0.08420278482645571,0.08412970763211788,0.0843128826707175,0.08431522926874278,0.0844658141446762,0.08482287866202241,0.08510851586388882,0.08517783439223896,0.08542258992321647,0.08552665681454277,0.08575409453925976,0.08571659518113839,0.08581779326746021,0.08603426693075751,0.08614954796042774,0.08622978356569384,0.0869087230356139,0.08725412620865142,0.08765785693196881,0.08790394572611841,0.08845344199119122,0.08889895355858274,0.0892455137694928,0.08927204577479507,0.08927240819188523,0.08940228332033606,0.08948234619823527,0.08971792493074902,0.08976905597883236,0.08940477658531144,0.08917103050109991,0.08911922771550151,0.08880018230759777,0.08792857297496999,0.08758314891869041,0.08718533771419239,0.08710725714541825,0.08683707271226074,0.08624216007238976,0.08514920518595746,0.08507460691880621,0.08359910914346902,0.08249321730013927,0.08155490483841002,0.08060801948632627,0.07900965072484671,0.07733962340960823,0.0771782063189008,0.07592857537079037,0.07478291790348784,0.07365880799638316,0.07230765457487964,0.07149988030102886,0.07090817585732802,0.07097162830969705,0.07079183417768971,0.07040093345538218,0.07025129167286259,0.06955128620031681,0.069084321476467,0.06928937332584055,0.06478141348747916,0.06935896230643925,0.06936917334263444,0.06945749975634331,0.06911754840954323,0.0685587877145463,0.06795410015631029,0.06732234351257683,0.06710966465735335,0.06706028964436357,0.06685706601807359,0.0663640733858829,0.06591442914144945,0.0654862178191099,0.06542850592823928,0.06504543535271445,0.06451045634677127,0.0639630294417231,0.06391000981883677,0.06353255247945724,0.06352098646234804,0.06370159387560793,0.06386013730353013,0.06377727194727197,0.06369142022581759,0.06368056155007813,0.06377058848511119,0.06411610783897388,0.06436481721143462
stat_98,0.17068402096258564,0.07183008572424558,0.11288549999660014,0.08276839872549163,0.10957458730611792,0.10515893528380692,0.10928439178513848,0.1093012073932215,0.1093036820515073,0.109282687009493,0.10923766543086572,0.10913930111038894,0.10903119089117268,0.10892986171073415,0.10885119691547744,0.10877524425722446,0.10873766804151941,0.1087369503789426,0.10863685181476483,0.10851145799127813,0.10838528099959123,0.10832717299459714,0.10848767154964264,0.10849060957251423,0.10882919579179319,0.1089164684929974,0.10876995269446617,0.10875370266881158,0.10877162060507718,0.1087020923416109,0.10896029272450387,0.10896502827009115,0.10919161757438359,0.10968434471382284,0.1100593102937237,0.11015229719193982,0.11045898595897376,0.11057923730275615,0.11085484026845419,0.11078815968330519,0.11090620600649918,0.11118444808663865,0.11130945403446102,0.11136976050943592,0.11218875578978113,0.11260446336070032,0.11309900268509157,0.11337723897961775,0.1140360592276059,0.1145456208865682,0.11491397697265439,0.1149081836282904,0.11490696733532506,0.1150511439576506,0.11511467954826654,0.1153715350332445,0.11538569264236294,0.1148878862006279,0.11459511702319955,0.11452682667027136,0.1141157813984654,0.11298971209186362,0.11251260716644049,0.11198387801766532,0.1118807394713595,0.11151381516085876,0.11078177987312643,0.10946916052509967,0.10937865282869914,0.1075419748481809,0.10619654198413803,0.10504529724636649,0.10383539285793691,0.10179547079390551,0.09969889183686068,0.09949981186444859,0.0979719435578958,0.09652536602913302,0.09507519659337374,0.09335101665576526,0.09232323354428983,0.09159481430702414,0.09168423808854703,0.09145660620396659,0.09095356787159144,0.09075844865248894,0.08986810920436365,0.08927249982637049,0.0895264026266174,0.08328325104509698,0.08959875635585413,0.08961047624884613,0.08968110862895579,0.08920520688954431,0.08844835816245386,0.08766712312598142,0.08684520400042746,0.0865556969929333,0.08648961549712181,0.08619413031397427,0.08550387088814333,0.0848907989169312,0.0843031042324931,0.08422291522103321,0.08367423001027827,0.0829607540983602,0.08221032060664744,0.08213976714766942,0.08163895718183047,0.0815974381770369,0.08180265260271695,0.0820118997691967,0.08195124487265112,0.08185794386730079,0.08184354822887506,0.08195098708855447,0.08238396816032353,0.08271268116831346
stat_102,0.4193627165276146,0.18770362538123203,0.23245621696508467,0.18400699930667405,0.2520783088944846,0.22404290429202559,0.2519280298604583,0.2519241774381662,0.2518774721610318,0.25179274600095736,0.2517486696463331,0.25175993588389695,0.25166271509671173,0.25163172145992596,0.25178194629979705,0.25193330969539474,0.2523597464677703,0.2523918267935692,0.25271699004192716,0.25313214064855344,0.2536389882571392,0.2545461315076653,0.25594068959034977,0.25668268758548357,0.25808093199468796,0.25954363113248147,0.26050622517421756,0.2617181230700615,0.2634105673306524,0.2643459896652186,0.2661773698059173,0.26629090259715105,0.2685908801475257,0.27115944004649456,0.2723978909432874,0.2729948918893074,0.27358507768874013,0.2735686476470828,0.27331971614948325,0.27259940485709877,0.27229515101733015,0.2724918823183285,0.2714274661997457,0.26943441307541505,0.26861081769248973,0.26803800774385605,0.2677326795465146,0.26662393635375703,0.266032805482391,0.2647274772358183,0.26259773620831434,0.26114579397171256,0.26108393025129983,0.2606628068744925,0.25960959139373835,0.2587701943255242,0.2572708809671871,0.25543005006142705,0.2551297269913583,0.25492860695889,0.25395916042117783,0.2512786094252231,0.24912978932682908,0.2473202642284158,0.24699797265682547,0.24553536060913753,0.2448631036959698,0.24478079638052114,0.24475078231651481,0.24269633050197167,0.24230534401615,0.241561396055182,0.23911736775304837,0.23533070433114525,0.23262745618358663,0.23251856026159765,0.23202694990916126,0.23006385538749266,0.22702209171193216,0.22410450755580233,0.2221200384209735,0.22174885970803052,0.22188124116907823,0.2211019379228105,0.21963270128159165,0.2186654552751546,0.21724443898921356,0.21632866485249477,0.21664739949668793,0.18682173179013783,0.2163737084806424,0.21635196910749588,0.21489356030860124,0.2126912002980198,0.20967407798606397,0.2079759881251895,0.20606296515337594,0.20463577770708233,0.20428804163422665,0.20200310661449006,0.19814780581281086,0.19530739280511672,0.19267051735428836,0.19226884070852476,0.18907678661794303,0.18670818969217298,0.1835630434608023,0.1833331863561323,0.18173476810846753,0.1807657959361885,0.18036209161126335,0.1809685987652787,0.18232785125341594,0.182791999576312,0.18275589843717843,0.18274774969223692,0.18330078334692054,0.1843480169045369
stat_103,0.11509947455078494,0.048478603315061,0.07683216699794942,0.0559016710797528,0.0739462720463894,0.07143255942234526,0.07374374366492628,0.07375595769413705,0.07375781100311268,0.07374296483682816,0.07370987796643137,0.07363892713845889,0.07356318234008517,0.07349208745902021,0.07343467622818693,0.07337876250510073,0.07334460567243911,0.07334367063498726,0.07326853997318258,0.07317392513256211,0.07307492449353813,0.07301466608587874,0.07309696366002748,0.0730879858105644,0.07330534500599743,0.07334360006483089,0.07322584958917817,0.07319684175294755,0.07318001532379025,0.07311369979010712,0.07327675583245134,0.07327924268101865,0.07341330647273939,0.07371747737964128,0.07396614572872376,0.07403081930309678,0.07425153364987667,0.07435198935690718,0.0745507204767986,0.07452720390126238,0.0746168301448407,0.07479548721324177,0.0748919198867106,0.0749616522419555,0.07555008914052155,0.0758441130329532,0.07618379852024383,0.07639375725703865,0.07686662756400221,0.07725540729786821,0.07754945407824328,0.07756875423593909,0.07756893551296971,0.07768492185253831,0.07776717037143964,0.07798275724592872,0.0780422891147399,0.0777498818905082,0.07755701431250485,0.0775126245448257,0.07723318542626258,0.07647703852620646,0.07617417347768324,0.07581704028815783,0.07574811050664003,0.07550474036244118,0.07498362883222805,0.07402656100717274,0.07396137024165338,0.07268177720914086,0.07171412688768176,0.07088542134259404,0.07006083116530912,0.06868148696176167,0.06722741458200295,0.06708655819244626,0.06598317392603506,0.0649903370950883,0.06402625866452276,0.06286054675229576,0.06215161247926155,0.06162814502856544,0.06167032981663185,0.061500102262958746,0.06114894663138043,0.06100378903422885,0.060399450211009405,0.05999986458780359,0.06018523668220764,0.05636860714049912,0.0602577352579506,0.0602671980280263,0.06035599687099251,0.060080978461350375,0.05960821708415756,0.059089119396986405,0.058550683203922996,0.05836404864055993,0.05831838951715886,0.05813712151141158,0.05770977588589549,0.05731485013956742,0.05694751786312814,0.05689746788622838,0.05656947015029066,0.05611331689863289,0.05564769215967048,0.055602279581157876,0.05527765577531612,0.05526815833274724,0.05542570786462764,0.055560157600453706,0.05548827916218557,0.055420566630852375,0.05541188734867753,0.05549273985823624,0.05579079715515945,0.0560076059327861
stat_106,0.35949122116084575,0.15676722105923882,0.21219036775599912,0.16396814592317496,0.22163295400782784,0.20136509629719024,0.2213438918661761,0.22135199478613296,0.22132903212661326,0.22127072939897144,0.22122259082365306,0.22116710943038698,0.22103935599018606,0.22095120755257544,0.22098296939180156,0.2210190572668575,0.22124792802554566,0.22126595963581097,0.22138499284939742,0.2215402655834184,0.2217591137478046,0.22227291959658876,0.22324182090017994,0.2236758051909965,0.22472926410997804,0.22564707519922528,0.22610258724153995,0.22679078671150935,0.22779983798975098,0.2283040167479931,0.2295075308574706,0.22957260779111957,0.23101935367182866,0.2328676987730053,0.2338361959163263,0.23421054148579923,0.23471430788749797,0.23472728645409455,0.23478207387850067,0.2342680449794561,0.23417119962069308,0.23454559378916728,0.23405547006318167,0.23296005930555364,0.23306934644967206,0.23306232949273492,0.23329104274982052,0.2328527439108817,0.2329713398587299,0.23252060221315662,0.23152430628809964,0.23066671961910612,0.23062932492506713,0.2304473192982315,0.22977505962606584,0.22936217434833964,0.22836951130425134,0.2268001846462564,0.22637848944856692,0.22620982779446558,0.22537550865696154,0.22303393542747138,0.22143875343786304,0.2200673807119597,0.21981223838783429,0.21873579990118272,0.21790034404466468,0.2170851018009163,0.21701276022499427,0.21460114694184224,0.21354982450437526,0.21244065207368057,0.2102054159394465,0.20656070996672424,0.20359247401232974,0.20339934616531768,0.2021899304064189,0.20004036154749805,0.1971957858612562,0.19425876726593108,0.1924405814482619,0.19177415676349507,0.19199594481071086,0.19147750275069114,0.19035254164050422,0.18975485957132596,0.1882888507356156,0.18730446946811422,0.18761981283178056,0.16524019426391248,0.18743599626311983,0.18742792169502423,0.1865585619339178,0.18482521776423674,0.182471570360432,0.18090865072693513,0.1791670218665048,0.17814864244218961,0.17791740825494212,0.17640682886466602,0.17366392992284596,0.1715966732846039,0.16961033196195777,0.16931708453209196,0.16701526295569968,0.16508094465214151,0.16264248349518906,0.16245479057894363,0.1611498213399266,0.1605282243243495,0.16040255023317063,0.16092142415181687,0.16171669203655914,0.16190355963076014,0.16186837139844057,0.1619155744784265,0.16253378826960227,0.1633729768030345
stat_107,0.39273256532922085,0.17190992790532184,0.22824413769680515,0.17777818530733444,0.24085470677938814,0.2166752190499221,0.2405906229018598,0.24059433783418285,0.2405658035667945,0.24050241399750621,0.24046177573440392,0.24042912423882837,0.2403075664607522,0.2402317960285779,0.24029887456600732,0.24037151163484902,0.24067753594346908,0.24070052234708775,0.24088639679773663,0.24112843542425227,0.24145759781056766,0.24214519877549703,0.24334281922833872,0.24389520698122386,0.24511423772282373,0.2462576838874154,0.2468971064681222,0.24778460072851327,0.24908335761828929,0.24976725722982118,0.25119493088883316,0.2512749278981283,0.2530294921245554,0.255228481408234,0.2563207687226844,0.2567475943481558,0.25724215705941667,0.25717417372788753,0.2571318147603444,0.25646688249745947,0.2562906723901601,0.25669452484754113,0.2560307301854811,0.2546042327116079,0.25442987689347085,0.2542793364873119,0.25441583732543954,0.25376004375606687,0.2536720544624163,0.2528969104627577,0.25150913798219915,0.2504308854631523,0.25038415954397863,0.25008977743670324,0.2491761377338587,0.24852795380194867,0.24722508113914726,0.24535697171999343,0.24490280054872027,0.24471253421294942,0.24381079904617406,0.24125150504086593,0.23941389571709548,0.23789927904722535,0.2376165656353789,0.2364099218483324,0.23562563471455936,0.23508524802201772,0.23502743662332645,0.23263410959059508,0.23181449301118429,0.2308727888573195,0.2284877910588636,0.22458759053245364,0.22160848711336786,0.2214399120595449,0.2205392348244391,0.21834365995677166,0.21522683227264122,0.21211260754254646,0.2102097946652317,0.20967364302260044,0.20996796369529114,0.20944271865126354,0.20824006888517943,0.20760512105390502,0.20606439278828667,0.205015822401122,0.20529275480702666,0.1788306177964477,0.20498446448075675,0.2049673361011763,0.2037823990755371,0.20168152856884572,0.1989251930936769,0.19720972049429222,0.1952690653540059,0.1940861226073186,0.19382475253356513,0.19202524889861763,0.18878942993477152,0.18640121487545197,0.18408231583973317,0.18373934818727716,0.18100813071222815,0.1787949241336567,0.1759560824487114,0.1757425515488307,0.17426481833751536,0.17349410414181474,0.17326228806970798,0.17385058847069668,0.1748744626113766,0.175126654519246,0.17508551203151435,0.17510066541651798,0.17573272311861934,0.17667353507881675
stat_109,0.2542810893680155,0.10775606434371013,0.16406265728462116,0.12186611832899268,0.16182154041589425,0.15235259847196195,0.16145039298353883,0.16146900659775817,0.1614691455182655,0.16143948862899707,0.16138871421781653,0.16127688701474274,0.16113797507933125,0.16101134758883734,0.16093246543780715,0.1608590166461447,0.1608714054016033,0.1608742327248868,0.1607913303504639,0.1606906284544581,0.16061167781477423,0.16067935347327839,0.16109060880801565,0.16118631643344178,0.16177162058751546,0.16206562469127106,0.16200945128114996,0.16213921127627073,0.16238963896420933,0.16243602076811556,0.1629421660889727,0.16295865515436742,0.1634841678557479,0.16441699822374203,0.16501246124645064,0.16516740361850407,0.16555968971640045,0.16564387251340648,0.16594266350686263,0.16572385496794026,0.16582086151087386,0.16623639200074822,0.16628303063009875,0.16611518504906042,0.16700251226209983,0.1674630196890851,0.16807987741297756,0.16829167917356308,0.16902149411630282,0.1694387009612821,0.16963001212498438,0.16945073967499036,0.1694417740039052,0.16953227602657228,0.16938051115717495,0.1694927594460661,0.16920326941393016,0.1682164605309701,0.16777238538752273,0.1676612893690884,0.16706393762280997,0.16537857256836114,0.1645404666547278,0.16374631482917554,0.16358853757342012,0.16301243657020592,0.16210100198061048,0.1606217300962125,0.16051520121353502,0.15808597354686996,0.15650970697759298,0.15514820795783008,0.15341634460402215,0.15046233410249282,0.14766049972670553,0.14741541560805005,0.1456532440298102,0.14366998952948948,0.1414850579889289,0.13901546605018675,0.13758489159489626,0.1367233786504525,0.13692572825455024,0.13664432474786525,0.13593399194389114,0.13567759102489885,0.13441222674443268,0.13354734969940477,0.13384583145465628,0.12197807575977318,0.1338247037068109,0.13383246131642784,0.1336636631533601,0.1326975508141225,0.1313403889663141,0.1301599195006632,0.12887924780850682,0.12836509227362214,0.1282587749371723,0.12764280444703402,0.12631821802615203,0.12524656590909716,0.12417497631667523,0.12402626193254257,0.12291994879756356,0.12171042131867015,0.12033962775209914,0.1202217078580104,0.11939722217625434,0.11920752635823764,0.11938112937875275,0.11972910245466309,0.11985346685803389,0.11977009539367325,0.11974379823585468,0.1198503890259501,0.12044056657863414,0.12096384725351982
stat_110,0.09640806847407907,0.04064078019171095,0.06313144538371586,0.04639642937384954,0.06172592231397113,0.05975246433130591,0.06156176990787964,0.06157226455880981,0.06157226611379167,0.06155704731631088,0.06152578537077821,0.06146549432491923,0.061401826336787604,0.061343994728755666,0.06129864758611216,0.06125347964254408,0.06122395150561725,0.06122335676874688,0.061163113362156886,0.0610858082770581,0.060999311608432416,0.0609374141537767,0.06098410430105324,0.060974921106912355,0.06115113589969873,0.06117516330684712,0.06107158229007646,0.061041265421211646,0.06100925467621674,0.060940946084861024,0.06107890174479117,0.0610814025229845,0.061189408943925036,0.06141976547857303,0.06162582668061525,0.061687209085416965,0.06189029996583367,0.061998776002541875,0.06217353795174512,0.06217861755840584,0.06226149216548499,0.062392031999614024,0.06247290488712353,0.06254459804460062,0.06304719575616546,0.06328456365174664,0.06354507453431245,0.06371575508319743,0.06410263060081338,0.06443478816633881,0.06465876186204927,0.06466114508758565,0.06466075808412423,0.06476522826132589,0.06486970212003107,0.0650790403664009,0.06517109477331108,0.06500221062714433,0.06487532811288604,0.06484018752268422,0.06460008163932611,0.06397328248956306,0.06370845516623534,0.06337046159440558,0.06330897160317048,0.0630739181240368,0.06263128911908696,0.06182220060650912,0.06176725574578406,0.060713318442530535,0.05988834952782869,0.05915772857859653,0.05846477747598457,0.057340851085576426,0.056115638890229656,0.05599559167003099,0.05501885986212144,0.05419246629533335,0.05341941022015734,0.05246243305554451,0.05185151579365486,0.05138474378349884,0.051388737523973195,0.05121350617725693,0.050893372575905385,0.05073606286506265,0.050239826838221445,0.04992023711257093,0.05009379613997579,0.04722998697631614,0.05018605632446137,0.050195635287704196,0.0503071739306607,0.05013459907652258,0.04977913815116822,0.04936192192740009,0.048939735869005595,0.04878355879457255,0.04873937622615615,0.04858336496861515,0.04823798375627603,0.04790035622621389,0.047609813040957495,0.04756862236864728,0.04731050505054975,0.04695648317346456,0.04659835354286746,0.04656247793044335,0.04630185259886948,0.04629406607622224,0.046424943357328115,0.046526628323466275,0.04647085680141418,0.04643677652180666,0.04643189380450126,0.046507346620298005,0.04674860102055703,0.04693181681055222
stat_113,0.14456683938788348,0.060756193642205754,0.09675780795953458,0.07045176071594159,0.09304957019961613,0.08965134393148749,0.09279383975931688,0.09280880231421895,0.09281195566730148,0.09279505248265105,0.09275621823320684,0.09266880510190108,0.09257450670568293,0.09248492006792108,0.09241235011165563,0.09234232835371323,0.09230216302702572,0.09230098834687855,0.09220680646756059,0.09208901595551731,0.09196980548580275,0.09190556319091114,0.0920283063049145,0.09202006357521776,0.09229893858783171,0.09235556357609565,0.0922134077178654,0.0921830418765115,0.09217748727349329,0.09210503177548711,0.0923085967614268,0.09231132942153313,0.09248226101553686,0.09288432678574979,0.0931982724576448,0.09327259793372283,0.0935337930092072,0.09363868577787406,0.09388250628728688,0.0938318922663578,0.09393857567422222,0.09418046189413141,0.0943028771709443,0.09438020695321643,0.09511061503107295,0.09548526134869846,0.09592768722071139,0.0961905486246933,0.09678373901543266,0.09725637189788021,0.09762369902536651,0.09764697755601037,0.09764711984018157,0.097782624212706,0.09785439100279678,0.09809607233968577,0.0981323317996656,0.09771269091132757,0.09745188206347004,0.09739450159810953,0.09704690356636463,0.09609193761083007,0.09570969921822775,0.09527895859227072,0.09519377130499514,0.09490030944655721,0.09425860888570245,0.09308584879443259,0.09300555987441116,0.09140234418096484,0.09021275508784955,0.08920650173049106,0.08817379226184596,0.08642331188294866,0.08460990034309968,0.08443561024522614,0.08309723743082675,0.0818489865855696,0.08061132585967705,0.07913218702679284,0.07825560567775491,0.07762168222847703,0.07770030364923418,0.07751253704045148,0.0770915837445278,0.07693597965561325,0.07617057930215829,0.0756576032675726,0.07587544619844978,0.07078740792447441,0.07594067395955953,0.07595117177598455,0.07603082287619323,0.07563825670576316,0.07501091636416211,0.07434512233660083,0.07364588769725315,0.07341071005788427,0.07335777058432229,0.07313062360137189,0.07257848761418727,0.07208193346499853,0.07160289818082223,0.071538483246871,0.07110499754606633,0.07050922185664878,0.06989481351352968,0.06983593564521627,0.06941793580462803,0.0693997825380807,0.06959174864907032,0.06976834830125363,0.06968642152706427,0.06959133179929597,0.0695788732182521,0.06967395163447013,0.070051026717922,0.0703242815902833
stat_115,0.4060442507617113,0.18468931970734856,0.21825614168668564,0.1739558116077133,0.24064128709436727,0.21414174810469688,0.24055754348756508,0.24055392423908498,0.24049570346949276,0.24039283687901802,0.2403275414058511,0.24034203786296934,0.24025340205668783,0.2402447307040415,0.24042366940148868,0.24059623987128978,0.24102338561188225,0.2410572445552284,0.24141742232457247,0.24186801095416052,0.24237113214135178,0.24321184369270235,0.24443177690043935,0.2451749686108565,0.24650831928972147,0.24792676810385642,0.24889693583355782,0.25009793135415387,0.25168391987810085,0.2525473874309106,0.25442423943495274,0.25454636340689835,0.25687392951193416,0.25922303552762044,0.26042639102646653,0.2611150284834061,0.2618676184748394,0.2620835066589146,0.26183956685340987,0.2613482259254913,0.2610755666524623,0.26102175931375354,0.25986845671965564,0.25788881248600376,0.25696473308716755,0.25622402596082344,0.25563488338337487,0.25443044325879693,0.2536916063802605,0.25238873452127525,0.25010022059441084,0.24858603033208868,0.24852213716113908,0.24815255121790586,0.247346519912606,0.2466933497123346,0.24548047975601875,0.24414933249818535,0.24407898000825426,0.24389676335041122,0.24292927792357435,0.24039288220697116,0.2382342063092502,0.2362609496065206,0.23592883106703558,0.23434100541913944,0.23367649066425578,0.23360834317913262,0.23358142637495166,0.2317786275744204,0.23140002874605056,0.230503999805139,0.2281530283370969,0.2247799440625743,0.22223266909913816,0.22213063592217358,0.22140117237299986,0.21963777279041707,0.2170325422047321,0.21448135760680542,0.21244733376722486,0.2119293208922709,0.21175658139741493,0.21068715387311363,0.20901786420339638,0.20774253360881542,0.20649043110069515,0.20576844318510856,0.20622957570182102,0.17928120224496813,0.20623012397355428,0.2062213757991458,0.2050524554606177,0.2033680712120412,0.2007238838044789,0.1992499920963043,0.19765851414752794,0.19622378871717439,0.19582349928209958,0.1934727337841608,0.18971697240077676,0.18685643750828881,0.18437914529844054,0.18398769431915768,0.18094519756270253,0.17882057385521127,0.17593820677812105,0.17572786195158535,0.17424248181641902,0.17327632769137563,0.17284904072376472,0.17337260204520927,0.17476145694238227,0.17537752992535438,0.17535758117053796,0.1753849118303633,0.17584281153549572,0.17687233085648293
stat_118,0.37735917590492585,0.1665253780889656,0.2153170648047301,0.16852430665588317,0.22968813167341048,0.20702038648016172,0.22946593037608676,0.22946994902307313,0.2294352963536387,0.22936233582203064,0.22930934087471463,0.22927795442476806,0.22916292968361057,0.2291008663129382,0.229182251262566,0.2292646129993925,0.22956300424277187,0.22958647177134026,0.22978715218180507,0.2300425316829823,0.23035995321694325,0.23099151703047546,0.2320603906098946,0.23260102664086135,0.23375755822485625,0.23485061924842462,0.23547987619389885,0.23634236348868679,0.23755305877792313,0.2381818124912448,0.23960868195545515,0.23969212559667055,0.24142971710365926,0.24346222568106463,0.2445138129418864,0.24498527186125957,0.24556206935102387,0.24562595758364336,0.24558644062839258,0.24506280889422236,0.24490770723464206,0.24516288361659574,0.24446208346180834,0.24307274620553598,0.2428488286765645,0.24260748789895373,0.24257870940001164,0.24188331805216864,0.24171566312548343,0.2409660447487442,0.2395188657823704,0.23842726470910494,0.2383803517283596,0.2381272712602718,0.23739060216480065,0.2368787181810101,0.23578666644156035,0.2342684504323302,0.23395760444520625,0.23378247080421113,0.23289831933073774,0.2304721945044512,0.22867098686551804,0.22708868972951213,0.22680560116769802,0.22554773974595815,0.22477293814957305,0.22422700887305622,0.22417074188613695,0.2219565973373762,0.22114059706801642,0.22011254789491366,0.21782410295551372,0.21423726132861115,0.21139459238996136,0.21123162500338824,0.21019556208666232,0.20815530956856748,0.20535166670472293,0.20250593997439068,0.20061021377909918,0.19999772551431397,0.2001084035331143,0.19942088185449866,0.19811940638312955,0.19730687335349734,0.19589728878020432,0.19498584509837044,0.19534384515112127,0.17113561573305447,0.19520550606467274,0.1951964412505338,0.1942063508834567,0.19245054845511256,0.18996600646115297,0.18841155763229048,0.18669112593316398,0.1855300905327894,0.18524476249038116,0.18344935825345485,0.18034428155622242,0.17799735583181953,0.17582350150528842,0.17549437800546708,0.17291588878035982,0.17089314642011375,0.16827363518039096,0.16807612316691692,0.1666962364709661,0.1659500912605953,0.16571752328915768,0.16624473014091412,0.16725239772766046,0.16758173415827637,0.16755073316343683,0.167588568006786,0.16815802490920095,0.16906796030377813
stat_119,0.40604425076171136,0.18468931970734853,0.2182561416866856,0.1739558116077133,0.24064128709436727,0.21414174810469688,0.24055754348756514,0.24055392423908498,0.2404957034694928,0.240392836879018,0.24032754140585108,0.24034203786296934,0.24025340205668785,0.24024473070404154,0.24042366940148868,0.24059623987128978,0.24102338561188227,0.24105724455522837,0.24141742232457244,0.24186801095416055,0.24237113214135173,0.24321184369270232,0.24443177690043935,0.2451749686108565,0.24650831928972144,0.24792676810385647,0.24889693583355782,0.25009793135415387,0.25168391987810085,0.25254738743091065,0.2544242394349528,0.25454636340689835,0.25687392951193416,0.2592230355276205,0.26042639102646653,0.2611150284834061,0.2618676184748394,0.2620835066589146,0.26183956685341,0.2613482259254913,0.2610755666524623,0.2610217593137536,0.2598684567196557,0.25788881248600376,0.2569647330871675,0.2562240259608234,0.25563488338337487,0.25443044325879693,0.2536916063802605,0.2523887345212753,0.2501002205944109,0.24858603033208862,0.24852213716113913,0.24815255121790583,0.247346519912606,0.2466933497123346,0.24548047975601875,0.24414933249818532,0.2440789800082543,0.24389676335041122,0.24292927792357435,0.24039288220697116,0.23823420630925018,0.23626094960652058,0.23592883106703558,0.23434100541913946,0.2336764906642558,0.23360834317913262,0.23358142637495163,0.23177862757442041,0.23140002874605056,0.23050399980513903,0.2281530283370969,0.22477994406257423,0.22223266909913814,0.22213063592217358,0.22140117237299986,0.21963777279041705,0.2170325422047321,0.21448135760680542,0.21244733376722486,0.21192932089227093,0.21175658139741496,0.21068715387311363,0.20901786420339638,0.2077425336088154,0.20649043110069515,0.2057684431851086,0.20622957570182102,0.17928120224496813,0.2062301239735543,0.2062213757991458,0.2050524554606177,0.2033680712120412,0.20072388380447892,0.1992499920963043,0.1976585141475279,0.19622378871717439,0.1958234992820996,0.1934727337841608,0.18971697240077673,0.18685643750828884,0.18437914529844054,0.18398769431915768,0.18094519756270255,0.17882057385521133,0.17593820677812103,0.17572786195158535,0.17424248181641902,0.17327632769137566,0.17284904072376472,0.17337260204520927,0.1747614569423823,0.17537752992535435,0.17535758117053796,0.1753849118303633,0.17584281153549572,0.17687233085648293
stat_121,0.2826965816070669,0.12066541866077668,0.17647340634141842,0.13317328862650307,0.17815691346334003,0.16622193998154453,0.17780194093475107,0.17781906782348594,0.17781224084110075,0.1777721422673009,0.17771617155806502,0.1776127317094339,0.17747268256662999,0.17735356544567485,0.17730006853114189,0.17725045405683398,0.1773081080602778,0.17731448562927218,0.17727601473938787,0.1772296342798495,0.17720689841402068,0.17735488850670528,0.1778635274371701,0.1780296894239327,0.1787193799768147,0.17913873528704155,0.1791787297172943,0.17941705329507793,0.17980250011166063,0.17992380440789826,0.18058495200950786,0.18061209211814147,0.1813283222687255,0.18243408683712137,0.18311749269928723,0.183329847407207,0.18378178594788927,0.18388883283252278,0.18416127686572595,0.18391225171974243,0.18398503595319077,0.1843790735181492,0.18432144933583433,0.18398202643459388,0.18475035078973415,0.18511589358854144,0.1856370878420416,0.1857124454314824,0.18632018860311236,0.18657182960913885,0.186482842339264,0.18613418753666594,0.18611812355102317,0.18616052565305047,0.18593680502253918,0.18597152517623827,0.18557186939544076,0.18452827554157494,0.18412294270974688,0.18399918170441965,0.18332950594743536,0.181471505955532,0.1804323143010916,0.1794449099991564,0.17925746439435142,0.17851861027846058,0.17760007606916334,0.17623277673308932,0.17613134662136157,0.17367881906932775,0.17216591027280048,0.1707816502424052,0.16889851487747146,0.16576806754940382,0.16285408183627564,0.1626112230792643,0.16084951327831337,0.15878583629213902,0.15645287347319725,0.1538460094367485,0.15227375901551185,0.1513882008204216,0.15155718125988754,0.15117483121622619,0.15032445108509374,0.14994184230696153,0.14861344424855627,0.14772060828770675,0.14805712429288403,0.13410735033663237,0.14804703932463045,0.1480541529877891,0.14779060835830896,0.14671966392811928,0.14517491016830658,0.14390738191318797,0.14253528860046644,0.1419032923697524,0.14176052770990988,0.14093617181957235,0.13929450962554202,0.13797524025989025,0.13670266168961767,0.13652004225122327,0.1351476978588226,0.13378667566543304,0.13218773333875347,0.13205437896275274,0.13111889760909767,0.1308275540880406,0.1309344641511347,0.13131498371103745,0.1315999917715134,0.1316032354267294,0.1315772617163434,0.13168158296295443,0.13227926110290056,0.13288600629709718
stat_124,0.3975077196604248,0.178336625487691,0.2177894934764918,0.17278886830864446,0.23797736325084198,0.21279885192015918,0.23784197955011202,0.2378416449357878,0.23779110292232353,0.23769703213829133,0.2376330690709861,0.23762839433569571,0.23752816165358967,0.23749930044199455,0.23764251447818244,0.2377812406641928,0.23815841047857872,0.2381884633486958,0.23848854463324415,0.23886402141310067,0.23929063100566128,0.24003949570010263,0.24118369065566014,0.24184532015156973,0.24310895374441713,0.24439098653199004,0.2452153226599091,0.24627110708306876,0.24768312229653863,0.2484329481324254,0.25012583432102786,0.2502320240105543,0.25230612539135416,0.2544998188051185,0.2556428253014658,0.25624714393736775,0.25695219158067706,0.25713415651882604,0.25699594857700975,0.25651866228243264,0.2563086925466364,0.25637185740789037,0.25541472387429004,0.2536994189108755,0.2530903448417204,0.2525512859468876,0.25217323994701574,0.25116979250024263,0.2506553729243612,0.24957511298633905,0.24758698587317754,0.24621643467408047,0.24615827204105087,0.24583683626585973,0.24507833202573426,0.24449499787568194,0.2433484967286027,0.24199143300734383,0.24185583426626583,0.24167645359324313,0.24072930529579634,0.23822172240810505,0.23617246908578227,0.234303297096973,0.23398442448039078,0.23248578201565614,0.2317738135551615,0.23152496625652375,0.23148668327428423,0.2295291690112118,0.22896700192666208,0.22798107359224987,0.22563449737119912,0.22217524748190498,0.21947818442231462,0.21934787390217753,0.21842815181122732,0.21653277664687925,0.21385313942509415,0.21116818527168263,0.20915405034003537,0.2085532361528885,0.20846817847846058,0.20752004924306697,0.20596758764145695,0.2048450155888938,0.2035198758204142,0.20272204752818762,0.20316379051978256,0.17744022284939917,0.2031398496859626,0.20313287018648524,0.20207564187324303,0.2004085481790165,0.1978525975370053,0.1963488901082296,0.1947179965651721,0.1933874130335917,0.19302618581145567,0.19088473715922688,0.1873780075397999,0.18469589929520522,0.18233461744700086,0.18196534199481212,0.17909386265113908,0.17701443816049078,0.17423439619429484,0.17402896148308433,0.17258080392837605,0.17168901162968755,0.171328568550025,0.17184954291890917,0.17311161864796037,0.17364176692287822,0.1736192910652121,0.1736561504093291,0.17415215920818633,0.17514540761653133
stat_127,0.07861528223733792,0.033520738382922965,0.0500283606467196,0.03710470926348515,0.049749818502650686,0.04796521233351712,0.049630916783307485,0.04963885311436778,0.049636617733233294,0.04962134230842346,0.049594190646084016,0.0495489975710695,0.04950005575641018,0.049458382078495636,0.049430048980707436,0.04940091409916705,0.0493857439755936,0.04938605056798458,0.049350004504220016,0.04930245946401735,0.04924459656777597,0.04920446212738988,0.049242131978072506,0.04924749158378146,0.0493968440301029,0.049433806234584154,0.04937137766945018,0.049366464689192306,0.04935700427458876,0.04931174902394223,0.04945071838902952,0.04945534070760749,0.049576380095860365,0.049768106940526156,0.04994065043240615,0.050006389582803505,0.05018778725651071,0.05029527660694129,0.05042580873106445,0.050443655669337395,0.050506017239632425,0.05058157784878802,0.050617466687740816,0.05064301711969122,0.05100227575945551,0.051154649072104104,0.051314729302419974,0.051414704982390064,0.05168065865895173,0.05191048256143802,0.052022830898788334,0.05199066755409143,0.05198899803513246,0.05206704289365838,0.05215927286700209,0.0523272054672514,0.05240835404323718,0.05231656300277012,0.05224612160341134,0.052218488662802647,0.05201940300929063,0.05151597398966092,0.05127594421008678,0.0509648518441896,0.05091110155342484,0.050689318050794685,0.05034280046799179,0.04972992215176309,0.04968814182143683,0.048885704097920556,0.04825411800914863,0.04766731927327304,0.04711102232109846,0.04624448086358159,0.04528679732181187,0.04519451373207414,0.04441532738206281,0.04377797588568327,0.04319070707537014,0.04245674507822634,0.04195374627948736,0.04157539549208502,0.041546363936258025,0.04136792762037403,0.04107812100728379,0.04090788200571148,0.04052701472269461,0.040291097182800356,0.040443921446501656,0.03812203135815035,0.040540179009881355,0.040548559587639414,0.040642276903387425,0.04053496564400692,0.0402593759345851,0.03994043406324724,0.039625785341103635,0.039483370471520424,0.03943793642532687,0.03927478634670451,0.0389613416626062,0.03865486949447033,0.038410005987176817,0.03837324545260055,0.03814251546982293,0.03786520877400634,0.03757470826074131,0.037546143229186486,0.03733598127653862,0.03731416101790209,0.037403824672137244,0.03748011968750442,0.03746471125995302,0.03746706718274186,0.03746493087207528,0.03752723668422947,0.03770763404437026,0.03786242688477589
stat_130,0.1925897355932021,0.0811628971709286,0.12526336905404278,0.09269785712561802,0.12318466667414425,0.11772351219743646,0.12287468307265795,0.122892647098211,0.1228932088172247,0.12286708871484604,0.12281600443959709,0.1227110089178944,0.12259314855986049,0.12248528054595936,0.12240674432354445,0.12233046452215728,0.12230056105986316,0.1223006979710598,0.12220327647166047,0.12208037495664957,0.12195556116759804,0.12190851741077374,0.1221009580083503,0.1221199462603978,0.12251165975944374,0.12263309823435803,0.12249297175937798,0.12249704790538923,0.12254078495020705,0.12247712314324952,0.12279111120981315,0.12279848290255767,0.12308270043218762,0.12365046801839256,0.1240778024280142,0.12419190953971558,0.12454335987803684,0.1246846844084884,0.12498431034008037,0.12491083706725896,0.12503761055887627,0.12533476969087587,0.12545183038149,0.1254866659299337,0.12635985648141912,0.12679131505216137,0.12730402104128316,0.1275745145065955,0.12826051253587167,0.12877504303966192,0.129097099853927,0.12904207976632695,0.12903870562006772,0.12918357072391068,0.12924093255702965,0.12950424978522956,0.129498311262345,0.1289613787232098,0.12866370276977776,0.1285866780215447,0.12811979011164132,0.1268534469820635,0.1262770213785818,0.12563985676493206,0.12551877100930955,0.12506679802341095,0.12427203395755969,0.12288243130080517,0.1227857953506337,0.12079368985387118,0.11934764675686067,0.11808287269772551,0.11672904686914125,0.11447443033417261,0.11216389643895652,0.11194716788988582,0.11027004667532335,0.10867470706558968,0.10706640437386383,0.10515702670832289,0.10399948719950654,0.10319131972887587,0.10327527576968744,0.10299782838196381,0.10241223566177901,0.10216349822814429,0.10117959213087863,0.10052613877554924,0.10081585678986263,0.09359448747137211,0.10090434827143457,0.1009173916378476,0.10098250280110409,0.10045291935141709,0.09959441165392377,0.09872620764354814,0.09781509001098859,0.09747312573205595,0.09739153197311488,0.09702088356532838,0.0961966671038149,0.09546696716173722,0.09478126428091219,0.09468560033851103,0.09402404228041376,0.09321616418173023,0.09234802424155032,0.09226783089992899,0.09169717945624592,0.091623699883617,0.09182643875831713,0.0920595731747897,0.09204058726314701,0.09196891164230332,0.09195397079856965,0.09207164429850981,0.09254083686563129,0.09292048142527579
stat_131,0.10545734070633132,0.04439194714584504,0.0693309777321187,0.05088889270677152,0.06762304648874395,0.06546592875231509,0.06744105365097719,0.06745258467816802,0.06745302261576039,0.06743701368518067,0.06740338358998717,0.06733702327566574,0.06726702440332198,0.06720289771975838,0.06715192604285299,0.06710137376198051,0.06706803547902167,0.06706726493302574,0.06699941399295582,0.06691264530920576,0.06681672676403781,0.06674880139365669,0.06680217836368052,0.06679058621111222,0.06698318382907335,0.06700792776060777,0.06689210623479636,0.06685681524791917,0.0668212975771877,0.06674641355141041,0.06689345188885144,0.06689577945231863,0.06700967591420592,0.06726360891831118,0.06748859643014578,0.06755274906021264,0.067770758926915,0.06788418579666564,0.06807624499099943,0.06807732640289815,0.06816795953069518,0.06831712702001234,0.06840989551766095,0.06849167655812419,0.06904759855637929,0.06931382709486952,0.0696083059399519,0.06980072948223638,0.07023127603763694,0.07059907037403136,0.07085477812050466,0.07086268689643725,0.07086247007976938,0.07097672680521637,0.07108632806356145,0.07131247668941593,0.07140790367785828,0.07121010420580416,0.07106408912714432,0.07102531536445267,0.07076358924782626,0.07007625083496112,0.06979018779189597,0.06942811313577381,0.06936159080769963,0.06911069970928117,0.06862568759638987,0.06773652087936369,0.06767612236250044,0.06651484516656511,0.06560901182808913,0.06481240272270503,0.06405346602988982,0.06281445128931612,0.06146954085893504,0.061337693435229323,0.06027227342486511,0.059362832098504105,0.05850781294603783,0.05745259407391543,0.056786692774381045,0.05627862531853552,0.056290682879976225,0.05610725819204872,0.05576368728995749,0.055600998964996935,0.05505394911491066,0.054699435022709374,0.05488582513056823,0.05171767297306497,0.054980585031545605,0.0549908135720323,0.05510860607637919,0.05490940723022884,0.05451458928761653,0.054053530827092036,0.05358478062396432,0.05341603368791324,0.05336958038513008,0.053204248157104686,0.052829435446779975,0.05246477399066244,0.05214620668497035,0.05210146353636675,0.05181985389321715,0.05142835758845285,0.051033161679847144,0.050993614599395165,0.05070706506231177,0.05070026181150889,0.05084541634070787,0.050958508916298495,0.050893748512892224,0.05085073894009145,0.05084494612129583,0.05092665099854348,0.05119332853193218,0.05139299990125848
stat_132,0.2702386807039454,0.11481266842669512,0.17266821349529282,0.12887474223381842,0.1714296390068921,0.16065115936858798,0.17105542356663453,0.1710734876560498,0.17107186634188595,0.17103946532778033,0.17098844906285823,0.17087914067133483,0.1707377776752441,0.1706110512478642,0.17053959162358753,0.17047380662706538,0.17050626268824268,0.17051048835569907,0.170442946121366,0.17036200450614716,0.17030821007263428,0.1704196450451292,0.1708959883147449,0.1710240084523377,0.17166704709846126,0.1720244669973604,0.1720112269041796,0.1721928632642128,0.17251779899942016,0.17260631113580374,0.17318322621910817,0.17320398303412352,0.17381960225480605,0.17485946028285373,0.17550278937243846,0.17567740639530566,0.17608507788525005,0.17615930960421528,0.17644593259477234,0.17619040599322006,0.17627298807866146,0.17670314199906934,0.1767084282862663,0.17645706342535888,0.17730291480977528,0.17773911850886673,0.17834563350010044,0.17850779563437866,0.17920483292151632,0.17955272952138776,0.17964380839564784,0.1793991267719051,0.17938735888125645,0.17945243606437442,0.17923954195292838,0.17929759618125762,0.17892415440934548,0.17784239103356206,0.1773834153191655,0.17726373206474072,0.17663065662507357,0.1748410260898973,0.1739115586714367,0.17304982215282666,0.17287954054131802,0.1722465970608125,0.1713237121123209,0.16987777626854994,0.16977217963572958,0.16728385660342784,0.16572205646751037,0.16435820260590725,0.16253710279123557,0.15943808838521464,0.15655051044408538,0.15630409071327775,0.154555945153955,0.1525027885528834,0.15019246668808,0.14760913308796073,0.1461100859669764,0.14524738909762525,0.14546556309812173,0.14516527554911143,0.14440725030253365,0.1441245473361473,0.14280416934088555,0.14190075286602982,0.14220416516790588,0.12901297021260205,0.14216044651977502,0.14216666695229854,0.14192469938615782,0.14085204403202772,0.13936245957112842,0.1381124484943379,0.13675000116139596,0.13617869322315754,0.1360602081642995,0.13535111989985524,0.13386317144670334,0.13267554489618547,0.13148926575718492,0.13132331957729546,0.13007447735855918,0.12876131404150878,0.1272493177754717,0.127121469296341,0.12622900203894238,0.1259928139483276,0.12614113817989242,0.12651597491987068,0.12670806304957496,0.12664438021639,0.12661613556064483,0.1267180066356075,0.12732638330331428,0.12789213421685297
stat_133,0.3095894378149583,0.1325790231302947,0.19293977902919027,0.1456752242077423,0.194642558531885,0.1801524392531857,0.19427618291067184,0.19429149059870585,0.1942843279222721,0.19424483264363698,0.19419602548730724,0.19410064357225107,0.1939583074360148,0.19383743030107098,0.19379387237337375,0.1937566957291408,0.1938544006128275,0.19386304586385492,0.19384993856687102,0.1938391401735123,0.19387310349467612,0.1941274386252267,0.19480078731424788,0.19503180304343165,0.19583643041181661,0.19639166428202476,0.19652767928385964,0.19687902323463477,0.19744603794757848,0.19767822141641,0.19846866640626876,0.19850319363838306,0.19940014035527562,0.20075668372174343,0.20152937732133905,0.20176274733761979,0.20219732933123327,0.20222927513171685,0.20245246832979996,0.20208070386282945,0.20210579791426445,0.20256136168356828,0.20241949533573333,0.20188871147274812,0.20253863196046196,0.20286671688785785,0.20340614544590593,0.20339142227327078,0.2039419937895756,0.20404007934825147,0.20379948730830555,0.20335495521505853,0.20333470235114676,0.20331302064490944,0.2029068348012143,0.20278353672124705,0.20215176140817817,0.20080377993494522,0.20031261458644395,0.20017049810771334,0.19945189555952997,0.19740693074660814,0.19622861230576277,0.19519476536549596,0.19499265383924086,0.19421127020375709,0.19329178660151528,0.19201550645971258,0.19191762442443486,0.18934906180467798,0.1879096485879173,0.18660946404726209,0.18458471751765448,0.18115751689455223,0.17813410464534343,0.1778964724939938,0.17629711299872136,0.17412047793621344,0.17150843636174454,0.16868151082180483,0.16703551569423858,0.16622352416283728,0.16648666064387962,0.16614191388891172,0.16526616038727046,0.16491304270925763,0.16347931143592948,0.16249448587979556,0.16279462921457616,0.14582291830863067,0.1626713348302194,0.16267164545169635,0.16218610594965788,0.16080243907327893,0.1589396488746108,0.15752069467534877,0.15595282419291065,0.15521840053554986,0.15506563736420031,0.15408021992443469,0.15212168965575376,0.15061039509968827,0.1491030158576428,0.1488885546862902,0.1472325950618582,0.14564131766825117,0.14373967786570344,0.143585448497438,0.142513635838829,0.1421397578616036,0.1422019611577041,0.1426473105562262,0.14304549557411372,0.14304471370602218,0.1430112026393466,0.14309259168629604,0.1437334656758903,0.14440980901432773
stat_136,0.36237329798265583,0.15767632822767932,0.21314235479231924,0.16511923300968553,0.22345790583993685,0.20308599649678524,0.2231677834032409,0.22317642698155452,0.2231522924938426,0.22309139392676527,0.22303956503401048,0.22298145796682203,0.22285143905905483,0.2227626339941223,0.22279477485406665,0.222830340393747,0.22305684817542698,0.22307494781249423,0.22319300855546945,0.223345494428511,0.22355626540203666,0.2240551234825661,0.2250034608216123,0.22543148834160212,0.2264821594164754,0.22738514888669362,0.2278219669511432,0.22849186360794707,0.22946707365849303,0.2299450109856297,0.2311362441033068,0.23120014516082715,0.2326184547008571,0.23443129813800562,0.23539829465442244,0.23577252247099578,0.23629874098929968,0.23633869706379348,0.23642213238304027,0.23593644513415427,0.23585813430177102,0.2362304295926892,0.23576420689988045,0.2347101485363209,0.234873234866272,0.23488070474752484,0.2351102440066982,0.23468344833587618,0.23481566902332668,0.23438495000384124,0.23337751196328488,0.2325064154756996,0.23246843789142124,0.23229289798232497,0.2316458784521526,0.2312541226167464,0.23028647408120648,0.22876321838408775,0.2283659138020281,0.2281973070706151,0.22735048642406908,0.22499269382047488,0.22337234763688543,0.22195622155901068,0.2216955680806524,0.22058304248770524,0.21973728844837193,0.2189114535735234,0.2188381649603547,0.2164172065957741,0.21533738667777733,0.21417964120538954,0.21192049932864465,0.20826313920315678,0.2052461006893869,0.20504645499897195,0.20375083838728428,0.20156806807768007,0.1987214902651125,0.19575747908579127,0.19390218598210088,0.19318379259229737,0.19338343689887036,0.19283816720842745,0.19168708004156307,0.19106376976778025,0.1895814652797894,0.18859193330349813,0.1889297496864116,0.1667553506712005,0.1887774811124186,0.18877151510807524,0.18795071486553566,0.18626502418301175,0.18394014008396478,0.18237623276104986,0.180642849329274,0.17962460828065518,0.17938861469014963,0.17787778724716294,0.17513921992860398,0.17305648362124978,0.17107229793371143,0.1707778361480149,0.1684739700993602,0.16654586016666997,0.16411112069036707,0.16392341148084058,0.162615157438878,0.16198647429004637,0.16185654573251151,0.16237182011980306,0.16318105619124765,0.16338869672870734,0.16335511916498244,0.1634087545841793,0.16402523742533726,0.16487379711726016
stat_137,0.1993238911542139,0.08391190170728904,0.1319525722939525,0.09674788340502036,0.12791484946801163,0.12211861861551764,0.127582380003,0.12760071194364386,0.1276041458894273,0.12758197814343655,0.12753485963319922,0.12742660931394095,0.12730431392507227,0.127188852506704,0.127101484797362,0.12701830354575877,0.1269867579138616,0.1269864384252768,0.12687867627431396,0.12674517880269665,0.12661871169830147,0.12658518746295525,0.1268183251445501,0.12683785337459366,0.1272509839410675,0.12738543704062244,0.12724369230924037,0.12725335366938142,0.12732318302251913,0.12727519083851552,0.12759311111584212,0.12759962210968434,0.1278945606722284,0.1285196233324465,0.12896454074946018,0.12906862666308438,0.12940113627282082,0.12950629149187975,0.12980547359483355,0.12968881826109457,0.12980886288724122,0.13015111021004186,0.13027735081805014,0.13029887725706457,0.1311970814679148,0.1316652480953853,0.1322431975569375,0.13253927998157297,0.13327399973309242,0.13380573634567397,0.13418974621002244,0.13416233293565374,0.13416000608350692,0.13430053013531046,0.13430410641382143,0.13453395963533696,0.13446325101182482,0.13378343845655563,0.13341617943763626,0.1333332502932322,0.13285985993156527,0.13153811985982244,0.13096434058118941,0.1303714996201435,0.13025272100436164,0.12983933551692975,0.12902217569066443,0.12758294551376534,0.12748268083801542,0.12538048478168445,0.12389582866763615,0.12263996978105622,0.12124057095197219,0.11884875810764764,0.1164597687963998,0.11623742440442175,0.11457864921215737,0.11291233907800516,0.11118652070048783,0.10917196613299156,0.10800125060507701,0.10720820117423521,0.1073499184424577,0.10712086235619601,0.10656167857847171,0.10636962852519093,0.10533091751105345,0.1046258194289765,0.10489432589489316,0.09691663468876284,0.10493205278556839,0.10494284421359647,0.10495170085091327,0.10430805476126898,0.10335516554966513,0.10242596648655922,0.10143405404877932,0.10108284127706829,0.10100913922607957,0.1006390530956796,0.09977406853443177,0.09903603347690533,0.09830287600275506,0.09820353950451736,0.09749932245406105,0.096619618381737,0.09567478387344058,0.09558852101091998,0.09498126511308563,0.09490894848740064,0.09512473435700604,0.09538334696414884,0.09534952753794208,0.0952353552564679,0.09521602470144029,0.0953265377935535,0.09582806656641514,0.09621722538613652
stat_138,0.15014747935971193,0.06304631172195814,0.10085541871056854,0.0733217157906754,0.09674266424290198,0.09320544993271661,0.09647455046827848,0.09649012288081209,0.09649388038436464,0.09647705972074273,0.09643743766814027,0.09634632310733887,0.09624807473577723,0.09615414591934794,0.09607737529439539,0.09600351368435707,0.09596088956439723,0.09595954933558627,0.09585979956795286,0.0957353342718933,0.09561049722626334,0.09554411859577401,0.09567477866155703,0.09566483670811772,0.09595457167025721,0.09601226942163157,0.09586244912114669,0.09582912751295503,0.09582357039855295,0.09574863801583922,0.09595626518692192,0.09595869457138244,0.09613225708863335,0.09655251261992025,0.09687822692853246,0.09695227905306598,0.09721896532272632,0.09732211704708571,0.09757593256706548,0.09751831283068718,0.09762883491396404,0.09788672274535962,0.09801794015316298,0.09810094192763376,0.09886491509766289,0.0992605582750627,0.0997300640115686,0.1000087105366055,0.10063216631285439,0.10112689064367728,0.10151965751419204,0.10154961672024068,0.10154999062976004,0.10169027330944957,0.10175834208774294,0.10200497828111897,0.10203523465958429,0.1015830845014114,0.10130380824304004,0.1012437957935693,0.10088394653948751,0.09989023915142528,0.09949701153125547,0.09905873364211577,0.0989711429584516,0.09867382391310538,0.09800708502226027,0.0967859924254449,0.09670236793891714,0.09502876896950767,0.09379108687531162,0.09275042165877702,0.09167716037821516,0.08984871051480675,0.08796143113684413,0.08778002998236886,0.0863953321375102,0.08509352103283721,0.0837977820887421,0.08225290908674396,0.08134543020162241,0.08069056001339504,0.08078082360350561,0.0805951601915643,0.08016557321950778,0.08001485527923709,0.07921530433804533,0.0786770200802612,0.07889908194421456,0.07356573501114352,0.07895950080987134,0.07897009353752814,0.07904722625663038,0.07862719724221916,0.07796834538732521,0.0772718081822354,0.07653804567871098,0.07629567175599963,0.07624264902235257,0.07601173864571914,0.07544036240726976,0.07492916322061945,0.0744300382087753,0.07436337205160902,0.07391282419795407,0.07328871374255694,0.07264567453665487,0.07258413167339191,0.07214804723766995,0.0721305571444303,0.07233160102468905,0.07251728470363136,0.07242887241517174,0.0723239790344058,0.07231051901209676,0.07240809820837288,0.07280252679225668,0.07308564053062525
stat_140,0.1727299492808684,0.07262722906092696,0.11472387965695623,0.08394234335546472,0.11100313970414552,0.10653216168446965,0.11070636696710767,0.11072343474020734,0.11072652007055224,0.11070614639796345,0.1106614008649439,0.11056140007595262,0.11045158509610369,0.11034794522877386,0.11026660011401929,0.11018831061196507,0.11014906304541866,0.11014818646312856,0.11004447306374138,0.10991489407452996,0.10978575539083643,0.10972695575654971,0.10989257117142562,0.10989365491208869,0.11023612626387351,0.11032257823098861,0.1101711803717795,0.11015203765481994,0.11016936710265998,0.11009859936945018,0.11035483387575336,0.11035910135793746,0.11058268088462808,0.11108300241751752,0.11146177714612228,0.11155213247792103,0.11185769553761377,0.11197346973288315,0.11225380084554429,0.11218139624436027,0.11230102964547711,0.1125901022136607,0.11272200924279026,0.11278737381581186,0.11362364577087541,0.11405236829990138,0.11456477993219093,0.11485356602839986,0.11552967455866056,0.11605082765787772,0.11643817196893978,0.11643991652689115,0.11643898685074455,0.11658467205147036,0.1166416045431084,0.11689675231756069,0.11690257032879166,0.11637901009823613,0.11607239664051353,0.11600279303855535,0.115588276487576,0.11444651536113043,0.11396858650899347,0.11344499642730961,0.11334176253313046,0.1129800574191181,0.11223857505196257,0.11090546666424675,0.11081353104764262,0.10894397961784076,0.10757913587050562,0.10641878389997673,0.10519349612088291,0.10311672164311733,0.10098988396409597,0.10078785674851583,0.09924649461172491,0.09777578172416103,0.09629650368233629,0.09454149943354621,0.09350437930017151,0.09277027763462971,0.09287036442315179,0.09265064580131462,0.09215040070358652,0.09196577307748677,0.09105899447412477,0.09044960390655855,0.09070200032857181,0.08433313324691295,0.09076726217849361,0.09077880708073084,0.09084502674242792,0.09035022601198427,0.08957673511197259,0.0887804964141257,0.08794043449982888,0.08764976248088056,0.08758511000527659,0.08729212487545031,0.08659649103147493,0.08598158337675728,0.08538525134827377,0.08530441707663897,0.08474910723900339,0.08402086304974322,0.0832557204628525,0.08318385823094182,0.08267475055542355,0.08263444002636507,0.0828442212580373,0.08305872895477481,0.08299315470964504,0.08289136076630754,0.08287617272426902,0.08298349727789454,0.08342499673495853,0.08375680988458659
stat_143,0.21328046792487976,0.09006052561028781,0.14015383852500538,0.10309819869190227,0.13646891957568405,0.1297157279153801,0.13612765934609586,0.1361459110521641,0.13614851741733047,0.13612463633402505,0.13607712356790283,0.13596875662207059,0.13584275278235194,0.1357249213703129,0.1356404370578102,0.13556056675070444,0.13554182627852607,0.1355423913040326,0.13544248677530418,0.1353195104429526,0.13520825593044283,0.13520527685275568,0.1354894232973534,0.1355313716691782,0.13599103641424048,0.1361720713020734,0.13605854650157437,0.1361052820492582,0.13623086105281035,0.1362137860243227,0.13658625287654447,0.13659586621986886,0.13696021931243613,0.13767365057542677,0.13815903320803,0.13827806195041034,0.13862358646380848,0.13871980183404894,0.13901227614376876,0.13886437011181144,0.13897424711405937,0.13933350389944898,0.13943134754868267,0.1393917991972358,0.14027207356132632,0.14073170489250983,0.14131507969171586,0.14158319296675495,0.14230967306194678,0.14280391933119813,0.1431334918897286,0.14306592702845625,0.1430618564489886,0.14318754361512753,0.1431462368332608,0.14334116026691512,0.14320876241262157,0.142442483398636,0.14205243185575095,0.14196212982070391,0.1414582395527203,0.14004421893858268,0.13940407703704635,0.13876449385383685,0.13863626258693654,0.138184982126851,0.1373456565209584,0.13590063413118866,0.13579909123068346,0.13361638142699203,0.13211604344389402,0.13084226762349116,0.12936038038183845,0.12682667385014576,0.1243415643672029,0.12411495749593128,0.12244697714381152,0.12070662866345226,0.11886380590114147,0.11673840431873028,0.11550581960774656,0.11470493087773603,0.11486384767953658,0.1146225739528976,0.1140254861650244,0.11381688454704604,0.11272373544125514,0.1119799222450828,0.11225337305543841,0.10320927910336283,0.11227180121171272,0.11228145387619888,0.11223453222490616,0.11149957688151733,0.11043540300893145,0.10944177518762355,0.10837430775773957,0.10797868222240847,0.10789652293354839,0.10745841412519519,0.1064683608140939,0.10564268290798241,0.10481902184894397,0.1047066309856531,0.10389506084641217,0.10292781023037109,0.10186978887484753,0.10177521074678678,0.101111370638893,0.10100847177218428,0.10121292372307705,0.10149542058726689,0.10150247852022141,0.10139425807573703,0.10137288104089846,0.10148109529409538,0.10200533683373392,0.10242840928790321
stat_144,0.16708654776715562,0.07040729349423609,0.11121071436825743,0.08119611949995628,0.10729184634432622,0.10286699395950175,0.1070066105218431,0.10702273236872145,0.10702590450508445,0.10700694060584431,0.1069653100999202,0.10687054400395125,0.10676553465064277,0.10666617177446878,0.10658887419351318,0.10651489455936225,0.10648083337598425,0.10648015856646309,0.10638300572110122,0.10626231280100447,0.10614476732850892,0.10609988936711816,0.10627547780607423,0.10628319616722799,0.10662116668040862,0.10671836602918995,0.1065856593640516,0.106581020589721,0.10661981027799693,0.1065667199031883,0.10682697234744025,0.10683208443339874,0.10706910564344795,0.10757599053769817,0.10794680175705706,0.10803651900127349,0.10832488501814916,0.10842601493496384,0.10868378866341877,0.10859980049206877,0.1087063088098324,0.1089862623347237,0.10909868349307346,0.1091352018028942,0.10991313556262444,0.11031603459712468,0.11080617744917587,0.11107246104564876,0.11171251555544094,0.11219658146860016,0.11256009011685363,0.11255866930697861,0.1125576489981452,0.11269206241350997,0.11272907037293295,0.11295916091660962,0.11294378275200562,0.11240848018362314,0.11210131171111612,0.11203318750568786,0.11163493329992294,0.11052953406728952,0.11006825373930236,0.10957464338785314,0.10947602946519557,0.10913606834756795,0.10842521116830005,0.10715091540001122,0.1070629694425533,0.10526066640986312,0.10396158258788535,0.10286464203659174,0.10168401825465981,0.09967324631669296,0.09763629351640603,0.09744445033167101,0.09599708412425632,0.0945867889330162,0.09314966484986135,0.09145829702309824,0.09046581613909271,0.08977875275925894,0.08988431170638153,0.08967947144387978,0.08920107295853952,0.0890284129695729,0.08815563871222758,0.08756707704586147,0.0878028018491696,0.08142534318621622,0.08785200792823625,0.08786217750505644,0.08789913064006039,0.0873926195943665,0.08662091637627577,0.08584690094921348,0.085025694415497,0.08473825388618648,0.08467614388858909,0.0843814416550297,0.08368838992151612,0.08308725367222933,0.08249739109247349,0.08241778914733255,0.08186514332761655,0.0811482153367453,0.0803914621456905,0.08032099563430886,0.07982342081922258,0.07978122688125625,0.07998135294848005,0.08019289581472885,0.08013315611809882,0.08002927939803492,0.08001372560829005,0.08011351105809322,0.08054124980623822,0.08086226071467588
stat_145,0.25507713498835133,0.10823839290259585,0.1641732954429564,0.12205667393036551,0.16215159087388717,0.15251744542757945,0.16178451664118063,0.16180276611581867,0.1618024200653803,0.1617723739354096,0.16172207226019664,0.16161226062387202,0.1614744991701479,0.16134952245080808,0.16127361936245824,0.1612031319166396,0.16122048460629146,0.16122364268034345,0.16114594865420934,0.16105192307557603,0.1609807178713156,0.16105900602259224,0.16148155270203746,0.16158502068846298,0.16217793433543418,0.1624857884469927,0.16244339325196497,0.1625869823549263,0.16285610602683012,0.16291482574108918,0.1634361357074164,0.16345384541399005,0.1640010947381334,0.1649524578991578,0.16555353699976932,0.16571350188799708,0.16610538497460192,0.16618644760396442,0.1664752960325956,0.1662494691189886,0.16633988805174177,0.16675095212249086,0.1667820178962023,0.16658971200902303,0.16744904316140546,0.16789413909768708,0.168497120513752,0.16869143847620124,0.16940171856973268,0.16979584606763085,0.16995985652886803,0.16976724608604196,0.1697577352199178,0.16984176541983423,0.16967919341391857,0.1697793086919623,0.1694761232024871,0.16848082021685118,0.16803844198693707,0.1679267301857648,0.16732808194284987,0.16563851629479384,0.16479034991315114,0.16399036444933288,0.16383163876023346,0.1632498101732616,0.1623446730503577,0.1608866029902702,0.16078136020352174,0.1583656606887241,0.1568103391518234,0.1554637946025783,0.15373158904924705,0.15078000078064788,0.14799304035229466,0.1477509143480109,0.14601581853050624,0.1440428947591564,0.1418567933683553,0.13939359269157495,0.13796432866719732,0.13711545442064585,0.13731711595684626,0.13703188463675256,0.13631623424410014,0.13605287831664487,0.13479205712873035,0.13393081257521455,0.1342273146084288,0.12218176075342102,0.13420178421650053,0.1342090419390077,0.13402259543100545,0.13304287779131715,0.1316694182297647,0.1304874951180859,0.12920374391624892,0.1286806341274788,0.1285721504556703,0.12793867264789308,0.12658900740260648,0.12550169713500262,0.12441585142408924,0.12426484812463949,0.12313886530585269,0.121920147341932,0.1205339956220805,0.12041523405873751,0.1195851765480484,0.11938798318469894,0.11955495204390698,0.11990482558625781,0.12004145551220151,0.11996303626915186,0.1199366065817532,0.120041109825358,0.12062901056506596,0.12115569260339255
stat_146,0.24191793847712076,0.1024701677967658,0.15686535308334826,0.11619131793609092,0.15415103871807365,0.145508380481593,0.15378919123327556,0.15380765631495347,0.1538085390022898,0.1537806687179577,0.15373100952989738,0.1536204340469601,0.153485556514664,0.15336171926132253,0.1532813632957343,0.1532062277270581,0.15320970773992074,0.1532118796145074,0.1531243474296572,0.1530176529549054,0.1529299870220288,0.1529779350606717,0.15335268768013294,0.1534333400722338,0.1539817650529788,0.15424402568525633,0.154173202827567,0.15428067325333653,0.1544975188390388,0.15452768932088506,0.15499675435469176,0.15501145220278065,0.155493534091673,0.156364648094077,0.1569279840776239,0.15707330964169697,0.157450881554101,0.15753749449516385,0.1578312966920469,0.15763184093566157,0.1577307996353462,0.15812814687930313,0.15818631315089687,0.15805140945688972,0.1589300918475273,0.1593874062833179,0.15999196334527768,0.1602181691826105,0.16094440557336115,0.16138234427509,0.16161403022277518,0.16146831527139938,0.16146082572971696,0.16156166327999588,0.16144244109931852,0.16157908373643895,0.16133637632342512,0.16041441942645615,0.1599855161976929,0.15988066773763518,0.15931183134849142,0.15770849443255347,0.15693112985314525,0.15618528913424148,0.15603662083822578,0.15549959354646406,0.15460962198596936,0.15313992681893102,0.1530348875957138,0.15067977617031855,0.1491276076625633,0.14779461863982776,0.14613872370990344,0.14331195894685456,0.14060835986839887,0.1403693393436896,0.13864112652949265,0.13673383239299663,0.1346525403295871,0.13228911847426716,0.13091971673513356,0.13008017017224918,0.13026952471256031,0.1299999175760905,0.1293232839490915,0.1290802595926486,0.12786847736748433,0.12704135122975982,0.12733154958706813,0.11629271840382621,0.12732116448072567,0.12732936740242823,0.12719345787822606,0.12629418851148688,0.12502253504178917,0.12389842231196203,0.12268155187415133,0.12220195734921346,0.12210279106436393,0.12153837562327996,0.12031209159683993,0.11931389933990828,0.11831609435595379,0.11817825093861814,0.11716009029768469,0.11602297213244804,0.11474595849249926,0.11463504794338804,0.11385894388801154,0.11369586523545254,0.11387929866871171,0.11420774686547637,0.1142957593952602,0.11420385220788896,0.11417895680548419,0.11428580772965503,0.11485645339597242,0.11534922771382747
stat_147,0.310527341174006,0.1328955459948041,0.19348537134179195,0.1461384835998889,0.19528077457361023,0.18077255080862106,0.19491234089142515,0.19492784414914915,0.19492063745251637,0.19488081610009264,0.1948313115605988,0.19473486454288044,0.19459160101606676,0.1944699245159362,0.19442555694464508,0.19438747431885173,0.19448387210887536,0.1944924632638328,0.1944778621540141,0.19446495169292688,0.19449595101364425,0.19474622481800435,0.19541565039944886,0.19564436397708934,0.19644859006838017,0.19699946823500067,0.19712950209824553,0.19747539161720365,0.1980340207156326,0.19825973993505877,0.1990460523962224,0.19908014467850288,0.19996907387068727,0.20131881062044227,0.20209157705947328,0.20232396312441647,0.2027627251549522,0.2027992340088755,0.20302981982734467,0.2026629251737028,0.20269250732887215,0.2031503555487609,0.20301594257415276,0.2024964221212396,0.20316309144473596,0.2034982795313756,0.2040431265036263,0.20403463645620076,0.20459355910126145,0.2047003164533034,0.20446437554766955,0.20402013379291456,0.2039998814567277,0.2039803887881543,0.20357865065570052,0.20346018573676006,0.20283266242819437,0.20148869067275507,0.20099902436384465,0.20085668357397726,0.2001350173197854,0.19808382962194312,0.19690136725937807,0.1958604982250104,0.19565737920171106,0.19487061910442852,0.1939465332296686,0.19266182946170538,0.192563333060872,0.18998445556012944,0.18853325336851373,0.18722022736022564,0.18518747681316383,0.1817494115690919,0.17870841112619978,0.17846857981211764,0.17684695560301095,0.1746575778834732,0.17203883781764615,0.16919931104733915,0.16754394814989626,0.16671948448314564,0.16698070981238106,0.16663282578276728,0.1657530883797872,0.16539792418515462,0.16395699558569463,0.1629678173399835,0.16327218665304283,0.14632916232598908,0.1631538772223291,0.16315460507880158,0.16267915404090869,0.16130182780287183,0.1594424518949124,0.15802012599776835,0.1564501290676356,0.15571630498138656,0.15556314055796192,0.1545798837521619,0.15262339630057434,0.15111021690580262,0.14960269887957184,0.1493880793016643,0.14773212197217592,0.1461396177273002,0.14423684899520609,0.14408240287208698,0.1430086242149698,0.14263433274961865,0.14269732145515937,0.1431429737847063,0.14354165400705782,0.1435425191541967,0.14350915304143236,0.14359194481715234,0.1442345938769615,0.14491311574424093
stat_149,0.23055183359943257,0.09752625781454542,0.15040485195433295,0.11105777899473664,0.14717788424099565,0.13931907944927183,0.14682270886099566,0.1468411718081183,0.146842935294979,0.14681686955599751,0.1467681106531461,0.1466579171159013,0.146526215453007,0.14640420584262448,0.1463213328570257,0.1462435115094325,0.14623712366385752,0.14623857620594502,0.14614478949682796,0.1460300196148213,0.1459314939286839,0.14595769508402426,0.1462956651025729,0.14635957642064956,0.1468719629060982,0.14709997427754712,0.1470099258787669,0.14709124905700582,0.1472697942991179,0.1472799029997143,0.14770841011195004,0.14772088637782863,0.1481534324468517,0.14896099484389158,0.14949297915566137,0.14962685129633352,0.14999096909722823,0.15008057714569875,0.15037496464188405,0.15019556765837327,0.1502994618504901,0.15068358220991926,0.1507599158249444,0.15066601840563185,0.15155012579601987,0.15201192126102336,0.152612366039705,0.15285908216891012,0.15359044141265693,0.1540557473867986,0.15433405577585582,0.15422328744408142,0.1542173153422681,0.15432934410948107,0.15424184897765666,0.15440342696060155,0.15420581341192263,0.1533431456310503,0.15292690555244856,0.1528278081649228,0.15228499235922408,0.15075632918601933,0.1500363423918356,0.14933593592854894,0.14919574566036387,0.14869574377305686,0.14782356624259346,0.14635676994970306,0.14625269637111693,0.14395953275731505,0.1424222277648637,0.14111017103511533,0.1395223588327162,0.1368076535618278,0.1341860549328664,0.13395128776118867,0.132243244710965,0.13039881938472597,0.12840929923053468,0.1261367809305185,0.12482159664607141,0.123996309159748,0.12417546922087579,0.12391932570027654,0.12327615217721309,0.12304971146492845,0.12188303810637395,0.12108712666470517,0.12137020775940432,0.11113552166318143,0.12137033087901646,0.12137911089005388,0.12127953271905108,0.12044431223609266,0.11925509635617969,0.11818140023250846,0.11702208830660228,0.11657724053051935,0.11648551237660303,0.11597462209406656,0.11484596300181922,0.11391948461120704,0.11299252588885096,0.11286520171174709,0.11193232849440961,0.11086262125901218,0.10967395277698701,0.10956955130784715,0.1088383293188496,0.10870118300106578,0.10889516825604582,0.10920569245619927,0.10925776875826101,0.10915661806669542,0.10913300125812586,0.10924063545369257,0.10979446053502326,0.11025890212124222
stat_150,0.3787160269246429,0.16465474138938696,0.22473481638949336,0.1735149322294365,0.23396746124777196,0.21168309320863737,0.23366246556769024,0.2336692212422467,0.23364768579967377,0.23359251951863835,0.23355254573728668,0.23350253344711597,0.23337247446492973,0.23328030934175337,0.2333148578330684,0.23335643574236228,0.23361207934790604,0.23363135424984538,0.23376219700681924,0.2339357475552879,0.23419239509863496,0.23478552990664675,0.23588817830583622,0.23636295667870816,0.23749972968973293,0.23850954794996612,0.239021872042421,0.23977972392094846,0.24091543785813083,0.24149691645309157,0.24276688329814305,0.24283446330104602,0.2443779234015289,0.2464119401493258,0.24743978946949852,0.24780747480271964,0.24827254831612267,0.24820012729007385,0.24823097347687784,0.24760483177505183,0.2474772424950356,0.24793675767136253,0.247417857714404,0.24621088094557406,0.2462724076609372,0.24627308203032774,0.2465624327756584,0.24608279860545618,0.24618665479811153,0.2456307124342908,0.2445507951252181,0.24363417534906512,0.24359408393709475,0.24335793578442097,0.24252131268259186,0.2419679007042192,0.24077113278227014,0.23892624349596042,0.23841962265847752,0.23823609770059243,0.23736929423903713,0.23488518046960097,0.23319268824040273,0.23180848599264395,0.23154440903901752,0.2304523163430471,0.22962372209807322,0.22888831330936646,0.22881908460048603,0.22630944792551905,0.22531798487589028,0.22429483749033266,0.2219558475229228,0.21805903145621802,0.21500106784564166,0.21481069968015876,0.21374599242722858,0.21148995667179876,0.20839423313598587,0.2052534039189216,0.20339534312914148,0.20279534888748493,0.20313053049085486,0.2026892295399372,0.2015867908337503,0.2010676279559516,0.19950289411562033,0.19842321147184672,0.1986895837727913,0.1739017563268739,0.19838553810837342,0.1983709788988805,0.19731456219876642,0.19529719099846388,0.19268246259822383,0.19098691547163335,0.1890696518274621,0.18798826823027875,0.18775902904704883,0.18615647365248938,0.18319288384016022,0.1810017170665681,0.1788359992882177,0.17851985764718747,0.1760042090095761,0.17388237790158612,0.17120302916141558,0.17099870108533874,0.16958690657759534,0.1689051963132609,0.16874713596021623,0.1693200859858036,0.17019595438865745,0.17036470759143588,0.17032250260561785,0.1703488435724271,0.17100508317744043,0.17189408054462094
stat_151,0.3850829383795458,0.17159405634244126,0.2160896780521965,0.16995053760105078,0.23257281298739643,0.20886587614326202,0.23238859501379835,0.23239044435201345,0.23234947261091282,0.23226863288663108,0.23221275375123013,0.2321943087778824,0.23208677907874528,0.23203942739020622,0.23214759293217538,0.23225486010735263,0.23258917069336357,0.23261549971745354,0.2328603184999059,0.23317001618690994,0.23354006110328768,0.23423210886894494,0.23534675189945334,0.23594477743975034,0.23715151931675776,0.23833809246891616,0.23906579236204728,0.24002641935019503,0.24134896667079686,0.24204880731217068,0.24360511707128127,0.24369969738001904,0.2456099193052824,0.2477403934862895,0.24883580001175581,0.24936884043150906,0.2499907498321766,0.2500916556494149,0.24998843706124738,0.2494674580399658,0.24927533049422015,0.24944447153999935,0.24861151652541078,0.24704809306792253,0.24661902842776123,0.24623629770944663,0.2460520265280767,0.24521347494382278,0.24488594978428738,0.24398069460322228,0.24230341923517995,0.24109732928777872,0.2410458222470351,0.2407599740378405,0.24000093599499153,0.2394478103293324,0.23831949096652025,0.23684593964522901,0.23659723385624803,0.23642007771795853,0.23551432435148603,0.23305887829971217,0.23116283868750623,0.2294789384361206,0.2291830474668417,0.2278392130402463,0.2270949529986043,0.2266794594890061,0.22663124535539902,0.22452890434430486,0.22383543948404533,0.22284953941602426,0.22054593122837188,0.21701738392461023,0.2142614321508245,0.21411615200616615,0.21317794457876643,0.21121876953298527,0.20846868933073096,0.20570768452598817,0.20377894272770955,0.20320209464420816,0.20323783031427217,0.20244807658212116,0.20104769963274957,0.20010983932028562,0.19874635220826886,0.19788832885513802,0.19827132300539335,0.17325994421258237,0.1981659831899784,0.19815661713607294,0.19710731384039087,0.19536180401713796,0.19282628223943785,0.19129317913471827,0.18960570332382143,0.18836812287588245,0.1880516455673605,0.18610179674013286,0.18281498777914856,0.18032800912474897,0.17806947948983512,0.17772329479546997,0.17501701260275804,0.17296454762369565,0.17027169503829373,0.1700705907445089,0.16866172083607348,0.16785651294021275,0.1675717484429248,0.16809867517747124,0.1692082774433416,0.16961285409360818,0.16958462435116173,0.16961884621207096,0.1701587104055796,0.17110040141832164
stat_154,0.25499903786758915,0.10819356885411809,0.1641574884144627,0.12203620430305069,0.16211813686368462,0.15250253298803237,0.16175066188352646,0.16176895017986884,0.16176864755338272,0.16173862943598175,0.1616882633264137,0.1615782393289671,0.16144035736007423,0.1613152174068438,0.16123902008347063,0.16116823645032233,0.16118507945314617,0.1611882047198444,0.16110999335638373,0.16101530177493908,0.16094330405004287,0.16102048595982632,0.16144181756895598,0.1615445167550551,0.16213665938568042,0.16244313382862272,0.16239939586524924,0.16254164419570333,0.16280892483320203,0.1628664357566567,0.16338635421161246,0.16340395459684234,0.16394920525172693,0.16489875693066264,0.16549930988222872,0.1656588677605112,0.16605087633909643,0.16613234206584876,0.16642210667749055,0.16619703518814968,0.16628807944673432,0.16669944294625724,0.1667319222110647,0.1665419374127265,0.16740393730716838,0.16785046632561895,0.1684546807922005,0.1686506938550445,0.1693628834309291,0.16975938999282414,0.16992612763519233,0.1697348527730103,0.16972539686054494,0.1698101513118922,0.16964889972959085,0.16975045506149555,0.1694489363586427,0.16845484292941693,0.16801239104801097,0.16790075169955831,0.16730221286822736,0.16561309693375453,0.1647659873449669,0.16396649039872663,0.16380785240492526,0.16322652674629448,0.16232064070913185,0.16086017428417382,0.16075478788401557,0.15833765409032383,0.15678002645141262,0.15543175156213174,0.15369955418420814,0.1507478264077374,0.1479593084347805,0.14771687553916454,0.1459788585090073,0.14400496657311534,0.14181915595626335,0.13935545771844635,0.13792600725709564,0.1370758230865797,0.13727738274724577,0.13699233239631411,0.13627703749758788,0.13601412220621736,0.13475294460473378,0.13389146175356936,0.13418825601744747,0.12216193443260832,0.1341633201452511,0.13417063392253284,0.13398605671711103,0.13300792765715583,0.1316362268245049,0.13045452152346168,0.12917118572067088,0.12864895104337812,0.1285406578863191,0.12790889535171088,0.1265618006404464,0.12547606601387082,0.1243917566685532,0.12424099451410513,0.12311714211632215,0.12189948616431445,0.12051507978078199,0.12039641462006366,0.11956698637576733,0.11937062176270169,0.1195383343324946,0.11988797068758306,0.12002325026655548,0.11994434551977355,0.11991793616760045,0.12002269191379779,0.12061083544674932,0.12113715683464193
stat_155,0.2574833867657836,0.10916482370143561,0.16539234390794988,0.12315881142941854,0.16370399184404327,0.1539977338452797,0.16333369545763607,0.16335226695231408,0.16335163952795276,0.16332069146660996,0.16326892987663766,0.1631573881975807,0.1630179250094872,0.16289173474223403,0.1628150745651181,0.16274360639928517,0.16275978385138262,0.16276294144922804,0.16268381286198097,0.16258754776318993,0.1625126419365781,0.16258598917624495,0.1630043172351295,0.16310595077160958,0.16370121385993572,0.16400555566015446,0.16395632789249642,0.1640945175042643,0.16435456409893345,0.16440556373207382,0.16492577454981666,0.1649431842273208,0.16548480094924156,0.16643194198394987,0.16703626711655395,0.16719686487049562,0.16759714368361475,0.16768584973724956,0.16798490548594383,0.16776540592504663,0.16786185361688388,0.1682757075328629,0.16831477654871005,0.16813457141710644,0.16901716861954963,0.16947094571396967,0.17007974047922303,0.170280466048044,0.17100142031522964,0.17140645643933702,0.171571192230259,0.1713746567806446,0.17136496373905952,0.17145219483259924,0.17129756137547295,0.17140626054048194,0.1711106083181798,0.17012429442094137,0.16968622241080247,0.16957389748197835,0.1689677931213363,0.1672630295361098,0.16640324890608293,0.16558517350804058,0.1654238552259948,0.16482778808160956,0.16391288385992428,0.16243950971419777,0.16233313683553605,0.15989729238916017,0.1583206207347734,0.15694914895587084,0.15519868732905773,0.15222376762709422,0.14940260677756403,0.14915667230538096,0.14738285012966718,0.14538653405238344,0.14318532701271416,0.14069745968544695,0.13924845823935364,0.13837870429394622,0.13857589148196706,0.13828184022675136,0.13755471009229303,0.13728296664012146,0.1360091116497067,0.13514057309748753,0.13544531567681162,0.12339889931148361,0.1354285466196388,0.13543646628678632,0.13526356533919404,0.13429164891723375,0.13291864671396175,0.1317286038768344,0.13043868836672873,0.12991328954557813,0.12980308851719025,0.12916766949637565,0.12781363952491137,0.12671691406687963,0.12562652668885158,0.12547450807470087,0.12434342577941389,0.12311992597411679,0.12172823157438677,0.12160882349240486,0.12077326955492329,0.1205739481840082,0.12074184506136301,0.12109258976273428,0.12123225566739253,0.12115857799972897,0.12113246557614875,0.12123990551806464,0.12183159568287202,0.1223639157369234
stat_156,0.13322175954210036,0.055908485131183405,0.08929434624279912,0.06499775416751244,0.08585112165513066,0.08293488594851008,0.08561142212066818,0.08562570604682751,0.08562873951827908,0.08561280357652348,0.08557551792537896,0.0854923426372288,0.0854037902327371,0.08531958199114151,0.08525011248379145,0.0851827904714029,0.08514065545227259,0.08513929977541913,0.08504779767616165,0.08493296754037893,0.08481467203199178,0.0847430596489637,0.08484170757951705,0.08482707966900509,0.0850775817872859,0.08511674307398816,0.08497293871687679,0.08493265092954573,0.08490916138998891,0.08483002114871138,0.08500792192010218,0.08500969051901364,0.08515181508756357,0.08550557314587948,0.08579180310173702,0.08585901101519632,0.08610526657677268,0.0862101120784633,0.08644426594475119,0.08640796266517571,0.08651299596677893,0.08673546739466664,0.0868597402360706,0.0869522676537843,0.08765221288887998,0.08800939754829928,0.08842492231594476,0.08868211251742064,0.0892468177826868,0.08970790350132178,0.09007003317394197,0.09010213711440289,0.09010271411820732,0.09023703811987549,0.09032405415748436,0.09056873919571122,0.09062839387228512,0.09026710820228653,0.09003103139172715,0.08997902339967408,0.08965688733373023,0.08877786107722585,0.08843327157792172,0.0880322353106359,0.08795355907115263,0.08768141810840839,0.08707677795881258,0.08596172462419681,0.0858856929084852,0.08438802741990557,0.08325943037958354,0.0823030740778865,0.08134587824910285,0.07972887918497361,0.0780330962938799,0.07786846070744022,0.0765927690486785,0.0754295933913388,0.07429269850545206,0.07292270625823494,0.07210616249231588,0.07150310230849537,0.07156887382291066,0.07138995182925133,0.07099780844884661,0.07085000504969607,0.07014054844250239,0.06966681464488647,0.06987449740311737,0.06540179075188574,0.06994594783237552,0.06995644587786258,0.07005275684922775,0.0697138472231723,0.06915574381923836,0.06854441633562001,0.06790597208885268,0.06769577116707859,0.0676472577187944,0.06745125876706852,0.06696578273972018,0.06651938169539275,0.06609379326999434,0.06603663476913649,0.06565969746797834,0.06512392990967279,0.06457914754077823,0.06452602747015354,0.06414757996500287,0.06414006706037197,0.06432634086941412,0.06448532397770784,0.06439492423712806,0.06430560640858406,0.06429472118785529,0.06438705316635913,0.06473773538510916,0.06498733775548891
stat_160,0.23202053082573545,0.09819148831901703,0.1510396502244072,0.11164870870780526,0.14803091090866993,0.14005994519869164,0.14767623602533927,0.14769465616996627,0.14769608081589425,0.14766947041633183,0.1476203603913809,0.14751041631511635,0.14737853778506144,0.14725678427972191,0.14717501562949664,0.14709821248283755,0.14709380381846826,0.14709541893068487,0.14700357330096744,0.14689115274910874,0.14679496901714456,0.1468245466574377,0.14716671291079503,0.14723380978349423,0.14775120094404134,0.1479848988921083,0.14789904853929048,0.1479852694852588,0.14816979274578104,0.14818312028095554,0.14861913706519278,0.148632125666165,0.14907378453078543,0.1498895101924597,0.15042590924552884,0.15056271179449032,0.1509301815986723,0.15102134028147776,0.15131478514222915,0.15113427185791303,0.15123721743945312,0.15162024899643864,0.1516917742774187,0.15159011895003896,0.15246961737949105,0.1529272999595492,0.15352343243092692,0.15376411746184776,0.1544904554342872,0.15494897340006641,0.15521462563714464,0.15509594825248163,0.15508964440786818,0.15519985075714307,0.15511000322380109,0.1552690460737944,0.1550674285880069,0.15420311457979233,0.15378884675222168,0.15368914115856652,0.15314251899397827,0.15160495689936743,0.15087530444992284,0.15016498132869416,0.15002327942463117,0.14951499918885883,0.14864149183790504,0.14717792886475015,0.14707396637039546,0.14477791992674363,0.14324158101653037,0.1419264865536341,0.14033047182746164,0.13760614062366053,0.13497704452487574,0.13474212583205658,0.13303154440360296,0.13118210677105005,0.1291849985010817,0.12690485086842418,0.12558189726660351,0.124754370622013,0.12493148818744332,0.12466980573290758,0.1240191220029928,0.12378582359068684,0.1226156632235851,0.12181827651806054,0.12210374954441577,0.1117740278128388,0.12210510276946891,0.12211389610762313,0.1220107106083093,0.1211712441738552,0.11997335411430167,0.11889516597974523,0.11773126679248086,0.11728076221925356,0.11718722493691641,0.11666652077234779,0.11552302234206381,0.11458464552628608,0.11364831610377132,0.1135193995591339,0.11257432813177189,0.1114975018589796,0.11029833433066612,0.11019319789870805,0.10945663345143519,0.10931496970755351,0.10950626817961283,0.10981831389200064,0.1098774468363995,0.10978031971847099,0.10975673264888375,0.10986451167570217,0.11041909712258764,0.11088764393539327
stat_161,0.18865833342824362,0.07940739330784471,0.125066783171259,0.09160821286082549,0.12112060227052819,0.11585200491782591,0.12080264028782493,0.12082042924931252,0.12082373675879987,0.12080235105719409,0.1207563294575274,0.12065157164311283,0.12053439860169547,0.12042377173575367,0.12033896582676945,0.12025792646987282,0.12022367584397374,0.12022315132924345,0.12011735211128012,0.11998592372883908,0.11985914458462926,0.11981669559038319,0.12002424954460679,0.12003712410065165,0.12042262184180956,0.12053932255712689,0.12039529573257424,0.12039502401970414,0.12044627261435677,0.12039088343539543,0.12068569688300829,0.12069144420228888,0.12096041245544328,0.12153801389628822,0.12195695560270832,0.12205599742601564,0.1223771068131042,0.12248554169326592,0.12277553188884922,0.1226752162406604,0.12279401230921619,0.12311464779766478,0.12324118093667424,0.12327707694969446,0.12414672568333932,0.12459753194347514,0.12514825015858722,0.12543986645848423,0.12614948159895736,0.1266750032307069,0.12705928734176114,0.1270433492336576,0.12704157577205438,0.12718368811153358,0.12720730079582765,0.12744608490727843,0.12740454143386648,0.12678494910415442,0.12644091773842525,0.12636327058157726,0.12591377633929754,0.12466419590229948,0.12412927970389977,0.12356563471427458,0.1234532381626441,0.12306171036505148,0.12227519940014962,0.12087921346844047,0.12078234457555549,0.11877371155344538,0.11733879273439386,0.11612346918267318,0.11479435259494113,0.11252887284236446,0.11024708160648372,0.11003325191826287,0.10842588549610802,0.10683953836044799,0.10521232316211991,0.10330288915953346,0.10218683313387435,0.10141986494908503,0.10154544825861869,0.10132050196232648,0.1007851337058422,0.10059607663622697,0.09961100346970304,0.09894470388110847,0.0992060657644579,0.0918532068104944,0.09925369480201011,0.09926469410509654,0.09929384269021678,0.09870734812590565,0.09782409898060522,0.09694796068996583,0.09601621307897616,0.09568855349127418,0.09561848236887678,0.09527802441815708,0.09447891984576608,0.09378966918700521,0.09311024091443287,0.09301820981243333,0.0923724835485872,0.09155246571461066,0.09067839205453607,0.0905978283742863,0.0900295557699899,0.08997001732820176,0.09018339814092849,0.09042468143422595,0.09037802600701572,0.09026807150497565,0.09025031379208004,0.09035919635893098,0.09083683899461216,0.09120290758747181
stat_162,0.26523556279981964,0.11420185530216477,0.1630386324323532,0.12345523103185738,0.16592679965736246,0.15482403367407033,0.16561921919832984,0.165634676427166,0.1656238373253989,0.16557983711456067,0.16552184680768825,0.16542944274384427,0.16530204632238396,0.1651995236895919,0.165163892490962,0.1651297720807907,0.1651958521926553,0.16520315025862783,0.16518880631810054,0.16517064888944413,0.16516651743682012,0.16531338493305336,0.16577294160665423,0.16594985656411798,0.16660259305363953,0.16702225907791082,0.1670985747619706,0.1673577596485138,0.1677438243073762,0.1678733335747195,0.168552166913287,0.1685835453409991,0.16932867536863225,0.17036702978657237,0.17101843119712967,0.17125751066094694,0.1717248238664035,0.17187739809358676,0.17210687931357913,0.17191219693282375,0.17197056587259985,0.1722635315519764,0.17214199927519047,0.17175812831009252,0.17238108629187127,0.17263985940164414,0.17301741348326088,0.1730173953038354,0.17350153772677532,0.1736855000020275,0.17349361239844727,0.17311653571604388,0.1730995728598358,0.1731415582671311,0.17298174489131948,0.17304714498109325,0.17272980160612686,0.1718781673648081,0.17156416388328183,0.17145150675197243,0.17081586246414007,0.169091769556272,0.16808953367248272,0.16709731225488175,0.1669154186950674,0.1661697069487539,0.16531079469217347,0.16405412623220716,0.16396122013019668,0.1617376267010487,0.160350630488464,0.15902897375095604,0.157274036355345,0.15443799894691823,0.151761994787418,0.1515414423898,0.1498774234319207,0.14801142194649153,0.14592646284865787,0.14358279820388203,0.14208897417970134,0.1412479357804792,0.14132231438255316,0.14087100803636454,0.1399979140257339,0.13953045258048663,0.1383375768602048,0.13755983270831154,0.13791105954450994,0.1251213968395295,0.13796478617128555,0.1379736695233559,0.13775603792723454,0.13685193410382857,0.13545447003485062,0.13431541901570884,0.13309988131212358,0.1324792653159708,0.13232483172718618,0.13148635836856754,0.1299056779423118,0.12861881415853885,0.12743117387921613,0.12725676104587297,0.12596356864009448,0.12472917473071272,0.1232657124318042,0.12314374435944055,0.12228197141189964,0.12199618373141861,0.12208179153273443,0.12242076494981291,0.12271633782650983,0.12277010846805508,0.1227498991254508,0.12285558363710247,0.12339109832617447,0.12396546719234804
stat_163,0.4023118071238197,0.1769948733013876,0.23043723244946537,0.18053884904947007,0.2454274067028198,0.21997985208054563,0.24519338739112467,0.24519504740872536,0.2451612623578394,0.24509148320973975,0.2450495099649004,0.24502874858367846,0.2449131393963048,0.24484928780343532,0.24493971216454663,0.2450344102323019,0.2453751560972191,0.2454007693215746,0.2456257173233369,0.24591608021503067,0.24629485340437893,0.24704493935813718,0.2483016804269134,0.24890758203290317,0.25018158339653934,0.2514154949464827,0.25214226299254233,0.25311840727025325,0.25452489669777006,0.2552759351951593,0.25681441083105033,0.2569032923652697,0.2588043920068179,0.26110863800612416,0.2622447341335987,0.2627162135874986,0.26323886223876963,0.26318419625726164,0.2630927288215883,0.2624106696624916,0.26220276545475624,0.26255869763774553,0.2617920654912064,0.2602154164983398,0.2598768950859463,0.2596166271038678,0.25963801355367055,0.258857926514185,0.2586338015461911,0.25770890262605667,0.256104061077392,0.2549122629155046,0.25486089428863545,0.25452850180674186,0.25357047612306255,0.2528637912579866,0.25149737593957655,0.24962955550134647,0.24921906612270123,0.24902465090091003,0.24809804855919199,0.24548959125374092,0.24355018219138597,0.24193883082403056,0.24164271164832832,0.24035204104769803,0.2395974110239964,0.23919003950165946,0.23914006219186365,0.2368324388115618,0.2361294511109853,0.23523608770399296,0.23282011646569356,0.22892834799813402,0.22600481436770736,0.225851075501355,0.22505054206163638,0.2229006108767403,0.21978272993751374,0.21669692794954515,0.21475854317506754,0.21425828003311806,0.2145124089213264,0.21391723549794012,0.21263646507927,0.2119094959985393,0.21038922797261253,0.20936789124122926,0.2096585365165565,0.1821354459179978,0.2093585844460249,0.20934025202083056,0.20807891994857405,0.20593992727562593,0.20309879175123624,0.2013764903843679,0.19943041447202828,0.19817626249083078,0.1978904534171538,0.1959515180268002,0.19252959929615335,0.1900029346358945,0.18758260488940748,0.1872212630011919,0.18434492457807672,0.18207563186549358,0.17913384924277875,0.17891447719792317,0.17739395819942533,0.17656134785798275,0.17627774391195383,0.1768742631870613,0.1780019759757038,0.17831733472485325,0.17827747093340818,0.17828623952379632,0.17889885600643918,0.17987566209980946
stat_165,0.33451159688119453,0.14826908856275853,0.19131689451939923,0.14896367703120786,0.20339445042334645,0.1852918787109302,0.2031769974496148,0.2031848661313834,0.20315228972841098,0.20307979483008043,0.20301467858232006,0.20296496672262127,0.2028500806731466,0.20278580828124979,0.2028432878278779,0.2028982528371714,0.2031216488171782,0.2031407503493235,0.20328901490615475,0.20347339502949907,0.20368531185055708,0.20412835048926525,0.2049157749884839,0.2053406243182338,0.20630345830606833,0.20716022284281707,0.20761871912267627,0.2082857720509474,0.2091858772118631,0.2096245138907869,0.21083942304054482,0.21091093252187762,0.2123543402386079,0.21397022894972645,0.21487814155271145,0.2153226736750124,0.21594138595037796,0.2161439133618061,0.21618515620367745,0.21587446788631634,0.21579884141752703,0.2159405205631907,0.21537403513842188,0.2143038007601057,0.2142921683323801,0.21412550812644335,0.2140855159748043,0.21356507028292365,0.2135335369179576,0.2130869657819853,0.21196966282473614,0.2110801187775405,0.21104196773893846,0.21091119584651738,0.21048656369717716,0.21025765900627333,0.20956342947560364,0.20851725514294825,0.20831846275421295,0.20817309656663377,0.20737036920631727,0.20524328715283846,0.20369954680647848,0.20222840994080601,0.2019734091126068,0.20082048975971573,0.20001850792314668,0.19923999985786534,0.19917288589989302,0.19707464471253663,0.19607418170539184,0.19487350390209235,0.19280349546776474,0.18966321997818628,0.18695148386543597,0.18677346740415834,0.18542235213314032,0.1835409004496811,0.1811853552019742,0.1786862712020416,0.1768991165667306,0.1761482649625442,0.17609770868638677,0.17534354415314124,0.1740814392164537,0.17322672754191945,0.17197432374866387,0.17120441438710235,0.17162827495297633,0.15252311714133018,0.17168397012158462,0.1716868085775223,0.17108095269065693,0.16985057363264355,0.16789732192402765,0.1665875096848285,0.16518776839267563,0.16419690137124746,0.16392810523174725,0.16240900846114634,0.15984674095117052,0.15783479414583293,0.15606094149139302,0.15578738407157006,0.15370349782242443,0.15205874042961048,0.14994846738716483,0.1497853300486381,0.14863091563751032,0.14803885008767245,0.14790139506438002,0.14832588977802424,0.14911145263738648,0.14942397026303816,0.14940445233308663,0.1494828109229436,0.14999608417236085,0.1507873696859992
stat_166,0.159990793758184,0.06721848185983809,0.10705321130187785,0.07800967132508412,0.10298925610743383,0.09902830561726686,0.10270791406312567,0.1027240940912793,0.10272777899599626,0.10270981227835956,0.10266848359891587,0.10257365413565347,0.10247041819384546,0.10237203385054744,0.10229291526948449,0.10221692740501005,0.10217599020115208,0.10217482965231603,0.10207304648733218,0.10194618554589285,0.10182015398757657,0.10175899820256744,0.10190845298438775,0.10190375207738613,0.10221750930917084,0.10228930038488727,0.10213993924984618,0.102114117824819,0.10212184285761677,0.10205108871931365,0.10228017525442713,0.10228338304116509,0.10248013682257874,0.10293967457948125,0.1032890143619729,0.10336922728649142,0.10364995488909488,0.10375466275140935,0.10401835284175912,0.10395016789473159,0.10406320883460982,0.1043375148667574,0.10446851163269313,0.10454102710829175,0.10533416341032403,0.10574514309278048,0.1062365591364217,0.10651993709454502,0.10716719300399377,0.10767199052037611,0.10806511128528773,0.10808452345334471,0.10808439735717845,0.10822592177281389,0.1082840365204063,0.10853027837445027,0.10854394976825674,0.10804990775985998,0.10775368410997935,0.1076892021274678,0.10730640544021733,0.10624723999990543,0.10581884810194694,0.10534900595288091,0.10525513965734144,0.10493422492675415,0.10423565775936901,0.1029666037585726,0.10287939990074936,0.10111781157630825,0.0998268954846737,0.0987395574808339,0.09760040757052821,0.09565925232707158,0.09366898039169785,0.09347896239903875,0.09203452083783839,0.09065873967268485,0.08927792079762377,0.0876388316525209,0.08667761123123076,0.08599299558691663,0.0860922605006236,0.08589653630416365,0.08543986335264236,0.08527932451698904,0.08443189668661018,0.0838606416170194,0.08409312132793707,0.07825639026858959,0.08415080297029741,0.08416154513300474,0.08422777314806748,0.08376611010349377,0.08305081044386797,0.08230815174519943,0.08152360517679681,0.08126003062044516,0.08120282521674348,0.08094525158481083,0.0803175496809454,0.07976206209451078,0.0792179637945351,0.07914500967514607,0.07864637444461706,0.07797279656812348,0.0772720210995889,0.07720567347466724,0.07673618363318153,0.0767089021985977,0.07691411048845125,0.07711391436499987,0.07703449999346293,0.07692747993200576,0.0769129120998176,0.07701363827149842,0.0774299197832256,0.07773395382235539
stat_167,0.11921069804467069,0.05035624297588023,0.07828025167282529,0.05742227819987826,0.07627643395253388,0.0735752708392723,0.07607598667982601,0.07608833685690677,0.07608872418063686,0.07607123497553567,0.07603539907682808,0.07596398581709324,0.07588713725116203,0.07581685366341777,0.07576269412858191,0.07570934468851832,0.0756787628192689,0.07567826511469308,0.07560808021595043,0.07551882498057369,0.07542250138688772,0.07536374253860337,0.0754452113933904,0.0754425137458121,0.07566982040564554,0.07571737024361311,0.07560610995053801,0.07558537714127414,0.07557382451671828,0.075508615867998,0.07569116236637288,0.07569509792788176,0.0758498693000975,0.07616365357477504,0.07642320682580868,0.07649890714330662,0.07673764023619435,0.0768540965773474,0.07705528386140827,0.07704084944943144,0.07713227694095262,0.07729985091747832,0.07738511569563587,0.07744307172674153,0.0780288223188799,0.07831094779325687,0.07863152179190966,0.07882698259890211,0.07928788481883783,0.07966821343656168,0.07992696212181086,0.07992314571657129,0.07992237419447834,0.08003916717037937,0.08013463871946976,0.08036101099977339,0.08043352229881436,0.08017227318299823,0.07999863113974971,0.07995358455949433,0.07966079786012359,0.0788826308576947,0.0785517577571343,0.07815204893264953,0.07807755931207068,0.0777998158360162,0.07726801789895121,0.07630491524597806,0.076239184984088,0.07495076087142494,0.07396962275585803,0.07310972391290538,0.07225969432365012,0.07086374583763085,0.06937848358247052,0.06923522888024164,0.06809276078792918,0.06708439731550088,0.0661134004954547,0.06493225990477212,0.06419274847242454,0.06364735651786767,0.06366982331726939,0.0634698537810926,0.06308654990228035,0.06290739979940901,0.0622960425656732,0.061897910766301203,0.06209881005033125,0.05820638787623452,0.06218986282366088,0.0622002127642097,0.0622991857706567,0.06204061278439987,0.06156455995176958,0.06104030876105211,0.060501803226605554,0.0603011253534762,0.060248190842735666,0.06004161380266131,0.05958449463713638,0.05915737763892577,0.058775332448662454,0.058721837053483696,0.058373442716985316,0.05791211710437353,0.057436168649794506,0.05738988693454523,0.057056832110904954,0.05703810087002383,0.057191150327991776,0.057324590889154016,0.057268587122297585,0.05721959834992863,0.05721206942684409,0.057297746937905424,0.05759600090518794,0.05782402251802845
stat_168,0.11637958200136275,0.04923902423887608,0.07685381948413116,0.05616920870793329,0.07446911314627049,0.0717104215549309,0.07427336810058018,0.07428507325732256,0.07428598389884451,0.07427016348268854,0.07423729490489027,0.07416923636136388,0.07409515289716849,0.07402674090396705,0.07397416886338878,0.07392291948256202,0.07389611324870471,0.0738957023110225,0.07382873679119234,0.07374436940506345,0.07365644618864445,0.07361047599457733,0.07370661419252729,0.07370895552509243,0.07393699227408025,0.0739946894767237,0.07389649990110028,0.07388698804790629,0.07389499322405862,0.0738447823226367,0.07403038461214316,0.0740347199723818,0.07419997357237772,0.07452764894417051,0.07478440339136312,0.0748575681365927,0.0750807889408118,0.07518057294026849,0.07536630040122182,0.07533624812026256,0.07541749756336509,0.07558695958585743,0.07566070499064821,0.07569652941043237,0.0762455939420656,0.07651577822773094,0.07683175266671252,0.07701511224102868,0.07745784652760473,0.07781307699705216,0.07806285974006925,0.07805992972848153,0.07805920343054225,0.07816634034368403,0.07823679426294512,0.07843752673753238,0.07848123865089837,0.07818506382486522,0.07799911756507857,0.07795399338121396,0.07767163819100617,0.07690936263153977,0.07658910680859855,0.07621772596355461,0.07614679210716033,0.07589028404235118,0.0753781505440951,0.07445297903113243,0.07438971800801289,0.07313278059844124,0.07219492028485054,0.07138363166547046,0.07055765424093291,0.06918525951645388,0.06775159680598833,0.06761479762741271,0.06654361638787999,0.06556595710096064,0.06460420855974117,0.06344966783582909,0.06273956448061156,0.06223005746947331,0.06226661209945829,0.06208568048212503,0.06172241253775255,0.061561431706539396,0.06096460000006033,0.06057221481287309,0.06075773465561335,0.056715718390837236,0.060828685039023375,0.06083767537863282,0.06090616534851871,0.06061910066069989,0.06012735566158396,0.05960807468733109,0.05906851256480005,0.05886835714008614,0.05881862195970229,0.05861038131491833,0.05814651583333925,0.05772663243574413,0.05733949621964572,0.05728599882724422,0.05692959894925502,0.05646244609061994,0.0559764962017311,0.055930003450052966,0.05559783138690443,0.05557649726247642,0.05572343549753742,0.05585964346134596,0.055807702290086206,0.05575048963253892,0.055741884229888905,0.05582040938333643,0.05611399909762292,0.05633645935094135
stat_169,0.10812560964517495,0.04582560592044006,0.07088810232106857,0.05195782174286703,0.06903389219467006,0.06648745998867124,0.06885572729430417,0.06886658708828856,0.0688666765396692,0.06885078613626983,0.06881901312427026,0.06875610865459529,0.06868764852881602,0.06862536517146567,0.06857854086631775,0.06853251064388953,0.06850863558721687,0.06850842195936607,0.06844887848694171,0.06837332946736677,0.06829251357117191,0.0682481027820188,0.06833100974480745,0.0683346300322731,0.06854565167382412,0.0685995743772105,0.06851028284845784,0.06850274677167784,0.06850755330366473,0.06845879837883077,0.06863575183350108,0.06864030544330117,0.06879775406407958,0.06909559447533166,0.06933419016648508,0.06940677857252234,0.06962206265682507,0.06972497672209299,0.06989803898791597,0.06987954878437003,0.06995645512822808,0.07010338057966936,0.07016712661768604,0.07019903371867037,0.07070400256139066,0.0709461091925886,0.07122485838508535,0.0713879151324266,0.07178941003594798,0.07211550449375792,0.07233165003837798,0.07232057621509821,0.07231957543760094,0.07242031108907607,0.07249688726839863,0.07269122570780936,0.07274459810687851,0.07249673442125047,0.07233799538740751,0.07229678285635426,0.07203240528280723,0.07132720512784452,0.07102350131500641,0.07066323791458105,0.07059585902558448,0.0703452078121699,0.0698695351931524,0.06901392015265329,0.06895545007018367,0.06780044159997924,0.06693081458889628,0.06616811744679506,0.06540142924598759,0.06414256063337553,0.06281471242282341,0.06268786960693772,0.06168028531541442,0.060778987352315066,0.05990197339734093,0.058842134318782935,0.058176758841438594,0.05769557507323136,0.05771543927455856,0.05753240831193748,0.057182996225977334,0.057016773163223185,0.056468673406447255,0.0561122124327976,0.056291659283259986,0.052632791584872565,0.05637000614788557,0.056378929778008686,0.05645384039873354,0.05620889206892134,0.05576577912061219,0.055291638115128626,0.0548031389507884,0.05461483408580776,0.05456548373104257,0.05436525127944123,0.05393296803184909,0.053536363546041216,0.05318033622183061,0.053130382515057105,0.0528010141306683,0.05237640724340804,0.05193393113288758,0.05189142930181444,0.0515862701155062,0.05156434338027481,0.051698211354109194,0.05182085826769333,0.05177793176554396,0.05173519916233148,0.05172811567120344,0.05180325484765368,0.05207137049110653,0.052279225852648756
stat_170,0.25374613938190516,0.10763991678014122,0.16362707131607404,0.12153259290535291,0.1613850644304596,0.1518598132062558,0.1610172624459309,0.16103555963806862,0.16103556604587474,0.16100607603521822,0.1609561381503175,0.16084603992113045,0.1607083938405964,0.16058308962006992,0.16050603466193056,0.16043449743200458,0.1604499305098114,0.16045292854829477,0.16037327599638687,0.1602769076123072,0.1602034661283371,0.1602787081624338,0.1606977168417927,0.16079822814348307,0.1613866518735266,0.16168939706743396,0.16164322854900676,0.1617824866668002,0.1620466145862364,0.16210276646897417,0.16261739320388907,0.1626346450149191,0.16317403362548202,0.16411881412072687,0.16471602340882707,0.16487328801226164,0.1652617157715362,0.16534078261714588,0.1656300878250243,0.16540462604430844,0.1654956240005196,0.16590799892791108,0.16594322400389214,0.1657574906529687,0.1666207875204653,0.16706988922022253,0.16767740709083673,0.1678775493846713,0.16859297932445838,0.16899378268279822,0.169170610353003,0.16898592162519102,0.16897674258950438,0.16906259806331123,0.16890206426334403,0.169004643870836,0.1687051281293009,0.16771038767631338,0.16726541494190694,0.16715424110549754,0.16655915412232522,0.1648775679982529,0.16403892802286685,0.16324890570497697,0.16309165773364165,0.1625181779110463,0.161613769470936,0.16015134204521597,0.16004591533524223,0.1576314649529592,0.15607437135112787,0.15473053993213456,0.15300567077179933,0.15006189807415213,0.14728125784848498,0.14703922481065085,0.14530689915742556,0.14333827505318503,0.14115833590254148,0.1387016020449819,0.1372797247736762,0.13643349780184752,0.13663762775198598,0.1363580282307751,0.13564964955498438,0.13539312383270688,0.13413531852377938,0.13327517490126845,0.13356915221781976,0.12160680864208205,0.13354188831245548,0.133549100078751,0.1333651849407792,0.1323882191994603,0.1310219141406016,0.12984367560704158,0.12856346596980278,0.12804558691676465,0.12793889871204017,0.12731470648881044,0.1259788152381032,0.12490287077233087,0.1238256486298398,0.12367615842151387,0.12256173646634864,0.1213492818068261,0.1199727776988619,0.1198546780909893,0.11902949518314516,0.11883689719301649,0.1190068482167952,0.11935546227534853,0.1194847409220569,0.11940187115555745,0.1193753708047847,0.11947974223295173,0.12006737195183705,0.12059014148537321
stat_174,0.16000327215005955,0.06721356084344618,0.10708585000723034,0.07803182744036251,0.10301181244248485,0.09905668832436937,0.1027300858816945,0.10274628659392165,0.10275001948605113,0.10273210534133968,0.10269078753383631,0.10259583406359898,0.10249250628587052,0.1023939787848107,0.1023146408970968,0.10223845045663019,0.10219725803771955,0.10219607733708064,0.10209395067740727,0.10196667157580322,0.10184025305716453,0.10177871565000511,0.10192801342910447,0.10192295055169928,0.10223653398536152,0.10230779947715866,0.10215779488801041,0.10213139442439152,0.10213854603196171,0.1020674190009487,0.10229582986306938,0.10229897211694623,0.1024948396928624,0.10295415735879773,0.10330339259779574,0.10338324391650934,0.1036636895214472,0.10376805246130774,0.10403213362613947,0.10396373645080992,0.10407697676618302,0.10435200578575582,0.10448381840890292,0.10455731692400584,0.10535195537721259,0.10576401686064578,0.10625670261795638,0.10654112214035479,0.10718969417036846,0.10769569850285003,0.10809055438370709,0.10811076072631655,0.10811066603434326,0.10825246043642334,0.10831071763690302,0.10855732515751372,0.10857123563780911,0.10807662647288155,0.10777979710061515,0.1077153015458831,0.10733250716048745,0.10627310687421418,0.10584524645037935,0.10537596726087262,0.10528215589224882,0.10496173400924369,0.10426265087811516,0.10299212931720082,0.10290483178143874,0.10114169730009837,0.09984940654697236,0.09876140570563355,0.09762190280496184,0.095679496586509,0.093687866050416,0.09349766198197028,0.09205220793132718,0.0906753720819581,0.08929354080173997,0.08765320915422241,0.08669191586638407,0.08600698014134898,0.08610689218968565,0.08591186185325028,0.08545572252509079,0.08529600977174988,0.08444796427988542,0.08387612516524556,0.08410845651970006,0.07827371167294887,0.08416581237072021,0.08417655211196243,0.08424298191774211,0.08378081797874193,0.08306538800437113,0.08232222526558174,0.08153702809775577,0.08127385106337777,0.0812168535156647,0.08096022025763,0.0803334599447234,0.0797787352162924,0.07923497080644963,0.07916210637090547,0.0786641555707512,0.07799047409873076,0.0772899153614428,0.07722356460960143,0.07675408493188773,0.07672724671560648,0.07693294834810342,0.07713284407303593,0.07705260918036717,0.0769449442660616,0.0769303462667552,0.07703113574786158,0.07744783410649672,0.07775175214909238
stat_175,0.09926409318642432,0.041853071277194676,0.06486858409820659,0.04772169170645849,0.06352555810019703,0.06149022439910325,0.06335741178069834,0.06336820991774832,0.06336803819137159,0.0633520995240178,0.06331964345376016,0.06325766248724823,0.06319220228626893,0.0631329558988164,0.06308673838186993,0.06304060526036842,0.06301046607688271,0.06300989270240193,0.0629484756866871,0.06286951967869503,0.06278066678769965,0.06271659221916696,0.06276334394405336,0.06275419161441137,0.06293546102788321,0.06296024842796083,0.06285394307819547,0.06282292777185863,0.06278936499338092,0.06271856269308042,0.06286137789336957,0.06286404379086148,0.06297583028941091,0.06321167793947029,0.06342382289245281,0.06348782582900782,0.06369837932578952,0.06381196487464745,0.06399211571449576,0.0639991694378156,0.06408485176835747,0.0642173547045427,0.06429988829113642,0.06437367129345654,0.06489039672726858,0.06513309527176038,0.06539833595175257,0.06557252481568168,0.06596866219413297,0.06630952754230446,0.06653606960720722,0.0665362688408148,0.06653577953879357,0.0666433904603583,0.06675311848858773,0.06697002383930994,0.06706729854250865,0.06689976601186502,0.0667726601684382,0.06673663645516921,0.06648887110401008,0.06584412688854539,0.06556956043630686,0.06521749943983554,0.06515377710146074,0.06490839373097092,0.06445306314926766,0.06362195512014633,0.0635655061293697,0.06248384235811258,0.0616352883448099,0.060881251937690894,0.06016792308689852,0.05901428116199359,0.057753723461208585,0.05763018080221503,0.05662197352112514,0.055772499046414944,0.0549798221644163,0.05399694276542398,0.053366753828481384,0.052884523125322484,0.052885923259178215,0.05270263561495808,0.052370730478022806,0.05220555006124219,0.05169588034818121,0.0513683806228407,0.05154841345354907,0.04861980689777076,0.05164577628673652,0.05165574875895507,0.05177279442439696,0.051599476677577305,0.05123635166621189,0.05080845967060528,0.050376392821226725,0.05021517983526157,0.0501690460571571,0.05000708763890043,0.0496512185021489,0.04930206631998841,0.04900362443526725,0.04896113220975936,0.048695512890774555,0.04833310065999417,0.0479662854404475,0.047929502121317795,0.04766189940172091,0.04765316641064638,0.04778703933824574,0.04789079228767022,0.047835077294580156,0.04780270408751515,0.04779790342636488,0.04787611528056174,0.04812331331362712,0.04831232362009056
stat_176,0.14813204771477864,0.062230383716076934,0.09938891184778928,0.072283583385843,0.09540019715893022,0.09189573013414105,0.09513683045891147,0.09515213569252196,0.09515568611473207,0.09513890695542092,0.09509975026124137,0.09501021322734135,0.09491354034774542,0.09482130157900054,0.09474623859118389,0.0946739886620723,0.0946327199669558,0.09463146141742498,0.0945341123088712,0.09441260651351625,0.09429062523581856,0.09422631396922221,0.09435573271972705,0.09434709979575198,0.09463360061277036,0.09469227508993948,0.0945465613569197,0.0945156250458084,0.09451213252762551,0.09443950409505797,0.09464671674730012,0.09464933644753774,0.09482369505862473,0.09523938853144141,0.09556121649635647,0.0956354965091232,0.09589950060526306,0.09600225428861772,0.09625133197821378,0.09619495850424327,0.09630329097336289,0.0965555305379364,0.0966822840781799,0.09676083723391787,0.0975097886142213,0.09789671247967559,0.09835589624771594,0.09862746582487252,0.09923842609914503,0.09972282086601134,0.10010474547222198,0.10013166626343727,0.10013193059608258,0.10026962384724619,0.10033680962794114,0.10057947810553092,0.1006091866765137,0.10016549021530277,0.09989191419057697,0.09983275254746055,0.09947759882023928,0.09849774069705576,0.09810817828407963,0.09767373153183645,0.0975871045204888,0.09729196927913171,0.09663535178418144,0.09543437571679304,0.09535211729978584,0.09370523203753196,0.09248779512075232,0.09146257512469123,0.09040449536399196,0.08860414760092541,0.08674589377474634,0.08656745889325362,0.08520409693306574,0.0839228576199055,0.08264743091602157,0.08112685928872611,0.08023158915926268,0.07958648225361023,0.0796734586490828,0.0794878778857859,0.07906203257563726,0.07891026662400814,0.07812339651184039,0.07759425330992996,0.07781394590850463,0.07254542831509887,0.07787470156750691,0.07788516253817288,0.07796056396856657,0.0775476453765082,0.07689779822632913,0.07621197937684294,0.07548982345217836,0.07524939663755668,0.07519643811008844,0.07496564607896342,0.07439891481170888,0.07389212375244508,0.07339865952096716,0.0733326126293384,0.07288613411546548,0.07227074945019549,0.07163585127986971,0.0715751474315838,0.07114489615936823,0.0711264865341152,0.07132359190956729,0.07150647287731139,0.07142139778738948,0.07131974715208111,0.07130655933812247,0.07140272607516912,0.07179078598191274,0.07207045921093011
stat_179,0.13943664087735017,0.058593587013657626,0.09355789782526298,0.0680154467534364,0.0897871617340574,0.08657293171580119,0.08953869638766448,0.08955325511566427,0.08955649581567754,0.08954036828868953,0.08950280915841338,0.08941776984673257,0.08932633319351264,0.08923924470343433,0.08916817311058713,0.08909961305497666,0.08905939355999434,0.0890581587637958,0.08896564102185509,0.08884998027282066,0.0887328542773947,0.0886683205694789,0.08878450468070555,0.08877470629544555,0.08904233847065042,0.08909402657120481,0.08895388282006704,0.08892183742856676,0.08891309578113141,0.08884101968927063,0.08903491895441802,0.08903735024999075,0.08919890217068495,0.0895843094876611,0.08988654749364255,0.08995756580740856,0.09020973866898424,0.09031141834341411,0.0905481738766726,0.09050029571796074,0.09060422804849406,0.09083845865218099,0.09095911887003776,0.09103789917049068,0.09174839008888117,0.09211354254674618,0.09254436917254209,0.09280264640243062,0.09338102454442156,0.09384418432504879,0.09420870905842256,0.09423648224167148,0.09423684168229587,0.0943699551303469,0.09444221690305463,0.09467956927532217,0.09471873599987345,0.09431380672367326,0.0940596394302592,0.09400437104124264,0.09366927781333967,0.09274800386081093,0.0923835124119941,0.09197159327186628,0.09188987463475257,0.09161038116102342,0.09098746732423355,0.08984503577040201,0.08976692762789067,0.08821176624140338,0.08705539734909283,0.08607948637611504,0.08508206264116906,0.08338952822046926,0.08163390815264454,0.08146482193562936,0.08016650651921667,0.0789586170741962,0.07776321367743529,0.07633342754639687,0.07548700093919333,0.0748728474965837,0.0749492144820491,0.07476905051969322,0.07436401081682227,0.07421575916289752,0.07347555813271114,0.07297928901058004,0.07318979356520157,0.0683161488118595,0.07325325630755153,0.07326347180643071,0.07334351459683353,0.0729664899820535,0.07236363415949841,0.07172075264152908,0.07104578183691795,0.07082063127303471,0.07077009413553924,0.07055496820411754,0.07002805724700763,0.06955320151149363,0.06909445882766643,0.06903296010203065,0.06862045326854756,0.06804725019081163,0.06745838205587408,0.06740174654152707,0.06699967831282871,0.0669853061670414,0.06717381876117987,0.06734409155714571,0.06725939397559876,0.06716461292627235,0.06715253633473388,0.06724493981308752,0.06761054800966097,0.06787313420481594
stat_180,0.0849100901866721,0.036092335947437784,0.05476014188454223,0.04037294348989081,0.053935651415248455,0.0520318455345822,0.05380178270734483,0.0538104835430141,0.053809030031747786,0.05379392190548291,0.05376578408037532,0.05371598006576572,0.05366229655168303,0.053615345979666426,0.05358167621982231,0.05354763144848173,0.05352880921314471,0.053528871785220956,0.05348559637143569,0.05342934444071222,0.05336381082729696,0.0533195248971816,0.053364316802753366,0.053366560327875776,0.05352716848369659,0.05356323261605812,0.05348998570801125,0.053479645282240376,0.05346713737259595,0.053416959635313836,0.05355862056270138,0.053562749568035084,0.05368379154401325,0.0538929051349718,0.05407811115025358,0.054143201177316795,0.05433177298891695,0.05443871825435946,0.0545822939041632,0.05459393929273158,0.05466177995748175,0.054755525268030056,0.05480343654953942,0.054838963217677436,0.055240512832054875,0.055418835850269604,0.05561151181021824,0.05573217434317039,0.05603595174426665,0.05629528629033256,0.05644223331560019,0.05642069645818007,0.05641941876505903,0.05650445889302713,0.056594769484084866,0.056771038409405755,0.056847954562518274,0.05671884005153326,0.05662562784955404,0.056595039842917895,0.05638233375874072,0.055835033068949214,0.055585174230262234,0.05526821759852351,0.055212072925044445,0.0549884439432496,0.054611335210874454,0.05393723517366375,0.053891299070068316,0.053004317374255844,0.05231331120534388,0.05168430114861979,0.05108143957105103,0.05012487249772034,0.04907993794296708,0.048979018402471486,0.04814183757286694,0.04744160541193217,0.04678864131421871,0.04597893717773576,0.04543995445249504,0.04503512242497383,0.045018528755436875,0.04484192552356446,0.04454203590712435,0.044377118239306845,0.04395662228775749,0.04369164060411434,0.0438503469238687,0.041275788608815075,0.043942886681956644,0.0439515063380441,0.04404603263344419,0.04391047199841415,0.04360160980752208,0.04324787477090683,0.04289441558147994,0.04274484613676858,0.04269953685512761,0.04253432570264455,0.04220237504695164,0.041881584045872104,0.041615863783729716,0.04157690375217223,0.041329868275127184,0.04102106831142824,0.04069969461505433,0.04066815854066067,0.04043791964123251,0.040418488833919894,0.04052021702331187,0.040607008149232,0.040581133528344394,0.040570317252175914,0.040566961863938315,0.040632236607874364,0.040833391760933334,0.04099877021054716
stat_182,0.24920598686588988,0.10603615720050508,0.1591531574808299,0.11867357913983582,0.15800370900728639,0.14862572446951325,0.15765467525611715,0.15767233844095427,0.1576702267929471,0.15763822606944686,0.1575866255677904,0.15748079355497932,0.15734751846750947,0.15722884074821317,0.15716009530001557,0.15709572060106639,0.15711659309068488,0.15712015400514567,0.15705199148546725,0.15696889308157805,0.15690439066122858,0.15698154554042243,0.15738477445342794,0.15749243772331972,0.15807258501846883,0.1583804345758666,0.15835056229941738,0.1585011116544869,0.15876859046758066,0.15882864209444583,0.1593566582165817,0.1593758913537916,0.15993268265868074,0.16085819151589176,0.1614482635007015,0.1616182133521797,0.16201768922307527,0.1621172286644069,0.16239284591595807,0.16218856143864413,0.16227524420084805,0.1626498492291934,0.1626593388993853,0.16245348918157496,0.16326413561047626,0.16367066656281812,0.16421959129885405,0.16438529793354228,0.16504887898354892,0.1654169596692903,0.16553477495107008,0.16532567815945673,0.16531557751944653,0.1653991417133737,0.16526309980346143,0.16537625736540582,0.16510617919185502,0.16419076902655733,0.16378773235699703,0.16368007619071606,0.16309144031772232,0.1614479639947935,0.1606068196231026,0.15979451602979428,0.15963650493555664,0.1590429475510443,0.1581595014317116,0.15674546846889892,0.15664350143363534,0.15431427135706996,0.15280427013688008,0.15147497249325886,0.1497859859047456,0.14694139974440482,0.1442363493584777,0.14400182980989376,0.14229369054212768,0.14038970160751368,0.13829318475672128,0.1359222926136518,0.13451683647222354,0.1336791202040746,0.13384382350011118,0.13352955885503762,0.13280119320188666,0.13250175303687026,0.13128926469314597,0.13047010625478725,0.1307746233851571,0.11915939149756329,0.13077574408591588,0.1307838412304092,0.130617794709009,0.12970314033592587,0.12838496496654636,0.12724917937615743,0.1260226051146325,0.1255029120887918,0.12538941231773681,0.12474911001138146,0.12341950867521143,0.12233962326068316,0.12128344399760523,0.12113494458958504,0.12003507750376712,0.11886308473549244,0.11752583972449289,0.11741119149457578,0.11660717125935915,0.11640979649760555,0.11656715407978153,0.1169010713023851,0.11704594799018313,0.11699061456476208,0.11696658993403145,0.11707255769093323,0.11763695166025044,0.11815373574143691
stat_184,0.3905602533839442,0.1745881898829086,0.21700936034096419,0.17132151128178255,0.23506700211277082,0.21082254150679497,0.23490049786665967,0.23490167222891742,0.2348568694255009,0.23477048956928234,0.23471070863013785,0.2346967145151399,0.23459131832357016,0.234550658267959,0.23467196735263388,0.23479086448449768,0.23514075329103204,0.2351684997631472,0.2354339255495253,0.23576794484331887,0.23615793874118432,0.2368690760213017,0.2379918176554042,0.23861371025385109,0.23984261646339872,0.24106485731367894,0.24182855585759103,0.24282536596360613,0.24418107994974242,0.24489928675487238,0.24651132422049862,0.24661064151319131,0.24858796391393642,0.2507446214519947,0.251860500029863,0.2524237216925235,0.2530813169617492,0.2532168197114064,0.2530997743838282,0.25259767109320397,0.25239884333079965,0.25252428020074136,0.25164137942371234,0.25001883220358,0.24952346538403075,0.24908085485147838,0.24882090286195205,0.2479202587930088,0.247523945775157,0.2465571912200204,0.24476239959140494,0.24349291593975947,0.24343884366227977,0.24314212209269667,0.2423909045856426,0.24183391812736227,0.24070773278174631,0.2392901312099811,0.23908855021851647,0.23891065444524162,0.23798639716381578,0.23550748212962364,0.23355057792500167,0.23178798464275077,0.23148235741525622,0.23007332849457224,0.22933598370778324,0.22897346782594694,0.2289283667572518,0.22687351449776202,0.22621857361516462,0.22521970729490212,0.2228938342686219,0.21938710642620837,0.2166417428653186,0.2165007644678932,0.21555370845699262,0.21361373141002238,0.21089000425659254,0.2081544947170023,0.20618653383956267,0.2055944604573663,0.20557926963526615,0.2047224811826541,0.20325736634088878,0.2022418117605671,0.20089150424570792,0.20005703957529958,0.20046623128525753,0.1752178315773329,0.20039697141419976,0.20038878435058194,0.19934147531432636,0.19763258611308765,0.19509223147670623,0.19356976575700557,0.19190481841159232,0.19063062092713878,0.19029593147708496,0.18827176586165087,0.18490187198502428,0.1823383309506498,0.18004236889095,0.17968743303239862,0.1769210949364633,0.17486086491747152,0.1721388509952415,0.17193624904399205,0.17051278601271447,0.16967575142276323,0.1693641244559393,0.16988767300489332,0.17105365534349445,0.171508311843326,0.17148260196075807,0.17151993479705194,0.17204427332848574,0.1730068177202079
stat_187,0.1337871481442867,0.056239510518764524,0.08970179156253302,0.06520860787258027,0.08611915820577817,0.08310514597731353,0.08588079085394441,0.08589488923296837,0.08589780525812235,0.08588187604854362,0.08584505994023836,0.08576285451494332,0.08567479192742136,0.08559117726515483,0.08552290086210236,0.08545685322238669,0.0854172009447846,0.0854159948420057,0.08532680480176512,0.08521506351951026,0.08510074256119994,0.08503502412457563,0.08514062693253328,0.08512987545082831,0.08538469106550087,0.08543105486949051,0.08529401618401423,0.08526064458029375,0.08524679655011658,0.08517386847007112,0.08535917479801985,0.0853615172635391,0.08551428306701857,0.08587768316522962,0.08616696701100586,0.08623652899625456,0.08648273539019703,0.08658603579789954,0.08681556669178124,0.08677556841917064,0.0868773718849548,0.08709807281529147,0.087214781501751,0.08729495910225037,0.08798138583349538,0.08833165007558835,0.0887420424411225,0.08899138653256625,0.08954802865079897,0.08999819852565444,0.09035004168098922,0.09037753486511485,0.09037792486145312,0.09050873747668665,0.09058719118624857,0.09082346969461667,0.09087218934105763,0.09049843172721164,0.09025961981208022,0.09020704756202148,0.0898845200225419,0.08900187367753462,0.08865283813762966,0.08825258353954128,0.08817377540919286,0.08790213745448568,0.08730059515671634,0.0861954047058406,0.08611995331035749,0.0846256741002861,0.08350765744529753,0.08256069206070785,0.08160250205999693,0.07998258911018731,0.07829295670329421,0.07812975166866082,0.07686902756624493,0.07570915960309862,0.07456878482317209,0.0731997294125735,0.07238350105164273,0.07178686534148071,0.07185354613462387,0.07167408243282077,0.07128039484271506,0.07113154920303555,0.07042239919408386,0.06994868930453561,0.07015480771240727,0.06556702872802112,0.07022278911724938,0.07023299336785581,0.0703194368461192,0.0699708877059064,0.06940222157876344,0.06878883505387198,0.06814716376362145,0.06793193144336639,0.06788242543696288,0.06767709294462876,0.06717717911944358,0.06672253182437499,0.06628784186048664,0.06622936666493205,0.06584036949785108,0.06529691804880516,0.06474059224337209,0.06468677868861701,0.06430395206903819,0.06429218517050833,0.06447499185040335,0.06463618889932801,0.06455213717484835,0.06446373198481585,0.06445257781304736,0.06454316540754593,0.06489344438738165,0.06514507186419712
stat_189,0.16255594607700213,0.06830363474714225,0.10877469426037256,0.07925228897199223,0.10462769400103843,0.10057701777839843,0.10434230365383673,0.10435869187199104,0.1043624134264282,0.10434418140147872,0.10430233029969839,0.10420625386071693,0.10410153664710856,0.10400175825402402,0.10392165811026198,0.103844752955915,0.10380368477897156,0.10380253479763885,0.10369961861559217,0.10357137390794556,0.10344414855369373,0.10338317345474199,0.10353631365296417,0.10353219019209953,0.10385155198890912,0.10392564771869071,0.10377500986877561,0.10374981554591593,0.10375915647944087,0.1036882482939067,0.10392175318287386,0.10392506982992274,0.10412612659554543,0.10459423751766969,0.10494938773737439,0.10503096687301353,0.10531579754109714,0.10542162833896909,0.10568886546833368,0.10561889295969716,0.10573325994019553,0.1060119151493256,0.10614410730311928,0.10621609402019894,0.10701965838881873,0.1074361097186884,0.10793459938690869,0.10822110320220839,0.10887696025108025,0.10938729196602942,0.10978418945991472,0.10980274685642928,0.10980256969266788,0.10994532936944386,0.11000210686517448,0.11024986619798721,0.11026086483642279,0.10975642570292032,0.10945531367856205,0.10938971116255546,0.1090009173756479,0.10792468750447104,0.10748829092085306,0.10701098750963504,0.10691559688290826,0.10658945419566031,0.10588131014644228,0.10459607069363669,0.10450771144737311,0.10272040117270718,0.10141237553294243,0.10031056523462659,0.09915373684150593,0.09718204654653934,0.09516237944708632,0.09496970918569453,0.09350600269895519,0.09210936010700481,0.09070620073556585,0.08904155945375314,0.08806563097553409,0.08737156124349542,0.08747294723871167,0.08727463336438301,0.08681110988587022,0.08664860551918668,0.08578786396706664,0.08520743777544562,0.08544299248635157,0.07949279565424355,0.08550057730780612,0.08551142105570352,0.08557677399195807,0.0851058432052102,0.08437746326181444,0.08362282976004595,0.08282541039738159,0.08255697193118411,0.08249876207385587,0.08223568044710465,0.081595595858035,0.08102991503641047,0.0804754879972809,0.08040111983011071,0.07989203203768795,0.07920639125111201,0.0784921427186111,0.07842461747194122,0.07794689340029627,0.07791796499999039,0.07812520501379762,0.07832854541489051,0.07824989133560083,0.07814176140137642,0.07812692519039639,0.07822879798060667,0.078651198757244,0.07896044098408049
stat_191,0.3975077196604248,0.17833662548769094,0.21778949347649174,0.17278886830864446,0.23797736325084198,0.21279885192015918,0.23784197955011202,0.2378416449357878,0.23779110292232353,0.23769703213829133,0.23763306907098608,0.23762839433569571,0.2375281616535897,0.23749930044199452,0.23764251447818244,0.23778124066419276,0.23815841047857872,0.2381884633486958,0.23848854463324412,0.23886402141310073,0.23929063100566125,0.2400394957001026,0.24118369065566014,0.2418453201515697,0.24310895374441713,0.24439098653199007,0.24521532265990909,0.24627110708306876,0.24768312229653863,0.2484329481324254,0.2501258343210279,0.2502320240105543,0.2523061253913542,0.2544998188051185,0.2556428253014658,0.25624714393736775,0.25695219158067706,0.25713415651882604,0.2569959485770098,0.2565186622824327,0.2563086925466364,0.25637185740789037,0.2554147238742901,0.2536994189108755,0.2530903448417204,0.25255128594688764,0.25217323994701574,0.25116979250024263,0.25065537292436113,0.24957511298633908,0.24758698587317754,0.24621643467408044,0.24615827204105087,0.24583683626585973,0.24507833202573426,0.24449499787568194,0.2433484967286027,0.24199143300734383,0.24185583426626586,0.24167645359324313,0.24072930529579636,0.23822172240810505,0.23617246908578224,0.234303297096973,0.23398442448039078,0.23248578201565614,0.2317738135551615,0.23152496625652377,0.2314866832742842,0.22952916901121181,0.22896700192666208,0.22798107359224984,0.22563449737119914,0.22217524748190495,0.21947818442231457,0.21934787390217755,0.2184281518112273,0.21653277664687925,0.21385313942509415,0.21116818527168266,0.20915405034003537,0.2085532361528885,0.20846817847846058,0.20752004924306697,0.20596758764145698,0.2048450155888938,0.2035198758204142,0.20272204752818762,0.20316379051978253,0.17744022284939914,0.20313984968596258,0.20313287018648524,0.20207564187324303,0.20040854817901643,0.1978525975370053,0.19634889010822956,0.19471799656517208,0.1933874130335917,0.1930261858114557,0.1908847371592269,0.18737800753979988,0.18469589929520525,0.1823346174470008,0.18196534199481212,0.1790938626511391,0.17701443816049078,0.17423439619429482,0.17402896148308433,0.17258080392837605,0.17168901162968755,0.171328568550025,0.17184954291890917,0.17311161864796035,0.17364176692287822,0.1736192910652121,0.17365615040932908,0.17415215920818633,0.1751454076165313
stat_192,0.3713266249287767,0.16392122808334972,0.2139851011525434,0.1666724743150767,0.2265747282561587,0.20470595769938818,0.22633534782210005,0.2263403713761801,0.22630912098388825,0.2262406790311728,0.2261896661945405,0.22615228882339838,0.22603454050464317,0.22596582485081007,0.22603378253420664,0.22610381944163546,0.22638352269544118,0.22640549761184495,0.2265847001266539,0.22681432565700194,0.22710742971721956,0.22771048227125867,0.228755017335631,0.22926953025424843,0.2303980710582049,0.231449761202067,0.23204197407398688,0.23286749103246107,0.23403887554693314,0.23464617604052174,0.23602614994412704,0.23610603450442053,0.23778915638412199,0.23978799710699716,0.24081983682577288,0.24127258308683508,0.2418276614170418,0.24187546104236646,0.24184342458536146,0.24131698853764774,0.24116757203683228,0.24144201638655366,0.2407766482359676,0.23944041041211853,0.2392736261184443,0.23908133734811354,0.2391112903925284,0.23847788499750142,0.238380192915429,0.23770833283831697,0.23639156167853104,0.23537193954362007,0.23532799548859917,0.23509565989970055,0.23437696846077163,0.23389384295512985,0.23283215817527822,0.23129758723141283,0.23095165011077337,0.23077888197667937,0.2299129295883226,0.2275194305214961,0.22578749757997393,0.22427778946181753,0.22400449379499002,0.2228094121154648,0.22201752023160867,0.2213899901937183,0.22132905196475303,0.2190622325673649,0.21818437193143048,0.2171431904355863,0.21487921078285843,0.2112896811417713,0.208431663996988,0.20826278732334805,0.2072038443517909,0.20515312263261964,0.20235285196209235,0.1995065020690206,0.19764392982833254,0.19703526385209125,0.1971730371633585,0.19653015035814064,0.19527829546515205,0.19452266436748125,0.19310992652573084,0.19218769962661802,0.19252968360337583,0.16882793350101136,0.19237492739021733,0.1923656290242769,0.1913952037406726,0.18964208654583076,0.1871917543579449,0.1856424388037952,0.18392364810456413,0.18279908096394323,0.18252794091560182,0.1808058148112657,0.17780052236974248,0.1755360545475853,0.17341900349665282,0.1731008044261421,0.17060721768919465,0.16861469769180645,0.16605455766906835,0.16586045614727132,0.16450658576330876,0.16380027141084738,0.16360131376945086,0.16412498342924883,0.16506461731755537,0.1653493030575214,0.16531702985322533,0.1653569884573229,0.1659394693515921,0.16682537579119944
stat_193,0.32765462519693284,0.14450331876559017,0.1902240449042756,0.14730482511125692,0.20035940838936386,0.18309102846713338,0.20011632223017717,0.20012548386255546,0.200097781226687,0.20003183803700023,0.19997019251118617,0.19991255230637003,0.19979351243981291,0.19971941738441926,0.19975816182377576,0.19979607259581758,0.19999529722171402,0.20001237823304144,0.20013057951042004,0.20027875658810784,0.200457839584391,0.20086531391414655,0.20162896552181317,0.2020173321464341,0.20294629918723503,0.20374619390938084,0.20414767036861342,0.20475802074332053,0.20559984041524648,0.2060044088262119,0.20714101715947744,0.20720594871577627,0.20855227043571828,0.21012139646879555,0.21100118484002384,0.21140710575125815,0.2119858954416789,0.2121521918402466,0.2122184643636557,0.21189323902036653,0.21183176126784703,0.21202732942349994,0.21153323555095038,0.21055612647244942,0.21065227615384027,0.2105717270783272,0.21063381785195504,0.21020510681759616,0.21027638182663475,0.20993000473307466,0.20898011483123372,0.20817855388075382,0.20814396871273652,0.20803479752718357,0.20761855435204943,0.20741320156227613,0.2067388918843794,0.20564725325735442,0.20539549926633316,0.20525186579505417,0.20447030106126185,0.2023735727605353,0.20091044317715961,0.19953110520722595,0.19928778336841668,0.19821226259519203,0.19739158880929017,0.1965206580223011,0.19644804129882565,0.19427509918809097,0.19319864032592318,0.19198778538425498,0.18994070991050543,0.1867703089681415,0.1840227265007427,0.18383558888419652,0.1824560243505176,0.18053855462205964,0.17815344082680906,0.17561614245519755,0.17386998548212587,0.17312094704146916,0.17312823517936904,0.17245309825296423,0.1712688142605296,0.17050842998129928,0.16923560549629366,0.16843495038751594,0.1688317900517689,0.15022493369244808,0.16885200495122638,0.16885409179313834,0.16826637661256352,0.16701129489382258,0.1650832098455226,0.1637624283004802,0.1623405993338808,0.16140175320140848,0.1611559004076702,0.15974231203178854,0.15730601019500937,0.15539978433007676,0.1536874227180604,0.15342675716811902,0.15143791937090517,0.149815479322506,0.14776103613646557,0.14760082668708913,0.14647074824789152,0.14592535424307768,0.14582817812462978,0.14625313325699632,0.1469577161586142,0.1472084237985839,0.14718643791290167,0.14726531375318602,0.14779972007911785,0.14856348245550294
stat_196,0.24285074158051134,0.1027655719337628,0.15739754638469142,0.11665812682790715,0.15480583301054468,0.14619396577757693,0.15444115448578719,0.15445993738076796,0.15446076113918222,0.15443240199825833,0.1543815970675759,0.154269325082689,0.15413313106927756,0.15400816040759802,0.1539264686764698,0.15384982194580374,0.1538507695371252,0.1538528284077043,0.15376276972405456,0.1536525338068802,0.15355980643242637,0.15360043068867152,0.15396721218984075,0.1540438296829936,0.15459013329713023,0.1548446897828407,0.15476466522929955,0.1548635479839219,0.15506711641598153,0.15508752202875906,0.1555501319206536,0.1555642229490706,0.1560344612776246,0.15689416387792554,0.15745677257113938,0.1576009698160347,0.15798445982759535,0.15807815568018177,0.1583818170475731,0.15819030751498,0.1582955649078816,0.15869464252946108,0.15876305075732597,0.15864490638761977,0.15954709424089655,0.16001417823336017,0.16062542233143698,0.1608613066543925,0.1615999266161083,0.16205269456779223,0.16229381441327212,0.16215037948216007,0.1621429739848561,0.16224833425126983,0.1621392895862668,0.16228648735648835,0.16205506735437616,0.16114509360797394,0.1607197799200389,0.1606149598988318,0.1600424566341202,0.1584333052964536,0.15765299471372426,0.1568978823269704,0.15674803241012136,0.156204140160229,0.1553065902087773,0.1538209508690631,0.1537148452721327,0.1513455646464168,0.14977391629700132,0.1484203682157621,0.14675514124616584,0.14391753088878717,0.141190376540776,0.14094815111925746,0.1391862123198891,0.13726323844802404,0.13517702232641016,0.13279983731118228,0.13141854953548335,0.13056127973142856,0.13074635501990917,0.1304714158352949,0.1297891746480428,0.12954219541047682,0.12832249431527143,0.12749115037380643,0.12778766697720167,0.11683740598384515,0.1277857490376601,0.12779460727400235,0.1276752196245577,0.12678926291413617,0.12552691102874877,0.12440043050754501,0.12318362316147262,0.12270622289934283,0.12260656971917776,0.12204741846777956,0.12082906986456891,0.11983141558080777,0.11883762835470865,0.11870015075239765,0.1176875710069549,0.11655304823714797,0.11528059658420244,0.11516978485271472,0.11439352789193584,0.1142319759312109,0.11441809783833833,0.11474568972436885,0.11483124850049192,0.11474140727864467,0.11471686567869377,0.1148263939401122,0.11539921269474938,0.11589376114753394
stat_197,0.1517867274455424,0.0639706280291261,0.10125036341590254,0.07379462528936162,0.0974979403899885,0.09366967422962098,0.09723601913305473,0.0972510249432396,0.09725397830241958,0.09723645912960893,0.0971975095779102,0.0971095215952746,0.09701295696484731,0.09692155932777166,0.09684955413059276,0.0967804230429205,0.09674586783686026,0.09674507012408988,0.09665368004941331,0.09653990562723011,0.0964274274814442,0.09637808581994017,0.09652712767192435,0.09652971018026113,0.09683234327326573,0.09691238290214023,0.09678424864436905,0.09677286713104372,0.09679673847229282,0.09674092694964229,0.09697309297146038,0.09697746603187217,0.09718562872495731,0.09763542939777076,0.09797073120276592,0.09805303691842476,0.09832029743396319,0.09841949110753878,0.09865854704265832,0.09859035246079423,0.09869093984830236,0.0989419486260352,0.09904883376229731,0.09909341549938297,0.09981459619258046,0.10018623271058913,0.10063410450594061,0.10088501776954646,0.10147800810946009,0.10193608014162023,0.10228450098614904,0.10229231811820036,0.1022917836996087,0.10242159143246754,0.10247176351168004,0.1026984803984659,0.10270553612703194,0.10223790211227692,0.1019609739351103,0.10189978444588814,0.10153699839536466,0.10053410776314571,0.10012278199820811,0.09967364205067318,0.0995842506648628,0.0992765355148183,0.09861936949648817,0.0974321211738682,0.09735051405223047,0.09569642672877288,0.0944912759150227,0.09347305443088923,0.0923968763600076,0.09056864094152718,0.0887015687165166,0.08852458065015748,0.08718006686076017,0.08589188091359708,0.08459170997924907,0.08305373750817968,0.08214586480205849,0.08150901106835737,0.08159778427122379,0.08140495376199576,0.08096537974187971,0.08080263553359557,0.0800084159529392,0.0794747833318733,0.07969464448089249,0.07406103561544485,0.07974885331769997,0.07975871100150715,0.07980859539468231,0.07936665774940958,0.07868051707764544,0.07798025948340404,0.07724021907049897,0.0769827067912353,0.07692595006618447,0.07666583575531136,0.07605200779619503,0.07551367066897163,0.07498978745172016,0.07491914894768748,0.07443458666868333,0.07379366656730253,0.07312310110024026,0.07305999044018525,0.07261345044964342,0.07258294340747765,0.07277283276852842,0.07296219705818656,0.07289487969533433,0.0727983468549055,0.0727846349031884,0.07287880882910293,0.07327005895891707,0.07355960768004964
stat_199,0.3637272871126049,0.15918077157519725,0.21282427966669368,0.164977401425873,0.22345713300847125,0.20254945827705317,0.22318637586138237,0.22319323690965012,0.2231673869386536,0.22310573482952165,0.2230571906240315,0.22300889468613053,0.22288511420340804,0.22280416994271543,0.22284930313194967,0.22289807326504552,0.22314646909486,0.22316596193084542,0.22330735603865567,0.2234904123018007,0.22373799009929396,0.2242876187627373,0.2252893604579369,0.22575375852558177,0.22683624701984648,0.22780541576608804,0.22831246474955907,0.22905232754959007,0.2301247253070114,0.23066937661142492,0.2319359672113549,0.2320062315019477,0.23353816884161568,0.23544645884393892,0.23643803080596842,0.23683788083917698,0.23735464618657823,0.2373730270187793,0.23739558540367625,0.2368704765811303,0.2367533532998041,0.23709804470767254,0.2365461220140337,0.23536152678067263,0.23536874396581478,0.2352957894906713,0.23545582580641392,0.2349452217277193,0.23498304192986363,0.23444571482514953,0.23332851257673992,0.23240963712316032,0.23236975211661917,0.23216645579993797,0.23146998824952647,0.2310245235591325,0.2299982362985662,0.22843181566404527,0.22803471781982007,0.22786423870025926,0.22701902967700274,0.22465763044630477,0.223011544745783,0.22159233918458612,0.2213307404996641,0.22021245700789394,0.21939607823118912,0.21865751090975752,0.21858980692715313,0.21623408513009948,0.2152537159774658,0.21417838464525857,0.21193377701566518,0.20830633720231592,0.20538295934539053,0.20519952613565517,0.2040585861823725,0.20194555223228097,0.19911010476285904,0.19620190759551312,0.1943716959699016,0.19373305344424602,0.19393194588964868,0.19337578599372826,0.19221023998913853,0.19156184379850838,0.19011434420891468,0.18915001676431129,0.18947064247969306,0.16653289086598796,0.1892899051088536,0.1892809736817865,0.18836542245285406,0.186611801039242,0.18421393350669307,0.1826522829841521,0.18091267065721292,0.17985578629243784,0.17961129942918636,0.1780240298729176,0.17518145671319557,0.17304171835209842,0.17100326902545623,0.17070048607519317,0.16832324474723656,0.16636281501612,0.16387362112579792,0.16368321696142749,0.16235833385586673,0.16170435079222797,0.16155048987352355,0.16207253465418223,0.16292264797435238,0.1631434527541153,0.16310901862500898,0.16315222334197824,0.16375777765154945,0.16461421054456993
stat_200,0.33574847451337936,0.14618271015012685,0.19940407568143945,0.15351489422099537,0.207443623986847,0.18970146650848016,0.207150977022552,0.20716137168837648,0.20714060548099666,0.20708403947028017,0.20703042635946892,0.20696362526197914,0.2068349245787986,0.2067433037052964,0.20675832513522943,0.20677622883636868,0.20696068725863548,0.206975985580435,0.20706068560657845,0.2071703998089312,0.20732660213418347,0.20773423932936527,0.20855221806042087,0.20891708880446164,0.209862323421676,0.210643249595722,0.21099474879934377,0.2115660501466124,0.21239775492861873,0.2127932472909979,0.21386414143784052,0.2139210202131314,0.21518538007808558,0.21680425567374467,0.21769059360456414,0.21803849706393288,0.21855217912152222,0.2186254316717086,0.2187322143110307,0.2183233347855301,0.21827306546988715,0.2186079818076796,0.21821133221295072,0.21731000788727842,0.21756281215009876,0.21761924414671335,0.21787011188196992,0.21754557099839816,0.21775969039003498,0.21748854790440053,0.21669845915361902,0.21596294626025545,0.21593078154047385,0.2158163517208904,0.21530733043066372,0.21504548832158707,0.21426238442066295,0.21292720938244264,0.21255179184446368,0.21239881391659649,0.2116110049628454,0.20942986643201986,0.2079844816894652,0.2066894212074582,0.20645112783980435,0.20544411307211036,0.2045910546171894,0.20363740729660695,0.20355834858718447,0.2011907807921955,0.20002749338980358,0.1988266169425899,0.19670860114739935,0.19328596360984332,0.1903748788826354,0.1901715528169242,0.18879063974030405,0.18671134492495764,0.18408718157186357,0.18131406552604762,0.17956122170728556,0.1788217974559851,0.1789770279844733,0.17844516947030264,0.17735981214672475,0.17676311345252826,0.1753719806805599,0.1744520328796173,0.17479525455447978,0.15516166070529752,0.17470293205751278,0.17470085723883508,0.17403550190300524,0.17256576514044467,0.17049126480110918,0.16904959100128186,0.16746463525812644,0.16654820292724734,0.1663319183451899,0.16499201195240165,0.16256017927074953,0.16069099093567202,0.15892468707058957,0.15866303248143204,0.15663739254129525,0.15490212341338608,0.15273770862235447,0.15256831133929374,0.15138454699369785,0.1508527303343879,0.15078495150891366,0.15125122940752722,0.1519141719132984,0.15207772367976774,0.15204780405333718,0.15211582415504668,0.1527103840831019,0.15348225315291714
stat_201,0.342762123341857,0.14776410096072534,0.2083714093350825,0.15918831701743816,0.21372610987619983,0.19574968870229814,0.21338247213434114,0.21339447562156422,0.2133806598962261,0.21333312418027517,0.213286205442214,0.2132083306512179,0.21306915787942232,0.21295927290486458,0.2129488156434521,0.2129447119627369,0.21310962386641571,0.21312290103673961,0.21317071748562513,0.21323739876037373,0.21336346306634524,0.21375848811827217,0.21461216130452113,0.21494682708392393,0.21589866057698967,0.21664674557530902,0.2169374972912927,0.217458470905747,0.2182599491561129,0.21863311718155248,0.21963115497197885,0.21967974547626326,0.22085076721914193,0.22249411259550128,0.2233818449928858,0.22367554984073365,0.22413652131390877,0.22413576991198156,0.22428886383514388,0.2238169829945227,0.22378383462203408,0.22424242742960943,0.22394614271406973,0.2231370175353302,0.2235606126523114,0.22375642135621493,0.22419288174257876,0.22398385882993688,0.22435354446834674,0.22418171603119288,0.22357701978979683,0.22292230667475968,0.2228932030173183,0.22278270062594968,0.22220015654008135,0.22190109137905384,0.2210331497214882,0.21947969722546803,0.21898695688168093,0.21882600366101607,0.21803350762300508,0.2157780281291599,0.2143610840997132,0.2131522967196534,0.212919976319616,0.2119857505376814,0.21109352739712392,0.21003321943268574,0.2099463686433572,0.2073779132419001,0.20610625183303333,0.2048940978661966,0.202709265980186,0.1990488482098237,0.1959666540547509,0.19574466589320585,0.19432569614283332,0.19208481830919935,0.18924538233018423,0.18625194455635244,0.18448722292884798,0.18373857740250785,0.18402439678774749,0.18362317500661476,0.18263151928035815,0.18219202193496667,0.1806850305587782,0.17965083875549986,0.17994897941894858,0.15958640060255444,0.17976159363891794,0.17975645436092474,0.1790434015974894,0.17739812198199595,0.1752108167210912,0.1736621225463797,0.17193581758279297,0.17104708335611332,0.1708584842468344,0.16960117775425523,0.16719931547842729,0.16537961974631152,0.1635798959679536,0.16331984237440605,0.16128281346423298,0.1594542398351971,0.15720615260696585,0.15702923399329394,0.15580206521698697,0.15529105500232224,0.15525815953197283,0.15576046320125023,0.1563710220646954,0.1564500310405424,0.15641309706062329,0.1564739635787691,0.15712623002381731,0.15790242861590756
stat_202,0.12179285308210724,0.051477970276039696,0.08062247983626103,0.05888051914779468,0.07800798247007044,0.07511564131143131,0.07780145386993287,0.07781373421501997,0.07781499461569276,0.07779889424039994,0.07776491531836792,0.07769342984667735,0.07761566562367495,0.07754347285308832,0.07748751056566225,0.07743309089129023,0.07740434696879694,0.07740383390056638,0.07733239898317541,0.07724257353370008,0.07714967471061811,0.07710146079898812,0.07720377154450775,0.0772051069237421,0.07744363548301082,0.07750286683957339,0.07739820619866615,0.07738659671871358,0.07739441526182583,0.07734158779373372,0.0775327862003446,0.07753700546977252,0.0777064652828721,0.07805047617851021,0.078318780790483,0.07839305017523061,0.0786236572201179,0.0787243422664411,0.07891960987747233,0.07888504404400451,0.07897020505574484,0.0791522974936329,0.07923288966242366,0.07927317710584778,0.07985255026032827,0.08014016542220981,0.08047777483223018,0.08067378489297357,0.08114232172444989,0.0815170256694195,0.08178568981682299,0.081786162168925,0.08178553839580467,0.08189745705271684,0.08196746491030296,0.08217506029022804,0.08221650700101296,0.08189690404580265,0.08169724841507936,0.08164976979361402,0.08135492391861804,0.08055592195106435,0.08022298984880843,0.07983959878570479,0.07976586384538292,0.07950166729032958,0.07896548797207416,0.07799530022468378,0.07792893792984756,0.07660807861938475,0.07562475122842988,0.0747779503739175,0.07391292394825545,0.07246988129092169,0.07096635738038498,0.07082283579073019,0.06970410664038397,0.06867695204942928,0.06766360836904314,0.06644916122452248,0.06570768640038947,0.06517614587480366,0.06522003056905162,0.06503676649526463,0.06466149848138983,0.06450000924494555,0.06387223458474672,0.06345790828866493,0.06364953015834555,0.05939254789255051,0.06371929143114372,0.06372852162536993,0.06379724312946236,0.06348929812272272,0.06297038506251382,0.06242356484769726,0.061853909729767634,0.061645961994441084,0.0615952622105682,0.061381131031109766,0.0608976608237043,0.06046140065642901,0.060055493713130015,0.059999690727142646,0.05962680463002642,0.05913468763907448,0.05862324699755807,0.05857435266999483,0.05822553718355028,0.058204131619544304,0.05835900584512995,0.05850292963914253,0.05844642740511944,0.05838269333551195,0.05837336555869439,0.05845487585325674,0.058763959658091655,0.058996341449818496
stat_203,0.3637272871126049,0.15918077157519725,0.21282427966669368,0.164977401425873,0.22345713300847125,0.20254945827705317,0.22318637586138237,0.22319323690965012,0.2231673869386536,0.22310573482952165,0.2230571906240315,0.22300889468613053,0.22288511420340804,0.22280416994271543,0.22284930313194967,0.22289807326504552,0.22314646909486,0.22316596193084542,0.22330735603865567,0.2234904123018007,0.22373799009929396,0.2242876187627373,0.2252893604579369,0.22575375852558177,0.22683624701984648,0.22780541576608804,0.22831246474955907,0.22905232754959007,0.2301247253070114,0.23066937661142492,0.2319359672113549,0.2320062315019477,0.23353816884161568,0.23544645884393892,0.23643803080596842,0.23683788083917698,0.23735464618657823,0.2373730270187793,0.23739558540367625,0.2368704765811303,0.2367533532998041,0.23709804470767254,0.2365461220140337,0.23536152678067263,0.23536874396581478,0.2352957894906713,0.23545582580641392,0.2349452217277193,0.23498304192986363,0.23444571482514953,0.23332851257673992,0.23240963712316032,0.23236975211661917,0.23216645579993797,0.23146998824952647,0.2310245235591325,0.2299982362985662,0.22843181566404527,0.22803471781982007,0.22786423870025926,0.22701902967700274,0.22465763044630477,0.223011544745783,0.22159233918458612,0.2213307404996641,0.22021245700789394,0.21939607823118912,0.21865751090975752,0.21858980692715313,0.21623408513009948,0.2152537159774658,0.21417838464525857,0.21193377701566518,0.20830633720231592,0.20538295934539053,0.20519952613565517,0.2040585861823725,0.20194555223228097,0.19911010476285904,0.19620190759551312,0.1943716959699016,0.19373305344424602,0.19393194588964868,0.19337578599372826,0.19221023998913853,0.19156184379850838,0.19011434420891468,0.18915001676431129,0.18947064247969306,0.16653289086598796,0.1892899051088536,0.1892809736817865,0.18836542245285406,0.186611801039242,0.18421393350669307,0.1826522829841521,0.18091267065721292,0.17985578629243784,0.17961129942918636,0.1780240298729176,0.17518145671319557,0.17304171835209842,0.17100326902545623,0.17070048607519317,0.16832324474723656,0.16636281501612,0.16387362112579792,0.16368321696142749,0.16235833385586673,0.16170435079222797,0.16155048987352355,0.16207253465418223,0.16292264797435238,0.1631434527541153,0.16310901862500898,0.16315222334197824,0.16375777765154945,0.16461421054456993
stat_204,0.34013556739472617,0.14648658632366104,0.20759795881862292,0.15830922740859174,0.2123501185533654,0.19467690522895395,0.2120010592497874,0.21201343736649678,0.21200074730265234,0.21195467798258205,0.2119082402365165,0.21182819428982927,0.21168815269490937,0.21157608948045567,0.21156094334645428,0.21155243939892396,0.21171017716935853,0.21172290264893398,0.21176287790841172,0.21181994360339018,0.2119362451081897,0.21231872706507632,0.21315983719560289,0.21348362098451082,0.21442297333028326,0.2151525822950688,0.21542663916985777,0.21593028628978464,0.21671085129797027,0.21707149672749076,0.218047148920533,0.2180940272366281,0.2192363849927419,0.2208578639315446,0.22173562133839536,0.22202056919881166,0.22247469762869404,0.22247073597349717,0.222631429795057,0.2221629021088308,0.22213499390116917,0.22260126230053173,0.22232372750155246,0.2215428971063414,0.2219946827469673,0.2222105116519327,0.2226682574283298,0.2224835540013912,0.22287904365496147,0.22273696460690218,0.22217819929736915,0.22154872294539127,0.22152066112047392,0.22141808490360285,0.22084492421521,0.22055795261916522,0.21970400278155355,0.21815134815777024,0.21764933382488255,0.2174895176251905,0.2167039940329965,0.2144631391061639,0.21307093508095581,0.21188631199870236,0.21165742938734558,0.2107440733071621,0.20984716460192823,0.20876046410388663,0.20867212792102213,0.20609024986266983,0.20479767533168086,0.2035794788177907,0.20140569004647263,0.1977506967444524,0.19466488432605608,0.1944406086640061,0.19300766020216784,0.19076358241361233,0.18793030985215176,0.18493873101682007,0.1831856954350819,0.1824335952527009,0.18272705401501996,0.18234080421392893,0.18136700292693086,0.18094701598011104,0.179439680503968,0.17840256762666618,0.17869671058395575,0.15857624453703448,0.17850707628096668,0.17850210710400607,0.17780352031420196,0.17616741194111873,0.17399997012263482,0.17245585906217623,0.1707339956104076,0.16986067881950956,0.16967729166937398,0.16844945013611853,0.16608866311260506,0.1643005028328224,0.16252446383998465,0.16226864556036463,0.16026495652112305,0.15845092424247229,0.15622791098316754,0.15605251006882281,0.15483645131658738,0.15433949516880957,0.15431773015216652,0.15481759711088977,0.15540481632872477,0.15546987317482983,0.15543268651067482,0.15549455927909772,0.15614979385752453,0.15691687439664362
stat_206,0.07958526100114942,0.03393375252606288,0.05086449232662851,0.03762241533475426,0.05038030657585267,0.048524207399143475,0.05025953080657017,0.05026746734961139,0.05026543513936441,0.050250452610919295,0.05022369532268887,0.050178372610108934,0.050129047714360345,0.05008677373597125,0.05005794696718243,0.05002850002831919,0.0500138406541577,0.050014151243078765,0.04997775587744391,0.04993000119250785,0.049872853490486965,0.049835191536761046,0.04987800846780781,0.049884298134674966,0.05003689759066348,0.050076534577761254,0.05001499969478701,0.0500117117168552,0.0500057664399646,0.049962367567478586,0.05010318339686216,0.05010782512498993,0.050231360967906126,0.05042921107168801,0.05060421281987197,0.050669696495176976,0.05085065280696065,0.0509558882531698,0.05108667778035049,0.051100973281526185,0.05116277660815855,0.05124195844189042,0.0512777938296541,0.05130061903926179,0.05166100579600794,0.051815576523171265,0.05198052684865887,0.05208123871431743,0.052350254382165666,0.052579448480795724,0.0526945174415877,0.05266326480854173,0.05266162450982756,0.052738470183942246,0.05282363718253666,0.05298630015396789,0.05305809192885447,0.05294870325893382,0.05287081903423392,0.05284237284248336,0.05264213754231468,0.05213125519228936,0.051889150557821825,0.05158169234967934,0.05152798138889571,0.05130935483562065,0.0509613162761425,0.0503463791284551,0.05030439224551943,0.049491581514429284,0.048858580093814975,0.048273776521536964,0.04771163802730229,0.04682996649511043,0.045864348116281956,0.045771665010189415,0.044994733431476856,0.04434976427153698,0.04374994926612355,0.04300472331303453,0.04249863778299069,0.0421208699246685,0.042096414007731967,0.041920946915604634,0.041631738953774165,0.04146515612331995,0.04107815316357825,0.04083699862823121,0.04098867947550093,0.03856412468801228,0.041080903893470945,0.04108910379358225,0.041177231578732,0.04105846241949729,0.040771819254127366,0.04044622887556659,0.04012303558154994,0.0399780954994855,0.03993290494804364,0.03976677891744874,0.03944472206449591,0.039134076075266075,0.03888143847698806,0.038843811760319834,0.03860445598672955,0.03831723395290688,0.038014583013966,0.03798512356552366,0.037769387952190314,0.03774577892549953,0.03783524508385785,0.037914982818637824,0.037900969508694614,0.03789986507692885,0.037897209405253346,0.03795821305426648,0.038141699320209034,0.0382985179672546
stat_207,0.19386403948539754,0.08167093198952098,0.12835754455866863,0.09407433102094898,0.12438186070702655,0.11879296048271067,0.12405849177355786,0.12407634390382073,0.12407965634273244,0.12405802744328619,0.12401206928787625,0.1239066807018583,0.1237876951987746,0.12367540807641413,0.12359045183655816,0.12350955660137308,0.12347879984104908,0.1234784940458105,0.12337380540975454,0.12324416670799933,0.1231213190625131,0.12308883859989145,0.1233154162420978,0.12333498890990673,0.12373710849344714,0.12386902831261543,0.12373288299370125,0.12374415254573194,0.1238144737557155,0.12376961761917159,0.12408191884143176,0.12408854487130325,0.12438009416700996,0.12499077602455069,0.12542442447193047,0.12552737187067523,0.1258514051913118,0.1259541144682203,0.12624256800333147,0.12612871019272,0.12624406537920826,0.12657453304426633,0.1266935800195422,0.1267100615383815,0.12757870580270017,0.1280313297602043,0.128590671523714,0.12887697268253914,0.12959022059251876,0.13010771721252143,0.13048217320725378,0.13045656932849695,0.13045436019647594,0.13059226641632785,0.1305987316998508,0.13082559351750386,0.1307610375477736,0.13010315742589953,0.12974579765107588,0.12966528915287912,0.1292049420045211,0.1279200423416704,0.127364447906108,0.1267888661564775,0.12667353046099086,0.12627267066809716,0.12547523904222735,0.12406881111661927,0.12397095213698923,0.12192343645552217,0.12047604766355458,0.11925230265069406,0.1178912294117377,0.11556604222490652,0.11324267312292026,0.11302648640876205,0.11141333721099986,0.10979482107111962,0.1081186096728664,0.10616225299354787,0.1050238465020706,0.10425398988298686,0.10438994337190627,0.10416479509185604,0.10361883437263082,0.10342879914475088,0.10242054149711209,0.10173682341633747,0.10199858515812638,0.09424854883007286,0.10203634391476869,0.10204683990449055,0.10205462913960635,0.10142977856565763,0.10050314648441284,0.09960031832822883,0.09863667123371575,0.09829430843731277,0.0982222756335285,0.09786107727156576,0.09701974628283491,0.09630226841225525,0.09559053855592976,0.09549413921846654,0.0948118681498285,0.09395800325582926,0.09304223334419616,0.09295851347008702,0.09236908754682333,0.09230078202553886,0.09251282889108561,0.09276385198847484,0.09272737542833374,0.09261512767212307,0.09259635494883611,0.0927043867710146,0.0931929414213335,0.09357073095143932
stat_208,0.40604425076171136,0.18468931970734856,0.2182561416866856,0.17395581160771328,0.2406412870943673,0.21414174810469688,0.2405575434875651,0.240553924239085,0.2404957034694928,0.240392836879018,0.2403275414058511,0.24034203786296934,0.24025340205668785,0.24024473070404154,0.24042366940148868,0.24059623987128978,0.24102338561188227,0.2410572445552284,0.24141742232457247,0.24186801095416052,0.24237113214135173,0.24321184369270232,0.24443177690043935,0.24517496861085653,0.24650831928972144,0.24792676810385647,0.24889693583355782,0.25009793135415387,0.25168391987810085,0.2525473874309107,0.2544242394349528,0.25454636340689835,0.25687392951193416,0.2592230355276205,0.26042639102646653,0.2611150284834061,0.2618676184748394,0.2620835066589146,0.26183956685340987,0.2613482259254913,0.2610755666524623,0.26102175931375354,0.25986845671965564,0.25788881248600376,0.2569647330871675,0.25622402596082344,0.25563488338337487,0.25443044325879693,0.2536916063802605,0.25238873452127525,0.25010022059441084,0.24858603033208865,0.24852213716113913,0.24815255121790586,0.247346519912606,0.24669334971233456,0.24548047975601875,0.24414933249818535,0.24407898000825426,0.24389676335041124,0.24292927792357435,0.24039288220697116,0.23823420630925018,0.23626094960652058,0.23592883106703558,0.2343410054191395,0.23367649066425578,0.2336083431791326,0.23358142637495163,0.23177862757442041,0.23140002874605056,0.230503999805139,0.2281530283370969,0.2247799440625743,0.22223266909913816,0.22213063592217358,0.22140117237299986,0.2196377727904171,0.2170325422047321,0.21448135760680542,0.21244733376722486,0.2119293208922709,0.21175658139741493,0.21068715387311363,0.20901786420339635,0.2077425336088154,0.20649043110069512,0.2057684431851086,0.206229575701821,0.17928120224496813,0.20623012397355428,0.2062213757991458,0.2050524554606177,0.2033680712120412,0.2007238838044789,0.1992499920963043,0.1976585141475279,0.19622378871717439,0.19582349928209958,0.1934727337841608,0.18971697240077673,0.18685643750828884,0.18437914529844054,0.18398769431915768,0.18094519756270253,0.17882057385521127,0.17593820677812105,0.17572786195158538,0.17424248181641902,0.17327632769137566,0.17284904072376472,0.17337260204520927,0.17476145694238224,0.17537752992535435,0.17535758117053796,0.1753849118303633,0.17584281153549572,0.17687233085648293
stat_209,0.33451159688119453,0.14826908856275853,0.19131689451939923,0.14896367703120783,0.20339445042334642,0.18529187871093017,0.2031769974496148,0.20318486613138342,0.20315228972841093,0.20307979483008037,0.2030146785823201,0.20296496672262127,0.20285008067314664,0.2027858082812498,0.2028432878278779,0.20289825283717136,0.20312164881717817,0.2031407503493235,0.20328901490615475,0.20347339502949907,0.2036853118505571,0.20412835048926525,0.2049157749884839,0.2053406243182338,0.20630345830606833,0.20716022284281707,0.2076187191226763,0.2082857720509474,0.20918587721186307,0.2096245138907869,0.21083942304054482,0.21091093252187762,0.21235434023860789,0.21397022894972648,0.21487814155271145,0.21532267367501234,0.21594138595037793,0.2161439133618061,0.21618515620367748,0.21587446788631637,0.215798841417527,0.2159405205631907,0.21537403513842185,0.2143038007601057,0.2142921683323801,0.21412550812644332,0.2140855159748043,0.21356507028292365,0.2135335369179576,0.21308696578198527,0.21196966282473614,0.2110801187775405,0.21104196773893846,0.21091119584651738,0.21048656369717716,0.21025765900627333,0.20956342947560364,0.20851725514294828,0.20831846275421292,0.20817309656663374,0.20737036920631727,0.20524328715283843,0.20369954680647848,0.202228409940806,0.2019734091126068,0.20082048975971573,0.20001850792314668,0.1992399998578653,0.19917288589989304,0.1970746447125366,0.19607418170539181,0.19487350390209235,0.19280349546776476,0.18966321997818628,0.186951483865436,0.18677346740415834,0.18542235213314032,0.1835409004496811,0.18118535520197424,0.1786862712020416,0.17689911656673066,0.17614826496254424,0.17609770868638677,0.17534354415314127,0.1740814392164537,0.17322672754191948,0.1719743237486639,0.17120441438710235,0.17162827495297633,0.1525231171413302,0.17168397012158462,0.1716868085775223,0.17108095269065696,0.16985057363264358,0.16789732192402765,0.16658750968482847,0.16518776839267565,0.16419690137124746,0.16392810523174725,0.16240900846114634,0.15984674095117052,0.15783479414583296,0.15606094149139302,0.15578738407157006,0.1537034978224244,0.15205874042961048,0.14994846738716483,0.1497853300486381,0.14863091563751032,0.14803885008767245,0.14790139506438002,0.14832588977802424,0.14911145263738648,0.14942397026303816,0.1494044523330866,0.1494828109229436,0.14999608417236085,0.15078736968599918
stat_210,0.40208887692536344,0.17736785392871904,0.2298210317188817,0.18004923402400277,0.24486205082409504,0.21925068530094555,0.24463802411299315,0.2446388616880866,0.24460423581607108,0.24453406117967827,0.24449347186365644,0.2444773057146207,0.24436487554531977,0.24430499610431425,0.24440155626535584,0.24450242173798284,0.24485274199368567,0.24487897582907844,0.24511476746646207,0.24541930121576208,0.24581470189576962,0.2465868317356337,0.24786502648990733,0.24848728156751626,0.24977361487622377,0.25103685890158584,0.2517965963695435,0.252805144659706,0.25425602868474895,0.2550381897594201,0.25661180173344833,0.2567037784552801,0.25865861214746355,0.2610048468876934,0.2621508881389404,0.26263521052344313,0.26315330014731725,0.2630896655297342,0.26296760467492875,0.2622689358539235,0.2620421989849198,0.26238141722832775,0.26157259872600136,0.2599342319924495,0.25951878697229047,0.2592182358939855,0.2592032077013785,0.25838343728261476,0.25811350228328933,0.2571404962818322,0.25548684747427736,0.2542752555414609,0.25422311499529243,0.25387943016487136,0.25290347439782374,0.2521762589012213,0.2507895945278356,0.248911180651505,0.2485035231248653,0.2483088472555909,0.24738472890748295,0.24478099726702715,0.24283440049472996,0.2412236762960505,0.24092768361471076,0.23963636803845384,0.23889542791599536,0.23852587280380558,0.23847842223783425,0.23620583977767698,0.2355486822921806,0.23469305041016664,0.23228913365360787,0.22842241236971378,0.22554956150247657,0.2254038159321065,0.22467625361000332,0.22256606980608698,0.21946366677932355,0.216414449224198,0.21449155599507283,0.2140302657950094,0.21428073881937285,0.2136786559115595,0.2123913549468106,0.21165056462496717,0.21015206868514855,0.20914701792664542,0.20942977691332648,0.18162595799026598,0.20911870798198146,0.20909905679608112,0.2077960487399546,0.20563287664079483,0.20276541303075543,0.2010496240197269,0.1991073786962261,0.19783694479656155,0.19754706912703088,0.1955746926058147,0.192111308161715,0.18956274508818963,0.18712372288248547,0.1867593828658277,0.18385701260072002,0.1815800671239781,0.17862265112142034,0.178402717181997,0.17687900408238835,0.1760372758468446,0.17574400258210895,0.17634147842629574,0.17748450929034773,0.1778063416293235,0.17776633985704146,0.177770954431611,0.17837684010297128,0.17935500167635768
stat_211,0.2066850711235944,0.08721681544427018,0.13609508432158018,0.10001457715202376,0.13235374371036226,0.1260089549100111,0.13201869418302378,0.13203683379914632,0.13203961753628157,0.1320163746612125,0.1319692011708124,0.13186174327012462,0.13173807400701096,0.13162215990765086,0.13153757005563638,0.1314573570443072,0.13143437407738315,0.13143464518592746,0.13133312866123595,0.13120784274254949,0.13109232147331587,0.13107856687557456,0.13134186472135226,0.13137602041156565,0.13181575665348133,0.13197954311886154,0.13185795037592954,0.13189223081236326,0.13199799779702498,0.13197076127356577,0.1323228707664903,0.1323314942959735,0.13267093935894658,0.13334816659888857,0.13381587659773356,0.13392989132863048,0.13426915086633917,0.13436892755457205,0.13466042315185658,0.134525416216801,0.13463754073357834,0.13498594079011417,0.13509094280354333,0.13507113967555814,0.13594810075522706,0.13640502368543617,0.13697916844856858,0.1372534685877018,0.13797539885455992,0.13847845790850144,0.13882300601115602,0.13876947340684218,0.13876602820681277,0.1388964848340496,0.1388735585955018,0.13908122251685648,0.13897441559280502,0.1382486769501811,0.13787113434656076,0.1377842650869355,0.13729490782137416,0.13592507150503944,0.13531355172850612,0.13469422046951454,0.1345702366343444,0.13413493854750225,0.1333091506766811,0.13187575881016006,0.13177538606015707,0.12963867119064257,0.12815479686381978,0.12689571737204985,0.12545465697849398,0.12299307832120208,0.12056207476629847,0.12033883537644825,0.11868627313797181,0.1169873924527542,0.11520293356703896,0.11313588438807677,0.11193436242716479,0.11114243658929147,0.1112918389904338,0.11105423994354043,0.11047307098589572,0.11026878910356859,0.10920496160217005,0.10848237762345327,0.10875292478322,0.100167726771185,0.10877972203724076,0.10878975656146372,0.10876358331608495,0.10806918551166947,0.10705393271580477,0.10609201877907971,0.10506125191879115,0.10468379713766622,0.10460480604932845,0.10419282792390211,0.1032542972194678,0.10246536041514379,0.10168084214065895,0.10157397437237353,0.10080763606777099,0.09988038105982179,0.09887253275243944,0.09878175877503369,0.09814383049858143,0.09805299598052318,0.09826030419073928,0.09853159950362014,0.09852351603983077,0.09841466484234121,0.098394274694952,0.09850283695153152,0.09901474938519032,0.0994224107740304
stat_215,0.1588272694988123,0.06671283143300821,0.10650484661152922,0.0775140432225048,0.10228636513526969,0.09839185263147855,0.10200541039006121,0.10202156093735934,0.10202544205240754,0.10200786358051671,0.1019669092525979,0.1018722363261018,0.10176937771848599,0.10167109567444363,0.10159158237885313,0.10151526260024868,0.10147348746691144,0.10147224581258822,0.1013697347623226,0.10124204498350328,0.10111532787373485,0.10105299926966549,0.10120054458122041,0.10119438595433491,0.10150498951943934,0.10157409364505249,0.10142336141927577,0.10139552072920019,0.10140094222212623,0.10132927571674448,0.10155426599457174,0.1015572283352314,0.10174946903352394,0.10220453825647123,0.10255087006223634,0.1026293974357756,0.10290733088441617,0.1030104736881251,0.10327347546767043,0.10320544008014308,0.10331832747946743,0.10359260511078407,0.10372524843751003,0.10380064331071177,0.10459313332254243,0.10500495428934335,0.1054974921754978,0.10578304795335991,0.10643113032374357,0.10693773872065913,0.10733680105183545,0.10736061577669026,0.10736067703634929,0.10750260560820793,0.10756089842210743,0.10780713184154013,0.10782183942798894,0.10732805339812222,0.10703072127561739,0.10696667382454955,0.10658698426436115,0.10553501533783095,0.10511305808047694,0.10465059054945827,0.10455785503202254,0.10424294535556924,0.10354693229481532,0.10227946431147669,0.10219242902321676,0.10043640540561806,0.09914874074510462,0.0980667492140319,0.09693486765465224,0.09500308274203122,0.09302226257734278,0.09283291076645474,0.09139514654063424,0.09002569536084376,0.08865177087807792,0.08702079484340543,0.08606649955722465,0.08538571462847787,0.08548633962757657,0.0852945580545636,0.08484341252552903,0.08468750219604221,0.08384398765127818,0.0832747577430052,0.08350494985011143,0.07772311707595508,0.08356109181547028,0.0835717536452217,0.08363853092358972,0.08317886196579541,0.08246882134716053,0.0817301074879976,0.08094944500735017,0.08068927339735861,0.0806332092382741,0.08038109384041027,0.07976203691331893,0.07921409273872869,0.07867575209099203,0.07860377602897053,0.07811225546930148,0.07744344926052955,0.07674917627973711,0.07668333171767074,0.07621756667297806,0.07619269527899532,0.07639881459646623,0.07659756250958413,0.07651456511012368,0.07640525300587693,0.07639065619062504,0.07649087361566637,0.07690585647300834,0.07720694981687956
stat_216,0.3763264494649597,0.16623603870826273,0.2149745471871977,0.16810805263744877,0.22908428591392524,0.20669959314911757,0.22885821313003282,0.22886280360490377,0.22882836366795536,0.22875513898140773,0.22870047078173109,0.22866608675799432,0.22854947422444258,0.22848571274635168,0.22856388794286459,0.22864278071544814,0.22893420296090264,0.22895728580396313,0.22915196486744285,0.229399343597594,0.22970570723136535,0.2303199291152057,0.2313666128289309,0.23189705342564018,0.23304177010276272,0.23411520468463717,0.2347269013719334,0.23557169210084294,0.23675484170020522,0.23736542028005037,0.2387777757480771,0.2388602754908688,0.24057593831407081,0.24257897082741914,0.24362389684892874,0.24409517874192943,0.24468169072322848,0.2447614053304279,0.24473298845473518,0.24422863017509444,0.244082391827272,0.24432986291085068,0.2436418939819655,0.24228136232934946,0.24208876487407296,0.24186024852872956,0.2418382816368509,0.2411629500568261,0.2410178829390169,0.24030223643573131,0.23888915844445158,0.2378146920495948,0.23776850067648586,0.23752718646914353,0.23681564902618507,0.2363291861207719,0.23526804091033596,0.23378089503346325,0.233476275841323,0.23330259865628092,0.23241907469459272,0.23000143165981807,0.22821263455429408,0.22663037007090245,0.2263479376167052,0.22509227585881258,0.22430660782206183,0.22372680740749928,0.22366853843485257,0.22143945720991687,0.22058995688202696,0.21953103713644234,0.21724324184578458,0.21366387527385844,0.21080088283677262,0.21063357199368046,0.20954633818529875,0.20749702856875232,0.20471027682594195,0.20186865958703157,0.19996585441289988,0.1993290479079854,0.1994265754935718,0.1987301589244345,0.19742547341985534,0.19660888625277165,0.19519790446084964,0.19428828751897803,0.19465545190700936,0.1707929202593393,0.19453467759576681,0.19452683919647942,0.19357195100634106,0.19185541489554658,0.18940658196904822,0.18786212711650477,0.1861585413288349,0.18500740472963742,0.1847220614644845,0.18294523777544777,0.1798759857543274,0.17754765417227336,0.17539868622660496,0.17507294669015475,0.17252680248141594,0.1705252878640959,0.16793650869460708,0.16774081280918274,0.16637212428793355,0.1656365021892636,0.1654128970990607,0.16593447291419564,0.1669259779542133,0.16725490480392596,0.16722477925670298,0.16726753474548572,0.16783731475768415,0.16874281079506034
stat_218,0.1924394634105563,0.08097298056432026,0.1278288465938028,0.0935462579406073,0.12360174020628212,0.11815519493609666,0.12327657119373138,0.12329459183791341,0.12329832351416206,0.12327722350171139,0.12323132307373254,0.12312499779692222,0.12300572576803741,0.12289265752509577,0.12280579117352784,0.12272304330784381,0.12268891993758632,0.12268836902600176,0.12258028820893119,0.12244637668436972,0.12231877032214857,0.12227951872035621,0.12249825821404263,0.1225123652329546,0.12290762828530964,0.1230296560931161,0.12288475433885443,0.12288664938090357,0.12294456406201433,0.12289199784807366,0.12319234559105086,0.12319808012896176,0.12347355348807947,0.12406988557229495,0.12449781206546419,0.12459650889392805,0.12491850133002759,0.1250217794198631,0.12531534672776132,0.12520571304440117,0.12532470524240785,0.1256575714868326,0.12578676129231509,0.12581939930500874,0.1267030321451562,0.1271647824002095,0.127732547717454,0.12803017677180897,0.12875462994036668,0.12928604129097315,0.12968001117049782,0.12966519267995272,0.12966343044917875,0.12980509283254038,0.1298174274658773,0.13005064370565847,0.12999414804713663,0.12934106933891276,0.12898201926625733,0.12890220986570322,0.12844519608669655,0.12716871116234502,0.12662376653072469,0.12605742408106693,0.125943541541626,0.1255507282294997,0.12475230422104502,0.12333638699931905,0.12323801153502197,0.1211883895715217,0.11973284573946974,0.11850569857990936,0.11715105114757099,0.11483275886218117,0.11250953544998792,0.11229232366515335,0.11067001680803439,0.10905125883618261,0.10738169454455025,0.10542880216049089,0.10429545393658897,0.10352169571515105,0.103659067288734,0.10343929208750595,0.10290091369202184,0.1027186186162755,0.10171115540560709,0.10102714062558228,0.10128810216881773,0.0936818259478203,0.1013270798515768,0.10133779024204513,0.10135593416129267,0.100740495819797,0.09982744812543166,0.09892887603936681,0.09797040157659528,0.09763579370294402,0.09756586640435513,0.09721873343107805,0.09639826165477317,0.09569550392640488,0.09499630253949437,0.09490194584417155,0.09423611311835922,0.09339125251060679,0.09248912562514497,0.09240628130973678,0.09182297317011609,0.0917605364536419,0.09197669242423914,0.09222579178487705,0.09218005524521884,0.09206344938860171,0.09204473342806961,0.09215342299706471,0.0926419383088352,0.09301546692946143
stat_222,0.3857140593917691,0.16823867765121106,0.22678415914582098,0.1757948461835728,0.23750746295998568,0.2142662056039474,0.23722050434824607,0.237225727190269,0.23720122227217255,0.23714280563450735,0.23710344493150207,0.23706201003789198,0.23693602639312158,0.23685124089922716,0.23690075581572778,0.2369568852414663,0.23723726040812823,0.2372582863562924,0.2374150116130055,0.2376211625379757,0.23791398751862802,0.2385564476057452,0.2397123191863175,0.24022548415032732,0.24140457247685387,0.24248227588922155,0.2430581785217688,0.2438813984737446,0.2451029852909247,0.2457390239848261,0.2470861055004138,0.2471596370472018,0.24880844638758506,0.2509328053687425,0.2519934108161219,0.25238759290401097,0.2528605933707638,0.25278146190725453,0.25277359741110333,0.25211948964031916,0.25196546141852855,0.25240478655828275,0.25181510809046337,0.2504964105062287,0.25044049695353043,0.2503707323972575,0.2505935146181424,0.25002967564342854,0.25004315426117063,0.2493786807410705,0.24815470666385114,0.24716256504268852,0.24711936160736145,0.24685285789915873,0.24596932845152064,0.24536259694814122,0.24410369835105622,0.2422284794855775,0.24173844232131128,0.24155107466483589,0.2406682605921075,0.23814463613529818,0.23638406108518753,0.23494514627316065,0.23467277428832944,0.233531857203888,0.2327252937255823,0.23208482330557811,0.23202111516272433,0.22956112137417928,0.22865515004570128,0.2276801760844969,0.22531801950712685,0.22140837043015257,0.2183883829513851,0.21820899885952982,0.21723869042465271,0.21500927008092746,0.21189081094512116,0.20875489665927402,0.20687959323893712,0.20631964430253974,0.20664549838579302,0.2061738510840981,0.2050305262644595,0.20446607213200965,0.2029095396825829,0.201839855338818,0.20210526064614706,0.1763989593141237,0.2017884038004392,0.20177202623724722,0.2006401170220768,0.19856281613133908,0.1958656142699483,0.19415399089654473,0.19221541456473415,0.19108451530309203,0.1908414627723848,0.18914451684297218,0.18604474983052355,0.1837593858436831,0.18151417488999802,0.1811847701205984,0.17855997452884198,0.1763859715831727,0.1736210079008648,0.17341163040277968,0.17196470874959144,0.17124026652695837,0.1710474662985869,0.17163063151602534,0.17257632927227154,0.17277944711644325,0.1727371516186012,0.17275649019498518,0.17340393623455805,0.17431788415408708
stat_224,0.0838188957509035,0.035643571589498164,0.05401071887055477,0.03982900035039043,0.05322165227632318,0.051338710368155946,0.0530899929901036,0.05309856390431311,0.05309705298593733,0.05308203822571525,0.05305419495024652,0.05300515030585734,0.05295224893529151,0.05290608049935813,0.052873124869407456,0.052839765650926344,0.05282145994837377,0.05282154737963538,0.05277925295519331,0.05272422538801816,0.05265992560216145,0.0526164960973138,0.0526606096322413,0.05266323767949085,0.052821942793498465,0.05285808880754833,0.052786504502731604,0.052776946757467,0.05276511128988542,0.05271589993326395,0.05285666069982439,0.05286082777909876,0.052981457568873236,0.05318795690600423,0.05337093604480504,0.05343576462168394,0.0536225201018593,0.053728831825829576,0.053870154642218886,0.05388220404096489,0.05394900708580371,0.054040398647404515,0.054086635471189824,0.054120598477745856,0.054515282464063314,0.05468989477877258,0.05487827167907271,0.054996088730809974,0.05529434330456587,0.05554909763289794,0.055691941433331005,0.05566962684952428,0.05566832424118993,0.05575210690986582,0.055841657750395984,0.05601574934061108,0.056092106829199156,0.055966408215778744,0.05587553769385761,0.05584538631306549,0.05563529653535983,0.055095320127482396,0.0548479552462989,0.05453388119714203,0.05447834141129284,0.0542566030420526,0.05388470150670344,0.053220520353100924,0.05317525869669354,0.052301441601484054,0.05162047305104965,0.050999654878446,0.05040481887603974,0.04946226432133414,0.04843205750968388,0.04833260740454869,0.04750655055130922,0.0468165511083594,0.04617354907510616,0.0453758979194819,0.044843626622863494,0.04444399004594184,0.04442640995620618,0.044250774720621534,0.043953699598209495,0.04378940301986631,0.04337513535545404,0.04311443204926854,0.043271530446998906,0.040732016225122555,0.04336368391570227,0.043372217055102136,0.043465741906227734,0.04333324388314383,0.04302897970819598,0.04268057390896152,0.04233276765593862,0.04218461356356422,0.04213954885819453,0.04197525548753343,0.04164660302286643,0.0413289301635754,0.04106647412387874,0.04102792309371887,0.04078355440200446,0.040479233246525366,0.04016224089644174,0.04013114497297129,0.039904015478735434,0.03988439807301657,0.03998433213820018,0.04006974585279569,0.04004507467645008,0.040035408497908966,0.040032164865523794,0.040096667661821454,0.040294702053351124,0.04045811255450372
stat_225,0.2574842005926118,0.10938428889724863,0.16484208033724923,0.12285604549503029,0.16343081545475818,0.15358042007272393,0.16306791236268886,0.16308598514687772,0.16308453155433525,0.16305283048834773,0.1630013828272196,0.16289271642459507,0.16275523912664416,0.16263188766659534,0.16255970088779656,0.16249252267829165,0.16251482878725532,0.16251842280821824,0.16244666508245623,0.16235964946019618,0.16229449991879977,0.16237954339421157,0.16280738776393266,0.1629184177721691,0.16352022898344057,0.1638401257206879,0.16380836120309872,0.16396319892719127,0.16424387312750618,0.16430883343070948,0.1648472915724778,0.1648663298890965,0.16543400487205284,0.16639763312155237,0.16700657308167327,0.16717458298867,0.16757602732727636,0.16766469169071133,0.16795057558654058,0.16772709939587105,0.16781565383358107,0.16821821282768776,0.16823617075011893,0.16802629147250542,0.16886964979935615,0.16929978682757016,0.1698841908692577,0.1700607393754663,0.1707524878837008,0.17112770385051074,0.17125502054702657,0.17104132562850874,0.1710309465881572,0.17111091622570765,0.17094816011053682,0.17104527051622814,0.17073932539088185,0.16975570780314972,0.16932569312883225,0.1692133120912963,0.16860728412556147,0.16690496854223127,0.16603497596523997,0.16520855669675505,0.16504631162616965,0.16444229708307384,0.1635377206441476,0.16209463262386875,0.1619901938547258,0.1595827585499629,0.15803653061328157,0.15668438435207405,0.15494022507232258,0.15198474840283327,0.14919300794991833,0.14895157383495916,0.14721197579836362,0.1452380397671895,0.14304988235579272,0.14058397922540314,0.13913984312201114,0.13828565633380355,0.13847585366769613,0.1381726467934155,0.13743743277249398,0.13715233179845282,0.1358909771818122,0.13503301020169425,0.13533685835943765,0.1231597479619923,0.1353195014619475,0.13532700439846243,0.13513777795433438,0.13416135211336291,0.13277911756215524,0.13159495278630334,0.1303110863302073,0.12977595241790305,0.12966235477044505,0.12900577386485812,0.12762648470533386,0.12651303714982962,0.1254112830967492,0.12525706678877765,0.12410792113487135,0.12288152148483167,0.12148030670731753,0.12136060416005871,0.12052288336926266,0.12031500497984957,0.12047387007133403,0.12082421295299675,0.12097910535581133,0.1209149401368877,0.12088908418610679,0.12099446760533258,0.12157976678545117,0.12211445052470828
stat_226,0.10105848379423678,0.04269611482760743,0.06672502541542456,0.04874269090160923,0.06468622079217032,0.06249009871033846,0.06451412768989014,0.0645247874779137,0.06452530295729393,0.064510564643056,0.06447984320274504,0.06441824662327655,0.06435242339141581,0.06429200432306081,0.06424476145563966,0.06419822061642286,0.06417017507583406,0.06416962327489806,0.06410797828591676,0.06402961519048844,0.06394473328717615,0.06389046740496251,0.06395464388585137,0.06394954577691718,0.06413975552167413,0.06417506716871904,0.06407580455322609,0.06405350123115226,0.06403672669547256,0.06397668161479408,0.06412757616834518,0.06413062150976184,0.0642558349852315,0.06451493820541322,0.06473368779496315,0.06479749264880302,0.06500242725337756,0.06510494301373865,0.06527911204145245,0.06527139241844956,0.06535145047232152,0.06549265333204776,0.06556895603113502,0.06562585769178311,0.0661320761858426,0.06637585618936105,0.06665151551560018,0.06682375392652379,0.06722292063302042,0.06755635674443379,0.06778962293067034,0.0677937841486114,0.06779344410138263,0.06789632512278679,0.06798304371997378,0.06818206178718489,0.06825087052331917,0.06803162394289773,0.06788216065411642,0.06784415625203685,0.06759603043441374,0.06693650989710405,0.06666129321375722,0.06632629785131959,0.06626369727153562,0.0660326202887534,0.06557616582025558,0.06474381505195766,0.06468715972894992,0.063583649835621,0.06273908413342624,0.062000887091209836,0.06127845127738673,0.060091392742475824,0.05882300014865406,0.05870006794570605,0.057717091493932095,0.056856981913795575,0.05603457019419662,0.05503077346738456,0.05440089313623247,0.05393167945058182,0.05394854252656461,0.05377764898050978,0.053452243057410816,0.05330078621993892,0.05278000116357286,0.052441177840190284,0.05261365225801736,0.04938490493026994,0.052694468084205935,0.0527035345812467,0.05279583497980622,0.052584219156539866,0.05218750261004064,0.051743823308012374,0.05128946109587336,0.05112147244200187,0.05107670520915351,0.05090629066562307,0.05052702669075713,0.05016981832476656,0.049851333084203336,0.049806848036265006,0.049519660109938,0.04913184150344042,0.04873451493937025,0.048695567570139646,0.04841508751961717,0.048403046860064726,0.048536893040365556,0.048649566299906154,0.04859518768954181,0.04855096176031481,0.04854461984925361,0.048618408812797095,0.04887308536896165,0.04906528295850257
stat_228,0.30994589823710056,0.13271532703352384,0.1931032402381706,0.1458264258384176,0.19486324364820232,0.18035615157041066,0.19449665778272993,0.1945120058774712,0.19450475581472323,0.1944650623274076,0.19441598671569502,0.1943203997683495,0.19417785207907454,0.19405688754227932,0.19401336284302684,0.1939761616219121,0.1940738000139959,0.19408245732563,0.19406932994392612,0.194058404397563,0.19409190467305695,0.19434542151426837,0.19501773594207214,0.1952485141677774,0.19605338232527764,0.19660794965283362,0.19674283488141842,0.19709317052682912,0.19765817086456317,0.19788866453792742,0.19867876814083008,0.19871324368974802,0.19960880139060536,0.20096346762654477,0.20173645442144067,0.2019700432691159,0.20240657467852527,0.202440623699602,0.20266587823666105,0.20229605433572598,0.2023224314744291,0.2027778396123886,0.2026373849450342,0.20210903319274046,0.2027627281656208,0.20309177589210048,0.20363132473808368,0.20361724381271126,0.2041688718773482,0.20426822088109123,0.20402660365279737,0.20358088737795743,0.20356058323195925,0.20353927245815198,0.20313442428930314,0.20301229452403735,0.202381603143317,0.20103569355450568,0.20054585486888468,0.20040365739404398,0.19968387030451623,0.19763675266367087,0.19645603769943668,0.1954187401163778,0.19521616175371,0.19443202201082183,0.19351153232481283,0.1922342527941902,0.1921362778952646,0.18956598415156198,0.18812423486006974,0.18682031822834685,0.18479297129190514,0.1813632802468816,0.1783352376575825,0.17809707252157714,0.17649115343771746,0.17431127136219207,0.17169796173909851,0.16886798774307793,0.16721857577097227,0.16640256134196615,0.16666410605192047,0.16631714237131726,0.165439010593695,0.16508378844585866,0.16364825204808953,0.1626626530041799,0.16296459319295983,0.1459973349955588,0.16284356913024597,0.16284403213191528,0.16236169430837633,0.1609807729889826,0.15911904734198992,0.1576994030359113,0.1561314360981018,0.15539653852964522,0.15524332334628918,0.1542571591655061,0.15229766267600406,0.1507843761957453,0.14927621723838927,0.14906153712371695,0.14740432197391823,0.1458124995315804,0.14390983791520343,0.14375551177877527,0.14268282465196772,0.14230812083663097,0.14236991339372643,0.1428153115571663,0.14321488703139942,0.14321556314136782,0.14318213667661422,0.14326392819132308,0.14390494569414525,0.1445823121036071
stat_229,0.2221420543201859,0.09538272166045644,0.13786449367674636,0.10382783704396932,0.13946153593016072,0.13139421980695037,0.13918070010829708,0.1391964232213688,0.13918820836160453,0.1391495907820433,0.13909285899403287,0.139000707863429,0.13888472437325589,0.13878942847822048,0.13874474201401202,0.13870031573815514,0.1387268447337336,0.13873141009546544,0.1386929093959081,0.1386426353667435,0.13859231556676047,0.138646353467085,0.13895025734942165,0.1390595381760286,0.1395699343330532,0.13984941785839422,0.13984334754341995,0.13999333889756826,0.14021521679961427,0.14025527067746973,0.14077339343601827,0.1407958976773319,0.14133928778233643,0.1421147413662953,0.14264386268178936,0.14284048688299503,0.14326718064115646,0.14344574309630653,0.14368832404051488,0.14358635391473815,0.14367160644919705,0.1439078881327033,0.14386440854941193,0.14365638888054835,0.14432133173493292,0.14460068830693681,0.14495716210678383,0.14503991734078922,0.14554699686690972,0.14584640418741882,0.14582612004725337,0.14557617187720695,0.14556474075155362,0.14565428393919175,0.14563592765123462,0.1458132356794492,0.14569122969052806,0.14510746511758885,0.14486111635691715,0.1447713773305123,0.14423052391887578,0.14279225598452602,0.14200048968475143,0.14115725804438656,0.1410051775106669,0.1403809137911076,0.13958601724092948,0.13833540640999195,0.1382458301016384,0.13626408053171066,0.13492011234440515,0.133652396728522,0.1321524914241315,0.12975449475857723,0.12737675608155052,0.1271697626076577,0.1255401350362671,0.12390750945772017,0.12218598689753224,0.12019004827323429,0.11888966072565876,0.11807954891510151,0.11809953910902213,0.11768371940220951,0.11692546342877795,0.11650529655328747,0.11548433138525503,0.11482950908659592,0.11516482876718846,0.10565559812116558,0.11527717841897145,0.11528939103515297,0.11523782579054977,0.11461243883305555,0.1135549006140859,0.11261530407953597,0.11163293612626173,0.11114759125286124,0.11101899765663838,0.1103879517163462,0.10919208754221102,0.1081770786877102,0.10727027445122468,0.10713655604563971,0.10617895663896515,0.10521635300531497,0.10410652915693906,0.10401045039053815,0.10332503849110777,0.10313767117201698,0.10326253920990947,0.10352748364817281,0.10368956595102848,0.10372100358325154,0.10370700567860952,0.10382034544175889,0.1042877956298148,0.10475588622199436
stat_230,0.1520285359025913,0.06409333655338932,0.10133434555178487,0.07387998261407468,0.09762508827104409,0.09376624092976292,0.09736363727271452,0.09737859681779046,0.09738147018037532,0.09736386722774047,0.09732495389478685,0.09723721986500806,0.09714076516714312,0.09704956675275121,0.09697799049086507,0.09690928368465464,0.09687549024741418,0.09687474503385256,0.09678411848923994,0.09667131724121063,0.09655996307249404,0.09651221902845811,0.0966630858714862,0.09666687268287376,0.09697090915930834,0.09705312995240226,0.09692699538871717,0.09691769953280983,0.09694438500111462,0.09689036158408194,0.09712499021172678,0.09712954993197846,0.09734110913767677,0.09779397928099812,0.09813038096251099,0.09821350522815146,0.09848095390337434,0.09857980639569211,0.09881760585344686,0.09874835657583123,0.09884806356282233,0.09909858428989517,0.09920323652666017,0.09924420740909227,0.09996173802072049,0.1003312889540635,0.10077731549933727,0.10102568831492931,0.1016160402704903,0.10207080497721721,0.10241500467188852,0.10242059404904479,0.1024199675265923,0.10254882734975444,0.10259736045922008,0.10282231406327583,0.10282720920494243,0.10235804352844267,0.10208130911402008,0.1020199766610691,0.10165668308890462,0.10065235915037757,0.10023898348250507,0.09978838294748678,0.0996987499394973,0.09938971140100422,0.09873312639824738,0.09754858022132129,0.09746712772662737,0.09581412012919029,0.09461145825085082,0.09359478059397115,0.09251771798301034,0.09068855678922025,0.08882238704578908,0.08864572291507368,0.08730426179401922,0.0860166683733321,0.08471536381824553,0.08317718308862253,0.08226874976490892,0.08163324232727462,0.08172191986449269,0.08152828555821001,0.08108749350579421,0.08092347290428671,0.08012933803509992,0.07959586608945282,0.07981564408732574,0.0741504239807934,0.07986929753808988,0.07987909078135454,0.07992640632695304,0.07948215985829926,0.07879305615751306,0.0780920590595825,0.07735101907074168,0.07709192349449512,0.07703477450913,0.0767717230020342,0.07615349540298152,0.07561222560860421,0.0750856881568653,0.07501462654802263,0.07452652656419334,0.07388368694960668,0.07321015365977088,0.07314686122976417,0.07269908596765051,0.07266728892196264,0.07285618365121478,0.07304597794450647,0.07298070788720559,0.07288500185052735,0.07287126433968218,0.07296518092172433,0.07335631520163442,0.07364665605699382
stat_232,0.1674788395325826,0.07053915862624922,0.11146450799867148,0.08140460435167761,0.1075757053703113,0.10318569208813316,0.10728881995027977,0.10730510948783795,0.10730830493393038,0.10728917382217573,0.107247024199878,0.10715135324556324,0.1070456653318442,0.10694565605395516,0.10686752881826897,0.10679265918072495,0.10675716446899451,0.10675641739489584,0.10665779850551739,0.10653513435989861,0.10641497690122524,0.10636648522605081,0.10653832795503579,0.10654402536834974,0.10688089581530946,0.1069744481439966,0.10683752361339238,0.10682904788784371,0.10686216104113071,0.1068049991338227,0.10706258253950814,0.10706744556162975,0.10729975990742179,0.10780231430199629,0.10817293036408643,0.10826225385457737,0.10855295583912931,0.10865681624547265,0.10891843708390507,0.10883749255918934,0.10894648702664997,0.10922724190431943,0.10934385419392385,0.1093873831771802,0.11017563611660354,0.11058317828141986,0.11107684154187591,0.11134805260211941,0.11199458897664184,0.11248659639588188,0.11285656252832076,0.11285741721648183,0.11285648777675682,0.112993525436535,0.11303599117667337,0.11327204178948214,0.11326312442358874,0.11273357074700326,0.11242735484893308,0.11235928841223425,0.11195951394668778,0.11085170331507355,0.11039052299062148,0.10989380416427574,0.10979480121781933,0.10945275038192971,0.10873735770386582,0.10745271504404659,0.10736411026578645,0.10555329360950572,0.10424327277983886,0.10313606109470062,0.1019511595382575,0.09993485562629126,0.0978864059555227,0.09769299401196352,0.09623005443566389,0.09481257261316892,0.0933730346422352,0.0916754189417128,0.0906779440491177,0.08998341666053436,0.09008734678671247,0.08988041476913926,0.08939975439958724,0.08922555925376056,0.08834934293955551,0.08775893235062139,0.0879972863352783,0.08166490840378807,0.08804998488012947,0.08806042900531366,0.08810444410874474,0.08760350493870993,0.08683588817149564,0.08606067105035264,0.08523923366981537,0.08495304416460475,0.08489086733320347,0.0845992678637929,0.08391096850853008,0.08331120438312786,0.08272405243142437,0.08264480070567172,0.08209635398297185,0.08138116334823824,0.08062784714823712,0.08055749396386738,0.0800603495978437,0.08001994262606224,0.08022240423693026,0.08043345396262748,0.08037067257277052,0.08026669439656381,0.08025128086586308,0.0803524870063352,0.08078177595017522,0.08110316493827417
stat_235,0.2772530029421987,0.11845752983774904,0.17445783377806334,0.13102664286828913,0.17489975306441305,0.1632450049225151,0.17454454759324903,0.1745612713401806,0.17455619506506162,0.1745195495350129,0.17446765078062437,0.17436606743358257,0.17422835740159948,0.17410923575336612,0.17405310616420105,0.17400184248071005,0.174057619094238,0.17406360211237687,0.17402189029476392,0.17397294997567794,0.17395235269592632,0.17410642499993645,0.1746246750473414,0.17478895174614636,0.17547066241627893,0.1758900976485968,0.17593583004274985,0.1761779042299819,0.17657747584621922,0.1767125185965174,0.17736537724508353,0.1773921447063949,0.17810854181084101,0.1792242326341544,0.17989878372281443,0.1801033208036796,0.18052891699239293,0.1806096939706091,0.18086281706366678,0.18059258761694189,0.18065318303741348,0.1810539240805513,0.1809899568353651,0.18063592067123418,0.18137278954810743,0.18173708512319434,0.1822692747250871,0.18234868075587957,0.18295635950610237,0.18320428205338682,0.18315038237159018,0.1828290040904526,0.1828140918073335,0.18285357955480686,0.18260973524932564,0.18262817097917747,0.18221063876962484,0.18112533805649816,0.18069368537836206,0.18057090749805113,0.17991985087826778,0.1780929799947472,0.1770936762531748,0.17616581416309013,0.17598620209403765,0.17529574830791614,0.17439064141653665,0.17303051477707307,0.17292991850157136,0.17049260639055513,0.16900532030065246,0.16767173104068084,0.16582570723327988,0.16272384059444206,0.15986687712551176,0.15962989554359672,0.15794762862297307,0.15592026921279936,0.15360179078098732,0.15103022864623772,0.14950527388370313,0.1486670525668721,0.14886099403511296,0.14851510614128044,0.14770425882565505,0.1473605263919885,0.1460509110133956,0.14516332162830278,0.14547546564848132,0.13152798418486553,0.1454351909206829,0.14544049559720898,0.14514391391361614,0.14403938229182545,0.1424868934752854,0.14122813838193687,0.1398566915030134,0.1392366913927306,0.1391020980676195,0.13829890464287622,0.13668300899593633,0.13540080347596384,0.1341435302703034,0.13396494644394832,0.13261611718633992,0.13126162981403197,0.12967679452787204,0.12954470074367808,0.12862138363768658,0.12834370858342592,0.1284581950205795,0.12883962541146093,0.12910079391145826,0.12907799441056392,0.12905044662247636,0.12914815853612188,0.12974557607115111,0.13033647391842432
stat_236,0.3901395607919943,0.17075880482355865,0.22764841015322007,0.1769465783658713,0.23947039880071516,0.2155485656521016,0.23920106284177245,0.2392049611818894,0.23917779777170906,0.2391164854803685,0.23907740386500034,0.239043503034602,0.23892161436426215,0.23884386074116967,0.23890655809371553,0.2389753793642131,0.23927603903781025,0.23929853123825723,0.23947770258660525,0.23971203435845412,0.24003518272212993,0.2407170123329811,0.24191166007250178,0.24245665201453967,0.24366715937290334,0.24479987900252798,0.2454303384995591,0.2463086012505329,0.24760029592223762,0.24828156436168558,0.24969414949401145,0.2497729966411892,0.2515119096888586,0.25370513751773227,0.2547904588027441,0.25520955414007856,0.2556915291204379,0.25561193309730956,0.2555682515459359,0.2548964821051176,0.2547193864500687,0.2551323425183692,0.2544781977500984,0.25306355294068356,0.25289960953346524,0.2527636255191945,0.2529207290121142,0.2522832539069158,0.2522153432388013,0.25146020762220384,0.2501160236713118,0.24906328735623653,0.24901761567417915,0.2487277349281792,0.2478124168580732,0.24716684458458252,0.2458656801240125,0.24397958651700527,0.24350836316976307,0.24331874398197734,0.24242565595687482,0.2398800169531914,0.2380692191183103,0.2365879243363395,0.23630954846919783,0.23513102606527006,0.23434470585237038,0.23378352577499695,0.23372459286429043,0.23131772499126874,0.23048668708844053,0.2295532426463812,0.22718143370287922,0.22328243379349888,0.22030937595160763,0.22014035301338872,0.21925175205129993,0.21705876511319216,0.21394172286513916,0.21083094411657247,0.20894689003722935,0.20842233579409045,0.20873177624851125,0.20822858005504802,0.20704911822942282,0.20644025369272587,0.20490074558857166,0.2038484096512166,0.2041148647767059,0.17776193713185956,0.20379362829002923,0.20377596222707897,0.20258722545086838,0.20047567962373514,0.19772362735448581,0.19600926106200384,0.19406628472061407,0.19289559114139296,0.19264012978585449,0.19086503541978284,0.1876600382325722,0.18530142228055765,0.18299921998201849,0.18265987714961243,0.17995458002769232,0.17774840909406853,0.1749256982199403,0.17471314350989928,0.17324372246389477,0.17248637221833535,0.17226530682930524,0.17285366840157868,0.1738542339363914,0.17408778887852236,0.1740458332546008,0.1740598530230338,0.17469621152934978,0.17562757521436442
stat_237,0.342937209680842,0.14809854027238376,0.20817337310802653,0.15905176330825133,0.21359468374194315,0.19547496191761926,0.2132568035416238,0.21326828897874706,0.2132539907866422,0.2132062694700727,0.21316032239324406,0.21308530636104764,0.21294800593910024,0.21284043825972151,0.2128337050835393,0.2128333819154802,0.2130044547301205,0.21301812207614523,0.21307257895870313,0.21314795366011954,0.21328445412341984,0.21369373802969407,0.21456216066239145,0.21490698836478156,0.2158673146422908,0.21663379984471529,0.2169443579975539,0.21748490835178483,0.21831356129644577,0.21870549032766273,0.219724245805783,0.21977460474746566,0.22097707978706202,0.2226465869050809,0.22354073420471837,0.22384143051010774,0.22429930001833467,0.2242922860776158,0.22442804368309766,0.22394518686150072,0.22390105813875372,0.22435165236767024,0.22403130452156264,0.22318564762274476,0.22356472525352417,0.22373757775273054,0.2241540602853707,0.22392129301811686,0.22426382521263966,0.22406158197661816,0.22342584668953958,0.2227578560779896,0.22272822391984143,0.22260978267672923,0.22201328145012725,0.22169889978409205,0.22081459651030805,0.21924982338565424,0.21875759654430826,0.21859621102861798,0.21780463253788826,0.2155495170773934,0.21412594421635384,0.2129168476456101,0.2126843834708983,0.2117489828342657,0.21086578416716698,0.2098313024992555,0.2097461145049673,0.20719804722173057,0.20595573089989133,0.20476796421369856,0.20258864395888024,0.19893902329159993,0.19588550898782986,0.19566828995871435,0.1942944526500312,0.19207478741751402,0.18924013358831965,0.18626433438533282,0.18450786749245762,0.18378243533832242,0.18406806678276702,0.18366427266002802,0.18266938870463548,0.1822234570639471,0.18072718599705498,0.1797006192709567,0.1799934821271749,0.15942524577711148,0.1797978220238416,0.1797918296041592,0.17905203027577238,0.17738820506965167,0.1751814222620502,0.17363431944450217,0.17190733171938827,0.17100814653384033,0.1708172340603871,0.1695389064193026,0.1671088382466625,0.1652739230637824,0.16345979352481696,0.16319751356787807,0.1611407108429924,0.1593040930350013,0.15704188441806288,0.15686431151532246,0.1556331737275627,0.1551151611532389,0.15507534989354044,0.15557922465775473,0.15620126873376103,0.156284217373943,0.15624707941640414,0.15630496584175432,0.1569536026066015,0.15773161871233712
stat_238,0.3092450071806897,0.13239786929539396,0.1928247990589158,0.145558322458224,0.19446757863902994,0.18002746978127487,0.1941003442485426,0.19411573889071412,0.19410869912354356,0.19406931351092777,0.19402039705964189,0.19392454004580523,0.19378197420770296,0.19366073569825254,0.1936164447459178,0.19357853412543938,0.1936749237989836,0.1936834813365625,0.19366906222523078,0.19365657746122303,0.19368854390649812,0.193940020712068,0.1946100897374824,0.19483902272493125,0.1956413187131127,0.19619274580106713,0.19632518705130073,0.1966728403179776,0.19723475215253725,0.1974636196900307,0.19824989220172679,0.19828409999176444,0.19917513190969152,0.2005261586590449,0.2012970616060529,0.20152913524270324,0.20196379847799018,0.2019967426236362,0.2022223899172338,0.20185276402839641,0.20187955121617385,0.20233586012442753,0.20219795376598784,0.2016736389549563,0.20233034259810107,0.2026621046402873,0.2032046626597548,0.20319436276467262,0.20374962489635037,0.20385361278756395,0.20362010970081373,0.2031792107605753,0.20315910786008265,0.2031391469507406,0.202736054060136,0.20261603713308707,0.20198818664777535,0.2006430838990205,0.20015170666811605,0.20000981538349955,0.19929187863872946,0.19724894267796542,0.19607378582638219,0.19504193964383237,0.19484016904573048,0.1940606462686614,0.19313991513679632,0.19185864733945954,0.19176047372381202,0.18918959057955897,0.18774540794183234,0.18644188329738903,0.18441814914781302,0.18099200683654187,0.1779661789966864,0.1777278969461945,0.17612214810593751,0.1739439284782431,0.17133359982921864,0.16850650240680756,0.16686084133780757,0.1660458527898599,0.16630880237871656,0.16596492291357717,0.16509070650219781,0.16473922203885527,0.16330505589402242,0.16231987991007696,0.1626205564043003,0.145703188840527,0.16249870339960684,0.16249915417487162,0.16201859146796554,0.1606393618266102,0.158781750765084,0.15736390764123975,0.15579767014428833,0.15506583214522301,0.15491366043985708,0.15393308791989718,0.15198184252547123,0.1504752103802158,0.14897219821842209,0.14875842213888268,0.14710828739243065,0.1455201236968892,0.1436233144788329,0.14346937244626098,0.14239948556479767,0.14202771867669078,0.1420916180861852,0.14253627862545631,0.1429310957288841,0.1429290251903023,0.1428955621931112,0.14297744473155127,0.14361861553028143,0.14429376961604323
stat_239,0.2542058327691113,0.10784080364690023,0.16384075046720306,0.12172429246957778,0.1616584478130468,0.1521006636977483,0.161290638332131,0.16130893584758008,0.1613088506068843,0.16127919759155404,0.1612291272504128,0.16111903030145744,0.1609812769506412,0.1608559870821172,0.1607791740014868,0.16070785117149478,0.1607237385540483,0.16072677679658992,0.16064754798072395,0.16055167444855664,0.16047867930288026,0.16055458757855465,0.1609745103820675,0.16107572910622545,0.1616654858470814,0.16196948142766254,0.16192404194061627,0.16206425140259828,0.16232943356353155,0.16238601911688563,0.16290236610999015,0.1629197239790697,0.16346099546402915,0.16440751490834082,0.16500591333600767,0.16516388153580225,0.16555347780744203,0.16563325171440263,0.1659228145131174,0.16569736569524218,0.16578841370486996,0.1662006788623128,0.1662351334623296,0.16604807874009694,0.16691127025253832,0.16735976249779047,0.1679665306336286,0.16816547755189742,0.16888012974551353,0.16927965157681749,0.16945340158504557,0.16926661773002533,0.16925734993154076,0.16934282591934433,0.16918182599681528,0.16928392585085947,0.16898344750684904,0.16798830136495765,0.167543890978999,0.16743253124455415,0.1668362251509639,0.16515180072025512,0.16431025651705294,0.16351716494933344,0.16335944839914307,0.1627834388428735,0.1618784216270437,0.16041642780886803,0.16031099659791853,0.15789509712429523,0.15633757861463773,0.1549921891987034,0.15326458129160947,0.1503174244655428,0.14753362074679346,0.14729140614164185,0.14555701151625522,0.1435861592517307,0.14140365733499302,0.13894397854952084,0.13751939641325267,0.13667175262894476,0.13687525782192658,0.13659402088834233,0.13588341084068034,0.13562499653291293,0.13436572412587908,0.13350484073954813,0.13379971377285435,0.12181284950583862,0.13377306056325886,0.1337803016603705,0.13359604521684973,0.13261826488087353,0.13124978409106902,0.13007008059310912,0.12878845098649186,0.128269079656628,0.12816188278069857,0.127535177573313,0.12619536355779645,0.12511606607348189,0.12403624113899468,0.12388630329364671,0.12276849606229845,0.12155395266590739,0.1201744137266404,0.12005609368768612,0.1192292927569439,0.11903540358611793,0.11920463880574103,0.1195537150138931,0.11968499690511222,0.11960331225864537,0.11957682507992311,0.11968130262356035,0.12026924987014952,0.1207932853785785
stat_241,0.15767603795213334,0.06642654809507158,0.10506261858645008,0.0766457602379518,0.10128410798222263,0.09726577301258356,0.10101260851836248,0.10102814977191216,0.10103115940569164,0.10101291892137547,0.10097252403754065,0.10088138382969486,0.10078123443905737,0.10068650177860569,0.10061203810921622,0.10054054065032242,0.10050512235615959,0.10050432338796493,0.1004098519854167,0.10029219595883106,0.10017590980686465,0.100125323528,0.10028081075662858,0.10028379188860283,0.10059843016356333,0.10068193466268571,0.10054897749900629,0.10053715719922193,0.10056190970241229,0.10050379657117305,0.10074438815636198,0.10074886664030466,0.10096410035561713,0.10143094091002673,0.1017790442433614,0.10186401056956243,0.10214126637835204,0.10224390626299218,0.10249283894157643,0.10242181493625012,0.10252658898357664,0.10278817239935963,0.10290006993594178,0.10294708129515237,0.10369667490100089,0.10408279955283456,0.10454797736293596,0.10480789293654218,0.10542251696135733,0.10589598464837267,0.10625404167571427,0.10625981136475524,0.10625915316259502,0.10639273464914609,0.1064428909669633,0.10667583983710427,0.10668033130213689,0.1061937863272783,0.10590726060900083,0.10584361895988827,0.10546661079936112,0.10442459096402981,0.10399478359085579,0.10352626280207142,0.10343313300580262,0.10311144032247935,0.10243118272587541,0.101204380310227,0.10111996749293727,0.0994058832247383,0.09815813431569703,0.0971027972150828,0.09598523013913757,0.09408697511860101,0.09214926546903313,0.0919656612213735,0.0905708907459681,0.08923296661010094,0.08788187705666983,0.08628381049143997,0.08534085814418083,0.08467943035847063,0.0847722485739034,0.08457254816857639,0.08411636265405414,0.0839478577304262,0.08312264461230831,0.08256798292380935,0.08279609316129578,0.0769308656743367,0.0828519140565925,0.08286213236232322,0.08291343768150128,0.08245348865375869,0.08174004527214317,0.08101240643750302,0.08024328510778361,0.0799756639452864,0.07991671886759062,0.07964595753081762,0.0790067455229916,0.07844614972444167,0.07790043275196396,0.07782677281261137,0.07732063307495567,0.07665377122573155,0.0759548045537924,0.07588912869350985,0.0754244481724865,0.07539091596938302,0.07558618410269924,0.07578307624686606,0.07571649183680612,0.07561775331157801,0.0756035233154242,0.07570094047062677,0.07610645192571411,0.07640784911629236
stat_242,0.07379319377043847,0.03159129857349009,0.04642104353795398,0.03455785076191636,0.04647482824270588,0.0446804742501558,0.04636936768569094,0.04637649795100549,0.04637357187391256,0.04635827419843376,0.046332483472419854,0.04629199175611653,0.04624743289093952,0.04621059434595999,0.04618758945270471,0.04616352411926918,0.046153424652985414,0.04615404612236701,0.04612574605771307,0.04608776965702451,0.04603942398153474,0.046007457667682855,0.04604487900053712,0.04605548546930608,0.04619858154311177,0.04624110641196726,0.04619178029800425,0.04619542182322048,0.04619402711614371,0.04615612692631992,0.0462963487456493,0.04630162215777747,0.04642731565449722,0.046609142792650625,0.04677270169551457,0.04683975016642082,0.04701527312409094,0.047122470562556654,0.04724062216233847,0.047261694137463534,0.047318129716637375,0.047378403318424266,0.04740100000197044,0.047411865694342685,0.04772856850079036,0.04785558436121235,0.04798625959561297,0.048064013984640296,0.048293151710460204,0.048489744212134346,0.04856549477887219,0.0485209125428852,0.04851876786008614,0.04858748667377124,0.04867202156478124,0.04882363722978432,0.04889563491350144,0.04881934372685457,0.04876388829117421,0.048738073913717955,0.04855043729569123,0.04808019793483429,0.04784411923107391,0.04754045730076724,0.04748874734353022,0.04727023955648088,0.04695352860466737,0.04640356015860351,0.046365917226055146,0.0456378159053965,0.04506693731990905,0.04452529308503694,0.04400727673292065,0.043212445303631476,0.042332747571834396,0.04224881167646542,0.04153001031806982,0.0409463152824803,0.04040984518090856,0.039738074781128924,0.03926515946932164,0.03891257570560735,0.038874648672505424,0.038695319053429475,0.03841369690118836,0.03823977242965557,0.03789084072241384,0.03767799235728669,0.03782480101956917,0.03561149512918149,0.03792149814528175,0.03792949105303792,0.0380161994167777,0.0379245897832239,0.03766829536909297,0.03737617321920795,0.037090539550350354,0.03695048380926196,0.036904422603886926,0.03673620288552068,0.036426211654732525,0.03612500203697269,0.03588882550976756,0.03585267483986243,0.03562344600325464,0.0353638435711976,0.03508592646864882,0.035059037403512815,0.03486064904715758,0.03483198232601315,0.03490735944383684,0.03497774187751405,0.034978295155389943,0.03499182240624346,0.034990313467631665,0.03504777030746808,0.03521039428724281,0.035358329673634684
stat_244,0.17360811235834575,0.07297278226567014,0.11586855304118704,0.08456012593831694,0.11166999836996817,0.1071512753206366,0.11136890960080184,0.11138601254986671,0.11138978407889512,0.11137043924238367,0.11132678454441784,0.11122632438538178,0.11111584706395321,0.11101075606537847,0.1109275285388949,0.11084780356001812,0.11080813841231384,0.11080714539021665,0.11070121280554653,0.11056941633384672,0.11044015883549874,0.1103844981293873,0.11055881101090681,0.11055984652332086,0.11090585665274887,0.11099479882551569,0.11084343377441047,0.11082553799909825,0.11084885496079021,0.11078205241910313,0.11103811897250761,0.11104216151308555,0.11126736647937717,0.1117793329384594,0.11216073531660654,0.1122483354660453,0.11254805106250472,0.11265462156388781,0.11293362637329023,0.11285112763877443,0.11296863658128006,0.11326734533120077,0.11340095211590114,0.11346301767638836,0.11430212476213437,0.11473808574969863,0.11526416792111448,0.11555823876062547,0.11624368832720909,0.11676762729265401,0.1171691623429605,0.1171780194418576,0.11717736654772892,0.11732183478205493,0.11736660606384143,0.11761373959773169,0.11760534180276694,0.11705085230905936,0.11672885523497034,0.1166581739871508,0.11624381432980105,0.11509368496833444,0.11461906434574741,0.11410840318290531,0.1140061847682635,0.11365541143884691,0.1129108826271708,0.11156945569044846,0.11147692328584727,0.10958770714149331,0.10821783205179278,0.10706338489752694,0.1058321589042924,0.10373106893063955,0.1015935726461731,0.10139092845648692,0.09985940561533554,0.09837765467126944,0.09687651859609159,0.09510357032029268,0.09406758927884565,0.09334002188505792,0.09345342872163807,0.09324607191638054,0.09275408788985005,0.09258351592152676,0.09166750238699005,0.09104843271814296,0.09129482975783304,0.08477818283051383,0.09134787749553115,0.09135884624559246,0.09141163838492251,0.09089196659459936,0.09009946434814063,0.0892919491619489,0.0884360522505384,0.08814460579619744,0.08808217632306871,0.08779105918305681,0.08708944429170663,0.08647570309952289,0.08587118357103028,0.08578992083303265,0.08522785432517806,0.08448604424517155,0.08370684438392362,0.08363388835450229,0.0831185282838833,0.08307932432602098,0.08329202985416354,0.08351157057586754,0.08344160371121428,0.08332966203783057,0.08331349735221727,0.08341887259358309,0.08386656177804643,0.08419904818860675
stat_246,0.14768875301491252,0.0622486458532309,0.09835789950255136,0.0717400680056629,0.09483960500831597,0.0911806334310227,0.09458495233504823,0.09459968905324477,0.09460232262471877,0.09458473804153862,0.09454595981371836,0.09445971701427612,0.09436542090110701,0.09427648479576113,0.09420641935771946,0.09413893359769218,0.09410422040933997,0.0941034274371159,0.09401413089249949,0.09390266085336119,0.09379111053073687,0.09373889767644336,0.09387737245067117,0.09387837356904859,0.09417063924116564,0.09424483491609137,0.094117121645356,0.09410291030010387,0.09411973816967825,0.09406098034753542,0.09428566834368204,0.09428989472073819,0.09448928963467508,0.09491946525433462,0.09524480977547548,0.09532622242913115,0.09559087889556286,0.09569363770469873,0.09592926255683226,0.09586947450165169,0.09596986710096476,0.09621009134692994,0.09631573093004066,0.0963648791455565,0.09707256907233318,0.09743437857061933,0.09786698599213314,0.09811278881954469,0.09869138699768533,0.099143014920748,0.09948296136152777,0.09949054406295225,0.09949003161499005,0.09961947909825972,0.09967832494438361,0.09990801153672484,0.09992690809998066,0.09948887365705963,0.09922564619337922,0.09916660469689793,0.09881237083878189,0.09783790582293891,0.09743758995798006,0.09699395749096906,0.09690639806940447,0.09660205662669338,0.09595897096022118,0.09479558860913248,0.0947157208019551,0.09310522303866346,0.09192408465598395,0.09092180671267096,0.08987335564309097,0.08809928112187686,0.08627704556315194,0.08610377066782193,0.08477871976647806,0.08352412727035836,0.08226620765736005,0.08077244015144257,0.07988443584648654,0.07925632143540548,0.07933549343485093,0.07914055918814562,0.07870713958846744,0.07854122437102055,0.07776959288662168,0.07725308537828832,0.07747174803735225,0.0720874229711594,0.07753251939401237,0.0775425690877735,0.07760208459417592,0.07718680474164208,0.07653003836665652,0.0758523622507393,0.07513866723936564,0.0748891242705072,0.07483283403762783,0.07458109524324864,0.073990003931858,0.07346701114610488,0.07296306907914127,0.07289486646177609,0.07243033590529432,0.0718137940300922,0.07117047786916074,0.07110963144766703,0.07067823159243569,0.07065033106747975,0.07083672540732201,0.07101856177662974,0.07095086249628929,0.07086017740703923,0.07084732294834876,0.07094102432073343,0.07132094273708156,0.07160248784011891
stat_247,0.30901432896995906,0.13616664170969603,0.18059004564760575,0.13931044340586377,0.1893136267491313,0.17378793121879238,0.18906771323850413,0.1890780904742451,0.18905296236395044,0.18899040311451418,0.18892793444398615,0.18886418694210683,0.18874593788407126,0.18866943999761443,0.18869554009872355,0.18872050427774423,0.18888985154699878,0.18890490060049864,0.1889984085543537,0.18911484009073237,0.18925424391540788,0.189596721446735,0.19026996964114531,0.19061144673991204,0.19146544407400948,0.19217522768645753,0.1925099910937336,0.19304396618428532,0.19377688213190888,0.19411747236546179,0.19515734361382078,0.195216136918708,0.19643615462667985,0.19786111689125205,0.198681004625269,0.1990606944865227,0.19962597004185154,0.19981086905103604,0.19990309794164357,0.19963046591702024,0.19959367302496409,0.19977528835748315,0.19934548628153298,0.19849275103703218,0.19867220930487703,0.19863829908059533,0.19872850159197528,0.1983792397394616,0.19851513737518314,0.19828187157299462,0.19748474351882783,0.19677629331946836,0.19674566786592942,0.19667632592051348,0.19634906424295048,0.19622705547924135,0.19567238621334013,0.19470434437851036,0.19446735894540657,0.1943342957527288,0.19359361004522338,0.19161818673259803,0.1902726749514341,0.18897581779961622,0.18874767956122762,0.1877431736831934,0.186922144082394,0.18597419707431304,0.18589815519993094,0.1837659949334555,0.18263622900736226,0.18139980484125537,0.17945044858236706,0.17643729463915714,0.1737595177362123,0.17356912319893167,0.17212832327578992,0.1702736897379282,0.16803245828904012,0.1656143915159728,0.16393991614489875,0.1631720707467672,0.16315823628952827,0.16250401879562268,0.16137531278165404,0.16064761813125408,0.1594306842385447,0.15867006139153508,0.1590670696633272,0.14221300274251852,0.15912290446993105,0.15912759611764177,0.15864947016498365,0.15753759529172742,0.1557823363002438,0.15454194735909557,0.15321730295010577,0.15235375798622386,0.15212376071226644,0.15083727755530943,0.14861904181117444,0.14686395676711503,0.14530144796248634,0.14506345297398104,0.1432646591013457,0.14177273152681277,0.1399009585522333,0.13975316466508755,0.13870762055792665,0.13822676038198808,0.1381696839536654,0.13856148305894106,0.13916949044158192,0.13939049549928084,0.13937095006274974,0.13945904151825053,0.13997763563119103,0.1406890510927372
stat_248,0.18776082108263492,0.0791483931693017,0.12450722280798328,0.09112912398836626,0.12045487085532641,0.11509757595845382,0.1201409295331785,0.12015826994772026,0.1201615691486607,0.1201407120969443,0.12009617628988256,0.11999381521423315,0.11987839748770751,0.11976938376411733,0.11968668492312197,0.11960796317248609,0.11957766111213333,0.11957733036555201,0.11947542073400483,0.11934931918104387,0.11922987623764487,0.11919798488056366,0.11941712051489839,0.11943596242811529,0.11982533781906683,0.11995321535030964,0.11982180751968731,0.11983339147722857,0.11990257946256676,0.11986004023834454,0.12016402562580843,0.1201705929525909,0.12045551070083108,0.1210485786125899,0.12146909733648235,0.12156978236032584,0.12188395234352889,0.12198366825245731,0.12226150053613075,0.12215097192015471,0.12226184413920163,0.12258051452486088,0.12269371765302822,0.1227073280014826,0.12354642100814478,0.12398402461713935,0.12452545325201762,0.12480315393179156,0.12549526385597562,0.12599903511545746,0.1263668906188622,0.12634542978479602,0.12634343747616303,0.1264785670469312,0.12648687901087627,0.12670957899422863,0.12665021318015351,0.12601278514339476,0.1256645132695127,0.12558661635286808,0.12514111048414678,0.12389695552898189,0.12336257118794206,0.12280859353805601,0.12269734630040556,0.12231258752159586,0.12153707465357469,0.12016615674005897,0.12007089906787578,0.1180820577791593,0.11667516125909273,0.11548760794219946,0.11416908270536867,0.11191576937349891,0.10966390139975504,0.10945432395307322,0.10789110100206947,0.10632383213434624,0.10470098086901007,0.10280730160163296,0.10170497017320876,0.10096015513577859,0.10109117687880113,0.10087240192347764,0.10034310864410947,0.10015836627766003,0.09918236492868357,0.09852076928753718,0.09877439331041679,0.09127797187784727,0.09881118045498707,0.09882133831666345,0.09882850467622427,0.09822352333262874,0.09732609736794588,0.09645192063230837,0.09551889324488183,0.09518714336707355,0.09511734159008915,0.09476770428235289,0.09395417510134643,0.09326094821340836,0.09257323421692262,0.09248021178077304,0.09182274187687749,0.09099676469485408,0.09011251388977905,0.09003155493293048,0.08946163118506281,0.08939797281864366,0.08960606849180319,0.08984911888421133,0.08980915088303756,0.08969798505237826,0.08967974466590468,0.08978477638530019,0.09025928486302479,0.09062429731493472
stat_249,0.12923813405155174,0.054570378755790266,0.08589178102276253,0.06263517106363994,0.08287814741544668,0.07976785967868995,0.08265682784088002,0.08266981302276084,0.08267167292562522,0.08265547527900444,0.08262046847402826,0.08254468049159189,0.08246208692430827,0.08238475943623688,0.08232423326783567,0.08226567328167973,0.08223501359650513,0.08223437975024579,0.08215719079491515,0.08206053338138417,0.08196224247888767,0.0819136274343204,0.08202834023502771,0.08202944188061972,0.08228383058817969,0.08234776448874348,0.08223655453774026,0.08222446383485656,0.08223640371173378,0.08218302233010061,0.08238343778047423,0.08238759207526421,0.08256583017299404,0.08293716011334012,0.08322207738414715,0.08329755387157473,0.08353592765293662,0.08363451416666398,0.0838405758928941,0.08379605787855736,0.08388482068614055,0.08408586233741669,0.08417392220491383,0.08421579614430519,0.0848318535840791,0.0851423769571968,0.08551058342213226,0.08572228274627036,0.08622457766578073,0.08662211233917014,0.08691567248760552,0.086920722755851,0.08692023324748853,0.08703695841702466,0.08710078653739539,0.08731276576779753,0.08734443140356911,0.08698302284151731,0.08676090796383586,0.08670991667455161,0.08639866090338749,0.08554850809136881,0.08519840292629625,0.0848025161603593,0.08472529751800809,0.08445358334859863,0.08388629747032034,0.08285858650642984,0.08278821763069294,0.08138018848447118,0.08033945333237975,0.07945061586547397,0.07853280451756081,0.07699041140027978,0.07539471296913329,0.07524266877674232,0.07406893365289172,0.0729751866822745,0.07188750033276937,0.07059012267304618,0.06980825894558867,0.06925170511812023,0.06930925004855379,0.06912631217035796,0.06873726142166381,0.06857856966783973,0.06790812507790715,0.06746261376119318,0.06766006808086408,0.06305001198414331,0.0677238732837286,0.06773316972970123,0.06779561529555848,0.06745074461698057,0.06688813951834147,0.06630164413770408,0.06568731098434977,0.06546770230955404,0.06541614438368133,0.06519242365937379,0.06467781968341181,0.0642182325122883,0.06378306911658645,0.0637237687082257,0.06332411601623118,0.06279366988985408,0.06224197745059585,0.062189464955518706,0.06181604139229541,0.06179358208653955,0.06195852196994502,0.062114434576463415,0.062052762107967945,0.06197814305059989,0.061967538950762985,0.062051939355352255,0.06238275646657809,0.06262884112430632
stat_251,0.41147102631788834,0.18200658526223737,0.23201586531268176,0.18287629365523925,0.24955001214697103,0.22282134320236954,0.24935116199077778,0.24935055784685647,0.24931083717430688,0.24923382690206777,0.24919005082810675,0.24918251975117678,0.2490739685492707,0.24902390408077615,0.24914042705978864,0.24925964434102355,0.24963778153426386,0.24966626009020046,0.24993445451303745,0.2502781314265403,0.2507106354366339,0.25152644635216254,0.2528416679973667,0.2535052088710091,0.2548352201613848,0.25616518643280806,0.2569871546141775,0.25805892245391754,0.25957943723992843,0.2604019565147,0.26206017751207994,0.2621588564639392,0.2642182976961164,0.26662950499428134,0.26781036427486843,0.26833174075817,0.2688864823461646,0.2688503339249413,0.2687041702794898,0.2680086652921035,0.2677664598282621,0.2680637069326091,0.26718313509375397,0.2654440385455263,0.2649217445689615,0.2645370837706696,0.2644250868552021,0.263507456215251,0.26313017003257577,0.26204242220471496,0.26019951359012694,0.258884836806782,0.25882846592318315,0.2584564169018622,0.2574578000261813,0.25669322217695256,0.2552675233128775,0.2534164811720595,0.2530599255120587,0.2528619063562135,0.2519105039900297,0.24925818354488397,0.24721247082722586,0.24549593463306885,0.24518572094628213,0.2438039054329977,0.24308334697317135,0.24282192435840055,0.24278068056221727,0.24057814475479658,0.24000506040954453,0.2391639820490386,0.23672248086130918,0.23285944438205616,0.2300087606477443,0.22987202022744432,0.22918037330084715,0.227091604832112,0.22399021484821388,0.22095229134046604,0.21897954230082,0.21851848531230916,0.2187216568892098,0.21804518931255978,0.2166776658356909,0.2158445758118019,0.21435523654768607,0.21337119790339693,0.21367868156500683,0.18511875422209959,0.2133937651004896,0.21337436804835633,0.21203677328745424,0.2098713348575926,0.20695149250658232,0.20523097842674284,0.20329068495765934,0.20196121420202034,0.2016481883835045,0.19955931635952232,0.19594360361359733,0.19327097169174162,0.19074906692221216,0.19036873269109547,0.1873441472258366,0.18502479817411296,0.1819840540276012,0.18175930778990565,0.18019852979507184,0.17930068393834808,0.1789609778942471,0.17956302699927712,0.1808015812055603,0.18118848965995676,0.18115049179540324,0.18115312564944522,0.18174089792799303,0.18275410819824672
stat_253,0.1540133052133363,0.06488417161373967,0.10221439637930262,0.07472384368990335,0.09887004900325455,0.09502915762085205,0.09860608867524147,0.09862145781547291,0.09862385972564584,0.09860496740656073,0.09856394268250995,0.09847411126062319,0.09837589556933099,0.09828367489026044,0.0982114435889038,0.09814168151102383,0.09810577312037912,0.09810500905071341,0.0980128123782485,0.09789739828068696,0.09778087943227647,0.0977248504166667,0.0978656536891766,0.09786653194145531,0.09817037149468172,0.09824628867033126,0.09811191570923215,0.09809552805833893,0.09810904453702422,0.09804476945610228,0.09827812856471553,0.09828249288129363,0.09848763172221728,0.09893049396187219,0.09926894584427731,0.09935438097917866,0.09963343575829663,0.09974485190019816,0.09999328941667948,0.09993564375422193,0.10004240863782662,0.10029053764120144,0.1004023393409034,0.10045777177416078,0.10119911385696735,0.1015753615625941,0.10202242087477327,0.1022774345289021,0.1028780542310028,0.10334797821859915,0.10369435291363853,0.10369717984542097,0.1036964335696197,0.103831375411343,0.10389705215710272,0.1041389160587923,0.10416302243522899,0.10371911271016375,0.10345223692192934,0.10339094225958895,0.10302025369188308,0.10200494425433083,0.10158246200617767,0.10111046577646404,0.10101815369876083,0.10069270812287168,0.10002379105093756,0.0988168025274028,0.09873386606404333,0.09706237586485797,0.0958325974683189,0.09478320769023822,0.09368977013434147,0.0918463354627447,0.08994633916627057,0.0897654710900056,0.08837534063405154,0.08706777383293417,0.08576166246987424,0.08420660356798393,0.08327736440471038,0.08261669183556715,0.08269415221018632,0.08248560271651238,0.0820294095851585,0.08185061232475636,0.08104726207563308,0.08051082976169809,0.08074205399059284,0.07517626668152279,0.08081090120117519,0.08082168341229674,0.08089067426299029,0.0804676847480029,0.0797898694713056,0.07908612566360422,0.07834675825041233,0.07808660633498643,0.07802686674361367,0.07776329056361786,0.0771477798224622,0.07659972179412282,0.076075710101518,0.07600441099779905,0.07551989481156736,0.0748808044397194,0.07421291408487211,0.07414971343367906,0.07370089553718492,0.07366962797955694,0.07386142638150298,0.07404930561428089,0.07398350849377545,0.07389487013854562,0.07388191411623368,0.07398054428382025,0.07437413095978855,0.07466877265219206
stat_255,0.4177542770037963,0.18657327429317183,0.23246503789552392,0.18383281507289895,0.2516277608048418,0.22399323293765813,0.25146422444206823,0.2514614438077446,0.25141628083179285,0.25133285477366296,0.25128762455559084,0.25129287906545467,0.25119197479153405,0.2511556964767992,0.25129683137219205,0.2514392495419517,0.2518514327466845,0.2518825404735632,0.25219199027220623,0.25258706633360267,0.253071289791242,0.2539486217596769,0.2553136623633983,0.25603302805896416,0.25741110891129765,0.25883417223810906,0.2597555944099525,0.2609267180849314,0.2625654636890177,0.26346508804407287,0.265251313461858,0.26536107522355623,0.2675963387529354,0.27011451486156124,0.2713379479395939,0.27191876190576963,0.27250862235662,0.2724981912857093,0.272279819884214,0.2715764453258429,0.2712916979841279,0.27150688847094606,0.27049084223514214,0.26857058107722165,0.26783420451639567,0.26731090298433,0.26705237388161407,0.2659968236322797,0.2654661257291603,0.2642277871516686,0.26217713095623796,0.2607622189220614,0.2607018468096116,0.2602980026713668,0.2592712401828157,0.2584628220553698,0.2569966359465711,0.25517137066646134,0.2548631411867352,0.2546632490336505,0.2536961111973914,0.2510219699248205,0.24889844406887873,0.24710423195669895,0.24678418368460217,0.2453362170783526,0.24464586471780012,0.24450467557261077,0.24447097720982464,0.24237224483704775,0.2419198846266431,0.24113309157969312,0.23868524085302711,0.23487986438730826,0.23212567522933758,0.2320075777002567,0.23143663073672588,0.229435637111755,0.22638567697378834,0.22343771140351987,0.22144702338730102,0.2210384709061898,0.22117813180941032,0.22041398778717844,0.21896186052799071,0.21801896867596116,0.21657909011629728,0.21564770724069157,0.21597108883729652,0.18659338699312408,0.21570655415482534,0.21568613614778656,0.21427563815187609,0.21210342787162303,0.2091255611918365,0.20742551970979453,0.20551338854313506,0.2041117777776003,0.20377113823869425,0.20153756558098385,0.1977509960598695,0.19495381058399813,0.19235302452705666,0.19195738680199442,0.1888162442074118,0.18646750355095482,0.18335853233639518,0.18313050001541875,0.18154427276626697,0.18059524193040516,0.18020991479645504,0.18081294834255537,0.18213907746959945,0.18258747627132713,0.18255146453440085,0.1825487653428572,0.18311045094241468,0.18414958170803203
stat_257,0.14153527686509454,0.059664669211135384,0.09304304783908582,0.06832213163961577,0.0906847179287506,0.08733689217272975,0.09044568969808946,0.0904601815064749,0.09046110108699101,0.09044126149025335,0.0904000976270981,0.09031605089419989,0.09022513543406002,0.09014139164115878,0.09007662161607455,0.09001315135948022,0.08997790266465737,0.08997728570231896,0.08989357546163036,0.08978748803403515,0.08967501494457872,0.08961017156483388,0.08971606196656731,0.08971350963879138,0.08998577687413102,0.09004497294212765,0.08991376750692975,0.08989017637621029,0.08988175239499384,0.08980797316491775,0.09002132557960257,0.09002554318672508,0.09020648435932249,0.09058678330368096,0.09089500945828696,0.09097999459481891,0.09125482492768437,0.09138193870970125,0.09162004347041584,0.09159255777411651,0.09169936553282981,0.09190933081721264,0.09201461304323388,0.09208254420872437,0.09277884754307567,0.09311946171706648,0.09351090872282186,0.09374481661416853,0.09429394886872783,0.09473908885897232,0.09504625798952011,0.0950411608000373,0.09504019043005503,0.09517349433037169,0.09527028134187314,0.09552358045184758,0.09558910358628908,0.0952517736336935,0.09503642715330624,0.09498206805742969,0.09463598602735529,0.09370896509984321,0.09331413253503257,0.09284766690700741,0.09275978354281439,0.09243520978034508,0.09181115286206419,0.09068458516940694,0.09060743386357467,0.0890800609765652,0.0879281551734434,0.0869243428162638,0.08591617260006738,0.08424824626414326,0.08248934425894545,0.08232025645905959,0.08098521803541922,0.07978488664821765,0.07861655859680403,0.07720358860725524,0.07633208834723579,0.07569464422931603,0.0757356436374049,0.0755130147855574,0.07506942935851325,0.07487228039928276,0.07414158475297747,0.07366174532221528,0.07389256222743168,0.06912768506820882,0.07398726897036476,0.07399888824097646,0.07410184577709025,0.07377090008252064,0.07318935111766471,0.07255906699360383,0.07190709511111744,0.07166955744946135,0.07160935690525877,0.0713664706215582,0.07081771677554452,0.07031114111916703,0.06984872931214625,0.06978445157572895,0.06935972838843639,0.06879997551354759,0.06821911546698377,0.06816317789570893,0.06776214347587708,0.06773615537611098,0.06791419442856528,0.06807669345883083,0.06801557967684063,0.06795266166194341,0.06794292790097672,0.06804130091918528,0.0683967049202118,0.06866817625339564
stat_258,0.28188258238119357,0.12028496817000439,0.1761814780301637,0.13287833582734426,0.1777137628767946,0.16587281668689866,0.1773575076256691,0.17737473884276495,0.177368194449304,0.17732845777063008,0.17727256377782533,0.17716853523297404,0.17702828490257755,0.1769086377032544,0.1768539164855492,0.17680313637005285,0.17685877462817207,0.17686500200066366,0.1768244437466843,0.17677548627645795,0.1767500304453144,0.17689435446680346,0.17739901165201033,0.17756217127509602,0.17824815543249198,0.17866231889730008,0.17869785489691634,0.17893149298909342,0.17931114369161705,0.17942904989834446,0.1800842616066588,0.180110967194024,0.18081968076026955,0.1819191855121249,0.18259973112765196,0.1828099326776663,0.1832601317244493,0.18336660181427475,0.18364078580757354,0.1833930152397098,0.18346712278552665,0.18386256768398562,0.1838096131891011,0.18347767160995823,0.1842530081424076,0.1846234764176585,0.1851496674735857,0.18523140813100894,0.1858457411435043,0.1861055972236088,0.1860289664376984,0.1856872148237817,0.1856714376513671,0.18571623623209793,0.1854960599262945,0.18553491117537965,0.18514040558531308,0.1840991664850513,0.18369209717643387,0.1835687448929295,0.1829010886871358,0.18104790746761584,0.18001586378695875,0.17903472604456974,0.17884822731067168,0.1781148249900991,0.1771949520157932,0.17582010994371244,0.17571826678308494,0.17326290850346407,0.17174413401761895,0.17035779455804398,0.1684782727460401,0.1653509844450296,0.1624368486382929,0.1621934136463418,0.16042766736360725,0.15836412735310842,0.15603439687544043,0.15342954614998938,0.15186081128289114,0.1509744053995847,0.15114478980604376,0.15076597888290033,0.14992021347303236,0.1495422717276045,0.1482146043292392,0.1473217049810631,0.14765728527923863,0.13378509290746346,0.14764708276569155,0.1476542600897598,0.14739512800730076,0.14632800013275993,0.144789848188102,0.1435243770423299,0.1421545444680492,0.1415269166961054,0.141385495946689,0.14056932107808912,0.1389397341793665,0.13762950212076924,0.13636432098682374,0.1361829647251528,0.13482084691472762,0.13346500206407302,0.1318744631346451,0.13174163331284272,0.13080987269345262,0.13052270162069207,0.13063283008533755,0.1310122720679961,0.131290504241581,0.13129025799363875,0.13126427681163624,0.13136906589820502,0.13196727076267706,0.13257127020943382
stat_259,0.34490936155159685,0.15101932095929882,0.20117069172185445,0.15596938919884498,0.21171163659592657,0.1928209486917586,0.21144982711967872,0.21145846723280995,0.21143193159139556,0.211367821514664,0.21131093141396304,0.21125463085188365,0.21113122996064937,0.21105157784055825,0.21108983268573722,0.21112916603129886,0.21134539565441668,0.21136324851556124,0.21148576892683396,0.21164142936896332,0.21184139365520666,0.21229979880719146,0.2131585605823876,0.21357153019538494,0.21456403977190971,0.21542253434639097,0.2158498531893655,0.21649731699557712,0.2174133108943473,0.21785927402901994,0.21903108316096692,0.2190962256105511,0.2204883603872874,0.22218235085867907,0.22310699638752582,0.22350055476353106,0.2240554738911533,0.22416112829247167,0.22423210233461208,0.22382757466844203,0.2237554481447156,0.22403327667557468,0.2235446969632172,0.22251774241183794,0.22262985999688806,0.22258066665558487,0.22271126787014506,0.22226999745137718,0.22235452506485995,0.22194984498789155,0.22094706472753042,0.22009917156340644,0.22006242875584553,0.21991676052714895,0.21938449257399956,0.21908217938855243,0.21825914946901517,0.21695909513703893,0.2166413979487395,0.2164853734209203,0.21567097567320925,0.21344575133910262,0.21189757021699265,0.21049268400681143,0.21023992923205082,0.20913915901523936,0.2083114891789893,0.20748017101342522,0.2074083266086056,0.20512970976195263,0.20406827629001828,0.20289189833044566,0.20074237884586496,0.19734299724502857,0.19447689898428244,0.1942858290591171,0.19296134906220172,0.19092376826275698,0.18831866247384396,0.18558108650526606,0.18378135360457334,0.18305198392342215,0.18314835480267697,0.18252930031389128,0.18135370569761786,0.18064900668790188,0.17927952736694172,0.17839231275951303,0.17876226916261823,0.1583327270305212,0.17870083430663614,0.17869893359755426,0.17799175488009134,0.1765257885101855,0.1743985931491702,0.1729608378650302,0.17138845341902842,0.17040522294984942,0.17016224106182143,0.1686888970445518,0.16608883960779983,0.16408468217443145,0.1622312325482895,0.16195247429867168,0.15979683463760433,0.15802153576340286,0.15577294589952947,0.1555989112031724,0.1543789909161546,0.15378700621762728,0.15366814757087788,0.15413759246048264,0.1549034971482071,0.15513891005250985,0.15511134281043756,0.15517657352769823,0.1557480092679046,0.15655550504121582
stat_260,0.07585944657447911,0.03242049127210813,0.048105527390468264,0.0356895049592413,0.04789054391564341,0.04607114809188437,0.04777901357153794,0.047786426334640794,0.0477839549338604,0.04776899278826331,0.04774310548041678,0.04770087241052021,0.04765457457252308,0.047615594107087704,0.04759019056606488,0.047563967768443634,0.04755214421895823,0.04755262945350748,0.04752105161650377,0.04747920634004922,0.04742773809847107,0.04739429667101672,0.047435059083449735,0.047444037342323164,0.04759081325655719,0.04763257134469232,0.04757890219722614,0.04758019636501654,0.04757813522017978,0.04753898230240726,0.04767900707047027,0.04768399679422261,0.04780882566787939,0.047997966488651206,0.04816571045359607,0.04823154639845558,0.04840760798826166,0.04851225029560312,0.048634482650458374,0.04865130571532748,0.04870918955428031,0.048777857686792145,0.04880552996907663,0.048820191370586456,0.04915251504038768,0.04929051784843241,0.049435724090420484,0.04952259364085899,0.04976732701625802,0.049975850294691974,0.05006827828279578,0.05002994704960643,0.05002804164805448,0.050099375779350676,0.050181906623923314,0.050335844721742524,0.050405186984532974,0.05031161086600098,0.05024535732926736,0.05021846271474296,0.05002677883756414,0.04954151622159988,0.04930453658320514,0.04900266304139412,0.048950549695319,0.04873456124677989,0.048406685875390744,0.04783288781303792,0.04779364860858461,0.0470330713865371,0.04644008569901827,0.045885106446395686,0.045351340456351745,0.04452272000012564,0.04361212849123725,0.04352511026507823,0.042788622180040814,0.04218220398258585,0.041620304409949654,0.04092042156931088,0.04043685562095808,0.040077111678462146,0.04004645032220591,0.03987106580798829,0.03958877134409399,0.039420275620984734,0.0390568182141444,0.03883259247208163,0.038979825533184756,0.036670088140608646,0.03907262790111784,0.039080580609426006,0.039165360976031606,0.0390598668661976,0.03878991835011473,0.03848440395173429,0.03818305886986173,0.03804147742662674,0.03799625506511122,0.037829615016976084,0.03751506011648612,0.037211474059999,0.036968525313045834,0.036931865820073836,0.036698432202914154,0.03642706029229188,0.036138393719536165,0.03611044506004162,0.03590515757618842,0.03587865268479906,0.03595953002559724,0.03603404398775751,0.03602841679457431,0.03603468085520797,0.03603257785466355,0.036090813606396925,0.03626174508113028,0.03641261695634462
stat_262,0.2695951051363103,0.11452337272161758,0.17239542467468805,0.12861562452952402,0.17105663167593474,0.16034021289204103,0.1706820297568101,0.17070013953227864,0.17069866316434607,0.17066646478748995,0.17061550279015564,0.17050594592403262,0.17036457633042268,0.17023766680010274,0.17016561136230446,0.1700992521344528,0.17013057764991185,0.17013471987590098,0.17006611707489547,0.1699838593163758,0.16992860818290492,0.17003788049344948,0.17051150345851504,0.1706377947691297,0.1712782870011965,0.1716325664288104,0.17161690459149617,0.1717958375588436,0.17211722570712393,0.17220370529699444,0.17277703385337256,0.17279754965633692,0.1734086484850114,0.17444402710588908,0.17508530079732088,0.17525874424496304,0.17566544149014796,0.17573967043605732,0.17602709249494594,0.17577278567806764,0.17585609845044192,0.17628636434569697,0.17629408755919423,0.17604701488446745,0.17689598810755938,0.1773343554216912,0.1779428231417867,0.17810826084555242,0.1788082899383341,0.17916051335479113,0.17925830222355527,0.17901764223535235,0.17900604376753673,0.17907248953537963,0.1788619567235548,0.1789224789771573,0.1785524374901458,0.1774730940308995,0.17701361779722175,0.17689425929144376,0.17626274575095177,0.17447713683567745,0.17355232202489188,0.1726946206233802,0.1725249877358873,0.1718955295596971,0.17097246409054415,0.16952314578093539,0.16941738538721918,0.16692931332521066,0.16536529527773727,0.16400104895197765,0.16218327450423836,0.1590885425719801,0.15620302274079806,0.1559564629133338,0.1542069925652914,0.15215554571342954,0.14984912901094985,0.14726914240081446,0.14577294927837614,0.1449101517119749,0.14512852582741764,0.14482999545913608,0.14407476134624417,0.14379445281952175,0.14247554977773505,0.1415729319195397,0.14187581228637441,0.12873951412162513,0.1418324202756135,0.14183868919347867,0.14159970016894013,0.14053054990106245,0.1390460760992018,0.13779834244070804,0.13643850265145543,0.13586993460413965,0.1357521844131005,0.1350479213097633,0.13356767441354225,0.13238577069717314,0.13120453261650133,0.1310394043020348,0.12979720007584616,0.12848802560799633,0.12698194672305144,0.12685449312627423,0.12596479447443776,0.12573108674084188,0.12588109134792888,0.1262550106105743,0.12644320817491442,0.12637777449381662,0.12634955989855423,0.12645164825302796,0.12705980883628967,0.12762364012036984
stat_269,0.2738812690505891,0.1164752892894673,0.17405448969452378,0.1302634044218499,0.17349288022283596,0.1624037489709391,0.17312163816540302,0.1731395216832678,0.17313680170469425,0.17310272094291992,0.17305065356119104,0.1729424356890044,0.1728009771664223,0.17267551422699765,0.17260778711890107,0.17254540652002714,0.1725837946141113,0.17258851283254742,0.17252723765427236,0.17245380972380764,0.17240716623212146,0.17252802019455202,0.17301466075059552,0.17315183136636841,0.17380780461511208,0.1741808676268293,0.174179911934067,0.17437525839953688,0.17471601514653437,0.17481302716718147,0.17541045831067198,0.17543267127309828,0.1760729032693718,0.17713248638475518,0.17778694722198457,0.1779699499768954,0.1783874295316114,0.17846740634459898,0.17875129520862643,0.17849462020862408,0.1785747890435247,0.17899974725317186,0.17899114629193,0.17871851020133064,0.17954911029188755,0.17997143483704325,0.18056220225332467,0.18070548419379567,0.18138480281274738,0.18171109793949228,0.1817621196233848,0.1814933392440667,0.1814805662016919,0.18153998549528647,0.18132155037140385,0.1813723361206972,0.18098890489862612,0.17990819670671446,0.17945826531723086,0.1793371647084817,0.17869416180534453,0.1768831466142175,0.17592612835868202,0.1750349680823203,0.17486041698941668,0.17420272193794187,0.17327882267214903,0.17184803789312206,0.1717431541740212,0.16925512722172434,0.16770119986534,0.16633114437254218,0.16449060935500534,0.16137319382368753,0.15847147032960784,0.15822526080349875,0.15647233403922017,0.15441014004736617,0.15208514283380078,0.1494870186412506,0.14796800186982637,0.1470994050467134,0.14730946428691244,0.14699210344453467,0.14621273775751,0.14590905920937444,0.14458216407336338,0.1436773046483183,0.1439878100469018,0.1305616691837452,0.14394928419773798,0.14395560728497606,0.1437053931263083,0.14262577633919596,0.14111636991465895,0.13985730173044825,0.13848643732229468,0.13789973607254552,0.13777583087060677,0.13703888174217002,0.1355107352040708,0.13428997357395306,0.1330792858071557,0.13290897591562467,0.13162697046509367,0.13029715414067547,0.12875867735344554,0.1286290510730852,0.12772335564875606,0.12747369009814946,0.12761285780260567,0.12799075497115353,0.128204725367129,0.12815491176544958,0.12812695937045745,0.12822921082753644,0.12883740534416702,0.1294141588753239
stat_270,0.26971666695517366,0.11468239724079725,0.17225750364460485,0.12855527960556706,0.17101635164196755,0.160211385720932,0.17064487702778702,0.1706627151957668,0.17066095402774076,0.170628605109042,0.17057810118495031,0.17047005010260194,0.170329656014794,0.1702039913412362,0.17013395362032854,0.17006961749568208,0.17010419655478773,0.1701085479364322,0.17004345697933995,0.16996573917706087,0.1699158258168535,0.17003227880500038,0.1705132014547861,0.17064459366018295,0.17128936475876705,0.17165270405825922,0.17164664269786153,0.17183497339433848,0.17216917656613204,0.17226437510545597,0.17284743318352766,0.1728687717427433,0.1734943554960848,0.17454160713254008,0.17518586582563636,0.17536251669710937,0.1757679856575184,0.17583950828479844,0.17611920887869728,0.17585995438219454,0.17593831487818914,0.17636496550471398,0.17636163314197673,0.17609754147603895,0.17692549238061614,0.17735269137859375,0.17795113831763135,0.1781045709140145,0.1787906001448797,0.17912689191948955,0.17920724097259136,0.17895869373316417,0.17894677693541697,0.17900885079369316,0.17879102047489998,0.17884321043948348,0.17846426582633926,0.17737957474368396,0.1769210656215682,0.1768014563917839,0.17617019540477494,0.17438445885307882,0.17345504564142042,0.17259589517367135,0.17242601612858519,0.1717947111508416,0.17087693354476974,0.16944293664365026,0.169338139688589,0.16686185821608274,0.16531387502250122,0.1639621398486875,0.16214695209930596,0.15905791069124461,0.15618684265548657,0.15594268198196654,0.15421519194385844,0.15217395501263595,0.14986980702981476,0.14729804803941146,0.14580545493177663,0.14495333305328476,0.14517138833030774,0.14487122608779004,0.1441139687324037,0.1438299446820162,0.14251611705070766,0.14161720610614026,0.14191789912444733,0.12867693012307335,0.14187096786581618,0.14187685070033565,0.14162537791906038,0.14054756002060148,0.13905356533107033,0.13780651371964955,0.13644623707950498,0.13587243276802755,0.13575349031558895,0.13503852792471926,0.13354356390444347,0.1323532707392528,0.13116418821697873,0.13099781040645925,0.12974449501251856,0.1284308550253374,0.1269166789406929,0.12678884194074416,0.12589674254202016,0.12565873501342412,0.12580448155449292,0.12617925530495883,0.12637463205303576,0.1263119087113364,0.12628360347238574,0.1263840762984852,0.12699009893746407,0.1275551861041767
stat_274,0.19281216988578326,0.08112876022888552,0.12804448613058603,0.0937252733678007,0.12384032647241458,0.11836773099994644,0.12351475106276973,0.12353277328152336,0.12353651292753297,0.12351541056910494,0.12346953796942957,0.12336318062601707,0.12324378328123195,0.12313059011564716,0.12304370443190968,0.12296096313295583,0.12292710816941273,0.12292657226387015,0.1228185571234283,0.12268475934440617,0.12255745750149123,0.12251900371649804,0.12273928809959787,0.12275387356002655,0.12315037313516027,0.1232735219679331,0.12312916236428847,0.12313186453220303,0.12319121649007865,0.12313945383510475,0.1234409167591613,0.12344669740448065,0.12372362903539759,0.12432248540629183,0.12475145443709339,0.12485027304208454,0.12517223366339086,0.12527478468014852,0.12556827493817224,0.12545738759147307,0.1255761170204998,0.12591005258427046,0.1260389028938914,0.12607023964615874,0.12695396868937975,0.1274160612423193,0.1279847448719982,0.1282820607274757,0.12900681893734744,0.1295375095662661,0.12993062346924372,0.1299149718072826,0.12991317141664868,0.13005441579479005,0.13006527294860187,0.13029737370078018,0.13023890745749325,0.12958274127920616,0.1292226229867518,0.12914259263232813,0.12868481065745735,0.1274057155384877,0.12685920182414867,0.12629202271960674,0.12617792166646796,0.1257843816652255,0.12498532218815084,0.1235690541136463,0.12347062839892964,0.1214183269613053,0.11996213050996003,0.11873466419253322,0.1173777191273571,0.11505492457431145,0.11272874676166782,0.11251137727531504,0.11088902666036737,0.10926784136048917,0.10759436311533464,0.10563775743443805,0.10450294591010165,0.10372917551772104,0.10386765100119215,0.10364819853452567,0.10310928779786577,0.10292718918525419,0.10191796972235094,0.10123256416012265,0.10149341037429936,0.09385582160000457,0.10153140768028654,0.1015420685292086,0.10155839334346171,0.10093966427029366,0.10002313361480643,0.09912242142226138,0.09816129476326885,0.09782569838408403,0.09775571520898235,0.09740724208387787,0.09658368551128431,0.09587894954384707,0.09517726522388766,0.09508258235263146,0.09441392812887635,0.09356640679952781,0.09266099751726005,0.09257790779613827,0.0919929743719712,0.0919298550546745,0.0921458615637628,0.09239573067140981,0.09235080856542988,0.09223391814552273,0.09221511203294624,0.09232368195285441,0.09281303546704497,0.09318741445222933
stat_276,0.24221437439966956,0.10242974950071089,0.1572488724578377,0.11647785143691906,0.15450393420349728,0.1459715639233126,0.1541372931310959,0.1541561943083992,0.15415738580713564,0.154129501761523,0.15407888052394092,0.1539659087607798,0.15382937154875387,0.15370363338771864,0.15362042973881537,0.15354237898528186,0.15354119698663846,0.1535430873234321,0.1534505438891386,0.15333727519287096,0.15324160074429738,0.15327871603955917,0.15364250711972424,0.1537158965142615,0.15425893558813256,0.15450821797161976,0.154423102828047,0.15451684308161007,0.1547145929675547,0.1547315024399664,0.15518736131455188,0.15520090485576135,0.15566253681992198,0.15651689160288476,0.15707686755010622,0.15721808070504817,0.15759896796269607,0.157690729359584,0.1579968354734422,0.1578052843246813,0.15791206472789446,0.15831474274233273,0.15838928202950378,0.15827965760182303,0.15919123051206266,0.15966521572557746,0.16028415249019468,0.16052772511797636,0.161274793384446,0.1617364876388836,0.16199149726980916,0.16185540363504924,0.16184829765906347,0.16195582804688305,0.1618487956237113,0.16199904673643584,0.16177083945860915,0.16085948045488252,0.16043071257288624,0.16032612867461365,0.15975539275247833,0.15814941034841917,0.157375953472332,0.1566278389255612,0.15647892932294427,0.15594101069845534,0.15504174943972646,0.15354792843429418,0.15344134393597356,0.1510665158656168,0.1494880271556599,0.1481325537111574,0.1464695607064502,0.14363102080338136,0.14090104892495123,0.14065800780300372,0.1388919138341712,0.13696641791750352,0.1348795074534035,0.13250038415865018,0.1311221897692182,0.1302640474173252,0.13045268344804659,0.13018319275900617,0.12950669647550658,0.12926644588372885,0.12804556700628172,0.12721233348107464,0.12750727447740481,0.11661475153568636,0.12750368434844508,0.12751254936219406,0.12739637484869146,0.12651087054675855,0.12525255799130855,0.12412609123530656,0.122908819345788,0.12243593285974663,0.12233802039353334,0.12178780183727848,0.12058093625979564,0.1195923321899678,0.11860464572999517,0.11846833360864527,0.11746473284119803,0.11633328951446908,0.11506693564197434,0.1149564674163148,0.11418282420535851,0.11402534400509506,0.11421488715179287,0.11454212257785314,0.11462077892904429,0.11452633126005489,0.11450165671257999,0.11461144171029665,0.11518569306430107,0.11567781669073096
stat_277,0.30958539717640327,0.13255337163368666,0.1929599825050266,0.14568804097172827,0.19465893103687232,0.18018608375811393,0.19429202545661742,0.19430739563372088,0.19430025360436212,0.1942607203918345,0.19421173276099615,0.1941160167101606,0.19397346611199143,0.19385236683959572,0.1938084576882623,0.1937709025132741,0.1938679194085431,0.19387652652227097,0.1938627549873924,0.19385105604193303,0.19388380749448192,0.19413633614217574,0.19480756733456298,0.19503743696855783,0.1958410183908063,0.19639405027541895,0.19652776519800194,0.1968768094225932,0.197440352930583,0.19767010338105462,0.1984583302155765,0.19849267602184023,0.199386056140029,0.20073898808183568,0.20151093386378952,0.20174377326146373,0.20217931711842557,0.2022127523130566,0.20243811825234145,0.20206832752428625,0.20209485720412687,0.202550702249664,0.20241144491816232,0.20188499358202477,0.20254003132488493,0.2028703843367676,0.203411416207922,0.20339919177741295,0.20395259538198998,0.20405422345427357,0.20381670695709284,0.20337344706365829,0.20335324565533,0.20333260472024176,0.20292860049205447,0.20280750309727275,0.20217820964619126,0.20083262778973435,0.20034196258183665,0.20019992049073507,0.19948109649576698,0.19743613292500442,0.19625828879323073,0.19522384416468885,0.19502168647933293,0.19423995977546504,0.19331936309822484,0.19204007590499445,0.19194200214566923,0.1893714356130023,0.18792852250452766,0.18662491175481802,0.18459944754763882,0.18117159903256236,0.1781448064097269,0.17790660038082837,0.17630098341732744,0.17412204436297,0.1715102698663001,0.16868184348718585,0.16703441328493523,0.16621905124271819,0.16648133664218645,0.16613596718567722,0.1652598503332837,0.1649065399621207,0.16347175382713924,0.16248640151241783,0.16278765864705327,0.14584511316988547,0.16266615487425903,0.162666606867249,0.16218504398983752,0.1608048775631552,0.15894516137667467,0.15752643897988433,0.15595933800727838,0.1552259740636853,0.15507329213493268,0.1540899303704454,0.1521345735988627,0.15062467296974186,0.14911910881662205,0.14890488777279784,0.14725125646455825,0.14566127634333542,0.14376157423432798,0.14360744297326408,0.14253618300048312,0.14216298450062367,0.14222585718277042,0.142670887686397,0.14306801798604454,0.14306725922132318,0.14303381097234125,0.14311563562107188,0.14375673473963504,0.14443296006323422
stat_279,0.10859067907538214,0.04584802491046228,0.07125351481672848,0.05227893173327369,0.06948862843294579,0.0671506299070431,0.06930493864426411,0.06931646715579487,0.06931664595620834,0.06930012098796365,0.06926621843487202,0.06919977264206043,0.0691289432123279,0.06906438880807611,0.06901422044259119,0.06896453130337599,0.06893405336441069,0.0689334968610017,0.06886771035823698,0.06878368480348902,0.0686913042113915,0.06862994467575176,0.0686935485882373,0.06868737538499146,0.06889028261780128,0.06892588778571374,0.06881741981393763,0.06879145178973908,0.06876882651867812,0.0687011208767715,0.06886272426345978,0.06886600023420342,0.06899847108959538,0.06927162190268889,0.06950607888422926,0.06957559210719731,0.06979900565310206,0.06991348100812322,0.07010292913573515,0.07009934224574,0.07018732684557642,0.07033631584172177,0.0704196440996736,0.07048517585665769,0.07103345300091823,0.0712947556175698,0.0715867135612478,0.07177132297861268,0.07219866144010814,0.07255866407285712,0.0728029262129144,0.07280293269630886,0.07280238274176064,0.07291445307239387,0.07301654780259087,0.07323744207395769,0.07332209337093898,0.07310721926403278,0.07295626453215927,0.072915952835039,0.07264751160408496,0.07194021227315661,0.07164076617794661,0.07126914176505345,0.07120068504483353,0.07094258780502875,0.07045098508320066,0.06955619463904965,0.0694952939098091,0.06831465832289953,0.06740335809013018,0.06660064913195225,0.06582343961182147,0.06455491459371827,0.06318908278961326,0.0630563315203223,0.0619867818157198,0.06106278487964918,0.060185762193584944,0.059109845644964736,0.058429104762357936,0.05791828415599085,0.05793031708370655,0.05774013725896388,0.0573850222873297,0.057214556531499004,0.05665695577935024,0.056295942406295776,0.05648518667331079,0.05309716471821009,0.05657868472728935,0.05658878581912023,0.05669631105162623,0.05648142769903295,0.05606429990824055,0.05559088675907172,0.05510828848212415,0.05492855049103014,0.05487940375834381,0.054696742419139854,0.05429343028063299,0.0539085216436669,0.05357075672368302,0.053523179343045346,0.05321902400243801,0.052809461176090366,0.05239090423049529,0.052349617435073235,0.052051152360600185,0.05203828583351555,0.052181772702242626,0.0522998784606775,0.05224278866391543,0.052201153551502504,0.052194964751445624,0.05227641561984554,0.05254810010537588,0.0527550839198686
stat_280,0.2060848889383725,0.08697044198143632,0.13577702721344073,0.09974006115743439,0.1319722551322815,0.12564355220594595,0.13163799366329335,0.13165606450277836,0.13165890374423245,0.13163584891614258,0.13158897570889913,0.13148189301428817,0.13135861224068784,0.13124298406055424,0.13115855790659822,0.13107854556034584,0.13105573346718993,0.13105600000441434,0.13095474411934718,0.13082985437863826,0.1307149663887988,0.13070194150237405,0.13096562443944165,0.13099992076404882,0.1314387569679721,0.13160273166631833,0.13148208667468064,0.13151691465599466,0.13162367271176664,0.13159743951136993,0.13194894014363562,0.13195756357012864,0.13229693032928896,0.13297374620444033,0.13344032821700008,0.13355390680171766,0.13389140607893313,0.13398981892963657,0.1342797121648873,0.13414389579491043,0.13425512297294273,0.13460302224666215,0.13470712744991287,0.13468601250803275,0.1355590424274346,0.13601451745721257,0.13658759026757605,0.1368609176140794,0.13758075640605075,0.13808176236931816,0.13842618204142848,0.13837348085395762,0.13837007378170063,0.1384998452007525,0.13847541626400153,0.1386812704621453,0.1385730190807581,0.13784603139415325,0.1374679858556872,0.1373812875024517,0.1368936541857787,0.1355275898984531,0.1349185464871926,0.13430294967084586,0.13417952554717003,0.13374711997484462,0.13292384535901672,0.13149455477772623,0.13139447302714805,0.1292630774235635,0.12778419545815045,0.12653053637420858,0.1250938551616326,0.12263824423469853,0.1202150198799311,0.11999258707014185,0.11834776411182396,0.11665403290170598,0.1148735052182922,0.11281211267854134,0.11161496379638892,0.1108269853798308,0.11097719176571622,0.11074155714486739,0.11016310075778685,0.10996080093213019,0.10889987408073538,0.10817892691996187,0.10844781715292826,0.09987127240068533,0.10847307394889448,0.10848299420347267,0.10845484705894355,0.10775978354484629,0.10674550425518277,0.10578574398450256,0.10475685551860582,0.10438028744769946,0.10430171583665124,0.1038907307620488,0.10295402512216463,0.1021675311349912,0.10138449009962046,0.10127789449938268,0.10051306221878663,0.09958733640218714,0.09858115478761603,0.09849056019608948,0.09785406578265801,0.0977635950899799,0.09797047329451396,0.09824143033630549,0.09823296587134553,0.09812339181226501,0.0981029591160476,0.09821088504418005,0.09872168451418219,0.09912804456733794
stat_281,0.17090130657164485,0.07183249259679017,0.11392185735145746,0.08319323221978278,0.10991322144212325,0.1055258883792847,0.10961684026743747,0.10963380867607346,0.10963732549015605,0.109617818751355,0.10957405364896547,0.10947453560515584,0.10936543508810179,0.10926191422715646,0.109179881572315,0.10910110708422374,0.1090609529294612,0.10905995062405442,0.10895516890630409,0.10882453091115603,0.10869518709833134,0.1086363896941356,0.10880196669170307,0.10880142333296171,0.10913994126859322,0.10922386611650535,0.10907174983285528,0.1090509552847187,0.10906776936220293,0.10899775282516187,0.1092483025683147,0.10925221520133505,0.10947048734846082,0.10996752851029028,0.11034207730633618,0.1104292748526528,0.11072829586896074,0.11083863891721811,0.11111627866050601,0.11104090191437932,0.11115899428868475,0.11144984600312638,0.11158336494584703,0.11165030292121986,0.11248260637351347,0.11291255246388071,0.11342823252483737,0.11371976367138868,0.11439662876212107,0.11491830535747909,0.11531515505691108,0.11532415834314234,0.11532353400735067,0.11546868001272838,0.11552184189142609,0.11577344272277516,0.11577610709928436,0.11524543383034261,0.11493391065753622,0.11486477599553988,0.11445574672491644,0.11332468787868986,0.11285752342708469,0.11234897158202446,0.1122478322722761,0.11189817567894841,0.1111618107233076,0.10983347795225905,0.1097419392285382,0.1078806861060254,0.1065239353839886,0.10537677646294975,0.10416341327743041,0.10209890641896079,0.09998909333534245,0.09978855658347177,0.09826519092130073,0.09680494919343093,0.09533318824077558,0.09358967801577561,0.09256563513386053,0.09184158630306126,0.09194708506187775,0.09173677949133358,0.0912476513430013,0.09107341589420592,0.09017240368830519,0.08956512045538578,0.08981184163672117,0.08348603713067616,0.08987110545923074,0.0898823147901308,0.08994431727444424,0.08944582698406485,0.08867549531876454,0.08788366764600643,0.08704658913649096,0.08676084310547022,0.08669853012332622,0.08641368995266636,0.0857291092331028,0.08512603980540984,0.08453636603243218,0.08445688933932577,0.08391017219384031,0.08318631633855744,0.08242764867153371,0.0823563380724298,0.08185181670236642,0.08181497584718206,0.082025984395575,0.08223993817843203,0.08216883096811138,0.08206137802112745,0.08204589914292021,0.08215153784261424,0.08259168194363717,0.08291878102304781
stat_282,0.18642811899098055,0.07838617063446901,0.12423984281486931,0.09076958924760214,0.11985927602630164,0.11474220446894678,0.11953980703234593,0.11955762500612996,0.11956165723816767,0.11954147554811219,0.11949646921449482,0.11939145153853095,0.11927457620953855,0.11916332563445074,0.1190764697045751,0.11899365573265047,0.11895652688494585,0.11895572957417945,0.11884660583551081,0.11871132591184376,0.11858146725197034,0.1185354667518843,0.11873977351427811,0.11874803422067884,0.11912676396758301,0.11923595002455614,0.11908621900885027,0.11907933911132747,0.11912407926137143,0.11906565264510943,0.11934881294810802,0.11935371496274101,0.11960940431578072,0.12017826617937034,0.12059083248474611,0.12068430099559535,0.12099752874208888,0.12109988837740612,0.12139012524687123,0.12128777112187131,0.12140688903759221,0.12173214198549909,0.12186609538689087,0.12191198031652532,0.12278743930356814,0.1232458853492385,0.12380664377503275,0.12410815702253988,0.12482664504433992,0.1253614706777918,0.12576772740351397,0.1257654368427167,0.12576422948393096,0.12590804642667613,0.12593041390546808,0.126169140711147,0.12612804897173008,0.12550106389178978,0.12514954989217963,0.12507255720931018,0.1246296029224686,0.12339262186904773,0.12287375859806648,0.1223300731958548,0.12222043648893738,0.12184535094432157,0.12106171212633063,0.11966199764266709,0.11956501494484684,0.1175584713870418,0.11612404520218078,0.11491826435301271,0.11360186753775622,0.1113466492120435,0.10907714708495236,0.10886382225795697,0.1072676325179163,0.10568810415397313,0.10406738903428232,0.10216658564110953,0.10106477414619569,0.10030528142706478,0.1004385883475101,0.1002268244975326,0.09970661419255764,0.0995330655478696,0.09855191026688537,0.0978856964227883,0.09814074878230344,0.09088601625612121,0.09818189583381987,0.09819263269151139,0.09822184002415842,0.09763345819207676,0.09675760964080726,0.09588572354276487,0.09495675305375126,0.09463775875179892,0.09457130981581317,0.0942465149064403,0.09346835024401369,0.09279816207249214,0.0921306577757409,0.09204095016992005,0.09141155048837357,0.09059861077491609,0.08973631352723832,0.08965658299150105,0.08909494939622907,0.0890422891648909,0.08925992801052196,0.08950031224910623,0.08944232117802299,0.0893232496613843,0.08930513319673922,0.08941281098588988,0.089890455006258,0.0902500715457459
stat_283,0.1838449841388178,0.07734141379761189,0.12113596701780605,0.08906260739856153,0.11796956803188703,0.11297088458941766,0.1176613293915119,0.11767898386227639,0.11768139235111014,0.11765888214536725,0.11761154460120767,0.11750806478491012,0.11739316839914259,0.11728572692274586,0.11720368459368792,0.11712463976321068,0.11708894562915959,0.11708844092089644,0.11698511311494521,0.11685580305905363,0.11672720123772662,0.11667502186121838,0.1168598138835862,0.11686877872654365,0.11723883280331278,0.11734316504708936,0.11719503016365268,0.11718654271090204,0.11721936243127506,0.11715340864223832,0.11743726258723056,0.11744275316211099,0.11769581768349809,0.11823855953422178,0.1186442955175763,0.11874392049014958,0.11906870434855472,0.11919045875280677,0.1194816687963462,0.11940111084372061,0.11952390386850427,0.11982660959508343,0.11995514681996727,0.12000626742526178,0.12087017414765032,0.12130966193156519,0.12183656057828321,0.1221235754319468,0.12281663799161799,0.12334134363654362,0.12371092512277433,0.12369072220270268,0.12368881605970491,0.123834498075789,0.12388453369506446,0.12414050211153524,0.12413203277017003,0.12357879024664299,0.12326411194944506,0.12318982385430118,0.12274778567011695,0.12153374247431298,0.12100838156917207,0.12043580419374594,0.12032405223271558,0.11992398182290409,0.11915006124016674,0.11777514232086408,0.11767991871879728,0.11572599954386537,0.114308920143985,0.11309432907202786,0.11179573946343678,0.10960376087010411,0.10736705714436999,0.10715605921104585,0.1055450437579869,0.1039968202142695,0.10243081293716076,0.10057725915174325,0.09947700552480375,0.09870675431310716,0.09880972309498232,0.09857040650495759,0.09803257750263052,0.09782646990202548,0.09687040399769559,0.0962290745203939,0.0964967408157976,0.08958946713986961,0.09656504125174172,0.09657699490953522,0.09663475328525835,0.09610320410522812,0.09527175008399516,0.09442792684427252,0.09353708537464707,0.0932205245398685,0.09314929714443573,0.09282058902015203,0.09205720562268381,0.0913858013888766,0.09073837389332033,0.09064982469388665,0.09003701129225296,0.08925734005147933,0.08842950948813191,0.08835251285352923,0.08780683686611758,0.08775174071649902,0.08796194770209416,0.08819002805401914,0.08814245611384568,0.08804691785794501,0.08803107330840255,0.0881428266967565,0.08860490999306771,0.08896187438683598
stat_285,0.21503906062091513,0.09069902195740878,0.14104997126283178,0.10391333357996949,0.13763333076521944,0.13090443428049073,0.13728845552001237,0.13730715013568423,0.13730951324553461,0.13728467730892235,0.1372353166539227,0.13712461398888978,0.1369967058099596,0.13687743359481755,0.1367915258475908,0.13670992521592787,0.13668823522827298,0.13668870107397774,0.13658600448165112,0.13645895188810725,0.13634133134304757,0.13632893832047485,0.13660266066867313,0.13664012850021529,0.13709835555258487,0.13727060899653934,0.13714601138843116,0.13718277890390626,0.13729211979884454,0.13726278289366256,0.13762964694233698,0.13763867984301403,0.13799084854777416,0.13869141218443595,0.13917742714874423,0.13929649475434067,0.13965182990644853,0.13975897903845574,0.1400642166701575,0.13992739812301058,0.14004546426387737,0.14040561555931713,0.1405150231606082,0.14049527205243434,0.14140552529208572,0.14187641171178622,0.14246627556904423,0.1427453047795417,0.143486751745906,0.14399971601181755,0.14433795597859214,0.14427089067174376,0.14426682829889745,0.14439876033343038,0.14437275407629635,0.14458334064127795,0.14446788727229343,0.14372127892697337,0.14333803147611085,0.14324769072385107,0.14273730516654576,0.1413127986088177,0.14066577212887382,0.14000903075473062,0.13987859276181028,0.1394143332378812,0.13856316619981904,0.13709504179738002,0.1369919508178983,0.13478845962715794,0.13325992577747892,0.13195483448680292,0.1304573209303381,0.12790676128184164,0.12538636085494514,0.12515520781786688,0.12343817978751273,0.12167525058105197,0.11982476618165949,0.11767922439419871,0.11642732050670805,0.11560088167635207,0.11575193117402982,0.11550007276358987,0.11489164109111934,0.11467364477758317,0.11356926958389088,0.11282010460295172,0.11310361688223497,0.10416507897629139,0.11313516013142369,0.11314576125081917,0.11312120920640518,0.11240519673815962,0.11135237209338328,0.11035479329196086,0.10928710603118323,0.1088925606250851,0.10880888819583565,0.10837458345672182,0.10739134417775034,0.10656259508845194,0.10574253692592044,0.10563024403085335,0.10482393868371621,0.10385952576690337,0.10280659595547914,0.10271205362605258,0.10204707060542499,0.10194544997997988,0.10215335129272493,0.10243458947468297,0.10243963104598261,0.1023360358020912,0.10231525633108499,0.10242768692560072,0.10295510279594791,0.10338179197810081
stat_286,0.13864648985001315,0.05824412338613437,0.09282766858642419,0.06758470607033576,0.08927252249013987,0.0861145303384095,0.08902567411232859,0.089040245195473,0.08904328233108312,0.08902684078514504,0.08898885186451072,0.08890386220318122,0.08881270787091569,0.08872612760579508,0.08865548942062823,0.08858718142998456,0.08854643441726394,0.08854519618893418,0.08845293815291777,0.08833735743259555,0.08821934104122796,0.08815212266758361,0.08826301178692185,0.08825210846146109,0.0885166456238892,0.08856526502947645,0.08842348510270227,0.0883891119002559,0.08837562360737057,0.08830062869866512,0.08849206470352099,0.08849440792622691,0.08865209257513236,0.08902998855837874,0.08932977567067546,0.08940092236698276,0.0896544792507349,0.08975944639664056,0.0899973354455142,0.089953997455593,0.09005928538020654,0.0902901827054683,0.09041207730698794,0.09049525651677656,0.09120696551353721,0.09157080772643182,0.09199747789245406,0.09225567335573671,0.09283194740931101,0.09329642107427007,0.09365848294964738,0.09368523096620432,0.09368555491368047,0.09381990022205218,0.0938988736630818,0.09414113546649527,0.09418860684413707,0.09379910938314437,0.09355156433505327,0.09349696943025876,0.09316271265162479,0.09224752537871608,0.0918842588918812,0.09146870037559496,0.09138687268734415,0.09110419768005833,0.09048264104280951,0.08934225725126531,0.0892643336141405,0.08771818776707697,0.08656274408778164,0.08558410569510079,0.08459128342638635,0.08291177266132821,0.0811619251362969,0.08099300599901779,0.07968989742030687,0.0784876279514515,0.0773034762686444,0.07588288027065157,0.0750379779440241,0.07442123660168297,0.07449262579984603,0.07430881041878774,0.07390232194966785,0.0737498675246102,0.07301450486301501,0.0725227331163461,0.07273523975705727,0.0679579530486695,0.07280371457378917,0.07281418590956414,0.07290143226254954,0.07253654396673562,0.07194463897147547,0.07130768450309251,0.07064059323505578,0.07041772304716672,0.07036685001385753,0.07015439314655793,0.06963512714970839,0.06916353243363255,0.06871146632039814,0.06865067072595661,0.06824525195640602,0.06768040238880725,0.06710138271758366,0.06704547132605833,0.06664786186095895,0.06663459711042954,0.06682290332501417,0.06699036713940003,0.0669051559365068,0.06681364837647981,0.0668020131348509,0.06689543805562714,0.06725830239373672,0.06751938659063704
stat_288,0.4068082886645351,0.1789142553775664,0.23166472395613277,0.18208715234101502,0.24790993586526017,0.2220001529550675,0.24768355263119646,0.2476848811259676,0.2476490443145035,0.24757619718721996,0.24753212909961353,0.24751350194445895,0.24739836628356335,0.24733745329766643,0.24743469014613823,0.24753541598194034,0.24788523126026415,0.24791163783579534,0.24814719034183763,0.24844986594910048,0.2488390014225947,0.2496004347228658,0.250866137268904,0.25148450624163593,0.2527740649571867,0.2540270828375088,0.2547690254152177,0.25576109655600576,0.25718220448139956,0.25793965050721673,0.25950222850132365,0.2595928376613428,0.2615195087872021,0.2638385523654816,0.26498683773772536,0.26546892387559873,0.26600823538298124,0.2659670939715924,0.26587735516875766,0.26520120086006344,0.2649938746362202,0.2653403034727442,0.26455941104027253,0.26296233085735293,0.26260767550109354,0.26232635482805516,0.26231913404150997,0.26151002762425885,0.2612546966870797,0.2602953464214543,0.2586202348578027,0.25738685042798654,0.25733375237897166,0.2569924133481441,0.2560314760408742,0.2553159537361658,0.25394035177483953,0.25209234434190747,0.25170598376564846,0.25151014304277414,0.2505692664490044,0.2479357217490969,0.24595179707808376,0.24428821229684075,0.24398508509192413,0.24265005407965398,0.24189927530216287,0.24152769646083921,0.24147961855863218,0.23919092781173418,0.23850812391177842,0.23760541033949925,0.23516632592605013,0.2312651861272716,0.2283300611851196,0.22817713247966773,0.22736365333016692,0.22520633306713914,0.22208002482201447,0.2189816485136509,0.21701401335526987,0.21649871177233146,0.21673477776127903,0.21610994541518264,0.21479574445067087,0.21403282986270739,0.21250752470404674,0.21148847207785731,0.21179274017701805,0.18402581246135247,0.21150750922681047,0.21148973484930123,0.21022733929882464,0.20809433352634932,0.20523804757578512,0.20350951740192957,0.20156084060378238,0.2002865700464736,0.19999207329465432,0.1980138775685794,0.19453857980973874,0.19196311948530098,0.1895117650424582,0.18914417673920197,0.1862215447462459,0.18393591547731483,0.1809622751180818,0.18074092373747652,0.1792045458775772,0.1783494796969562,0.1780481646920443,0.17864606884451587,0.17981236861402186,0.1801560898604396,0.18011728617426237,0.18012721661017217,0.18073420735276105,0.18172701297738147
stat_289,0.21359050292521767,0.09019297602624211,0.14029293049261848,0.10322869758671985,0.13665744527038592,0.1298931050309937,0.13631601043530323,0.1363342875455864,0.136336831014454,0.13631280954792016,0.13626511826588583,0.13615662145132917,0.13603046426521484,0.1359125708482267,0.1358281373313237,0.13574828454084895,0.13572959937375917,0.13573017923529676,0.13563034604937543,0.13550741020504528,0.13539603530922772,0.13539285925505845,0.13567682832114256,0.13571891342526476,0.13617914356275132,0.13636037237297058,0.13624671978647748,0.13629350065155674,0.13641886124497515,0.13640145383941124,0.13677466389454954,0.13678431852939224,0.13714925221298488,0.1378629968655907,0.13834904041062107,0.13846853792629074,0.1388151987722841,0.13891238203489858,0.13920547915534695,0.13905816257429718,0.13916840558062676,0.13952746705086483,0.1396252943609327,0.1395858751449853,0.14046735851674944,0.14092709207032372,0.14151020938958564,0.14177819727303606,0.14250496664649606,0.14299960625488914,0.1433281192424816,0.1432595746151393,0.1432554624285928,0.14338138757911278,0.14334096229921459,0.1435367675841183,0.14340519252341988,0.14264022057262887,0.14225090440536423,0.14216052742173335,0.14165570155946863,0.14023984148381805,0.13959805923742072,0.1389560285614387,0.13882745434689936,0.13837422693026155,0.13753382836013123,0.13608742294903436,0.13598577726002847,0.13380119804300067,0.13229894013301396,0.13102253474654618,0.1295385207700432,0.1270024905782595,0.12451402307154297,0.12428709092554854,0.12261544123323699,0.12087301127982,0.11902880220512525,0.11690118467668671,0.1156662862266464,0.11486343257983996,0.11502144874040031,0.1147786056167583,0.11417965200780357,0.11396933316886049,0.11287507302732237,0.1121308164306256,0.11240530517194268,0.10335649939126892,0.11242485561602474,0.11243457539759186,0.11238868387021769,0.11165453798110493,0.11059002251084848,0.10959558568937731,0.10852755557932006,0.10813123530730095,0.10804872321699385,0.10760954320937846,0.10661802370386353,0.10579060208505021,0.1049660270228787,0.10485344461859909,0.10404075620271751,0.103072851069676,0.10201394341435442,0.10191927972389887,0.10125471688329439,0.10115139553774488,0.10135581334217261,0.10163839963162984,0.10164610432862232,0.1015386768723174,0.1015173454806197,0.10162588646635334,0.10215047157210999,0.10257429478023901
stat_290,0.13101306904173388,0.05529617015126366,0.08704684445271584,0.06350244761659943,0.084034313457563,0.08089881111396943,0.08380953770047428,0.0838227635853543,0.08382464444353513,0.08380814555700855,0.08377243553129918,0.08369528282656982,0.08361134961732565,0.08353277723920303,0.08347113387980792,0.08341144148368905,0.08337971287612274,0.08337903773650723,0.08330020650225389,0.0832014068641505,0.08310059674978641,0.08304952140095015,0.08316365389881857,0.08316372129456338,0.08342062278184267,0.083483398825391,0.08336857424117751,0.08335424699705107,0.08336321653386329,0.08330694006657459,0.08350823268681014,0.08351229154763486,0.08368995038815935,0.08406332059421821,0.08435153727038508,0.08442762636782046,0.08467010111010286,0.0847713154156617,0.08498207315928881,0.08493866722943905,0.08502991458798378,0.08523394611694458,0.08532550053504312,0.08537183241912394,0.08600103444138696,0.0863178275170222,0.08669233251415767,0.0869091222746783,0.08742074147906588,0.08782698954388897,0.08812686559453078,0.08813276420934212,0.0881322986566067,0.08825166010800609,0.08831898539611947,0.0885364101189606,0.08857161756664866,0.08820908840815884,0.08798511801839025,0.08793353575956363,0.08761764516227531,0.0867558900846278,0.08640114601660698,0.08599831821106589,0.08591989592894911,0.08564330825712176,0.08506708431096432,0.08402240469230671,0.08395088727394852,0.08252197576293356,0.0814633820268327,0.08055852970154956,0.07962735631193188,0.07806355246061816,0.0764426120009911,0.07628791630847412,0.07509175718206294,0.07398094523191119,0.07287878485817159,0.0715622939652309,0.07076826240763016,0.07020090733760354,0.07025831882299753,0.07007208794912166,0.06967714065354992,0.06951573133893485,0.06883530951874565,0.06838338277560073,0.06858462555412195,0.06394191693454356,0.06865105678816544,0.06866061304847433,0.06872760927196812,0.06838154965390289,0.06781432814662501,0.06722008971736423,0.06659820098054432,0.06637660308924756,0.06632437642696977,0.06609954084374932,0.06558107068904108,0.06511642537030339,0.06467727011988576,0.0646173983101274,0.0642147831149157,0.06367878124596567,0.06312200424469899,0.06306890707348824,0.06269111015242526,0.06266904973550248,0.06283692271788689,0.06299444031416832,0.06293093522120792,0.06285569219178948,0.06284504701867533,0.06293120157723604,0.06326668073066616,0.06351605160637704
stat_291,0.12859175464498282,0.054105873413344434,0.08544459657861396,0.06238989297185358,0.08261289000556268,0.07976759704036421,0.08238792456778508,0.08240156105161532,0.08240336158965228,0.08238634968425307,0.08234896320741043,0.08226983404348606,0.08218532601378734,0.08210632343047417,0.08204286651983778,0.08198090743010081,0.08194306083853797,0.08194206711383863,0.08185885208101601,0.08175377255228354,0.08164306310420914,0.08157470917040477,0.08166436946144794,0.08165419064886262,0.08189644588861172,0.08193811595590136,0.0818054954010393,0.08177174307847233,0.08175005805641339,0.08167384949527638,0.08185472255199526,0.08185739744794537,0.0820043845444755,0.08234059577341092,0.08261775874171791,0.08268973671270932,0.08293755262325468,0.08305159824933714,0.08327584342557252,0.08325195114087003,0.08335363818241355,0.08355299490930912,0.08366289319114459,0.08374455129091261,0.08440550047860532,0.08473407918703617,0.08511150208939319,0.08534524247797037,0.08587136204224294,0.08630412952549096,0.08662475490861558,0.08664112279526627,0.08664110290433384,0.08677007702010918,0.0868646665606507,0.08710648108941335,0.08717565569387851,0.0868595957490808,0.0866508069518992,0.08660141114976257,0.08628801345540775,0.08544368543555428,0.08510027925355967,0.08469246379526349,0.08461446647112768,0.08433466935683341,0.08375464739352598,0.08269274642379927,0.08262031770021187,0.08119833837987792,0.0801198351967584,0.07919135536390368,0.07826993954804891,0.07673366037014057,0.07510931946906245,0.07495183138972258,0.07371359237398177,0.07260447223502364,0.07153028494468189,0.070228539654624,0.06943445173164045,0.06884591190318987,0.06889056156931454,0.06869767763435147,0.06830301680297678,0.06813744061578134,0.06746299035714083,0.06701771318490225,0.06722662174182295,0.0629934090093523,0.06731066553088166,0.06732141277527787,0.06742479085985816,0.06712341647416914,0.0665995858911897,0.06602112218560618,0.06542212029736101,0.06521404597578957,0.06516252927213093,0.06495990774786675,0.06448325043450674,0.06403997985535334,0.0636303721084806,0.06357426465884429,0.06320712667232423,0.06270020585273114,0.06218186479880744,0.06213130252249873,0.06176927369786237,0.06175656266471785,0.06193008173475593,0.0620788720431105,0.06200320588382919,0.06193257943770678,0.06192324328043109,0.06201429924076161,0.06234516832113278,0.06258837106199912
stat_292,0.1384661483133989,0.058207404323472524,0.0925676286918613,0.06741618866065437,0.08909241077257005,0.08592750158765959,0.08884743740348276,0.08886194252466204,0.0888647178916659,0.08884793970536804,0.0888097240354738,0.08872517385261204,0.08863440117752977,0.08854849305717542,0.08847882876603506,0.08841136833594132,0.08837144749542195,0.08837028953016875,0.0882794399529282,0.08816549445070536,0.08804865448431942,0.08798203148309877,0.0880918776662866,0.08808208766664255,0.08834655584770032,0.08839636649097911,0.08825657410442334,0.08822379895050683,0.08821109330880665,0.0881366039783339,0.08833024211622441,0.08833283440789594,0.08849311619062947,0.08886978527054998,0.0891694863152153,0.08924228186622554,0.08949775935660342,0.08960542121964336,0.08984226880850309,0.08980134750876612,0.08990635726704538,0.09013326276315778,0.09025223455543523,0.09033283885865592,0.09103935660036998,0.09139858498156156,0.09181898427165824,0.09207310690502181,0.0926438400441125,0.09310429916398147,0.09345893224967042,0.0934822381047098,0.09348242773504548,0.09361623730318575,0.0936969339935319,0.0939396037698001,0.093988950306083,0.09360656070591607,0.09336348094128855,0.09330911919614446,0.09297481121022041,0.0920617657508796,0.09169643078277621,0.09127700093668803,0.09119484398358993,0.0909089139274411,0.09028926777924126,0.08915430450400785,0.08907674198349026,0.08753836029099059,0.08638766652729528,0.08540984942973191,0.08441906515336314,0.08274744231034323,0.08100341859996085,0.0808351563868128,0.0795333237671357,0.0783361464330741,0.07715886204837775,0.07574519105526809,0.07490025825711602,0.07428336357796189,0.07435043347019746,0.07416234058960947,0.07375279851174761,0.07359546566287561,0.07286353960542472,0.07237518401710202,0.07258915038402683,0.06783189356394499,0.07266069257414488,0.07267126894789692,0.07276017197672628,0.07240112611505745,0.07181292769039392,0.07117948620957758,0.07051719038380092,0.07029319708215416,0.07024127411920314,0.07002556788789266,0.06950448729444794,0.06903037628314163,0.06857878489266075,0.06851780184458892,0.0681116206010415,0.06754952597396546,0.06697246846989213,0.06691676628199508,0.06652026940447116,0.06650556400211664,0.06669198054128408,0.06685825888766424,0.06677612646048832,0.06668833615298482,0.0666769702254148,0.06677059722461466,0.06713115154577368,0.06739246066786
stat_293,0.1734218577302831,0.07287527567786166,0.11588113814983057,0.08453006980448519,0.11159115708287831,0.10707751453564691,0.11128935355793501,0.11130644859821791,0.111310419643825,0.11129140908388468,0.11124811125698833,0.11114763782572089,0.11103716011158636,0.11093182138025945,0.11084811313625442,0.11076801787440095,0.11072805920341178,0.1107270193026466,0.11062043641239636,0.11048796020107923,0.11035852107033359,0.11030324274933635,0.11047891382122033,0.1104795043226586,0.1108253052170209,0.11091396076310106,0.11076215818970617,0.1107438602412106,0.11076772054508673,0.11070146378376745,0.11095604944216138,0.11095994945257881,0.1111838502536889,0.11169689582000204,0.11207786837703641,0.11216419834956863,0.11246159937136138,0.11256547408780994,0.11284407271210956,0.11275927462830435,0.11287631050037392,0.11317739646585445,0.11331212672608651,0.11337457718469066,0.11421427869206227,0.11465218223118619,0.11518163808697683,0.11547745101444502,0.11616495188860007,0.1166896913904228,0.11709537932039224,0.11710663776368777,0.11710608060757959,0.11725023537505072,0.11729234000352035,0.11753749129699413,0.11752614233637552,0.11696528926714796,0.11663987586603905,0.11656909378682336,0.11615572005223476,0.11500605169864857,0.11453380970070688,0.11402783169433015,0.11392613060700146,0.11357911671273248,0.11283507897523654,0.11149334459987562,0.11140079158032258,0.10950980446274904,0.10814043963191301,0.10698922303836629,0.1057590682567546,0.10365589095752228,0.10151931779638854,0.1013167813391604,0.09978973752162383,0.09830763468745458,0.09680383428080655,0.09502940685158516,0.093995947966595,0.09327107133002784,0.09338795188924065,0.09318462133696412,0.09269619294530328,0.0925300428049837,0.09161333076475604,0.09099284052978143,0.09123721032155359,0.08470447396868347,0.09128708898135209,0.09129790485208583,0.09134789522647468,0.09082329410218648,0.09002819615361908,0.08921938534362202,0.08836108957520576,0.08807062047365467,0.08800908853963418,0.08772018469914834,0.08701991788800288,0.08640871616928027,0.08580408475403331,0.08572300905597169,0.08516142214393285,0.08441807564804577,0.08363763105527762,0.08356458485791192,0.0830489633833143,0.08301056074020574,0.08322395545663644,0.08344425902106027,0.08337259901818435,0.08325787413388117,0.08324148628225879,0.08334622571191214,0.08379476425584834,0.08412651991185395
stat_294,0.1197991031003558,0.05043422614715959,0.08000948090199607,0.058218867317950264,0.07699447663839398,0.07436222371920763,0.07678323590643012,0.0767959373300091,0.07679797462561426,0.07678270754151038,0.07674849443034641,0.07667467013499195,0.07659581834897923,0.07652167001720003,0.07646167759537675,0.07640330966068253,0.07636772870678393,0.0763667361504407,0.07628822516832381,0.07618942405355451,0.07608639578658628,0.07602416591241659,0.07611112584967383,0.07610162766790031,0.07632809480809578,0.07636797732753411,0.07624514040271355,0.07621473849073089,0.07619770541398742,0.07612904040020153,0.07629781460291842,0.0763002931305991,0.076438886174249,0.07675659459178481,0.07701536081579928,0.07708169992495406,0.07730988003333678,0.07741245466012771,0.07761936322011043,0.07759310935393406,0.07768621415627384,0.07787431044799782,0.0779757749498366,0.07804878661655974,0.07866228436177543,0.07896989142056839,0.07932598156839431,0.07954552515247255,0.08003893407159428,0.08044349613114368,0.0807509271339665,0.0807716040542836,0.08077181159937905,0.08089193112649133,0.08097511328628762,0.08119742978131078,0.0812564546373746,0.08094750457431657,0.08074486095238567,0.08069851935844562,0.0804079423547018,0.07962034055294932,0.07930531153551411,0.07893538243779175,0.0788637826420515,0.07861175443578096,0.07807008540176333,0.07707533189254245,0.07700754116392869,0.07567488732487093,0.07466868191269564,0.07380832293080894,0.07295003344908768,0.07151190874545174,0.06999827012898441,0.06985169106263144,0.0687059388776408,0.06767143050995901,0.06666496333799433,0.06544926713836413,0.06471241465036809,0.06416900392617697,0.06421557035083485,0.06404117359154285,0.06367786044645503,0.06352977767138325,0.06289964101570027,0.06248226751144151,0.0626738837478508,0.05868110030291598,0.06274701628691541,0.06275675769565281,0.06284701756356585,0.0625567078867122,0.06206204168086064,0.06152022430745993,0.06095744078876118,0.06076358189930814,0.06071661634107488,0.06052899185004078,0.060083999494250674,0.059673653723439087,0.05929027324794682,0.05923813968928195,0.05889564921817211,0.05841900469258604,0.057932204714948914,0.057884790620333144,0.057546108858368736,0.057536032916213564,0.05769986390262983,0.05784048277733188,0.05776578958887585,0.05769405740463651,0.05768487907330386,0.05776856789436467,0.0580793045834619,0.058304955969596284
stat_295,0.13242554427164047,0.055674845981920955,0.08875217778403173,0.06453476137950499,0.08523238992846599,0.08222885831250093,0.08499689319645884,0.08501079496095448,0.08501366470609309,0.08499793105609031,0.08496164471760535,0.08488055845645373,0.0847935707934837,0.08471099002451155,0.08464369710052577,0.08457863062318646,0.0845399442126761,0.0845387808889098,0.08445102324051969,0.08434111918345953,0.08422890012853024,0.08416523567345874,0.08427137667000059,0.08426154586029543,0.08451451582098236,0.084561919200489,0.0844277810197972,0.0843962092971817,0.08438468158939205,0.08431397363629602,0.08449860612805332,0.08450101937362561,0.08465414422045284,0.08501589368010584,0.08530262415355246,0.08537166668159447,0.08561471315063483,0.0857159699467954,0.08594199834073138,0.08590113351955371,0.08600107759847508,0.08621959434870445,0.0863337192010587,0.08641052334992907,0.08708679363698957,0.08743208663629663,0.08783733749891791,0.08808239120625264,0.08863126788720041,0.08907401457248931,0.08941956920873725,0.08944554740609591,0.08944588204566811,0.08957439866917734,0.08965004121183591,0.08988177222703765,0.08992747740922448,0.0895550637485962,0.08931820044780239,0.08926607620195574,0.0889470265788095,0.08807326740389142,0.08772711221837193,0.08733139383695206,0.08725340943816047,0.08698471049425932,0.08639054144919989,0.08529991504357388,0.08522543324324022,0.08374840388544093,0.08264508474213748,0.08171078136918888,0.08076292152916663,0.07915996037072309,0.07749021167551035,0.07732911218702078,0.07608591135891642,0.07493936386232299,0.07381023081145104,0.07245592027799319,0.0716490055008951,0.07106064709726385,0.07112734945471155,0.07095024146202034,0.07056086364054137,0.07041371347084244,0.0697123869011837,0.06924376554267997,0.06944708192941457,0.06488229863387461,0.06951319069032708,0.06952319966617432,0.06960615744199045,0.06925859867865698,0.06869341410857943,0.068085989717686,0.06745010379441835,0.06723633511286962,0.06718732006766129,0.06698261432955199,0.06648523273535187,0.06603403558996256,0.06560208790594227,0.0655439802684135,0.06515663366983715,0.06461732577875379,0.06406448745705803,0.06401110490652079,0.06363149492115217,0.06361901446077772,0.06379912844250384,0.0639590786200514,0.0638772006389749,0.06378969858602383,0.06377858604167157,0.06386776106642489,0.06421424005677247,0.06446348640001351
stat_296,0.1271956417461858,0.05348911745732343,0.08524334424647399,0.061953718177659364,0.08184786779927093,0.07903676250305765,0.08162133962706446,0.08163483726883834,0.08163745471561198,0.08162195721075632,0.0815863651475449,0.08150777136348218,0.08142381601756414,0.08134430798967879,0.08127937599928986,0.08121642471154135,0.08117797977117379,0.0811768215194429,0.08109178836089509,0.08098507769790748,0.0808750269792853,0.08080978723311845,0.08090580636559724,0.08089467706516139,0.08113551033397538,0.08117733060317217,0.08104532648535634,0.08101183362453579,0.08099477920290948,0.0809227533720932,0.08109865197015759,0.08110091300305299,0.08124484352006686,0.08158565081956691,0.08186020563843095,0.08192756483997535,0.08216496123587548,0.08226763562497177,0.08248747176786791,0.08245399708264307,0.08255226550985517,0.08275875279715873,0.08287007508959476,0.08294935451738329,0.08360495899088898,0.08393752075409322,0.08432504576023815,0.08456295941933167,0.08509313040393557,0.08552523991165373,0.0858611128055454,0.08588786409413425,0.0858882690340026,0.08601497238460697,0.08609646734524198,0.08632758091496215,0.0863823657206505,0.08603821643653865,0.08581500465394248,0.08576537292043886,0.0854579915440346,0.08461987844414652,0.08428862043019578,0.0839043775251343,0.08382916582758455,0.08356840936367194,0.08299353521567615,0.0819358596560538,0.08186374108542521,0.08044156270786111,0.07937235464552332,0.07846414948452952,0.07755235516787397,0.076015566748492,0.07440561732541327,0.07424976928018803,0.0730401195387904,0.07193702101014542,0.07085811634670995,0.06955903996382255,0.06877994985865228,0.0682072779599739,0.0682654786813234,0.06808964679306424,0.06771136783258865,0.06756463478407243,0.06689140525542236,0.06644306018174197,0.06664218623629359,0.0623466874106822,0.0667122551177191,0.06672226004352312,0.06681162310780746,0.06649034294723365,0.06595708223501348,0.06537667849815293,0.06477133049395642,0.06456715224078419,0.06451924371958448,0.06432452404881742,0.06385323031770601,0.06342153470444808,0.06301233676161765,0.06295713025229052,0.06259235950947971,0.06208066354781817,0.061558342467287544,0.0615075834055735,0.061145878011108816,0.061136215397200364,0.06131148021192494,0.06146307193481016,0.06138104705286658,0.06129897195328772,0.06128869970624894,0.06137627919519492,0.06170885952803716,0.06194784403506993
stat_302,0.4257715247213696,0.19124190361068358,0.23348383233924402,0.1855800079326814,0.2549502309115589,0.22619728403405356,0.2548225735761665,0.2548176736819035,0.25476646103167905,0.25467550475643397,0.2546277101297351,0.2546455374587484,0.25455166175503263,0.254529301897566,0.2546961746031292,0.2548625522737158,0.2553099117978712,0.2553437896335876,0.25569548510737855,0.25614239674972894,0.25667722780234814,0.25761378100914656,0.25902636172112614,0.25980034719378753,0.2612283979746432,0.26274061692520373,0.2637530798093629,0.26501491697853075,0.26675782613222193,0.2677227189498095,0.2696256029020204,0.2697451648208104,0.2721338240972332,0.27474441505341424,0.2760089402334364,0.2766420938614448,0.277270144969779,0.2772884080879325,0.2770169442837458,0.2763114997508816,0.27599491849471963,0.27614121413406273,0.27501103978153024,0.27293523727861047,0.2720175891826623,0.2713678138591288,0.2709697358949014,0.26977983813829326,0.26909830786516237,0.26770729163387247,0.26542842270815237,0.26389736212177006,0.2638322928545788,0.263393832574587,0.2623393295251113,0.2614848256348437,0.259975382711674,0.258186355912809,0.2579377063770181,0.2577352787626455,0.25674530924216055,0.2540367679942767,0.2518144949418671,0.24991666056598083,0.2495832608611757,0.24804666800358413,0.24738798930884462,0.24738199976211084,0.24735651209425563,0.24536589223691282,0.24503545364596505,0.24429159233798217,0.24182434570557224,0.23806441925717212,0.235386659794503,0.23528500903058877,0.23480762132838862,0.2328744612364091,0.2298608333918477,0.22697677227853513,0.22495195612615754,0.2245749821011511,0.22465216698268325,0.22379805303324843,0.22225542241917215,0.22119938782906154,0.21979659873824248,0.21890929979734258,0.21925447048185975,0.1890281958066618,0.21901598055884053,0.2189951030433091,0.21752466676374876,0.2153507315175418,0.21231543207617298,0.21062799806194557,0.20873700703682607,0.20726335516220715,0.20689437525454263,0.20451539719050402,0.2005502784689792,0.19761497481039847,0.19492603259918026,0.19451305904162208,0.19123984420465912,0.18885512208513008,0.18566538471343413,0.1854332057168139,0.18381446920199088,0.182804779291543,0.18236624773473833,0.182970839996143,0.1844013412556716,0.18492325822643205,0.18488971445596536,0.18488282805699155,0.1854169623876527,0.18648925214453713
stat_304,0.3745822276155384,0.16594928766687514,0.21436314825684882,0.16734184530699192,0.2278491302531967,0.20545173790247145,0.22762627827466175,0.2276301389388511,0.22759646487910942,0.2275253616027701,0.22747440268325755,0.22744370686159368,0.2273298081873808,0.22726762133279985,0.22734740710602955,0.22742876548981025,0.22772596174170434,0.2277492210552175,0.22794842952995925,0.22820313667817416,0.22852274990446625,0.22915927891203144,0.23023490185872567,0.2307772924331091,0.2319316314924337,0.23303099885329523,0.23367212166031168,0.2345466310078484,0.2357794630240181,0.23642686068362717,0.2378659700464535,0.23795078699880692,0.2397157765327331,0.24177324776604345,0.2428260077514439,0.24330261271744225,0.24386690407250125,0.24391678270687556,0.2438507056262789,0.24331117719410084,0.2431405358222195,0.2433866210550397,0.242660880266357,0.24123777606748342,0.24097035229958705,0.24071589683768396,0.24068286527190288,0.2399830953559211,0.23981127736406305,0.2390605415216218,0.23763903443845577,0.23656779886394771,0.23652176866648195,0.23627038032095096,0.23552853097687515,0.23501534867976528,0.23392272275774978,0.23238686001286085,0.232059905351548,0.23188565428877073,0.23101200640946537,0.22860428640198274,0.22683190821803537,0.22528637068993598,0.22500823016584479,0.2237815675889072,0.223007347305743,0.22244705800802492,0.2223902529417531,0.22017415789863753,0.2193618968017016,0.21835624991396207,0.21608796578098644,0.2125176338380509,0.20970701897533275,0.20954768645654762,0.208560732055698,0.20654879891610886,0.20375978792929791,0.20094582113015622,0.1990779860899593,0.19850148551763555,0.19862015563185256,0.19794575830393224,0.19666036742180423,0.19586143485565752,0.19446887552587006,0.1935666886672728,0.19391079219812268,0.16970314230572137,0.19375563321546319,0.193745321305664,0.1927279029444145,0.190952686001811,0.1884609567174641,0.18691435950256116,0.18519818324732518,0.18403926532421377,0.18375672924926098,0.1819662083608069,0.1788729128823858,0.17654691903805966,0.1743848615740194,0.1740585641512794,0.17150039903390313,0.16948561855418495,0.1668823780237081,0.16668603239900767,0.16531596415502567,0.16458270149094795,0.1643599724780569,0.1648864566829013,0.16587156050412208,0.16618350527026435,0.16615174698969856,0.1661875547652581,0.16675886222439484,0.16765831192780384
stat_307,0.3788681879141074,0.16794968351574577,0.21520377979989708,0.16855880635097717,0.22999691563415087,0.20720706376715328,0.22978482766451022,0.2297884647274286,0.22975198034192887,0.22967648930400802,0.2296217558547242,0.22959287637667164,0.22947950566587483,0.22942125567550906,0.22950930596921884,0.22959762996227304,0.22990341096570296,0.2299275593188882,0.2301389583625541,0.23040731782296087,0.2307356687670687,0.2313772913487963,0.23244859285665823,0.2330023533306238,0.2341680085688852,0.23528121157615248,0.23593450778714548,0.23682096866026545,0.2380559539648025,0.23870058785732462,0.24016426621497677,0.240251117530402,0.2420382277804752,0.24409032810971037,0.2451529251906265,0.2456459487634821,0.24624161221897878,0.24632498828850524,0.24626615101210508,0.2457522154159642,0.24558737666306873,0.24580756322630778,0.24506598754246645,0.24363019985600642,0.24334978327217954,0.24306695739373066,0.24298962940248287,0.24225811652141063,0.24205045916401344,0.24127012356926342,0.23977142783573244,0.23865542549129648,0.23860756509749179,0.23835139432671845,0.23762293203027188,0.2371137291769699,0.23602981763037395,0.23454447602712794,0.2342560899312391,0.2340813626391269,0.2331919122412918,0.23076416386102946,0.22894367037247884,0.22733271404599803,0.22704648251369963,0.22576573901026423,0.2249939897395435,0.22446721455629806,0.22441224328377346,0.22222531828394765,0.22142895893642153,0.22039834465447772,0.2181081879329516,0.21454803002732445,0.21172615056987065,0.21156689260777348,0.21053891002078257,0.20852465358362782,0.2057517429689013,0.20294190214945562,0.20103518511112753,0.2004255536397355,0.2005042239082483,0.19977880675165222,0.1984444372177342,0.19758897376949827,0.19619698731988736,0.19530636836627285,0.19567627157109913,0.171417706240767,0.19555725427240273,0.19554864422540583,0.19455599121960063,0.19282491023166662,0.19034431032155572,0.18880434974719973,0.18710589844533548,0.1859258517080665,0.18563058574507868,0.18379613436300538,0.18065494268628318,0.17827635431039293,0.17609199667977915,0.17575978858368538,0.17316267253237028,0.1711449525122474,0.16852346549984207,0.16832611241399345,0.16694532318446065,0.16618839711014188,0.16594589132753215,0.1664692059299314,0.16749675230737723,0.16784816360317897,0.16781853687176299,0.16785811490925767,0.16841834745043666,0.16933439435225195
stat_308,0.11526903904679016,0.04878244811933978,0.07612164265047303,0.05562562153801483,0.07374684893842881,0.0710058326098499,0.07355324050651758,0.07356480311935715,0.07356569418764383,0.07355004268736799,0.07351757530464129,0.07345033052031857,0.07337706101567958,0.0733094136578415,0.0732575183860845,0.07320694621381588,0.07318073022487574,0.07318034206482367,0.07311434676425606,0.07303123193087566,0.07294473268134527,0.07290004140843291,0.07299618920568451,0.07299904078481863,0.07322535830148119,0.07328348981173455,0.07318727502765618,0.07317887001439553,0.07318824499085197,0.07313950141057138,0.07332431248139187,0.07332868929833619,0.07349388102726179,0.07381974518493781,0.07407434109423805,0.07414710252822648,0.0743679637310225,0.07446639921103804,0.0746494771688147,0.0746190791448326,0.07469897668629256,0.0748665032362506,0.07493835909465528,0.07497195562426266,0.07551343115705639,0.07577990481702422,0.07609199304067482,0.07627241848307234,0.07670958036203021,0.07705977555401242,0.07730578872703962,0.07730236461517533,0.07730162474797558,0.07740725556885784,0.07747594108251984,0.07767363740858928,0.07771559682702721,0.07742076955486148,0.07723622761549002,0.07719149006989,0.076911977059993,0.07615698609878477,0.07583959084457537,0.07547225942550624,0.07540204973467278,0.07514835730730371,0.07464169669172675,0.07372686158812922,0.07366430076424402,0.07242034843960367,0.07149323859585403,0.07069141154283343,0.06987370066681907,0.06851479862258412,0.06709651700224556,0.06696130217837486,0.06590316742854507,0.06493594897439789,0.06398346399286324,0.06284080573515975,0.06213806021705016,0.06163477707995772,0.061671150505750214,0.06149202678619154,0.06113225618246909,0.060972742310348216,0.06038208964860735,0.05999374525365128,0.060177127136713804,0.05616041789864112,0.060246815275713496,0.060255668288454856,0.06032196492736071,0.060036345949744226,0.05954804258735963,0.05903371813523352,0.05849910959011026,0.05830031891321971,0.05825098204584663,0.05804364775373285,0.057582610100564514,0.057166000645477555,0.0567816357708809,0.05672852335040828,0.0563742871990864,0.05591087633580824,0.05542843993444239,0.05538233208410531,0.055052996454346526,0.055031461156178886,0.055176602689360414,0.05531172448152941,0.0552608847163434,0.05520419020351743,0.05519562839082812,0.055273133564726885,0.05556378174338538,0.055784190035765145
stat_309,0.14375713540118845,0.06060298597495531,0.09563060853970301,0.06978093854613929,0.09228835314253758,0.08876790948690719,0.09204080490049059,0.0920552260604493,0.09205760946343278,0.09204011816664519,0.09200179932873533,0.0919175113281663,0.0918255549011703,0.09173905787687238,0.09167097329242795,0.09160525249035749,0.09157090501652047,0.09157013377309214,0.09148316813394988,0.09137441319528755,0.09126470551607464,0.09121141664755097,0.09134211384859324,0.0913423469328098,0.09162554888680484,0.09169575444808963,0.09156991496041503,0.09155446448206987,0.09156714895364336,0.09150736705141041,0.09172578840320236,0.09172993061080388,0.09192265385254808,0.09233679215088889,0.09265299426410234,0.09273335510499436,0.09299412768698778,0.09309838951725168,0.0933293970212685,0.0932755380345377,0.09337472638444555,0.09360549004080165,0.0937087854881307,0.09375961956873047,0.09445130114747641,0.09480291187427148,0.09522117588061824,0.09546086708986029,0.09602434483531104,0.09646710172437505,0.09679773735797144,0.09680474990168245,0.09680424265744382,0.0969321607733342,0.09699585823634081,0.09722516276202568,0.09725125157985079,0.09683606487975369,0.096584097036302,0.09652695402869983,0.09618135131256736,0.09523380355585463,0.09484390416405064,0.09440763491688083,0.09432201743113573,0.0940224645705855,0.09339428990722079,0.09225708438457896,0.09217907849812806,0.09061139878949497,0.0894568350309223,0.08847412185406135,0.08745288914176044,0.08572975976231137,0.08395317259650746,0.08378393058264169,0.08248392454123031,0.08126258747579332,0.08004333092576453,0.07859180099554917,0.07772447116522521,0.07710786184268816,0.07717988447561547,0.07698498892131987,0.07655907745656852,0.07639219215848647,0.07564220095044144,0.07514154226626883,0.07535752184212768,0.07017759570459277,0.07542202617134919,0.0754321032795972,0.07549692182687122,0.07510242683240997,0.07447014117377097,0.07381315575120379,0.07312292991803669,0.07288040528252555,0.07282479224205161,0.07258000999893863,0.07200801701437382,0.07149901780445671,0.07101202959244327,0.0709459348188461,0.07049790326459315,0.06990238244121913,0.06928200001391031,0.06922313695231273,0.06880521222784507,0.06877903065239148,0.06896133557833849,0.06913673125040608,0.06906972213712147,0.0689838217270888,0.06897163772125314,0.06906415437565136,0.0694332817062291,0.06970726054644154
stat_313,0.1485037726676225,0.062341686012684756,0.0991291339793596,0.07235040443837966,0.09562324117098829,0.0921814992229142,0.09536006181085685,0.0953755961971274,0.0953786904682506,0.0953609046425598,0.09532020119859665,0.0952296019722247,0.09513224516605022,0.0950399466251804,0.09496498524788935,0.09489244923126526,0.0948496534853453,0.09484838841464167,0.09475052104306926,0.09462779313786926,0.09450237748902798,0.09443146788265248,0.09455114493088236,0.09454020701134301,0.09482412377617042,0.0948772187055508,0.09472619519508033,0.09469001718844182,0.09467637355673422,0.09459652216795188,0.09480159658403854,0.09480408703408334,0.09497283393363781,0.0953782390008054,0.09569934047959337,0.09577504130942863,0.09604579138988198,0.09615713612246597,0.0964120874896559,0.0963647811068493,0.09647754944337666,0.09672597739789288,0.09685700160903772,0.09694596297143399,0.09770767814569091,0.09809670614159592,0.09855250193150673,0.09882698969083617,0.09944091056862002,0.09993393829591213,0.10031358715850529,0.1003373019242996,0.10033743559071542,0.10047943952154671,0.10056239558876821,0.10081902909068571,0.10086744127262902,0.10045306555086132,0.10019144773805178,0.10013295212435223,0.09977437471851942,0.09879404915711633,0.09840050199005819,0.09795015821849702,0.09786186381001846,0.0975539772648369,0.09689166255982433,0.09568020656027491,0.09559730488339765,0.09394876898873446,0.0927173043168169,0.0916717157667919,0.09060881472923789,0.08881256838730991,0.08694135391592825,0.08676085479339253,0.08536795273498313,0.08408141094423481,0.08281304458029667,0.08129149210499483,0.08038679582613534,0.07972696628429744,0.07980399614631661,0.0796073907169289,0.07917193377933526,0.07900814298059045,0.07822113260578879,0.07769471140607333,0.07792199095345292,0.07278973437140009,0.07799475006894972,0.0780059192804467,0.07809801026672254,0.07770614765757972,0.07707121647757265,0.07638888368992158,0.07567405865522589,0.07543507714203274,0.07538051645555706,0.07515183805480122,0.07459330743895216,0.0740857600235798,0.07359972556081956,0.07353419583030556,0.07309633334850896,0.07249086477917335,0.07186862296822673,0.07180866685646045,0.07138213969960851,0.07136535016483365,0.07156417158178642,0.07174323139006893,0.07165696554799274,0.07156211326392703,0.07154977330645239,0.07164963517462344,0.07203669993422797,0.07231727288937813
stat_317,0.18603178748412297,0.07828400519014297,0.12304611193132776,0.09024634271303691,0.11940962204238924,0.11429913136073785,0.11909635400128625,0.11911410013329901,0.1191170042533186,0.11909511135607637,0.11904841432969765,0.11894416383392367,0.11882810194949865,0.11871898662023679,0.11863532584569365,0.11855504805561976,0.11851958807681919,0.11851904090903558,0.11841405163454702,0.11828314114106363,0.11815476806713904,0.11810634625688725,0.11830100607276348,0.11831113194272777,0.11868777197342614,0.1187967396399828,0.1186493849147172,0.11864359808368316,0.11868348867946063,0.11862143606391616,0.11890915316029671,0.11891466623309017,0.1191733909413775,0.11973072829405046,0.12014215057496896,0.12024116972145185,0.12056446178875763,0.12068053870301929,0.12097198162409421,0.1208830280316524,0.12100449628859544,0.12131562189778193,0.1214443347499179,0.1214902217709394,0.12235889274911525,0.12280488959911146,0.12334424876883134,0.12363506175003192,0.12433787378142971,0.12486517125117409,0.12524518135234075,0.1252289704367003,0.12522720993519987,0.12537177717547118,0.12540961124404307,0.12565804815614456,0.1256343309327871,0.1250486540451196,0.12471913897946224,0.12464328911423699,0.12419807457751114,0.12296771183822613,0.12243920891115194,0.12187266862230925,0.12176085007811123,0.1213665475118286,0.12058621914917575,0.11919928375081645,0.11910316067595392,0.11712178007533701,0.11569468593491762,0.11447911809231896,0.11316638869231725,0.1109393176612828,0.10868042361294554,0.10846787825514319,0.10685680938339778,0.10528983889166839,0.10369521743314239,0.10181515773689541,0.10070747110045151,0.09993776284345335,0.10005139597391935,0.09981933640280882,0.09928344236436307,0.0990865523161539,0.09811625892264443,0.09746266726867762,0.09772739460858175,0.09062342449680845,0.09778619178553481,0.09779773484976957,0.0978435008579345,0.09728716812748293,0.0964327223565232,0.09557396536614549,0.09466437164927893,0.09434321927696512,0.09427267188095155,0.09393971230631121,0.09316145268718817,0.09248307166214949,0.09182164606258802,0.0917316523419261,0.09110484531011127,0.09030658569293737,0.08945778835005808,0.08937915232381169,0.08882315837131748,0.08876656246247282,0.08897879827306335,0.08921315147130346,0.08916490504132006,0.08906184225457257,0.08904507336203582,0.08915547823528673,0.0896250859069313,0.08998600273375744
stat_322,0.24251780921260724,0.10260506994743543,0.15737071516687828,0.11657347729810212,0.15464194738411055,0.146048741500459,0.1542764141602086,0.1542951953893711,0.15429626924677725,0.15426832368305393,0.15421793232977266,0.1541056064979842,0.15396941816798013,0.15384414336266675,0.1537618109083058,0.1536846524290365,0.15368507329066577,0.1536870650072051,0.15359610197933274,0.15348489128474144,0.153391724703314,0.15343241389504136,0.15380023143339394,0.15387606667983167,0.15442167326492676,0.15467539139500044,0.1545945228462808,0.15469254574473895,0.15489617649297258,0.15491689935973696,0.15537730021956628,0.15539119881332863,0.1558593170898023,0.15671946933714528,0.1572812325674937,0.15742385583883883,0.1578046049958877,0.1578953348552437,0.15819858473807713,0.15800476479225203,0.1581095760590835,0.1585111723908531,0.15858111228313676,0.15846399218927346,0.15936713799407728,0.1598366317825731,0.16045186650968268,0.1606902131979049,0.16143159450621927,0.16188600964230324,0.16213310155285998,0.16199320264956646,0.16198594058397306,0.16209121187863215,0.16197958049690422,0.16212501487426803,0.16189093119363027,0.16097425763459292,0.16054501390556863,0.16044014758437702,0.1598690637644614,0.15826124734935293,0.15748455392744726,0.1567355460912485,0.15658641472584708,0.15604751602038813,0.1551504521055155,0.153663721358668,0.15355755779907973,0.15118632979582317,0.14961486675185434,0.1482649358629328,0.1466015981023336,0.1437625621139871,0.14103699254508617,0.14079488394949666,0.13903790423970433,0.13711501635500253,0.13502669450474292,0.13264871257212202,0.13127082710870625,0.13041665120790263,0.13060559145056738,0.13033546677897476,0.12965775499098692,0.12941622766030755,0.12819607938376448,0.12736332767468286,0.12765742307491001,0.1166994770597677,0.1276519713078713,0.12766066344218652,0.12753859266423043,0.12664779261753897,0.125383521358733,0.12425611878088817,0.12303726280586773,0.12256140653561846,0.1224628579631157,0.1219069572509864,0.12069148892922207,0.11969771444297181,0.11870476995615334,0.11856765656229644,0.11755689454579989,0.1164214715246871,0.11514883575074066,0.11503800527493668,0.11426202697905109,0.11410186040112234,0.11428908940725617,0.11461733581365524,0.1147002273732941,0.11460698368178282,0.11458220449395097,0.11469107636771018,0.11526476637354238,0.11575812121288263
stat_323,0.2869118629171694,0.12233923158302418,0.1814588839930055,0.1360583520972547,0.18130622307663233,0.1689964712421013,0.18093368520350533,0.18095067225225764,0.180946919890677,0.1809117575819077,0.1808617297028136,0.18075777732643128,0.1806156253999595,0.18049077135135397,0.18043017447788678,0.18037563412390697,0.18043459651314178,0.18044060660595426,0.1803946890991713,0.1803417586455205,0.18032358099694226,0.18049397705289827,0.18105293498387734,0.18122321204769198,0.18193390161684303,0.18237318717937356,0.18242106244542486,0.18267276973206448,0.18309849939236167,0.1832468173137509,0.18391245999199854,0.18393889547999376,0.18467168780930882,0.18584517623555613,0.18654306765355005,0.18674190961987364,0.1871604369494967,0.1872160931060641,0.18747647919371688,0.18717126201612475,0.18722982395392385,0.18767216796846173,0.187616862979679,0.18724954269435282,0.18801647409897174,0.18841016225511384,0.18899240148888824,0.1890835345750378,0.1897237774477698,0.18997133961630727,0.18993067963327562,0.18960589790474375,0.18959072364807708,0.189620641859717,0.18932693051271354,0.18931035859895484,0.1888291103630896,0.18763161696638755,0.18715570730979902,0.18702649736142662,0.1863575298475358,0.18445928042662452,0.18342793641004554,0.18249731496343521,0.18231400705183154,0.18162187197594523,0.1806976982418411,0.17931544895790744,0.17921262474185728,0.17668283056845066,0.17516638451271666,0.17382663522234032,0.17191823890817662,0.16867564448512282,0.1657255533014948,0.16548215611760958,0.1637932142391388,0.16168447039195188,0.15924364034176408,0.15655387670708423,0.15499254640335805,0.15415045676773956,0.15438928791114076,0.1540720422784384,0.15326574145042898,0.1529557286587048,0.15158551689664684,0.15064599597151881,0.15094769768869232,0.13616816927929706,0.15086955152383594,0.15087327441504753,0.15052911833330687,0.14932362779361458,0.14767595471350858,0.1463530381626291,0.14490183820285082,0.14426275672942795,0.14413043071675138,0.14330762832971058,0.14162431438015632,0.14030310986131345,0.13898272591022018,0.13879669769376762,0.1373791373583524,0.13594814545336978,0.13427271315094577,0.1341337193875945,0.13316566222512172,0.13287355638804324,0.1329880028700463,0.13339309921534961,0.13366798435359406,0.1336276405764703,0.1335970195110545,0.13369045210911915,0.1343144532195788,0.13492623884882385
stat_325,0.1532132594857456,0.06436805489825045,0.10271465276426647,0.07474047078950607,0.09865358156830999,0.09497244234915249,0.09838222681873598,0.0983979489118634,0.09840155687025522,0.09838422165119007,0.09834398874173426,0.09825196452745673,0.09815234560617175,0.09805735304281622,0.09798036147854036,0.09790629671654527,0.09786474550899424,0.0978635083270518,0.09776390592656661,0.09763962602613134,0.09751520543419553,0.09745113718275664,0.09758773056419125,0.09758020095661041,0.0978777813052668,0.09794094042685338,0.0977925971490167,0.09776281006255694,0.09776242616992759,0.09768944167968559,0.0979053051095081,0.09790812778538335,0.09809085047703542,0.09852359268767395,0.09885692858529416,0.09893380461378032,0.09920576855440813,0.0993104944445496,0.09956667592962934,0.09950653803904758,0.09961752531731073,0.09987873725223718,0.10000811144117874,0.1000858628892592,0.10085586669885786,0.10125384902737275,0.1017271347025669,0.1020049235074205,0.10263285681331628,0.10312820739437352,0.1035169767146717,0.10354168709991814,0.10354182744973948,0.10368201738009296,0.10374716442761633,0.10399329753522046,0.10401843401344515,0.1035554550530038,0.10327266966318141,0.10321131156725034,0.10284415909616011,0.10183048649005565,0.10142489317283376,0.10097490939037354,0.10088517256201561,0.10057891182594433,0.09990320400841536,0.09867012574183263,0.09858557541604006,0.0968879488233614,0.09563632158476251,0.09458190832144647,0.09348867692035207,0.09162798297416108,0.08971119208056016,0.08952745889384525,0.0881254466790466,0.08680276339061103,0.0854829790430134,0.08391147553020992,0.0829870281217276,0.08232311204300533,0.08241435395260048,0.08222355345124344,0.08178391859113698,0.08162779627780019,0.08081469305899629,0.08026754011618593,0.08049346010970505,0.07500232731543377,0.08055417684575622,0.08056484515224846,0.08063863446363628,0.08020742690129244,0.0795316888005842,0.07882200009312233,0.07807409412571086,0.07782419779510663,0.07776932659820987,0.07752793686537791,0.07693699272196604,0.07641012151458869,0.07589638234862742,0.07582755581482463,0.07536064743118309,0.07472161862491898,0.07406042255266064,0.07399740759253955,0.0735509655715554,0.07352944065982663,0.07373070812928578,0.07392047255296877,0.07383673028746264,0.07373288892279078,0.07371918011517122,0.07381772108358292,0.07421799396001579,0.07450795544514699
stat_328,0.23494072094535387,0.10011690175546764,0.14905729413632665,0.11139188598707249,0.14867719320965958,0.1401893029837418,0.1483519510021249,0.1483692481577191,0.14836551910532372,0.14833184061243926,0.1482779903182183,0.1481754196457406,0.14804844065160674,0.1479375360257412,0.14787429559074797,0.14781381230711613,0.1478290851362345,0.14783249895792366,0.14776869118726718,0.1476891589334687,0.14761921258041613,0.147670747345095,0.14801436848181315,0.14811025268546946,0.14864619096205597,0.1489198841284063,0.14888004536697355,0.1490094025543137,0.14923028323703857,0.14926490574008322,0.14976305926787764,0.14978173182514515,0.1502983868774019,0.1511308076147766,0.1516834525977772,0.15185555980968787,0.15226214171065278,0.15239570415541467,0.1526686076693488,0.15251571675876124,0.15260967318486157,0.15293233127317518,0.15294200268922425,0.1527708810511689,0.1535553213775775,0.15392990777447704,0.15441788397718112,0.15457498269005862,0.155199659021366,0.15557240503131128,0.1556773138028411,0.15547528313431191,0.15546562522826565,0.1555613385247746,0.15549099623161383,0.1556487169691876,0.15546270892427033,0.15470041377225066,0.1543592859663392,0.15426070845035691,0.15369870205050987,0.15215840362673216,0.15136226127109575,0.15055605319986842,0.1504035416652798,0.14981368928800232,0.148962117079221,0.14758893312713786,0.14749061426541613,0.14529722429726943,0.14383280171629106,0.14251682506051902,0.14091895952093414,0.13827356157107096,0.13570072797837965,0.13547486548676418,0.13377436103944598,0.13198104049275564,0.13005441339272064,0.12784535301790917,0.12649358515943612,0.12565765188798936,0.12576465229151412,0.12541852380547136,0.12469254696160785,0.12435725476457377,0.12322622995830818,0.12247534736253925,0.1227920863954461,0.11238485025974732,0.12284358080692495,0.1228539303540265,0.12275960359328249,0.12198711456310797,0.12080758979106518,0.11976198154906594,0.11864737535041914,0.1181594592889627,0.11804448693536063,0.11744028487099427,0.11621420008861237,0.11519481229701523,0.1142298655537783,0.11409226395065954,0.11309061797791266,0.11202674466643202,0.11081676865588028,0.11071188184697982,0.10997132169169349,0.10979289841368382,0.1099478934618349,0.11024851483007025,0.11037699631134375,0.11034690513022911,0.11032718791995623,0.11043840480888133,0.11096373171114918,0.1114505525708468
stat_329,0.17831369643322242,0.07514250022352273,0.11852561937377813,0.08662545993680876,0.11446618653062901,0.10955815272484562,0.11416447621885414,0.11418131404838029,0.11418466338339296,0.11416478304877872,0.11412157079452151,0.11402236228479157,0.11391148186907372,0.113806546709789,0.1137257928908552,0.11364874977193562,0.11361606626488809,0.11361552915110255,0.11351497953605062,0.11339036138180954,0.11327081885360574,0.11323193259424402,0.11343045384650687,0.11344334145079289,0.11380867233461485,0.11392121248977481,0.11378775626421858,0.11379061009177009,0.11384446390441354,0.11379618049375194,0.11407882499060056,0.11408460530263873,0.11434586362419642,0.11489873979220525,0.11529627125657882,0.11539137937432029,0.11569346220274175,0.1157935286543888,0.11606295629791001,0.11596451910310057,0.11607383766374711,0.11637582501191622,0.1164901704862009,0.11651632164617867,0.11733052503358571,0.11775439920610269,0.11827483753307648,0.11854967897008145,0.1192210395992196,0.11971899784104054,0.12008950649199047,0.12007952763546524,0.12007807473790888,0.12021378885376283,0.12023608964757407,0.120463607786894,0.12042561626768553,0.11983404616736139,0.11950314655495542,0.11942972175465877,0.11900590425830497,0.11782492703842529,0.11732570304772941,0.11680100267571178,0.11669572475336745,0.11633302972391865,0.11558551850482333,0.11425427725444555,0.11416208899145007,0.11225456195467248,0.11089318636827664,0.10974506839205743,0.10848891958188084,0.10634407382337067,0.10418739424425538,0.10398548109806448,0.1024723855539838,0.10097479035430423,0.09943533551951002,0.09763206229258904,0.09657972109252504,0.0958603720215743,0.09598064269937971,0.09576930443402498,0.09526418698348806,0.09508642228241601,0.09415646820408283,0.09352724780061614,0.09377257475810272,0.08679833776070947,0.09381475649039939,0.09382493591455301,0.09384667765103767,0.09328649277098913,0.0924469334771644,0.09161782713396316,0.09073506592139088,0.09042444926353892,0.09035853877125248,0.09003608377242044,0.08928013788720211,0.08863096200476203,0.08798921050716993,0.08790259042400436,0.08729526039507891,0.08651938040904174,0.08569461034584606,0.08561848429340886,0.08508193990788311,0.0850294041887738,0.08523526710162951,0.08546401165790822,0.08541261024993736,0.0853032224369792,0.08528615717818991,0.08538901971376464,0.08584309691850407,0.08618758876212415
stat_331,0.26971398848633854,0.1156032109174512,0.1683161039068205,0.12675759670277123,0.16962532172744707,0.1583952445751209,0.16929062773476128,0.16930685836444653,0.1692997008592273,0.16926055112794003,0.16920640096100165,0.16910850483554965,0.16897564178286378,0.1688635515974438,0.16881493870716477,0.1687698142052062,0.16882722065397043,0.16883355069738207,0.16880120069259677,0.16876255862140707,0.16874586955193616,0.16889175882823879,0.16937755672824475,0.16954295697689836,0.17020445003911855,0.17061600254159662,0.1706698237512609,0.17091303364312127,0.17129878121987063,0.171427414069511,0.17208208652037238,0.17211027944253465,0.17282814425539295,0.1738987147967199,0.1745568628625647,0.1747732355350623,0.17521261816437791,0.17532307239783027,0.17556577747402075,0.17533042175748043,0.1753907064276822,0.17574415225879644,0.17566001204848,0.17530219954764456,0.17599310748277033,0.1763154765000569,0.17678411451554202,0.1768364121017695,0.17739588858177482,0.17762541289894562,0.1775285844815536,0.17719403243597107,0.17717869656384713,0.17722240337135114,0.17702083171853178,0.1770651808810915,0.1766998120710537,0.17572258329301482,0.17534049900590376,0.17522317846623772,0.17458465614740692,0.17281698976396834,0.1718313633973879,0.17088954569965834,0.17071117078304127,0.1700082827515562,0.1691250677780706,0.1678046270506702,0.1677072069833228,0.165368838541031,0.16392377726058957,0.16259913415303925,0.16080585925287094,0.15783725585977768,0.15507210214297998,0.1548426864068082,0.15317230742482116,0.15122514167422468,0.14902285370115717,0.14656525070816187,0.14506588102785598,0.14423044582815278,0.14437337438827813,0.14398760326031246,0.14315903832822396,0.14276846801298707,0.1415170606320359,0.14068169415589823,0.14100813133409787,0.12772032711228595,0.14100855695264344,0.14101544227498572,0.14075911604429067,0.1397506091341808,0.13827996547095053,0.13708142431197667,0.13578637392343348,0.13517427568038107,0.13503347847031213,0.13422884119605227,0.13265073124260493,0.13138434125461898,0.13017245520687068,0.1299981712710388,0.12869310910481435,0.12740318040676396,0.12588888547049232,0.12576243931832343,0.1248747878449621,0.12460083855353234,0.12470709072867849,0.12506723772567643,0.12533217143869352,0.12533693394531983,0.12531259703715555,0.12541375293594742,0.12598280174109855,0.12655998441611238
stat_337,0.22402212272116753,0.09475010290186843,0.14596467326304696,0.10783880916574287,0.14300398294027541,0.13556585138073426,0.14265753132663558,0.1426758964990687,0.1426772718108094,0.14265092049255473,0.1426014914407589,0.1424923133574294,0.14236311301970345,0.1422438752949315,0.14216228414301926,0.14208516868341717,0.1420750935562105,0.14207636701487872,0.14198272912328935,0.14186743864871237,0.14176486582263476,0.14177843925381642,0.1420901961969804,0.1421470426330885,0.14263870705601006,0.1428490662884557,0.14275160743918597,0.14282072103270968,0.1429764528233737,0.1429740743362162,0.14338500873773544,0.14339682990866906,0.14380637990093875,0.14457206550066634,0.1450863667683794,0.14521849240690662,0.14558250950484647,0.14568354441793344,0.1459780878545486,0.14581891913039266,0.1459265671608845,0.14629250107652042,0.14637341038286245,0.14629964087335814,0.14717866211673203,0.1476321017170282,0.14821302469593112,0.14846132685929708,0.14918181516529383,0.14965415931770074,0.1499360602031922,0.14983303093464506,0.14982743643948923,0.1499454760657136,0.1498856048489512,0.15006663074989599,0.14990501236830478,0.1491041294635867,0.14871102086711793,0.148615874129046,0.14808579032398758,0.14660302511931966,0.1459067916387499,0.14521453036524937,0.1450773768069628,0.14458344742426757,0.14372441655332635,0.14227121337197995,0.14216846520467885,0.13992979852135065,0.13840874040275208,0.13710308548947556,0.1355558478148212,0.13292437267799137,0.13035798514903277,0.13012650772714185,0.12842197028516494,0.12662290658961708,0.1247034423297152,0.12249741836167084,0.12120827030942832,0.12038482810624675,0.12054377646355302,0.12027973878325686,0.11964299991115984,0.1194077432726893,0.11827465176178129,0.11750581815920494,0.11779191081057654,0.10809378582709232,0.11781045703555597,0.11782009945673524,0.11775100350606699,0.11697338595574441,0.11584380544694702,0.11480757622189572,0.11369403508656213,0.11326592458109472,0.11317511420440779,0.11268603574112138,0.11160866786353459,0.1107143051639286,0.10982946126400762,0.10970750718592598,0.10882155400358491,0.10779883468091775,0.10666712016888465,0.10656702405320265,0.10586414913603265,0.10573762792371998,0.105932707920072,0.1062291650119837,0.10626985407642059,0.10617568905484598,0.10615373225156177,0.10626346117965361,0.10680181813795646,0.10725183146634448
stat_338,0.3787827777909607,0.16477110473998477,0.22465575626410186,0.17347303649864967,0.2339308372259,0.21159664991992988,0.23362779576082374,0.23363436875919888,0.2336126773530926,0.2335574674991146,0.23351786058733504,0.2334688527746898,0.23333944605761514,0.2332480735337085,0.23328390066914595,0.2333267859238778,0.23358460103723475,0.2336040111691496,0.23373715367596218,0.2339137307785411,0.23417408562479858,0.23477239281352696,0.2358805721409983,0.23635899112208492,0.23749889557114331,0.23851541442177995,0.23903490834455382,0.23979989826363074,0.24094574830068555,0.2415342715569424,0.2428117511985214,0.24287996549082658,0.2444349820768299,0.2464791601894451,0.24750942800287676,0.24787950161266328,0.24834298332262617,0.24826764332050616,0.24829198867697594,0.24766122842994273,0.24752948603187466,0.2479866160295921,0.24745904917422776,0.24623866828746727,0.24628415127780778,0.24627682737561338,0.24655943619351467,0.24607140444447503,0.2461657077789976,0.24559891479906423,0.24450808646056033,0.2435867575897207,0.24354647786119943,0.24330749375458513,0.24246586097741737,0.24190702782290818,0.2407044839802997,0.23885547381443958,0.23834885827447438,0.23816517438316298,0.23729868842652346,0.23481460759606942,0.23311991203932733,0.23173567959018793,0.23147155332452976,0.23037905699713546,0.2295535204573594,0.2288269545473916,0.22875829609758433,0.22625551462185095,0.22527421635930056,0.2242597764656754,0.2219226548878662,0.21802922628603058,0.21498127220421115,0.21479259530280295,0.21374448346062438,0.2114959015496665,0.20840126495097314,0.2052662787912721,0.203411436288542,0.20282029061933693,0.2031559800472197,0.20271425574878665,0.20161096714816434,0.20108983234477146,0.1995289099813543,0.19845182839892356,0.1987160137742027,0.17385154475058984,0.19840847010681906,0.1983935741977933,0.19732686642550643,0.19530189539339976,0.1926795528249634,0.19098421232065424,0.18906612340809606,0.1879810989231965,0.18775116278619458,0.1861413711926902,0.1831678246301327,0.18097146720945292,0.17880060129814207,0.17848368806419945,0.17596114542280858,0.17383634624089056,0.17115202460848936,0.17094746161383303,0.16953426042585945,0.16885026508979997,0.16868996682018275,0.16926349960977646,0.1701430945844475,0.170312934994267,0.17027064066248296,0.17029594598163658,0.1709511005531691,0.17184067979331408
stat_339,0.3489676757457899,0.15363080264970289,0.2015916716725035,0.15674999727828368,0.21330428917232477,0.19402728135237138,0.21305922876964914,0.2130672412192514,0.21303731670103956,0.2129683768429115,0.21290808894882865,0.21285593357104834,0.21273482435609872,0.21266148106124594,0.21271156160575014,0.21276138278534948,0.21299118866401454,0.21301028785764928,0.2131514622879738,0.21332930744446937,0.21354748541771848,0.2140227630718665,0.21488685409837716,0.21532157143355452,0.21633213336011312,0.2172231250702463,0.2176856221747973,0.218368183629192,0.2193169487160383,0.21978226514406024,0.22100835097787425,0.22107829645370158,0.22253844477052606,0.22425725240115402,0.22520005235567095,0.22562445025377006,0.22621273762131477,0.22635205862201413,0.2264040960415108,0.2260182537239108,0.22593694485867097,0.2261669488908542,0.22562489854114115,0.22453650353258706,0.2245763135975492,0.22446670519078596,0.22452284218827964,0.22402339361507057,0.22404322743348826,0.22358415246212726,0.22248105316804956,0.22158117971862623,0.22154235907968522,0.22138853766918443,0.22086631607435203,0.22056362802138765,0.2197472647381765,0.21850112487269613,0.2182253765696186,0.21806922270195417,0.21724086366273732,0.21500152321655214,0.21340588273250347,0.21193718177129478,0.21167681273204753,0.21052375272510052,0.2097023400616426,0.20891438637381973,0.2088451994753806,0.20661217852847152,0.20558572328615707,0.20439999380331164,0.20223689694666366,0.19886807959565206,0.19602146416541694,0.19583516974545742,0.1945090776405944,0.19249890597649383,0.18992960984230373,0.18722997810536743,0.1854002202325518,0.18466231333379973,0.18470819228617974,0.18402596089982853,0.18279207639330805,0.18201530082405337,0.18066438351858619,0.17980392712154916,0.18019708497456316,0.1596115727850453,0.18016976117307612,0.18016890499734373,0.1794633305660432,0.17803637397424094,0.17591074664817055,0.17448901993652005,0.17294470417088093,0.17192858073134917,0.17166868659249118,0.17012803065865317,0.16745794188608334,0.1653896962795986,0.16350850005695558,0.16322277085720271,0.1610209874708484,0.15924495785667508,0.15697874356103242,0.15680398549992727,0.15557530025957045,0.1549579195170961,0.15481696009050783,0.15528182181736716,0.15609328581802873,0.15637211627242553,0.156346915491953,0.15641506032264987,0.1569712934808371,0.15779468519433168
stat_342,0.1703062994233948,0.0717576049285469,0.11338000226433059,0.08277932777254356,0.10936714961932707,0.10481353045862275,0.10907662763955554,0.10909297935668631,0.10909628527452116,0.10907716354732114,0.1090351355882541,0.10893894049741082,0.10883213444175924,0.1087309685705971,0.10865235580594589,0.10857720953560142,0.10854320392398072,0.10854253921232948,0.10844393200012434,0.10832155042253153,0.10820297007644791,0.10815942602295185,0.10834157463837764,0.10835032956647676,0.10869594245461682,0.10879695473648193,0.10866331647932667,0.108660199775811,0.10870281171499589,0.10865080298078586,0.1089166887165027,0.1089219162842225,0.10916495487893789,0.10968498727454339,0.11006334181711502,0.11015415428242951,0.11044596780803553,0.11054620665256297,0.11080761948025926,0.1107190511213276,0.11082648780602257,0.11111365514029538,0.11122747814013287,0.11126196818723345,0.11205184348954145,0.11246207996062454,0.11296265123883548,0.11323275520906055,0.11388357718196043,0.1143732174138779,0.1147415566776419,0.11473912937108359,0.11473804374460866,0.11487317972919889,0.11490582391985141,0.11513544649938298,0.11511355200786791,0.11456048072541386,0.11424523462723582,0.11417556162926092,0.11377011619369888,0.1126428138719707,0.11217172855175911,0.11167067548909604,0.11157030954327643,0.11122513718951588,0.11050306849836078,0.10921024398557068,0.10912094553137491,0.10728612358025807,0.1059674372121055,0.10485537294441272,0.10365278495049918,0.10160178139249056,0.0995289910696494,0.09933405721853739,0.09786719947285731,0.09643065765942399,0.09496279622683441,0.09323788355429546,0.09222840724497025,0.0915320502814749,0.09164286166383735,0.09143732623077061,0.09095224059624572,0.09077956922125302,0.0898896029054193,0.08928855785091742,0.08952663789626575,0.08297842339794666,0.08957311065380583,0.08958326274135318,0.08961573570097857,0.08909274150311955,0.08830113962380783,0.08751065561936147,0.08667087746703912,0.08637727574336654,0.08631437671606901,0.08601291713394253,0.08530299467672722,0.08468924206195533,0.08408488915352379,0.08400340567385922,0.08343599680601485,0.08270186567139715,0.0819257586752569,0.08185365630720105,0.08134490079558332,0.08130042311952194,0.08150294362390902,0.08171963145539596,0.08166096982554238,0.08155436516529092,0.08153831523445089,0.08163899038498637,0.08207490078757937,0.08240240787243405
stat_344,0.08861012868034919,0.03744154180023382,0.058388410207922486,0.04269120349564244,0.05670142647051678,0.05485137162724181,0.056550401497298064,0.05655989847678648,0.05656015918796008,0.056546760082352876,0.05651897706640428,0.05646424931341652,0.05640613185083778,0.056353030884390934,0.05631141573060936,0.0562702216955229,0.0562443514235407,0.05624383406115798,0.056189138072801854,0.056119349909075356,0.05604258382961192,0.05599066173882153,0.05604054009341981,0.05603437000132454,0.05619891635477703,0.05622603708685276,0.05613574754612352,0.05611291397215321,0.05609194677598822,0.056035008755863425,0.0561658636866969,0.05616847689238607,0.05627499544894147,0.05649530474674322,0.05668623476279008,0.056743236795026665,0.05692696491266514,0.057022380707713156,0.057177984888357264,0.05717715955093623,0.057249756768529135,0.05737015762089354,0.057438936994783536,0.05749468454262004,0.05794497204328158,0.05815957401599555,0.05839909848341384,0.05855244384511165,0.058904974397008605,0.05920403131385592,0.059411102428354456,0.05941556911518634,0.05941531269205178,0.05950885808691551,0.059594877414342926,0.05977876779462225,0.05985143343227471,0.05967583129090436,0.05955049826902116,0.059517681480341963,0.059298909830751444,0.05872192638918364,0.0584812386031399,0.05818150636194503,0.058126111287153205,0.0579191752143762,0.05751467417357766,0.05677496862557602,0.05672472886960528,0.05575459815393574,0.05500431182294539,0.054345178603915766,0.05371024332758838,0.052673176553998,0.0515546524610033,0.05144570050275754,0.050567093004165654,0.049811208427829885,0.04909628420385564,0.04821802353933384,0.04766138297732842,0.0472419574627029,0.04725044618298348,0.0470943204325163,0.0468041558514484,0.04666504175962783,0.046209150136361794,0.045914223199336184,0.046069617588555774,0.04333542094105117,0.04614758216501414,0.0461559482519929,0.04624711321632015,0.046075100996762874,0.04573757793222802,0.04535181088890416,0.0449592163025997,0.044813193049248,0.04477304635288552,0.04462564270095801,0.04429997758063132,0.04398829808106812,0.04371521031263643,0.0436768309973849,0.0434327978087087,0.04309996953038308,0.04276139350765695,0.04272783515593866,0.042485218498940824,0.042477050702669564,0.04259668417518569,0.0426930100282938,0.042642063692996786,0.042605979504291194,0.0426009001512691,0.042667832290892584,0.04289072337709932,0.04305886986385402
stat_346,0.15468364528064857,0.06519914686493926,0.10309418473487564,0.07517770159892459,0.09933773665232097,0.09538961357290265,0.09907181400441735,0.09908700773218033,0.09908994961706889,0.09907209885087172,0.09903263231264851,0.09894350038466646,0.09884543535795308,0.09875268509542476,0.09867992333586391,0.09861010242148598,0.09857594320321515,0.09857519207115865,0.09848309986129038,0.09836849185060578,0.0982555148777705,0.09820751673996835,0.09836189322393932,0.0983658974919375,0.09867549985323956,0.09875948618206168,0.09863129234372689,0.09862194039389784,0.09864947947026624,0.09859474180603031,0.09883309387933172,0.09883768635363824,0.09905249120172095,0.09951366297691758,0.09985588281167927,0.09993999102401503,0.10021145035538533,0.10031120358376475,0.10055326453975742,0.10048208777989988,0.1005834909379408,0.10083931099789056,0.10094626070419584,0.10098801870189947,0.10171814560301096,0.1020944943292991,0.1025490035419322,0.10280159888233151,0.10340198088766528,0.10386352248066107,0.10421271993687949,0.10421779301437543,0.10421712671479626,0.10434748409054365,0.10439500159163229,0.10462195525162019,0.1046245092439814,0.10414469809978918,0.10386268462399469,0.10380019074083423,0.1034306510860845,0.10240850756472525,0.10198710372020006,0.10152884398462259,0.10143763083434512,0.10112317125200838,0.10045634475666959,0.0992541657232233,0.09917145750972935,0.09749090203173959,0.09626943682467351,0.09523703818702993,0.0941413801129258,0.09227977869684363,0.09038195744587481,0.09020236562903303,0.08883967470221524,0.08752949351803926,0.086204278338469,0.0846384575357905,0.08371466843079957,0.08306883063673237,0.08316020293849423,0.08296439529997272,0.08251686275487413,0.08235128875140883,0.08154287646001178,0.08099947629078655,0.08122245780689717,0.07544378400537213,0.08127595631528306,0.08128586683403931,0.08133281906337557,0.08087887489003982,0.08017637372392956,0.07946255714070548,0.0787076362281999,0.07844398288207804,0.07838600657894718,0.07811827211092204,0.07748826246139125,0.07693714045207889,0.07640029081717775,0.07632784638006268,0.07582955867332898,0.07517426024499373,0.07448705437167981,0.07442254695073329,0.07396628740403385,0.07393311344358786,0.0741244548961737,0.07431793828081426,0.07425289161894635,0.07415559613250515,0.07414156188449457,0.07423673306973456,0.07463451341257352,0.07493015679670312
stat_348,0.37548007080932067,0.1655699027076335,0.21494723986233977,0.16800226972634066,0.22878036565400073,0.20631336033450648,0.2285527077272357,0.2285569693099422,0.22852348933850408,0.22845219254389437,0.2284002543465441,0.22836732822422678,0.22825160731987587,0.2281874603669954,0.22826466223711123,0.22834327705820642,0.22863638510028855,0.22865939314632658,0.22885345369351062,0.22910097409857041,0.22941160058996662,0.23003604372611416,0.23110045319419914,0.23163318421032947,0.23278182839791856,0.23386273507821423,0.23448028672541707,0.23533094827677628,0.23653005521405232,0.23715237771239306,0.23856195547691397,0.23864397986334468,0.2403608089706897,0.24238341298579133,0.24342824171177965,0.24389107240824826,0.244457897852735,0.24451281154384774,0.24447731791696456,0.24394966692618267,0.2437967855326081,0.24406331439740703,0.2433772826720229,0.242006707805756,0.24180313227955588,0.24157973204707148,0.24157317801670222,0.24089757065781212,0.24075177930433925,0.24002332228492484,0.23861485488886774,0.23754440889096903,0.23749835856496399,0.23724971315273571,0.23651318157003856,0.236004997963456,0.23491563426123707,0.23338396910982165,0.23305956135197817,0.23288486614774404,0.2320067443395051,0.2295895566281537,0.22780878208019056,0.22625111580958912,0.22597118043669479,0.22473402181071098,0.2239562700912129,0.22339103975234853,0.22333365821719697,0.22110467345929197,0.22027456092565548,0.21924837548072748,0.21696778047326265,0.2133769142000962,0.21053123012386482,0.21036679384398357,0.20933061075691878,0.2072856347028979,0.20447735742489065,0.2016267501495618,0.199743203213391,0.1991343542524101,0.1992587177165274,0.19859038469182821,0.1973082892824342,0.19651864475675979,0.1951061315650962,0.19418862174812898,0.1945392409644616,0.17043895038822254,0.19439147657253023,0.1943821387687047,0.1933939438120398,0.1916310450602195,0.1891517159024654,0.18759593589002596,0.1858713706444511,0.18472216109376316,0.1844422192783166,0.18267055363786866,0.17959407106451025,0.17727237554277497,0.17511276016164715,0.1747866829339617,0.17223015125382035,0.17021260766401142,0.16760591967159863,0.16740912040830114,0.16603531475259034,0.1653001092337611,0.16507666305238186,0.16560410263604095,0.16659271351993563,0.16690685868673616,0.16687520426942676,0.1669125704781052,0.16748644446793276,0.16838929296203056
stat_349,0.3065714008267182,0.13228589222728432,0.18686138808431815,0.14228201218220488,0.19125002161412907,0.17667664979297898,0.190924321736974,0.1909382665771556,0.1909251411602831,0.19087776817883148,0.19082333447167937,0.19073718550806365,0.1906027791250937,0.19049656855333383,0.19047473114081362,0.19045641987725173,0.190572813388157,0.19058329909344357,0.19060195814463438,0.19062819962046396,0.1906891714659153,0.19095862261743016,0.19161148811838213,0.19187017444212395,0.19267744456892455,0.19326538643298455,0.19345207515175014,0.19384677397010844,0.19444223159253413,0.1946933134941374,0.1955460564267702,0.19558721636788914,0.19656133585311034,0.19790667614907692,0.19868356651791935,0.1989597912761563,0.19943897786288534,0.19952934037550257,0.19972075402021824,0.19939639016485425,0.1994097321139045,0.19977349803627314,0.19955429076827463,0.19894888496073854,0.19946936104717689,0.19968814983487287,0.20008175904911396,0.19997023820816517,0.20039351672086828,0.20040179796459762,0.1999920323682099,0.1994680675641425,0.1994447190378478,0.19941461077644007,0.19905733077334323,0.1989536507408573,0.19837528030509616,0.1971918016026185,0.1967967832514024,0.19665966229058426,0.19593789677629667,0.19393480619753747,0.1927134781255886,0.19159227461236278,0.19138244878183286,0.19052674080627585,0.18963970867469665,0.18846327453504821,0.18837224545685627,0.18596103276565693,0.18461339192401968,0.18332032106125734,0.18133366423173025,0.1780737514469635,0.17517029047210492,0.1749467561157364,0.17337206297408791,0.17130838490592798,0.16884604241766885,0.16617089396684911,0.16452074819310464,0.16370921841007186,0.16387177278628987,0.16342132747466892,0.16246442363352392,0.1619838109350045,0.16063059988117764,0.15972809204939686,0.16006595620480907,0.14348906452399152,0.16001627227811213,0.16001897516941324,0.15956591757218025,0.15830901165277023,0.15651904717939816,0.15517367223114162,0.1537053527518937,0.1529418730927387,0.15276542090584624,0.15170247923608968,0.14969651262008474,0.14812629415503287,0.14662710633397036,0.14640837070012816,0.14473659476974007,0.14320361412834026,0.14134504410409235,0.14119519444025974,0.14014653460741322,0.13974576356061164,0.13977296723545168,0.14019328449783452,0.14064978773848116,0.1407238881364738,0.14069588904920263,0.1407824687283057,0.1413784919635681,0.14205951651855186
stat_353,0.19823684979331813,0.0834416671755457,0.13143812588406917,0.09628393392529067,0.12725630954877445,0.12151737716846052,0.12692428571553763,0.1269425764293515,0.1269461959409298,0.12692440998146826,0.12687769211408675,0.12676965864861273,0.1266477593681935,0.126532430583813,0.1264447525676713,0.12636132908164663,0.12632913991415956,0.1263287513211937,0.1262204266299333,0.12608631918237967,0.125959456856696,0.1259252236497211,0.12615706022915865,0.1261754387698509,0.1265858336996034,0.12671819298271364,0.12657557717362683,0.12658375729927948,0.12665206919098954,0.12660365894232173,0.12691808409222385,0.1269243911252751,0.12721565893315834,0.12783717650008133,0.12827940025100693,0.12838195263901475,0.12871163107969313,0.12881499199768215,0.12911318092039858,0.12899624810034757,0.12911589810819774,0.12945818215680324,0.12958557148142497,0.1296090510798661,0.13050577333969637,0.1309743841993774,0.13155320836423348,0.1318508977361842,0.13258589946883073,0.1331186175635773,0.1335076301478559,0.13348410432549696,0.1334819431377598,0.13362259982560182,0.1336257502903057,0.13385500310166476,0.13378453051121772,0.13310406629079413,0.13273549140447416,0.13265293971866898,0.13218252861768653,0.13086746645985184,0.13029962419046986,0.12971397915790556,0.12959628211391194,0.12918870841985394,0.12837422482210092,0.12693721243083506,0.1268371504419474,0.12474052365414821,0.12325972241929177,0.12200971500046533,0.12061725470305067,0.11823418775259059,0.11585471231075095,0.1156331077474371,0.11398192859003624,0.11232190714479885,0.11060233060113368,0.10859551082800512,0.10743158318738177,0.10664278275120832,0.10678603807481386,0.10656088403852916,0.10600700233130228,0.10581940090374826,0.10478448244737816,0.10408131476967904,0.10434745739834354,0.0964139894302136,0.10438335842162057,0.10439404643910552,0.10440262925277079,0.10376000580309241,0.10281129740068577,0.10188565010265706,0.10089706958908029,0.10054884821458909,0.10047623150109555,0.10011089094950923,0.09925330466161658,0.09852206681141105,0.09779382133731178,0.09769534310581587,0.09699717471824258,0.09612148539063245,0.09518209212862307,0.09509626308039737,0.09449228470074371,0.09442204726720216,0.09463852060399755,0.09489628792839287,0.09485936536208746,0.09474292283823897,0.09472353630172768,0.0948334248830724,0.0953337372888923,0.09572017383696797
stat_355,0.1708582927930953,0.07197044459381925,0.11370200128943474,0.08304798033751655,0.1097359769609665,0.10519198674396832,0.1094441144473971,0.10946059326509881,0.10946388468662516,0.10944457588968964,0.10940211300070024,0.10930522782909431,0.10919784185582686,0.10909616598129873,0.10901701397304983,0.10894127942621835,0.10890642557320714,0.10890572505413439,0.10880619252229701,0.10868254787703972,0.10856225106134318,0.10851643674701436,0.10869647209155502,0.10870410666645398,0.10904968902562848,0.10914873547499505,0.10901239784426006,0.109007019001354,0.10904619443570562,0.10899155162378768,0.10925646271539627,0.10926156601361493,0.10950231020930043,0.1100204353132447,0.11039936672915125,0.11049025101075412,0.11078427997745124,0.11088669043024924,0.11115095921102941,0.11106437808714896,0.1111735777647658,0.1114614436800186,0.11157788383628316,0.11161665086539878,0.11241404262313015,0.11282750548088843,0.11333054816316124,0.11360377336730439,0.11425920188607136,0.11475418187926624,0.1151261014076151,0.11512447628160347,0.11512342017033268,0.11526033499949703,0.1152966474384961,0.11553040838348057,0.11551266234157585,0.11496306446850213,0.1146484428940756,0.11457869570996038,0.11417149011664655,0.1130407350048951,0.11256838691630777,0.11206376079143018,0.11196289080009474,0.11161513310069468,0.1108891976943795,0.10958844614881441,0.10949862722777882,0.10765612468521901,0.10632880282097339,0.10520831522105718,0.1040009679094002,0.10194353144552816,0.09986026223399831,0.09966405037740907,0.09818474676839678,0.09674150195467236,0.09527005783658363,0.09353862358854877,0.09252406587065971,0.09182163853960945,0.0919311707878574,0.09172343208332005,0.09123560937374664,0.09106099901049612,0.090167571431873,0.08956462278826202,0.08980501181046364,0.08327441260865631,0.08985415426666073,0.08986451215426199,0.08990170849787484,0.08938187161969045,0.08859171522362234,0.08779932180539722,0.08695826473508661,0.08666478169644717,0.08660161722434592,0.08630118519797854,0.08559263907377007,0.08497822657802317,0.08437440015391062,0.08429294470626099,0.08372685460102863,0.08299266582320461,0.08221732013840334,0.08214516738486849,0.08163578282785343,0.08159207552047656,0.08179612187436185,0.0820127888667112,0.08195265068144249,0.08184627441921571,0.08183031150977317,0.08193207116793433,0.08236949210249785,0.08269792437981784
stat_356,0.07978173170391045,0.034062304963223246,0.050540248904016524,0.037554816878419904,0.050411165807131064,0.04856162341158815,0.05029271985777073,0.05030066384104246,0.05029808782821257,0.05028221910399015,0.05025452215516215,0.05020933310411761,0.05016015034910168,0.050118680008741125,0.050091223325972524,0.05006283414007216,0.050048906592098055,0.050049337929210666,0.05001474396022798,0.04996887424193998,0.04991227266417008,0.04987357392550626,0.049912555316271034,0.0499200479906009,0.05007271877750104,0.05011318149764701,0.05005333758284185,0.050051536884620246,0.05004503753657128,0.05000109422868545,0.050145966791947265,0.05015101978559788,0.050278774947642046,0.050474746139761266,0.0506505790476783,0.05071928642065719,0.05090500070427601,0.051015941895435055,0.051146446656241885,0.051165641150227564,0.05122792942302347,0.05130089942358715,0.05133301988033112,0.051353724560405524,0.05171054535525724,0.05185932126921347,0.05201463224018779,0.05211015800573768,0.052372522567450945,0.05259883080982888,0.052701838593974565,0.05266377012352304,0.05266185723241593,0.05273951570039223,0.05283292600708776,0.053001711565554936,0.053083401625476395,0.05299520189669622,0.05292803677197224,0.05290007777700056,0.05269764977414418,0.05218765066762217,0.051940199555801925,0.051619641691965625,0.05156457398619819,0.0513351956745838,0.050986327434607424,0.050372940336409176,0.05033107773745086,0.04952569804784843,0.048892119328859146,0.04829938787006882,0.04773624536559672,0.04686364000788849,0.04589848024270376,0.04580577633960163,0.0450195468166485,0.0443781182630177,0.04378740012462293,0.043048720994331824,0.04253810698426032,0.042155439334434455,0.04212225948907021,0.041936922724025695,0.04163927374025302,0.04146117747237508,0.04107799030041066,0.04084184986776782,0.04099806214730258,0.038631109959874906,0.041097872106718274,0.04110640669268116,0.04120063396104902,0.04109473841488848,0.04081573793193106,0.04049459133221709,0.040178607261295615,0.040031841292407624,0.0399845434752138,0.03981369200939722,0.03949018664969668,0.039174443871009657,0.03892396781423283,0.03888611148780961,0.038647928150155345,0.03836722028956855,0.038071317847761146,0.03804235007088379,0.03782895593440012,0.03780417583617231,0.037892301755705106,0.03796906006063841,0.037958399597851425,0.03796491640690549,0.03796295716098596,0.038026021234986045,0.03820676484480689,0.03836472403557021
stat_357,0.22715589883624115,0.09681824116924749,0.14421865606506204,0.10769369309458388,0.143759985258182,0.13574805492698933,0.14344329113125676,0.1434603899145006,0.1434567130718408,0.14342361311476456,0.14337012259219714,0.14326902245293738,0.14314509098254907,0.14303691469117347,0.14297428068580975,0.14291407828487146,0.14292524236895418,0.1429283804103287,0.14286388251923993,0.14278314274399068,0.14270964866354333,0.1427500967840623,0.14307011464502487,0.14315838127811886,0.14367176970061485,0.14392768254614768,0.14388143252922786,0.14399909964631472,0.1442001505402246,0.1442252360277756,0.14470312115352718,0.1447209739114832,0.145213586741163,0.14600613439551133,0.14653885097340855,0.14670685448364662,0.14710680439637774,0.1472452688736759,0.14751437140839677,0.14737659035704273,0.14747172505582307,0.14777855754030333,0.14779222616421273,0.14763871695000788,0.14841180400083379,0.14877850438061602,0.1492505476295104,0.1494106848745379,0.15002503529800418,0.15040389431933193,0.150521034710221,0.15033331490295648,0.15032430997610327,0.15042501056343638,0.1503763178093352,0.15054857208252898,0.1503928784038975,0.14968076078162057,0.14935614998688262,0.14926169521534685,0.14871679672833304,0.14722937594638622,0.14646598188269347,0.14568220013913333,0.1455345784595451,0.1449624449847049,0.14412762339552468,0.1427707844936841,0.1426740394003023,0.14053871619051816,0.13909722862737853,0.13780040068548013,0.1362517196812379,0.13369531818152425,0.1311908927827291,0.1309696892123739,0.12929186766143902,0.12755169769733213,0.12569736808371879,0.12356199175260893,0.1222473845722864,0.12142433648739304,0.12151789735945924,0.12117354448563565,0.12046426466155558,0.120130877801466,0.11903702813584205,0.1183135459661667,0.11862706940904286,0.10875029502938792,0.1186890536612723,0.11869981330708361,0.11862781639256789,0.1179039290787035,0.11678165266947266,0.11577512244046682,0.11470589526742236,0.11423763610742454,0.11412560106486651,0.11354839573513022,0.1123794082419679,0.11140073237724883,0.11048095699205429,0.11034960927453788,0.10939962059397372,0.10838357264725695,0.10723287847987999,0.10713253308438321,0.1064227988387809,0.10625779823189668,0.10641528155624451,0.1067022571315377,0.10681440690621566,0.10678529608566743,0.10676685086823531,0.10687847390707257,0.10738819950053045,0.10785705215586537
stat_358,0.14003630598562264,0.0590223864940429,0.09310578567630355,0.06795626992047556,0.08990521852774731,0.08655546692526474,0.08966335283213761,0.08967757870297965,0.08967979380170737,0.0896623828012314,0.08962425796831766,0.08954125908074392,0.08945115285010762,0.08936654896732737,0.0892996856702222,0.08923496301957809,0.08919983357042077,0.08919901611467192,0.08911311450651287,0.08900544099933612,0.08889563866951065,0.08883878832906913,0.08895941352260926,0.08895731413728625,0.08923058520528794,0.0892941591708893,0.08916716061005893,0.0891477337446263,0.08915257869909006,0.089089194689892,0.08929919148045638,0.08930304867168488,0.08948569051194903,0.08988126771721225,0.0901881036206358,0.09026685138827245,0.0905246799696678,0.09063155094751302,0.09086032404130308,0.09081381485375423,0.09091330297035954,0.09113570347661497,0.09123969054278058,0.09129698693268326,0.09197980181870229,0.09232493607258294,0.09273225049614205,0.09296982856385105,0.09352343605953795,0.09396337301860479,0.09429095430270593,0.0943000364010177,0.09429964119808067,0.09442793057361434,0.09449975493780806,0.09473260463087811,0.09476996194088035,0.0943800397717036,0.09413893983363526,0.09408372729886265,0.0937460089884324,0.09282394302414053,0.09244558417580019,0.09201609324235044,0.09193233422872593,0.09163746914362339,0.091020872349598,0.08990166286747545,0.08982500596357575,0.08829320749624806,0.08715719984069908,0.08618754231266135,0.08519087678207779,0.08351422320942224,0.08177541535094321,0.08160912343394784,0.0803245123296202,0.07913140381233248,0.0779484874386148,0.076534602872568,0.07568526355564476,0.07507585155426101,0.07514056079076445,0.07494541796629056,0.0745265180995835,0.07435894327937871,0.07362806375970875,0.07314159777698663,0.07335607326698314,0.0684094848068224,0.07342576439651387,0.07343601127690903,0.07351015822261604,0.07313895265590506,0.07253335426971207,0.0718959365462388,0.07122845791278179,0.0709941247828567,0.07093939185450263,0.07070443692668635,0.07015551080069382,0.06966241488572442,0.06919451865520136,0.06913087695561053,0.06870288614512711,0.06812942905638616,0.06753452317794434,0.06747772607081953,0.06707369564033669,0.06705098619107665,0.06723130617245286,0.06740005473563548,0.06733065357932543,0.06724853573002336,0.06723706503692845,0.06732929515361216,0.06768903135810647,0.06795539402952745
stat_359,0.11352694864583188,0.048072923038901115,0.07484602544307889,0.05472772383032557,0.07258834420241111,0.06987602198417284,0.07239882426395039,0.07241016385985798,0.07241086717388243,0.07239522846873647,0.07236312161709392,0.0722972019473737,0.07222527077768391,0.07215907273945989,0.0721086356171964,0.0720594276569332,0.07203430470525188,0.07203398420841269,0.07197000613177021,0.07188935621288427,0.07180515983346855,0.07176197285202644,0.07185667670201434,0.07186050386506239,0.0720838661846088,0.07214251514782377,0.07204951366354599,0.07204282671590734,0.07205344437871859,0.072006315698402,0.07219044561045342,0.07219496071647438,0.07236030652755525,0.07268167567529327,0.07293280006935575,0.07300568156040897,0.07322437394683161,0.07332270510355937,0.07350202700862983,0.07347303893624706,0.07355127814553213,0.07371393795296399,0.07378233406404486,0.07381276828571548,0.07434204611684611,0.07460127614771381,0.07490456940271199,0.07507917343454575,0.07550582326947775,0.0758474894286633,0.0760842244761709,0.07607813581677174,0.07607729913571731,0.0761807923571067,0.07624908133040348,0.07644365606231532,0.07648556734961955,0.07619886403691356,0.0760196552236557,0.0759756739743021,0.07570012854988617,0.07495713613004693,0.0746427202787657,0.07427818406660525,0.07420875352651755,0.07395652854424019,0.07345858174579405,0.07256109422966714,0.07249970792497083,0.07127893165070061,0.07036897043352112,0.06957992723640442,0.06877523984328203,0.06744074559857346,0.06604711307429856,0.06591438120220175,0.0648736569924371,0.0639239266938425,0.06298914442429293,0.061867330623397644,0.061174872446804175,0.0606794652513645,0.060712814129928,0.06053362026290395,0.06017699783071803,0.06001651011722019,0.059436696801390076,0.05905620069780149,0.0592377013788045,0.055282245957169046,0.059307968626484305,0.059316729919682155,0.059382155963404196,0.05910334787592141,0.058623419454542226,0.05811846558103146,0.05759412921948489,0.057397177037351824,0.05734787724937934,0.057140905521815784,0.056684350803066316,0.05627164283664152,0.05589246421827407,0.05583991146605172,0.055489488769541795,0.05503395107130631,0.05455894268901415,0.054513584817996535,0.05418941389151203,0.05416706866419817,0.05430876577595034,0.05444133787548077,0.05439348181078051,0.05433988006033587,0.054331584244027495,0.05440797702813139,0.054693027381256684,0.05491049794255421
stat_361,0.3996410933927524,0.17638488352488854,0.22942571690713742,0.1793473738186284,0.2436075057187996,0.21831879995188697,0.2433756564632513,0.243376860641834,0.2433438616017509,0.2432759628217358,0.24323673517595784,0.24321827573928825,0.24310479114882444,0.24304196058598343,0.24313266296239416,0.2432282990345437,0.24357124018367254,0.24359684377013593,0.24382362319971512,0.24411762178650434,0.24450404761684866,0.24526695111709254,0.24653939803137742,0.2471519232610646,0.2484283043100331,0.24967738107962206,0.25042465150283755,0.2514211344368054,0.25286192621544873,0.25363973510337534,0.25519708041097644,0.2552878210156355,0.25722620008343655,0.2595667150980258,0.2607061671854717,0.2611832075562102,0.2616893320264205,0.2616146101759642,0.2614911883151532,0.2607859897324016,0.26055855161354635,0.2609069046453441,0.2601086755160771,0.2584848872189763,0.2580860503952097,0.25780460471206323,0.2578154738081936,0.2570202415039642,0.2567789764814877,0.2558359986865674,0.254239110087409,0.2530593813873288,0.2530085541844783,0.25267249066663183,0.25169905630047246,0.2509800548700395,0.2496005631608863,0.24770474148286223,0.24727725275577184,0.2470832862036416,0.2461676027965533,0.24357648069881238,0.2416609288457584,0.24008631592855129,0.2397949814477863,0.23853459163213456,0.23778672559337818,0.23738270441842704,0.23733328172681667,0.23503537373419522,0.23435421116751157,0.23349865693681557,0.23110524232240653,0.2272329327276892,0.2243558091372722,0.22420815969952476,0.22348182422083712,0.22136844193865016,0.218262894729645,0.21521252807411057,0.21330666822635153,0.21285395192381168,0.21311994402199877,0.21254044932278163,0.21127677181655088,0.21056360182664682,0.20906370801009833,0.20805309318101145,0.20832601466387315,0.18067134855967404,0.2080026919912001,0.20798260303956806,0.206679220347121,0.20450688618768464,0.20164577905079717,0.1999296530724219,0.19798379282387005,0.19672744708219028,0.19644409777297334,0.19450107816546133,0.19107570665781787,0.18856187502264732,0.1861436965783922,0.18578377742909427,0.18291444995775194,0.18064612034885633,0.17770932613803436,0.17749052818536243,0.1759762260681926,0.17515162760007477,0.174873164926034,0.1754706557201092,0.17658368696770607,0.1768832171376853,0.17684233648582734,0.17684685827244062,0.1774596968510508,0.17842745848844807
stat_362,0.32664051722317466,0.14082188794847506,0.1980164522087818,0.15138141988216905,0.20359650304944543,0.1872273985644195,0.20326395978767892,0.20327711053269218,0.20326252718968843,0.20321302074316328,0.20315994848600938,0.20307725490007777,0.20293970578621742,0.2028323322871194,0.20281820999008154,0.20280836425991142,0.20294988684162926,0.2029619932188714,0.2029976426200199,0.20304616893306787,0.20313850504358377,0.20346592582012402,0.2042096838365007,0.20450688606155648,0.20538779584182668,0.20605372507428132,0.20628908752502878,0.20674376116204662,0.20743121067127357,0.20773389060395972,0.20866229199151148,0.20870739585758583,0.20977751881313575,0.21125893336090842,0.21209343800626954,0.2123834005029481,0.21286946550094965,0.21293233490542943,0.21311504848824467,0.21273316221960273,0.21273052470392353,0.21313322008997712,0.2128782803069232,0.21218089949595365,0.21266706902104743,0.21287160793606622,0.21327478774144965,0.21311069977451852,0.21350329421793218,0.21342305892572372,0.21289454396904253,0.21229040513910913,0.21226356846907918,0.2121956829651907,0.21174144718850224,0.21155189133559954,0.21084396925481458,0.20950813141157595,0.20908263917277448,0.20893366550432566,0.20816838514837352,0.20602938921233332,0.2046915486868178,0.20349507927716223,0.20327018054180615,0.20234955029070562,0.20145512355847545,0.20033643539556764,0.20024735031362148,0.1977595551094962,0.19644030287807934,0.19516154057674112,0.19306216917613428,0.18960144628638245,0.18658793603689314,0.1863627327771645,0.18482320292857662,0.18265976567376344,0.18001440066690938,0.1771736099730973,0.17544375175639149,0.1746374062665241,0.17484234647880822,0.17439255613159194,0.1733953033784948,0.17290927158755426,0.17147529099538072,0.17050985929362314,0.1708430888127144,0.15245562394513346,0.17074621609506552,0.17074621542991855,0.170187412217216,0.16876635299448683,0.1667921838408754,0.16534728115600195,0.16375821676449928,0.16292725197156196,0.16273990502501248,0.16156957269387062,0.1593575631461458,0.15764574366366252,0.15599372177515042,0.15575277474289137,0.15389139662702936,0.1522141062494367,0.15016087420409496,0.14999742133271793,0.1488569299107761,0.14839445082130193,0.14838689131746421,0.14884565259463473,0.14939166594000255,0.149484169847784,0.14945281773273875,0.14953018011780356,0.1501515707904167,0.15088682730732525
stat_363,0.3011633483123821,0.1291682629105505,0.18586544154923113,0.1409169927136455,0.1888776444680724,0.17508049080780522,0.18853062150544977,0.18854604701213887,0.18853632245426957,0.1884928863670978,0.1884388509853198,0.18834416933296874,0.18820513660203358,0.18809048250468138,0.18805277611229268,0.18801936187365476,0.1881122120676928,0.18812094291397544,0.18811284973763137,0.18810574031509344,0.18813192799067863,0.18835752071361758,0.1889694045237413,0.18919100905934239,0.1899622584476708,0.1904871053281836,0.19061069393315636,0.19094177346299912,0.19145868165976823,0.19165952503595746,0.19243390004559216,0.19246862244622495,0.19333641443131946,0.19460618550017852,0.19535393108515986,0.19559819887668947,0.19606108170100697,0.19614487626847407,0.1963767545772987,0.1960667406597705,0.19610560092588145,0.19650600506508156,0.19636378254857637,0.19586935000445024,0.19651521259838248,0.19681410349974315,0.19729008762373196,0.19726586078466468,0.19778555177078724,0.19789761097192138,0.1976311990176798,0.19717981035381857,0.19715940969238419,0.19715476724096848,0.1968278737311269,0.1967639321372581,0.1962276492032559,0.19504549269430702,0.1946235040613003,0.19448877485250177,0.19378036468270265,0.19180316769967995,0.19064268561257605,0.1895772204756052,0.1893750496943602,0.18856804978651298,0.18765933806731333,0.18639362006141472,0.18629720574060815,0.18382331236848848,0.1823922348877687,0.18105868498493524,0.17908507784035463,0.17580889824952334,0.1728539912174619,0.17261891163574328,0.17096116850091664,0.16885497016034162,0.16638429850346298,0.16367621278098635,0.16204140384447543,0.16119555645623057,0.16138547596107033,0.16098085978602142,0.160073663714804,0.1596543706193326,0.15828000107534163,0.1573540482762791,0.15768550885187843,0.1418074866938939,0.15763267204146164,0.1576364512317859,0.1572408795416603,0.15601118426777683,0.1542777096064394,0.15293234034494257,0.15146356509647832,0.15074767642734987,0.15058729579789465,0.1496182037086975,0.1477347776287987,0.14625271104057236,0.1448180038108711,0.144610896843926,0.14303135398245947,0.1415322721177832,0.1397373549565909,0.13959098170288947,0.13856757257586236,0.13820553894983767,0.13826592684039138,0.13868149696745388,0.13907294771103296,0.13910789856112313,0.13907915463682394,0.1391707801852708,0.13978075593057923,0.14044071542093692
stat_366,0.39198618352451225,0.17121808181519782,0.2285173084759909,0.17786567632454722,0.24079846035656585,0.21682551536347544,0.24052502382475,0.24052937944558025,0.24050201858697826,0.2404397986954124,0.2403989131323968,0.24036257165413644,0.2402386233012575,0.24015920340242644,0.24022018464975745,0.24028696316955794,0.24058431175118658,0.2406066696530646,0.2407822670303777,0.2410113440876052,0.24132675434668904,0.24199740326183694,0.24318032642468854,0.243718675380476,0.2449264721872518,0.24604608330339559,0.24665952629903257,0.24752149944210375,0.24878819320093104,0.24945054702660524,0.2508482863854616,0.2509256784237348,0.2526376661414058,0.2548079441850081,0.2558911299270827,0.25630552847369487,0.2567968755064523,0.2567284235008672,0.2567061987717919,0.25604790971540725,0.2558838689122266,0.2563046990565892,0.25567399881579744,0.2542939361757344,0.2541768406149428,0.2540606555717518,0.25423193953431444,0.253610960438757,0.25356303773581024,0.2528286531959371,0.25149205556653703,0.25043748238653624,0.2503916998787692,0.2501066180471266,0.24920360981026488,0.2485699069482423,0.24728055020649262,0.2454105359978305,0.24494663318482746,0.2447566969135231,0.24385645186342622,0.24129817146609994,0.23947596032678958,0.23797436634067579,0.23769325272948758,0.23649832421262623,0.23570338263189997,0.23512806505875025,0.23506801787487774,0.2326433559411972,0.2317870763090756,0.23082300299191585,0.22843399291922112,0.2245142392721849,0.22150124088220044,0.22132692203320675,0.22038222192326443,0.2181590528910562,0.2150284134955304,0.21188776156059616,0.20998192763251713,0.2094248175343621,0.20972972450739105,0.20921970917672175,0.2080317082596564,0.20741807676560645,0.20586197970688316,0.2047996477578679,0.20507688694110837,0.17883106826291617,0.20476918056504992,0.20475264413421726,0.2035924171032898,0.2015002268924587,0.19876089683961123,0.19703973153256288,0.19509317580561342,0.19392623896195313,0.1936703245213351,0.1919037669996052,0.1887078503844904,0.1863463034955457,0.1840458569604371,0.1837063110849671,0.18100242330711014,0.17879590780405577,0.17597289001401714,0.1757600251664006,0.17428713056529205,0.17352809189208382,0.1733075186289856,0.17389558902835364,0.17489932957086074,0.17513887297452907,0.17509742556342464,0.17511493225390026,0.17575403098379871,0.1766903452683878
stat_367,0.3183443154797954,0.14076566727773732,0.18221958180359987,0.14173656553831288,0.19374551399746417,0.17737940612603875,0.19352696453312643,0.19353670680941945,0.1935048685181729,0.19343198892862515,0.19336080405714903,0.19330198242788785,0.19318566974432466,0.19311920911305477,0.19316558661169775,0.19320777374480433,0.19339812762135036,0.1934153278539042,0.1935390653249083,0.19368974198664216,0.1938519714109479,0.19420876261300032,0.1948726153013929,0.19524320541458415,0.19612380314256742,0.1968702617653066,0.1972402548646421,0.19780860032119482,0.198554744501403,0.1988952623418826,0.20000038222957567,0.20006474707762442,0.20134911527753438,0.20276796091316593,0.20361179196207715,0.20403391748197197,0.20467244520138367,0.2049362395947672,0.20503693345215054,0.20482375875316022,0.20479608187251577,0.20490829498339214,0.20442969427461252,0.20353322958455958,0.2036622949075629,0.20355093495360999,0.20352657280886502,0.20309537661965957,0.2031384640714377,0.20283025389155043,0.20185009506362595,0.20103844364771878,0.2010036285780198,0.20092332463905332,0.20062879390123822,0.20051756504199258,0.19998705791483676,0.1991430247933715,0.19899825985529665,0.1988646374677818,0.19808900337505878,0.19607331601401407,0.19462005920114,0.1931739949817255,0.19292773353433046,0.19180081596672818,0.19098607377454355,0.19011529025682491,0.1900436192092543,0.1879861769565583,0.18689828046286708,0.18560833441628485,0.18361434649034872,0.18063819472241682,0.17794842315741596,0.17775993637186677,0.17623682161789103,0.1743905230870744,0.17219946403864458,0.16980849322042996,0.16804873254247926,0.16721223888562978,0.1671006725656978,0.16632439128008564,0.1650809035084362,0.16421862327398187,0.16301135637125141,0.16228403841494216,0.1627391558063438,0.14578684350150692,0.16287835306067108,0.1628867922776728,0.16246023764977174,0.16145411072909133,0.15972760170417738,0.1585097013115937,0.1572351341733199,0.15631986973176298,0.15605863798583786,0.15466389723010038,0.15233224586771787,0.15045432540490317,0.14884301882327033,0.14859157194698308,0.14670593464847617,0.1452133974854065,0.14330684628186197,0.14315733006073728,0.14209090599113466,0.14155647610155103,0.14145395565635296,0.14183624513979262,0.142540986807632,0.14285580142653045,0.14284154695076345,0.14293888270023672,0.14342902384343265,0.14417727981064404
stat_369,0.14312536576607626,0.06035743569440278,0.09532794956226456,0.06950146760353751,0.09188251344627271,0.08834795139033688,0.09163606658018292,0.09165033431311166,0.091652837592379,0.09163573460228291,0.09159811619205431,0.09151462592959088,0.09142331745246272,0.09133726256289776,0.0912695705417173,0.09120436510977244,0.09117096018207752,0.09117021298456636,0.09108405121751185,0.09097651122941439,0.0908688703653679,0.0908187496931578,0.09095313317255542,0.09095467733183575,0.0912382295549315,0.09131108716988386,0.09118856348175566,0.09117602529870973,0.09119374220597688,0.09113778601740412,0.09135725861981168,0.09136151892913733,0.09155721508999914,0.09197520919376628,0.09229092468541344,0.09237076864646278,0.09262780701566573,0.0927279636862164,0.09295510454445488,0.09289731153531906,0.09299395030119234,0.09322516614791296,0.09332544568051915,0.09337055471367084,0.09405315856056547,0.09440176802914338,0.0948188449415699,0.09505546507260565,0.09561449579541091,0.09605110737414689,0.09637944505281253,0.09638657958264744,0.09638607962016418,0.09651167973236016,0.0965693645968809,0.09679258583525382,0.09681184735810071,0.09638841658654276,0.0961335699814088,0.09607640111310602,0.09573316718142648,0.09478917483663629,0.09440166975312547,0.09397190934938765,0.09388710622657971,0.09359246019657307,0.09296876948656689,0.0918402833838505,0.09176284706544932,0.09020233510825358,0.08905788096537835,0.08808659873339113,0.08707085144359641,0.08535296387668069,0.08358841520287225,0.08342070741859069,0.08213780741099354,0.08092368320981698,0.07970631009536523,0.07826089980787229,0.0774004442332304,0.07679253971259672,0.07686801047611723,0.07667766380383775,0.07625646394687449,0.07609393085962707,0.07534730387347613,0.07484791742395143,0.07506013948879149,0.06984159768113063,0.0751196472177445,0.07512938671379082,0.07518652589857086,0.07478484341772604,0.07414843236838557,0.0734924747060283,0.07280182986709496,0.07255925976490687,0.0725043613380231,0.07225891068538708,0.07168493763208159,0.07117739052817715,0.07068900711142574,0.07062288313043275,0.07017278556952174,0.06957579789243151,0.0689529987638215,0.06889408073842612,0.06847631684241752,0.06844952626136197,0.06863044512678974,0.0688064828107997,0.06874041169315945,0.0686526445759433,0.06864021450414368,0.06873110059403213,0.0690991738887283,0.06937190657454216
stat_370,0.17070625676299758,0.07193336263287939,0.11355779778117887,0.08294390675663801,0.10960529839876093,0.10503258615901757,0.109314688419134,0.10933105840009982,0.1093342756286105,0.10931497731500985,0.10927275631915329,0.10917647184783395,0.10906951885938283,0.10896832875619562,0.10888986901533386,0.1088148371687675,0.10878106106981486,0.10878042465730328,0.10868206824640289,0.10855994949544406,0.10844148132231364,0.10839806084273458,0.10858039266359021,0.10858956390046119,0.10893611064853198,0.10903781035451696,0.10890446301427703,0.10890184704647325,0.10894480594966088,0.10889279682273134,0.10916005208341543,0.10916536717258277,0.10940978744098077,0.10993079234907129,0.11031012090014221,0.11040164888090488,0.11069481156987707,0.110796109763838,0.11105796045652694,0.11096987158984889,0.1110775385954557,0.11136433873641026,0.11147764992476614,0.11151150839839569,0.1123019369426513,0.11271181191708252,0.11321166139803152,0.11348106382718234,0.11413162709803619,0.11462099048193393,0.11498723261757814,0.11498323681561891,0.11498208523383914,0.11511728399574683,0.11515055445347165,0.11538077810297521,0.11535932885953282,0.11480738026306672,0.1144930051351901,0.11442321749757892,0.11401661515095714,0.11288694737784334,0.11241357646886158,0.11190947240036707,0.11180867155500138,0.11146104678778071,0.11073790541008086,0.10944412101111667,0.10935474138692049,0.10751807136442561,0.10619778857874489,0.10508311562155322,0.1038779596065298,0.10182417815627466,0.099747839291372,0.09955261282117073,0.09808228499731739,0.09664355244191232,0.09517393567056363,0.09344653480741187,0.09243432647212228,0.0917360289888578,0.09184577023971614,0.09163826993095675,0.09115081314170397,0.09097592939020592,0.09008473590092454,0.0894832340880452,0.08972247375095659,0.08316230165999475,0.08977011273320987,0.08978032776333018,0.08981343648931138,0.08929090902984567,0.08849832299691156,0.08770680016208861,0.0868662207837413,0.0865714851234892,0.08650809408539593,0.08620476835792709,0.08549223318639096,0.08487587048626559,0.08426991741960072,0.08418812592808757,0.08361868702260408,0.08288341423990112,0.08210567032320866,0.08203343306417593,0.08152360110037776,0.08147835839327222,0.08168061304830977,0.08189749213305768,0.08184001855703074,0.08173450471910115,0.0817185019100211,0.08181948707248549,0.08225574236638912,0.0825842668514647
stat_371,0.14518384364218107,0.061215845696569585,0.09673613119460184,0.07052292076740199,0.0932184805225038,0.08961697677245908,0.09296829917873645,0.09298274825403528,0.09298536185169906,0.09296815855716038,0.09293020886992466,0.09284561777563717,0.09275303975589821,0.09266569269788402,0.09259694037572769,0.09253076556549737,0.09249702520911261,0.09249626245358207,0.0924087978171711,0.09229969828496495,0.09219081114294823,0.0921407421984452,0.09227846499036128,0.0922801791717891,0.092568199988554,0.09264263162496024,0.09251864615504733,0.0925062648789148,0.0925252801061828,0.09246925221667691,0.09269166015463767,0.09269594108809746,0.09289448038888475,0.09331991130452127,0.09364026084756628,0.09372068340891523,0.09398019255837939,0.0940801787719875,0.09431021843270188,0.09425002658436213,0.09434765349196177,0.09458357513034078,0.09468551869613283,0.09473068507340711,0.09542271262949355,0.0957769257304789,0.09620142423364485,0.09644161222014155,0.09700893073234199,0.09745094499135057,0.0977843713761062,0.09779181631984103,0.09779131436394238,0.09791803071700934,0.0979741721383509,0.09819848882512791,0.09821516062449093,0.09778148137633898,0.09752139642195781,0.09746328148481809,0.0971153860884935,0.09615740472225834,0.09576436699592814,0.09533000022922476,0.09524410966120504,0.0949463747458878,0.0943145507788802,0.09317163465291262,0.09309317966297526,0.0915101344761035,0.0903508446828549,0.08936807588716368,0.08833790063467267,0.08659370717528249,0.08480450059380003,0.084634541548818,0.0833365612950734,0.08210469415679623,0.08086765712740004,0.07940016303816105,0.078528362666885,0.0779134132011639,0.07799199426386881,0.0778010088249144,0.07737540376519908,0.07721277688144539,0.07645480048464662,0.07594726675948886,0.07616136797654695,0.07084641519422918,0.07621971741499338,0.07622949234456677,0.07628511549062252,0.07587406368136226,0.07522601287799334,0.07455953302237035,0.0738571815400764,0.07361113373963911,0.0735558042016797,0.07330702979450919,0.07272385535174099,0.07220914422523401,0.07171250854307556,0.07164534007137446,0.07118733357578333,0.07058004637557022,0.06994614727686961,0.0698862456438735,0.0694617223391742,0.06943418314167675,0.06961737276590974,0.06979654077953704,0.06972994798687761,0.06964003070176245,0.0696273000628032,0.0697190206364464,0.07009266332400912,0.07036935531243155
stat_373,0.24487692755707385,0.10526756062895462,0.15140002405648736,0.11429641650556993,0.15352423757104472,0.1439672456012271,0.15322577926620623,0.15324164998812856,0.15323237311515933,0.1531911049481228,0.153133260584711,0.15303936999170206,0.15291630235613698,0.15281583265428497,0.1527737758321107,0.15273266797345225,0.15277678561087507,0.15278258096255445,0.1527532582208309,0.15271541493850865,0.1526843442817376,0.15278076342085142,0.15316046202487066,0.1533009212340049,0.15388291694461811,0.15422877232669843,0.1542582608849804,0.15445846666424284,0.15475731930496328,0.15483819871779017,0.15543444371703893,0.15546107069425588,0.15610137952574976,0.15700812124763175,0.15760007871649678,0.15781726174938154,0.15826640547591744,0.15843310542706263,0.1586736982942108,0.1585259869202821,0.1586003035024144,0.15886895856673244,0.15879183312486325,0.15850321412644355,0.15916257472672263,0.1594405064748011,0.15981711330754708,0.15986713433925753,0.16037573156962442,0.16063032723829643,0.16053856078901302,0.16023058713027652,0.1602166085133798,0.16028607668870254,0.16020118000817862,0.16032916087942134,0.16011440821143955,0.1593941539137664,0.15910979074429812,0.15900820340692345,0.1584170490686906,0.1568275898658049,0.15593102122119484,0.15501208798571064,0.15484468751078168,0.15415962462144295,0.15332369784669075,0.15204967545904202,0.1519571065540763,0.14983224447094234,0.14844681265644352,0.1471370979968885,0.14549934216066943,0.14286285493532566,0.14031241022797367,0.14009588286400332,0.1384276868286691,0.13666241373567628,0.13474631717108324,0.13255929930238994,0.13115359051794187,0.13031877233166278,0.1303677188470481,0.12993419582493512,0.12911650789718265,0.12867394982369185,0.12755793426571932,0.1268352398408378,0.12718083936377614,0.11603380279062635,0.1272650999990109,0.12727586042181263,0.1271464922606758,0.12638062701567898,0.12515103540585473,0.12410501565596802,0.12299921195201714,0.12244686861131354,0.12230573820443766,0.12157486561960582,0.12018966531501515,0.11903969720516717,0.11799254682946692,0.11783868548470973,0.11671611072743275,0.11561442164431762,0.11432684934539054,0.11421750719478917,0.11344160283186397,0.11320795478499554,0.11331797676138174,0.11362123945734333,0.1138440051518747,0.1138829475954115,0.11386570221324074,0.11397684329099744,0.11448340740920795,0.11500599305813404
stat_374,0.25913853735189735,0.11015325804683701,0.1655302648896323,0.12350684874076792,0.1643727014165053,0.15437148496418313,0.16401094320189477,0.16402890067639084,0.16402704147827665,0.16399476501015836,0.1639431126175735,0.16383508475134664,0.16369763749320204,0.1635748128521559,0.16350424400948313,0.16343861188657147,0.1634638606521901,0.16346767729755488,0.16339879093106932,0.16331533651801663,0.16325402795286853,0.16334461682134124,0.16377915671811555,0.1638948266882127,0.16450320733662852,0.1648314501731965,0.1648063948219429,0.1649686714819291,0.16525887303260656,0.16532935564837709,0.1658779778318298,0.1658977323840517,0.1664783351425459,0.16745371256693284,0.16806814835789308,0.16823985859480375,0.1686444467489793,0.16873386049461006,0.16901710068499526,0.16879096752028655,0.16887737781364046,0.1692784244657648,0.16928893152580052,0.1690668613133165,0.1699007095969832,0.17032419910930605,0.1709022714427424,0.17106972079864785,0.1717530955608443,0.17211711420360717,0.1722269053670231,0.17200288966669275,0.17199207898249425,0.17206881572392335,0.17190087191537387,0.17199245218483472,0.17167884286686275,0.17069026263035555,0.1702618846665267,0.17014871523007472,0.16953866228744285,0.16782626883122875,0.1669445873112251,0.16610765894285373,0.1659437541554194,0.16533075912306544,0.16442624909327114,0.16299088286944027,0.1628868187463119,0.16047870314486803,0.15893773568679573,0.15758595882914717,0.15583334278531427,0.15286776773821864,0.150071086486937,0.14983005416984482,0.14809347477724677,0.14611596344396502,0.14391910468718672,0.1414459854267278,0.1399943130150677,0.13914034087303406,0.13932886812927733,0.13901988713575522,0.13827649779968265,0.13798382678296478,0.13671936771815746,0.13586015272912683,0.1361658518206387,0.12385293379736118,0.1361485098447389,0.13615591756429601,0.13595943578195357,0.13497530133474006,0.13358059454346918,0.1323912079168748,0.1311015376368436,0.13055901712729032,0.1304432884445348,0.12977360962631954,0.12837431719636816,0.12724591082918685,0.1261315374695812,0.1259752416255231,0.12480949224443211,0.1235734311074562,0.12215775623900958,0.12203708755306555,0.12119254210739061,0.1209785071212718,0.12113327246705446,0.12148579423928746,0.12165032837911924,0.12159081075785083,0.12156490871991693,0.12166985373398269,0.12225563708866855,0.12279517492828647
stat_376,0.38181591503822393,0.16620076022132974,0.22574102966881343,0.17457769810651033,0.23558307405646364,0.21289360784574374,0.23528484925937737,0.23529100532380678,0.23526829456840403,0.2352118220225553,0.23517208499043493,0.2351254108061327,0.23499683499893415,0.23490746947835164,0.2349479078113077,0.23499522398877026,0.23526082208548318,0.23528080018377542,0.23542188110963816,0.23560832820031324,0.2358793764645986,0.2364924099329287,0.2376170531126477,0.23810720966678348,0.23926159310268408,0.24029874736086873,0.2408361158758602,0.24161990828112204,0.24278985026706423,0.2433928706509471,0.24469356534673584,0.24476347499252624,0.24634861661115834,0.24841933833151209,0.2494607854122958,0.24983880468462982,0.25030727589486546,0.2502320388247582,0.25024832043640516,0.2496106778095857,0.24947291157537996,0.2499255352852616,0.24937925270407027,0.2481283190449139,0.24814494300710535,0.24811861909102786,0.2483827935527285,0.24787005535071743,0.24793886737209264,0.2473397609010616,0.2462021573683518,0.24525484849188223,0.2452134881029904,0.24496496098114492,0.2441085329788611,0.24353301810131733,0.24230989747105966,0.24045059701768987,0.2399499265866058,0.2397646883727132,0.23889079113787504,0.23638869918685498,0.23466750723213886,0.23326045687940003,0.23299285162856237,0.23188042426808778,0.23106016941661298,0.23036251336457683,0.23029544759622309,0.22780340016138056,0.2268451979804619,0.22584050162850894,0.22349022140092978,0.21958439189660614,0.2165384007807277,0.21635214943239686,0.21532351220596732,0.21307530915806955,0.2099671747005245,0.20682459742823667,0.20495800905630415,0.20437286886307524,0.2047051634824505,0.20425208538451936,0.20313302883515733,0.20259629708409033,0.2010328642524236,0.19995563511386738,0.2002217622161448,0.17504793209917233,0.19991217845489131,0.19989689236787472,0.1988100375532633,0.1967669101982411,0.19411723718792606,0.19241352929383135,0.19048575326540906,0.18938411030832777,0.18914934027291128,0.18750856442705427,0.1844887761796308,0.18225858090786706,0.1800593401001149,0.17973765757668353,0.17717629495305515,0.17503158397117224,0.1723154509596167,0.17210890990083458,0.17068175517643655,0.1699823013114422,0.16981010915401107,0.1703877322231673,0.17129240024896478,0.1714748928757861,0.17143259682306358,0.17145609144275853,0.17210941661544085,0.17300915056044305
stat_378,0.24853288192322814,0.10525883541888752,0.15972032261364644,0.11893685844421353,0.1581423563500619,0.14912524900078167,0.15777922729575497,0.1577979772742988,0.15779737130674326,0.15776656169878736,0.1577137420108111,0.1576017813581811,0.15746450112921903,0.15734029440831393,0.15726252875531216,0.1571893137258288,0.15719663303138198,0.157199270919031,0.15711575722821222,0.15701310612824498,0.1569268539393203,0.15697618940241836,0.1573534886439498,0.15744007069968627,0.15800332263588898,0.15827493607837173,0.15820609030138802,0.1583187482559077,0.15853716211855118,0.15856421267000664,0.1590510805328966,0.15906676476136103,0.15956413537169178,0.16044672447063138,0.1610246963410125,0.16117914489768562,0.16157811274047906,0.16168163423701296,0.16198693459469082,0.16179619675043747,0.16190137202616806,0.16229654500751553,0.16235243358565354,0.16221461788057362,0.16311084120542185,0.1635663881424683,0.1641626984498621,0.1643796763615528,0.16510329341229554,0.16553635584998014,0.16573062701660274,0.1655565028061468,0.16554780588506487,0.16564823574072038,0.16553693629951305,0.16568036869173375,0.16544137699649655,0.16453729617696042,0.16412462441015607,0.16401776620825745,0.16342932212341624,0.16178609961442594,0.1609670436991712,0.16016727059095193,0.16001093334986952,0.1594299368889374,0.15852532969458646,0.15704819172162426,0.15694224705745216,0.15456110895478326,0.15298631878433075,0.1516116288969869,0.14991296177479774,0.14703956847924265,0.14427626520676784,0.14403217827115206,0.14224424305470418,0.14029745092161477,0.13818426876293546,0.1357751041223932,0.1343596624665956,0.13348502001523163,0.1336589614472444,0.13335962604040763,0.1326460776523972,0.13236994030995472,0.13113530253033728,0.13029805938199163,0.13060704664422015,0.11936943981503094,0.1306151721837278,0.13062445673641654,0.13050122516285773,0.12960935970605245,0.12832225181773296,0.12717980497983974,0.12594843123119542,0.12545151310919456,0.12534468537802773,0.12475165067560331,0.12348308067310566,0.12244120544875137,0.12141578912500865,0.1212725994571508,0.12021804633929217,0.11906081375548541,0.11775389546370085,0.11764060496305005,0.11684557797580222,0.11666731314714741,0.1168436106415189,0.11717539473738091,0.11728776742269474,0.11721629745239555,0.11719223884362663,0.11730389363981522,0.11787907435521208,0.11838967867562955
stat_380,0.22846375931973203,0.09762226035445663,0.1421785022362545,0.10713542306331832,0.1438214086176155,0.13559749175490526,0.14352498059167648,0.14354170637791813,0.14353402344475374,0.14349489183066647,0.14343595178555862,0.14333802205282514,0.14321652110305863,0.14311550232570006,0.14306482537056564,0.14301447897082303,0.14303485308558372,0.143039068138405,0.1429911454497003,0.14292862561282768,0.14286479973024652,0.14290511621144125,0.14320433309200456,0.14330431781961356,0.1438203276044104,0.1440860408027713,0.1440546866475638,0.1441841996693819,0.144380308608295,0.14439920487167804,0.14490289465342726,0.14492340302250833,0.14543887844324535,0.14620763655294347,0.14674377916880071,0.14693323816597215,0.1473704318200715,0.14755477201689812,0.14782750280702026,0.147730333990309,0.1478318776608306,0.1480933636442758,0.14808370391439807,0.1479178342060124,0.14866179396724377,0.14898260607119287,0.1493813956864669,0.14949751549312001,0.15005409332154446,0.15039560842877428,0.15041020605974478,0.15016696315867606,0.15015572900158614,0.15025411463903582,0.1502432123652303,0.15043566255469018,0.15031912553660282,0.14972098722515526,0.14946457779843497,0.14937232014978413,0.14881462837313778,0.14733181016955,0.14652139505000752,0.1456542518186647,0.14549773924611098,0.1448560929063519,0.144031646835053,0.14272502004798,0.14263142885761226,0.14057042004007925,0.1391590832285842,0.1378328932148269,0.13628239281891127,0.13379547110722076,0.13131437106241617,0.1310958347561066,0.12937286759622935,0.1276631320074301,0.12587544175256438,0.12379112580438971,0.12244536833687365,0.1215870818277667,0.12161719792233132,0.12120220849565912,0.12043344014528153,0.1200195505503667,0.11895172978795887,0.11826304114531344,0.1186096967457224,0.10900210181947219,0.11872703133219714,0.11874026365742235,0.11871237443355806,0.11807818988761534,0.1170055204489876,0.1160317879329954,0.11501450389907719,0.11452893046085823,0.11440092337843076,0.11377952972744616,0.11258080812274372,0.1115543533162682,0.11063395644055059,0.11049853603645643,0.10953057568499676,0.10854400039122608,0.10741110377829492,0.10731254340921174,0.10660906552088958,0.10642175122400525,0.10655565757553766,0.10682798441762349,0.10698584421540928,0.10701334380898142,0.1069989490956729,0.10711793978330282,0.10760329579067479,0.10808389441102403
stat_381,0.293649745692266,0.12536485877439726,0.18399610892770307,0.1386303930107832,0.18514365372899785,0.17226534168019497,0.1847763822563349,0.18479309838636557,0.18478726756940975,0.18474885165958274,0.184696585584568,0.18459433335420605,0.1844518054159333,0.18432915835480418,0.18427526500671165,0.18422674749767542,0.18429602913691145,0.18430292244233956,0.18426806471486606,0.18422821313161247,0.18422190332434651,0.18440744145682256,0.1849824643763549,0.1851683007600601,0.1859015539984086,0.18636689029393297,0.1864344237680622,0.18670830793949836,0.18715821038358843,0.187318601676528,0.18801894791347018,0.18804780865816886,0.1888206579264778,0.1900249079784448,0.19074221149780915,0.1909557196507118,0.19139394570151516,0.1914626377140304,0.19172148253249094,0.19141734326577153,0.19147375096453628,0.19190685220761125,0.19182985931190472,0.19142971369300435,0.19217570878616758,0.19254649219419268,0.19310100299635632,0.19315991668004942,0.1937700737787488,0.19398117339686063,0.193867803408095,0.19349855549489614,0.19348152361018348,0.19350188032650484,0.19320065306712242,0.19317294003170282,0.19267607881340038,0.1914851277625638,0.19102802212328002,0.1908962969121215,0.19020844208586038,0.18827066031699322,0.18718743312890243,0.18619970709633554,0.18600822044358045,0.1852681477596311,0.18434161511150915,0.1829864088137747,0.18288482148230772,0.18035547380746708,0.17885081110821913,0.17749543220015312,0.17555025320364911,0.17227404948691113,0.1692941479713171,0.1690504734634841,0.16734414461283778,0.16521591108548708,0.1627489177636501,0.16003007207138212,0.1584294947909425,0.1575713277411009,0.15779352665435656,0.15744334980390287,0.15659664714942592,0.15624695896002225,0.15486343172785355,0.15392073587037278,0.15423735537002295,0.1390627470505235,0.15417173468487466,0.1541758659066288,0.1538223962146081,0.15260968890983817,0.15093007271029538,0.1495910541754216,0.14812586682260032,0.14745960895308263,0.14731719706712665,0.14644506404139437,0.14469092196192818,0.14330924782498888,0.14194567340585673,0.14175174743458147,0.14027478459917436,0.138814809943219,0.1370924575418853,0.13695029529723762,0.13595833723239786,0.13564124234173605,0.13573860137992505,0.13614876839420698,0.1364645601866672,0.13645128503453313,0.13642135510750014,0.13651604338738868,0.13713931344628055,0.13777167152746622
stat_383,0.2271302402524995,0.0969848538480764,0.1417819952012628,0.10668811860339829,0.1431131396205012,0.13500704916282927,0.14281449589750472,0.14283131704795288,0.14282423055790625,0.14278599080463714,0.1427276655172792,0.14262912074852122,0.14250747616410225,0.14240559011495743,0.14235290784272966,0.14230077192004437,0.14231844664529955,0.14232242464520364,0.14227128018838903,0.14220494712231482,0.14213781089362224,0.14217441235675343,0.1424706845257895,0.14256653364408103,0.14307764654809604,0.14333676225673023,0.14329960137978548,0.14342296033713434,0.14361277259172955,0.14362829122908707,0.14412257146665633,0.14414235058183966,0.14464663920245738,0.1454087657507246,0.1459405876315812,0.14612559717604642,0.14655742264716293,0.14673744561775637,0.14701174977301215,0.14691317441036092,0.14701571134266328,0.14728195229753333,0.14727950317945715,0.14712327118005855,0.14787597316699405,0.1482049763476371,0.14861388115684868,0.14873966150641357,0.14930622722612108,0.14965795001705848,0.14969222224392634,0.14946025340031527,0.1494494828792663,0.14955004941209715,0.14953940024265783,0.14973356537430013,0.1496187499471689,0.1490148774798001,0.14875204940050518,0.1486601767894033,0.14810649492928935,0.14663077173079622,0.14583215271632047,0.14497907007771638,0.14482444146622506,0.1441945504368772,0.1433699061082264,0.14205542115365502,0.14196141008490396,0.1398963158556273,0.1384801435668236,0.13715697647527358,0.1356131013711229,0.1331286284600651,0.13065029799572342,0.1304313945778558,0.12871093582181842,0.12700189069060147,0.1252154324226021,0.12313267670097791,0.12179515535627751,0.12093987112967404,0.12097631201617925,0.12057120396425827,0.11981317015456996,0.11941112675316368,0.11834373883195982,0.11765334821163873,0.11799594078705458,0.10846162519529025,0.11810875991916378,0.11812185412156974,0.11809541834217993,0.11745945324359175,0.11639166661940654,0.11541920489619487,0.11440201608151274,0.11392310151326153,0.11379791400193015,0.11318927117364455,0.11200691725853597,0.11099480527774727,0.11008323295368364,0.10994957923052599,0.10899440331455348,0.10801224946735674,0.10688785120112022,0.10678982541292821,0.10609065266209469,0.10590917383806189,0.10604746223931802,0.10631942734963695,0.1064673842560257,0.10648725613960537,0.10647256472353654,0.10659112377294955,0.10707781964596465,0.10755402803489555
