,AI,CAV,Ds575,Ds595,PGA,PGV,pSA_0.010000000000,pSA_0.010722672220,pSA_0.011497569954,pSA_0.012328467394,pSA_0.013219411485,pSA_0.014174741629,pSA_0.015199110830,pSA_0.016297508346,pSA_0.017475284000,pSA_0.018738174229,pSA_0.02,pSA_0.020092330026,pSA_0.021544346900,pSA_0.023101297001,pSA_0.024770763560,pSA_0.026560877829,pSA_0.028480358684,pSA_0.030538555088,pSA_0.032745491629,pSA_0.035111917342,pSA_0.037649358068,pSA_0.040370172586,pSA_0.043287612811,pSA_0.046415888336,pSA_0.049770235643,pSA_0.05,pSA_0.053366992312,pSA_0.057223676594,pSA_0.061359072734,pSA_0.065793322466,pSA_0.070548023107,pSA_0.075646332755,pSA_0.081113083079,pSA_0.086974900262,pSA_0.093260334688,pSA_0.1,pSA_0.107226722201,pSA_0.114975699540,pSA_0.123284673944,pSA_0.132194114847,pSA_0.141747416293,pSA_0.151991108295,pSA_0.162975083462,pSA_0.174752840001,pSA_0.187381742286,pSA_0.2,pSA_0.200923300257,pSA_0.215443469003,pSA_0.231012970008,pSA_0.247707635599,pSA_0.265608778295,pSA_0.284803586844,pSA_0.3,pSA_0.305385550883,pSA_0.327454916288,pSA_0.351119173422,pSA_0.376493580679,pSA_0.4,pSA_0.403701725860,pSA_0.432876128108,pSA_0.464158883361,pSA_0.497702356433,pSA_0.5,pSA_0.533669923121,pSA_0.572236765935,pSA_0.613590727341,pSA_0.657933224658,pSA_0.705480231072,pSA_0.75,pSA_0.756463327555,pSA_0.811130830790,pSA_0.869749002618,pSA_0.932603346883,pSA_1.0,pSA_1.072267222010,pSA_1.149756995398,pSA_1.232846739442,pSA_1.321941148466,pSA_1.417474162927,pSA_1.519911082953,pSA_1.629750834621,pSA_1.747528400008,pSA_1.873817422860,pSA_10.0,pSA_2.0,pSA_2.009233002565,pSA_2.154434690032,pSA_2.310129700083,pSA_2.477076355992,pSA_2.656087782947,pSA_2.848035868436,pSA_3.0,pSA_3.053855508833,pSA_3.274549162878,pSA_3.511191734215,pSA_3.764935806792,pSA_4.0,pSA_4.037017258597,pSA_4.328761281083,pSA_4.641588833613,pSA_4.977023564332,pSA_5.0,pSA_5.336699231206,pSA_5.722367659350,pSA_6.135907273413,pSA_6.579332246576,pSA_7.054802310719,pSA_7.5,pSA_7.564633275546,pSA_8.111308307897,pSA_8.697490026178,pSA_9.326033468832
stat_1,0.6103659886702284,-0.05634588895492319,-0.6647716354170908,-0.598816027674013,0.5876543058057373,0.3602389969424488,0.5865664698304747,0.5875979263021422,0.5901774388379971,0.5928722808479974,0.5958135399529346,0.6054046522288102,0.6220098371392198,0.6474129363969273,0.6244662198171055,0.6003405081635165,0.5881119169680933,0.5873748268476002,0.5799058925966338,0.5764698491608524,0.5760086082706596,0.5807346152069869,0.58139243814639,0.5687832957787289,0.5639265630505369,0.5808540667847942,0.5937788023371784,0.5797556699830035,0.54626446026194,0.537483350658025,0.5370167498681924,0.5379937780536967,0.5209841070418005,0.5018118192557787,0.4782049703844319,0.4860088699742177,0.5003778399776323,0.5423494208992607,0.5347272475887201,0.5520195120935218,0.5989952558188877,0.7080062354508312,0.6926193362542622,0.7238650275249316,0.7145281471419498,0.7136404822991181,0.791180814402392,0.7920488175355634,0.8018488985037691,0.8034910296213545,0.819315364134347,0.8165905310252232,0.815543879449142,0.7725164102388539,0.6824279868910375,0.6458170284306712,0.5812979413836912,0.5231079642501357,0.4693528521448555,0.451096001481138,0.36525429762017614,0.31715864334641897,0.2959206669310538,0.2440532093167483,0.24413802003704402,0.21749904148019325,0.17777313116254823,0.164675211189833,0.1647141024106484,0.17644083083205567,0.14014443639486662,0.05108111073828637,-0.009026494683716845,-0.05590908263461536,-0.024359923705758513,-0.022211745791400592,-0.03465650657118956,-0.06625955158608278,-0.06323985618640732,-0.05236630340120779,-0.0717302600818401,-0.09052467145849817,-0.06686779136083847,-0.03531508890600244,-0.04324812572646569,-0.10596013139916961,-0.2350239595873949,-0.3762028668015082,-0.4570526249050416,-0.4305675827809848,-0.40236364062260327,-0.3941264570578575,-0.2737343150067893,-0.23209308151741959,-0.24957551290248484,-0.268821482376592,-0.30759235170670335,-0.3154164342295285,-0.3237038243790573,-0.3227148543000449,-0.3148688009187406,-0.3093232159085925,-0.266855805422087,-0.2604589463686473,-0.2822482161587478,-0.3154723763959861,-0.31818364934233684,-0.3181976134789528,-0.2757682737450064,-0.2657247080730363,-0.35338274027127964,-0.442188567514286,-0.5082525266724411,-0.5754544231034318,-0.5813773246456029,-0.5945203395139559,-0.5967968728503099,-0.5429663637218665
stat_102,0.1786805580398314,-0.01747155998394514,-0.47915174989307624,-0.37319263754379406,0.2102174794730704,0.086157449546893,0.2084677306379864,0.21002346320414475,0.20738009269617588,0.20328359350149752,0.20739063253740128,0.20709082846768384,0.1990638704187532,0.1907250388226991,0.19645169583666208,0.1908353144513274,0.18735122979537855,0.1851989368903493,0.16916215059115408,0.17038983989358641,0.169677921263841,0.16499259396523203,0.16683487001309655,0.15452262303643985,0.13806503526010067,0.16998912733080007,0.19282801649328557,0.2231311276520387,0.229344378327715,0.24688800755617554,0.2513996746861075,0.2517846203902961,0.24763183983329976,0.2744651958019053,0.299610588732837,0.3278335607854031,0.3598424815228987,0.39488274461295636,0.38020677584513973,0.33797479073471015,0.3417771904654797,0.4061353864641619,0.43759454126378217,0.49844513580959454,0.43997357281856536,0.4346598628062846,0.4359154625164491,0.41535558155581226,0.4132070324963952,0.3360704941303963,0.2669588748108511,0.24281611367052297,0.24314019537958703,0.24586819120562495,0.2319087680483397,0.19496530562384876,0.1411703412361505,0.11075275052957632,0.11317502397095577,0.11556039942156064,0.11358481850606054,0.1030854078109766,0.08830994489025795,0.0472281247195025,0.037404114737128694,0.0018490172917377085,0.0036511086179555298,0.010167056334876372,0.011425759863392428,0.02449822191673893,0.04899559200179485,0.04933606005556204,0.09660175438921347,0.14725384955648532,0.1807562545711362,0.18056331657071759,0.17021260228812696,0.1271442656848452,0.09198394889851215,0.03479844155923696,0.019980208560320505,0.01963691440606203,0.0341788136112415,-0.010794235048841664,-0.025076461205288236,-0.029816860908867066,-0.031452119007397014,-0.026438078723933084,-0.005432440198494768,0.0837340364744054,-0.01057998525231741,-0.011279297510134241,-0.005141127233117277,-0.00048001034655741076,0.0015023824964330342,0.005356781703868424,0.028535469959757562,0.04704372293867535,0.05154581884497224,0.07351882453737504,0.08483038494717107,0.09600869284704956,0.10139270341518952,0.10187970733740283,0.0929734645153572,0.08883212809068365,0.08182967219583845,0.0809558086937732,0.07867094897971871,0.07542873010001713,0.07195780294865574,0.07265152675857366,0.07445747612309112,0.07154625130779754,0.07103913731984143,0.07110790928179371,0.07358650781397394,0.0797633589346949
stat_103,0.15795580479737692,0.21476692113792306,0.04916339710716891,0.23459080934310989,0.005604611230103526,-0.10737644097318222,0.00291968395365172,0.0023376855398560747,0.0023529020114780538,0.0015550671869409799,0.0006795324563150076,0.0002656361471748901,-0.0018899214774763028,-0.00449142820122679,-0.0038158235112477107,-0.004836555293153275,-0.006029318241885051,-0.006143979566424711,-0.008701718953711541,-0.009657817269476208,-0.01302595541228615,-0.016309273532988774,-0.019394280054410195,-0.021469809686709973,-0.016991144456078883,-0.014538920450974817,-0.013048540672689596,-0.013572417008242396,-0.0038875886026214367,0.005323977518501184,0.02731927194499178,0.029264798337050764,0.05358712541379067,0.08135607100269791,0.06938289460153448,0.06119785541097963,0.05035601392857306,0.1130853778291515,0.2125143044561147,0.2727934349334137,0.2541903403257306,0.1731800197276414,0.08384096010109361,0.03235646598654908,0.03058215308085944,0.03172631576436,0.052586209117953205,0.09066030111053962,0.1468190127080365,0.19414971688511662,0.15074851942968281,0.0543856112905659,0.049529836561712726,-0.0032771165411224425,-0.0001309071791834941,0.04799602075370146,0.08642103477968027,0.1534519918811042,0.19305527875291742,0.2010888937939412,0.23778595050743112,0.21349694529311067,0.1831232703171579,0.130297131530784,0.1230073213209287,0.05694780477847052,-0.05857502601948426,-0.22106974169709867,-0.23202633834633807,-0.36309933545206696,-0.4361077634062427,-0.44986524480607804,-0.43417848203590625,-0.375102405912304,-0.3521717436005569,-0.3508939267953901,-0.3295357933017706,-0.33100290141098043,-0.34779411972146285,-0.36398913124028337,-0.379596851400993,-0.4467729247077048,-0.48781109852547583,-0.4808924659909492,-0.4243672823224311,-0.3586516259757606,-0.2748361083423624,-0.20622238802103518,-0.17425515515435883,-0.14620184139571138,-0.18622927091696273,-0.18706770168368328,-0.18348166383078762,-0.17296755274294698,-0.16063921447002566,-0.14428127016047343,-0.14420499349860688,-0.1353080788944649,-0.13227512596167273,-0.1294509618119696,-0.139084435270883,-0.12609926179374942,-0.12228862602759326,-0.12197119095049681,-0.12507523158741027,-0.156685347533126,-0.17275617083444003,-0.17342682267488177,-0.18901996777074645,-0.20719358971251658,-0.20713264099151096,-0.2019154779878898,-0.21341982189035097,-0.1991772189774801,-0.19663880666051234,-0.18951472821599424,-0.18945710655673545,-0.16898351915456183
stat_106,-0.5545184111343642,-0.10413253965856055,0.323594288430148,0.3822588061761752,-0.46360677242534737,-0.2414231105529727,-0.4676014786835264,-0.4669702687925716,-0.4679849380566326,-0.46506280577898246,-0.44432294036774295,-0.4514538960702639,-0.4466736913312093,-0.43384476476773126,-0.4436201721445645,-0.4333774739991261,-0.43028111023301435,-0.42896284417226227,-0.4075393237076223,-0.40977983809563573,-0.4493749765757223,-0.48274780043361026,-0.5131292345657275,-0.5194900834245785,-0.5229890745001589,-0.5389385539960349,-0.5579299016380942,-0.568539953651788,-0.5774041625232171,-0.5920354944716294,-0.6011629614744309,-0.6012126561456954,-0.6164844651331793,-0.646066509108325,-0.6757107609978471,-0.6873516583649055,-0.6912471017934475,-0.655754690930307,-0.6600429163687626,-0.6462291114435,-0.686178287142801,-0.726554761826616,-0.7352113643496622,-0.7395253275917004,-0.6590189283135074,-0.6104868786907163,-0.5261730351628173,-0.41737248665249715,-0.33868689434156357,-0.3351296093023392,-0.28416128588346884,-0.2666060606814701,-0.2640454459412918,-0.2864952524230052,-0.2668650741154528,-0.17420873759381286,-0.09444012606939907,-0.08230468020291419,-0.1333454804623606,-0.15464384113569787,-0.1376692465409617,-0.12987059094624512,-0.19448586038980886,-0.25693961941274257,-0.26562070977554564,-0.2759273976567949,-0.3048896184806229,-0.3844959865308642,-0.3877180817628456,-0.4692089507668923,-0.46710969621567267,-0.437649116527506,-0.34787851238760775,-0.261953891764286,-0.24205202700363765,-0.24403559288969998,-0.19902497217247894,-0.16029898145295265,-0.12550052791073782,-0.09872395191528764,-0.056129090572302025,0.010955981168834289,0.1222934557510585,0.13793642980735904,0.09952714784048786,0.16299663710359324,0.2683621171629074,0.2989963542100339,0.36913326343095754,0.004685806310352326,0.38184980860897405,0.37755006898855814,0.28374661401693685,0.312081199977352,0.3606892891198647,0.37107292802757047,0.3355786981590429,0.3193452352099151,0.31559297118180846,0.31169355259299136,0.25387939559605743,0.1931024323517211,0.1507532974347305,0.14691977739497936,0.1153577447809244,0.11442526932429906,0.09561005225438869,0.09675403890528744,0.11114124754470567,0.11890776222467547,0.09162739183226754,0.0687075701354277,0.048556793816484436,0.0023778182199001782,0.003371485444485802,0.014391691473358822,0.028119756978997285,0.0256408814470813
stat_107,-0.5142611446908167,-0.2952964770524634,-0.03832928440669848,-0.019910513094090133,-0.28375950218326723,-0.25601961221119574,-0.287417568215159,-0.28777147228817107,-0.2880769664770567,-0.2883879945053408,-0.2887660404450183,-0.28891591195321226,-0.2918304904957681,-0.29447360097678177,-0.2950603782911603,-0.299626377421508,-0.30068005710779483,-0.30073357881999674,-0.3006613950813919,-0.3046782711063115,-0.3089129395847413,-0.3198562763202389,-0.3253398516773631,-0.33151478541187107,-0.339311470262656,-0.3605036399003175,-0.3833568239801605,-0.3818550818860843,-0.3588489101657965,-0.35932052350044813,-0.35532019105978957,-0.3568760393412548,-0.34266483017560023,-0.3872550308177378,-0.3897721467778008,-0.40150743379942433,-0.4424583184808732,-0.4182489915081273,-0.35714978352312027,-0.3327020372596481,-0.35937306818754866,-0.3683505167132083,-0.32508345630741453,-0.2570111515588602,-0.18481366838761837,-0.12178119608596227,-0.10779844839393678,-0.07553457305917072,-0.06912286297538486,-0.08315358123278455,-0.08324872945278841,-0.14440986818568838,-0.15001613318557364,-0.25328946318979356,-0.35039421080190025,-0.335173065441961,-0.31745585804969145,-0.30460799897221447,-0.3333834010620512,-0.3392067277242429,-0.3358824417878726,-0.296789055746003,-0.26711598849636403,-0.26413267635507454,-0.2618560258896413,-0.2274324809886715,-0.25281549656396346,-0.27855260315736335,-0.27792746685454367,-0.259169237102819,-0.30710732606823293,-0.3368407921433074,-0.380909158425218,-0.3869348218811115,-0.3782386929030994,-0.3749391850972195,-0.38986225705512173,-0.3939368157104631,-0.2313645081832931,-0.1458402275027083,-0.14710388309978734,-0.13244996917290544,-0.15280446338826645,-0.09267848365893146,-0.02959575374357038,-0.02145390228904198,-0.01969823341135048,-0.0004168465828070138,0.00034549018615115515,-0.16434130754586335,-0.009975851194958656,-0.006806901983383578,0.029140546461098066,0.08620256949570426,0.09934717292743488,0.17040784078053553,0.19075001475458792,0.18133418841148352,0.17727632854885653,0.15337451546231434,0.14640267644961555,0.12335901597083639,0.10385432030766173,0.09648135854313135,0.04723136254584101,0.029521589187410824,0.04188249311346661,0.04253644055536972,0.05693007077900889,0.05418829967858937,0.022847967752004896,-0.002138358609288831,-0.04359553657829777,-0.04832335480473814,-0.049755036691507104,-0.0667957702624701,-0.1014026478485613,-0.1369156165007678
stat_109,0.02932089539820422,0.01529579972287944,-0.016222335595189475,0.08105674364040236,-0.013007583024662116,0.09205088859300524,-0.014964105797942974,-0.013412218258113446,-0.014091147643492312,-0.00950471238676191,-0.008789964133123922,-0.007901158679332283,-0.005928555042029988,-0.007164541345616433,-0.006374193940421257,-0.013842376052623931,-0.020076299922483276,-0.020069094563422634,-0.01732242120675034,-0.027725070979469135,-0.030205789208494052,-0.0291182911110701,-0.032956878653815955,-0.04022456560491484,-0.04314214958556878,-0.05421628743736493,-0.052812878705345186,-0.045344508517912455,-0.012517448000772457,-0.03935820922012216,-0.06318770145922262,-0.06417598738542249,-0.08643149642514353,-0.12085434726126708,-0.11855908070743927,-0.13956745080392352,-0.15327752996231955,-0.15320087588023376,-0.13935473528297312,-0.14453291748310684,-0.13844719599839045,-0.16546959546257411,-0.1913492850977412,-0.19468401412268196,-0.157174814179643,-0.14396108404568236,-0.10415570576629021,-0.06149419434777173,0.006125045496220766,0.02623117020012674,0.0071128037208525365,0.06413633161663783,0.0667106569910444,0.03966401732211699,-0.030995196369237105,0.027033275144295085,0.058401162432746886,0.13455481773665776,0.17381621897930008,0.18499526974752656,0.23883670818920963,0.24872066549486896,0.18634213129933794,0.16165375089804437,0.1604914882547307,0.09718679513624204,0.08443611332544071,0.09138275040596047,0.09204475240905739,0.04410097679255183,0.011596193761924119,0.02087538558202323,0.014028984518536333,0.014462195440926591,0.05949220011155802,0.06565740746251775,0.10004608687684022,0.09775753630931604,0.054819736150193525,0.037750405473280624,0.07454032387238443,0.09962592030359912,0.07490202985059673,0.05660623592251558,0.047038336948654905,0.04735485322802285,4.681088161049823e-05,0.0069614287459623695,0.05345603481851831,0.1483672002121593,0.07655813748658043,0.07726652022072791,0.056636774617681435,0.031104478826092862,-0.01736050153507838,-0.037880129889914266,-0.023770779613928716,0.016606840802611673,0.031502521186325474,0.09301588152306145,0.1103846621994973,0.1012888276210035,0.09976787205583115,0.09818876752192505,0.08251727400018562,0.09678832758775344,0.11229557345191821,0.11256850682494843,0.12564572121527787,0.13178554863557324,0.12010959766900003,0.12443815235827045,0.14636853535917183,0.15193333347026014,0.15166634593517866,0.1520509062537068,0.14531546523364045,0.13219144892403004
stat_110,-0.4905517482690701,-0.18616040338737358,0.10606344120750359,0.08930238778395938,-0.33928868632402687,-0.16889514470250772,-0.3413741156663742,-0.3416556354304955,-0.34222097063305285,-0.3428145608801081,-0.3439389307064474,-0.3457206052662621,-0.3487301389001627,-0.348696842611016,-0.347343977464354,-0.3476463017976538,-0.34900357667105414,-0.3490636019840832,-0.35420318193672407,-0.3567359287249701,-0.3586825025816728,-0.36106296745446526,-0.3641539275156855,-0.36589081887339403,-0.3622309478080232,-0.36213934038600776,-0.3618295451650201,-0.3621685913234883,-0.3718060986691548,-0.373314601501426,-0.3578542293010619,-0.3559197244375247,-0.33255375699799705,-0.29830518851058385,-0.2722437461604248,-0.26301203247479604,-0.2608515804056605,-0.2696270658198688,-0.26667752979268583,-0.28285691238317806,-0.3187490822969077,-0.3450557417472591,-0.33355219549134096,-0.3368013633908559,-0.354691815658387,-0.3590196848947256,-0.3475709216159545,-0.3384777180455936,-0.38186567497204893,-0.4374217575739671,-0.45193884942152596,-0.4321761540982497,-0.4297443854158284,-0.42634752473773896,-0.45205949148884816,-0.4552838479375709,-0.4314920701394447,-0.3842938313423471,-0.3378748757469541,-0.3243449083803717,-0.29466548200861137,-0.29225488768031055,-0.28637769516955514,-0.26704854440264764,-0.26128468533228744,-0.226013639139364,-0.18827084121084658,-0.07757284882848582,-0.06847035610638301,0.057172091828389525,0.1890958453640539,0.29894807718770683,0.39142655671963655,0.40851930500055034,0.3754279056669876,0.367714091808692,0.3038793309572555,0.2310406981385469,0.18444286196289045,0.13136433208185924,0.12781006555430413,0.1083283725745555,0.0875515990520353,0.0788378676930556,0.1056397929344046,0.14077415948837224,0.14497814882803378,0.16325163686787314,0.1781600164454681,-0.021643254779858106,0.19594301955304783,0.19757851658723555,0.2163610783284312,0.23181419276412754,0.2490643753180359,0.23915763427364417,0.20341587056509616,0.16145672303503017,0.14868437498511772,0.11969260133693854,0.10457815177077366,0.10253460128982336,0.11538334591954885,0.11651320376216524,0.10334063495843887,0.08878746808347278,0.07885246462872782,0.07930802245562833,0.08454383796986045,0.08913113494049087,0.09086528949327043,0.0847494806031889,0.08430981268804481,0.06952691503481047,0.06653534999890856,0.04939039771107076,0.03159894503483713,-0.0020977799880402552
stat_113,0.07559050229080254,-0.06465311099972777,-0.1768517596828076,-0.23974670840860035,0.20328886797895762,0.035941845417339205,0.20569019972637229,0.2054250506356955,0.2056716693466046,0.20565058697623437,0.20495456398175488,0.2045862577776711,0.20473816334874384,0.20379992129658434,0.20491053056467834,0.2096462102019863,0.2147573088156177,0.21492678644722277,0.2151990659012962,0.2140799866983711,0.21296782237051606,0.21816168813284134,0.22382834738745888,0.23145631852938273,0.2610392403907157,0.2914074968924963,0.3201881429878703,0.3167804840216565,0.32492049739612716,0.35818583155034445,0.4445963504168671,0.44899492515009565,0.5021329537369996,0.5092374974480189,0.482761071962568,0.39850805529138855,0.3090922509624505,0.2689158042652742,0.23321486730372828,0.20614147220560572,0.177235481182409,0.17888201508640622,0.1537078453979054,0.11408921918506847,0.07551486124612558,0.06822195995802777,0.0342956619268436,-0.0033712128563679975,-0.04209075710779469,-0.02778354838320629,0.010553556275772312,-0.015030059577815247,-0.016414436087358986,-0.0140763033299244,0.012534247673832804,0.046360732109318924,0.051597692511410345,0.03835144183222921,0.012895884108191667,0.005149294103066034,0.013413837596917949,0.0012105275859178512,-0.003755546658809806,0.016492941744538657,0.02435914333222,0.07571785380533579,0.060363234760031796,0.08114758035216219,0.08430233164810592,0.11543709799154243,0.15358081732382362,0.17912473105834376,0.21833644674650204,0.2533464654245005,0.26770373487429117,0.2706567975470224,0.2651198205071617,0.2246859384556264,0.16771931336670143,0.1069941450629964,0.08048458205212657,0.022982072444139887,-0.02294941986265169,-0.06019950128665425,-0.0637592915141251,-0.07868865324122487,-0.08841348055567218,-0.09877727639807901,-0.09702743800937734,-0.16327843035808878,-0.0926522914118288,-0.09185710045731645,-0.0769056283980233,-0.07005208306021184,-0.06963523240938004,-0.07524497664969297,-0.09807359344243212,-0.1077588085423376,-0.10995109435077269,-0.11940725485414136,-0.11369909481596484,-0.1000505958177969,-0.08797238066607295,-0.08570149925201562,-0.08637897168779161,-0.11072582905039485,-0.12163419656574913,-0.12173650705534275,-0.11334186211796592,-0.10510459878330511,-0.08883170308723624,-0.10639266476582941,-0.12566530027411957,-0.13553451432638117,-0.13603513190353544,-0.1417678200914824,-0.14098936552624103,-0.15149322175630578
stat_115,0.5820938798410048,0.483020774858818,0.4426703134462677,0.3045159762186198,-0.017271516586302535,0.1980718677005684,-0.02030278144452694,-0.02080326074117101,-0.02108887938063963,-0.021819394353344207,-0.022054027203189077,-0.02303811638419403,-0.024879578262687687,-0.026715811291558703,-0.026652249353772625,-0.0278841226515039,-0.030508985729640503,-0.030774381742126135,-0.03361306727592597,-0.03414772631456306,-0.03403271758358081,-0.03689676826571784,-0.03990049416984277,-0.044774374921967224,-0.04808081272859133,-0.047229301921622086,-0.04966793599416764,-0.05733459891752458,-0.06418715735598285,-0.060645317512355676,-0.07720283997383329,-0.07780713867855232,-0.08342262945698627,-0.08536392532988449,-0.10714966871120538,-0.127032492677258,-0.14866996266672985,-0.17354228063720398,-0.18269710583146537,-0.22363743970804023,-0.28850265403928543,-0.3220739794911253,-0.3275593988093081,-0.29606638188529244,-0.22463733916999215,-0.07914290554718284,-0.00048659369001714006,0.010335547852382382,-0.04176219455873468,-0.09661501327950386,-0.11966786715114235,-0.11636691523481903,-0.11523795553223906,-0.11564347623457341,-0.1258528194954581,-0.08091396516045313,-0.048696182148010074,-0.018251357508830498,0.023376354208569743,0.05316107629946248,0.17399047012899543,0.2541689444628426,0.35871867898580323,0.44707539194650714,0.4520853197025968,0.494616723228471,0.5452546834915303,0.5641001627963639,0.5633876697803039,0.5768998924636081,0.6052465433464108,0.6226007000906166,0.5704830570370695,0.5591921579377991,0.5308768621188182,0.5241370226504293,0.5271851600823432,0.44488423091411733,0.4102971389896581,0.4278541065569412,0.44134167347154046,0.4529064562134814,0.4407765607668561,0.4490720927123959,0.39606436431738257,0.3711718215001194,0.3868904290994052,0.36011699331384844,0.3367489080886214,0.30102930677718914,0.3399981741634759,0.33994619542871163,0.34259665834439446,0.310941500794666,0.29088649810632133,0.30412061439172566,0.32335904883972394,0.33422310850915204,0.34143165674871034,0.35484016899247706,0.2935350500131473,0.23875764573034067,0.23122551719561826,0.2351360200812451,0.2675534815986886,0.29374491700014455,0.31034565332739217,0.3114459676090461,0.3110018226739708,0.3139561528544086,0.32061465138402595,0.34256525586825065,0.33710733539743615,0.33774812435441043,0.3374201004475033,0.3239633380325854,0.3095416897742523,0.29749378594596354
stat_118,-0.2733547399902274,-0.285734292031119,-0.34240380542528753,-0.19678696412576813,-0.07184850688835952,0.020262639253200567,-0.07490447008195308,-0.07525232860303444,-0.07420773858194805,-0.07501726822353814,-0.07257559237531953,-0.075907944231767,-0.07672038562788602,-0.06603164922669645,-0.05227102499299675,-0.06653771215672467,-0.05618048658152955,-0.05630531028434187,-0.05507299033711493,-0.05480362443807012,-0.04683820284796415,-0.04665147129235918,-0.017890539421559264,0.026036266503874875,0.0150744986341492,-0.01768979414555822,-0.04166485315725184,-0.0517081590986121,-0.11544612052140678,-0.10363999597607293,-0.0416221020382747,-0.03996432240125352,-0.04250256404864384,-0.04065500377340713,-0.09597929550927707,-0.08650660594380272,-0.0968927072247702,-0.14241611630150813,-0.14845176732362603,-0.1521928634906925,-0.18252659393791193,-0.1481889800012883,-0.08536424965120185,-0.012480555936139262,0.04643070317616992,0.08399949595707874,0.052024781744634596,0.027876608832762956,0.007318698905554965,0.02259039951907691,0.0046696473974842155,0.04448568968631447,0.04480443203946947,0.028464165105027785,0.013105217348806401,0.035149438010535425,0.023862390312634266,-0.03634358295579147,-0.0313038317857359,-0.020871540074944555,0.0028054090636362612,-0.03038324597636541,-0.01604507551731669,0.034285733055267796,0.04588488819899584,0.07627864152101618,0.0014928515759431082,-0.005759868221276913,-0.00605707754899524,-0.01179324291896136,0.001399852716407074,0.01092551525477172,0.03309830821016569,0.06537506698697097,0.09529616386311918,0.09050921273992889,0.0424668418767423,0.05695841265822668,0.03739830926462795,0.10810627302778796,0.11266577609006974,0.11007299912201847,0.16376042352525078,0.21469953875565778,0.218235845161428,0.15082425030939695,0.15265501459893774,0.15195102086409937,0.13551623850537095,-0.0034427437880512075,0.11799618498072617,0.11570803392795308,0.08024937428508097,0.0604455303896127,0.05457994618941675,0.07777406400420321,0.10028522252427667,0.09222150879783221,0.08414251720446778,0.08608206536148762,0.0743251378012208,0.04513234382394596,0.030536117767060025,0.02859056154890158,0.013809192346432844,0.011721627367720746,0.008423764956783469,0.008632259428384793,0.006061501462873603,0.005478007269872213,0.007982925672352209,0.015862945829118073,0.024718591782649405,0.03081129034350674,0.03145010058950064,0.03224717430888192,0.018520067713415186,0.003836193719927129
stat_119,-0.041093456974499405,0.1620181688985394,0.13837395499197883,0.27043820804841856,-0.06540433680033238,-0.279047293500044,-0.06545247404604092,-0.06544607647287543,-0.0652466585373927,-0.06493346959791792,-0.06471245610869146,-0.06453077459306039,-0.06605256611768454,-0.06822188216076217,-0.06657783033281738,-0.06935511127673459,-0.06632210197936701,-0.06612441419384665,-0.06699089409175872,-0.06683404826670859,-0.0651257128215978,-0.06715070618272921,-0.07042659822697787,-0.06822252264868142,-0.06848774966831005,-0.0678768771350896,-0.07081828741687249,-0.0660910251619029,-0.054453487939951487,-0.03840680027282448,-0.04549443133473962,-0.04529027974447498,-0.04180537603456133,-0.05001417001969447,-0.06902077145526657,-0.05060933693940168,-0.03746966808095845,-0.014918346621094267,0.018836180908472423,0.11569584053395511,0.1912069100059156,0.2535610560645458,0.3571551981303089,0.37491501394459525,0.41715568722577084,0.35168405055570057,0.20187458414791565,0.07381508169572969,0.03239799557221709,-0.021724283438885134,-0.10445970891222602,-0.08676863306279047,-0.08712511707596562,-0.12304798355411861,-0.19264133339544856,-0.2630237614155779,-0.3677804466351015,-0.4296793114368117,-0.47787829464088183,-0.4766133369434421,-0.5099812296602934,-0.5271255523604285,-0.4889519815310673,-0.4114229325252981,-0.3893595084693457,-0.22002340326256806,-0.19527594816126384,-0.20733242029202348,-0.2063805012399864,-0.22665671754455868,-0.2830455583120086,-0.3440361379820938,-0.3743418246192567,-0.35902890076484323,-0.33553969276675316,-0.3172642578363836,-0.29200103778789055,-0.267392108268459,-0.24948124966800933,-0.2766692751121426,-0.22663283667083395,-0.15048159692594887,-0.050863318796390826,-0.05613773724125335,-0.06992629831108309,-0.09400437922383988,-0.07384724775355395,-0.059965768456035705,-0.06301288222071544,-0.24945381441109493,-0.0647236054971698,-0.06574400788289615,-0.07027088909253962,-0.09293604414878444,-0.09963424747875335,-0.14445274462172433,-0.15223658897631162,-0.1936744409619316,-0.20944497718117988,-0.2213393094581045,-0.16954900045872437,-0.13519643742505788,-0.14448198732709724,-0.1499156749932253,-0.1981051110093221,-0.22501020163870986,-0.227381027603754,-0.226439203594667,-0.20587644238008823,-0.201115343428817,-0.22172050820853703,-0.23837497201834648,-0.2354203897078113,-0.23636032637793414,-0.23469245459679,-0.21703997008597511,-0.21809617644324492,-0.25255746402824597
stat_121,-0.5417888216854655,-0.4095934104845393,-0.49073206746617104,-0.12445354464779473,0.03131115547428436,0.015895586122894424,0.037294853715406875,0.03772415007382003,0.03900316213981509,0.045277549691350165,0.04703007259275914,0.04969590478952159,0.049811949741629544,0.05254977241778554,0.044665398089388804,0.059542902895617325,0.07005530891431468,0.07322435976831294,0.06928703417261307,0.09028616989453161,0.11646319646579088,0.12824446352987245,0.14933793366038384,0.14939860801839308,0.15506042990230764,0.17525322352261763,0.16823000766566476,0.15319177426970454,0.11812283715222169,0.10229987074013765,0.10991255687291525,0.10921448587062167,0.10810674647908529,0.09426640855016724,0.10034420875064913,0.04353199867501218,0.0330496987249583,-0.03363876684269035,-0.1288278184374151,-0.13021763424665778,-0.11067927325842361,-0.04372693257722329,-0.08338197589825386,-0.15765824790957095,-0.17198090311210568,-0.17057835911675467,-0.13620140362182853,-0.10286506186942222,-0.09673893189391801,-0.1304607080306962,-0.10312511126456889,-0.05576509353480045,-0.05289189124549095,-0.04304882361116889,-0.012323468601508111,0.004240206910467191,0.012796308061744225,0.02807796988719762,0.007534903587436586,-0.006550737054499966,-0.04128994573608767,-0.06511040233323621,-0.06867439085608334,-0.09775292725847684,-0.09982625912931756,-0.09847542813761936,-0.14709889788664657,-0.13725889753259152,-0.13502125623552347,-0.11705662222892936,-0.11873105421590838,-0.1487765473904036,-0.15416040401221287,-0.14959894643132618,-0.10147663225444027,-0.09247156762968202,-0.06973561421397519,-0.0977010275936923,-0.0765244304740359,-0.0009916695892542935,0.010479527825055235,-0.03589679801829855,-0.08593547701247281,-0.1504825414510236,-0.21005227150806632,-0.2298934370494679,-0.23387554245512573,-0.24288633437500565,-0.2476527650545576,-0.18296946901135588,-0.20797877950132068,-0.20478170300797663,-0.1830652447431668,-0.17122722461148715,-0.1758674159227534,-0.21790076918342938,-0.23303638825633827,-0.21786084165580136,-0.2217359460461061,-0.24975666607929203,-0.2886423095606641,-0.3302830653623048,-0.33155643514240074,-0.33327874126286133,-0.3213240529196816,-0.28979209189359134,-0.258397318270209,-0.25794825590654374,-0.233539491840335,-0.18800252722189933,-0.15688181241786078,-0.17290775707563882,-0.19070163031076834,-0.18463391250331937,-0.1806742856135799,-0.1657440389000688,-0.16603431318861392,-0.17032205714517704
stat_124,-0.19005647637161766,-0.09706340491777173,0.07006879399201105,0.011591727430497578,-0.1895304643282881,-0.22511784509925417,-0.18870872555295523,-0.18867628973704603,-0.18842772020615145,-0.18793385899731382,-0.18761151415430008,-0.18753391600359237,-0.18883007463604465,-0.19041287909776064,-0.18788950761587225,-0.18923946294623517,-0.19354994032421854,-0.1936298579494082,-0.18928530191046947,-0.1835575878117665,-0.1882455763205296,-0.20559643589425008,-0.19905662879769973,-0.18551438000892548,-0.18218036453622935,-0.18058298656751962,-0.1675524884747113,-0.15604004731345156,-0.1348720348931797,-0.09745329758886447,-0.10231039350723364,-0.10115948044555365,-0.12008642697173308,-0.11664227205809306,-0.06876618785877471,-0.060400782894248044,-0.009679628950637046,0.031148020401858212,0.05855032864112247,0.0500172398674709,-0.04126067064179481,-0.07560534262973087,-0.020136201494022038,-0.04304000759371444,-0.04470305358824101,0.022227547656333464,-0.05321393270954742,-0.12006264518354998,-0.09028132579431258,-0.12301711592810811,-0.11256534662462687,-0.1136368141011105,-0.11616287383515747,-0.2210147282832553,-0.2651377087591299,-0.2874040318626621,-0.2938523946399814,-0.24128794232871945,-0.24176614043176706,-0.24390024614793926,-0.2901376247749988,-0.28524715150769286,-0.2229617179707721,-0.1388010848969031,-0.13092955181831903,-0.0885382639531896,-0.08692619738964703,-0.12945463096292592,-0.13168204808723932,-0.20932396901028782,-0.32957772791581397,-0.41441154773682526,-0.4212284665254431,-0.3198570678698317,-0.28303677096035007,-0.27795813848523393,-0.20633763483656797,-0.06645452459093776,0.19370205927730424,0.3093012030486504,0.249679990738169,0.3339929279915652,0.32831477948830495,0.2876512835089712,0.2422372721616947,0.16767887515910276,0.1825311368272853,0.1857621447672351,0.19389718886388554,-0.02214622742099921,0.2271925807442483,0.22810561986557618,0.23718981606417405,0.24877417004686486,0.2686343748664016,0.23850767389268274,0.17786414635399483,0.15662180716722446,0.1502448244047618,0.11646116961736545,0.0941383635696805,0.0699809464804113,0.05294860368206747,0.049223334553911285,0.0575375010382477,0.02714867514528971,0.027872665495177088,0.027576177807972974,0.0047089284045584824,-0.014812801622582777,-0.005291980019589817,0.007567357866275045,0.009367230275592636,-0.009935808685012154,-0.012533162623950057,-0.017092846239931892,-0.010201904169176301,-0.013985798379272225
stat_127,-0.5248032020370299,-0.2044463252408467,0.10523597719920669,0.06652783230598734,-0.34901571633750006,-0.05506061984108459,-0.34995705084808226,-0.3491211323452242,-0.34694864618739907,-0.3402876083227678,-0.3305174567684311,-0.3359615098991759,-0.34420968176826217,-0.34952098076163063,-0.35336344046391066,-0.35722462593204224,-0.3581439564428047,-0.3579349917530268,-0.36191834139747786,-0.37228852956774766,-0.3783428233446253,-0.3951469062193896,-0.40864365974242167,-0.4198772758761387,-0.430195444673476,-0.45060943689951294,-0.4725412904804479,-0.49672503816694014,-0.5210914233603474,-0.5417984040628706,-0.5713024394803838,-0.5739426688468212,-0.6124965803347637,-0.6611778344599916,-0.7013039298695741,-0.7367928151995963,-0.7471447750971004,-0.7450596108978835,-0.7397826772554846,-0.7308046785152763,-0.7010583987133568,-0.668947200080463,-0.6227537485493716,-0.555050096979103,-0.4862606201463447,-0.4320400920063781,-0.3979309626600927,-0.38719365513078524,-0.37936492939698885,-0.3474089843069844,-0.3443846121177952,-0.32259478019370147,-0.32007179673870717,-0.25968368015605714,-0.1896770382232357,-0.11451766273151652,-0.0355908311497737,0.033260614530686114,0.0964468915595693,0.10950247873138581,0.15989034522052314,0.21320715508195148,0.2614633913594511,0.30084972088850237,0.30474180750851027,0.30400752658599556,0.2538037030236256,0.20722461039761447,0.20460697280055926,0.17067543255707157,0.12730958675137025,0.10425725684102664,0.09643386040813517,0.08729620894834504,0.09151804191110406,0.09138684582162375,0.0884504267878299,0.0751325910030973,0.05802015009167859,0.060116995577883824,0.07274926060734954,0.09158511705275421,0.10449360413234408,0.0958719645348947,0.08764302377022826,0.09343978348890435,0.10789776984069444,0.10304323409497154,0.0955326224184645,-0.06741956648342899,0.07845093002743583,0.07653180103001855,0.05237523994379255,0.04685405895330808,0.06172870053008834,0.06059450735677326,0.047150043218663486,0.043578984909696764,0.04341686752683545,0.036902356683837095,0.03064591930050374,0.034292553321308754,0.03613018453794031,0.035720986947768686,0.040010982473489096,0.044587706347246465,0.049515902614330407,0.04978785776814725,0.055812535036879156,0.058171213217490546,0.05256736509725102,0.04445131045448802,0.03148543819392409,0.019668730368519134,0.01735991955282311,-0.0002675781429024501,-0.020460238907266646,-0.04432842105467711
stat_130,-2.037562326050873,-1.13574437862538,0.004980504801418026,-0.16876733512832245,-0.862057632953271,-0.7511362874792824,-0.8620790553003795,-0.8630145204543843,-0.8650015471832079,-0.8650692950905915,-0.8661904971673695,-0.8673884971601402,-0.8703241537574189,-0.873094156348498,-0.8694160775098765,-0.8711736555657517,-0.8672496573343793,-0.866965524130005,-0.8660373086702761,-0.873926093640754,-0.8751347047595703,-0.8779979142093778,-0.885131193614036,-0.8768371111053271,-0.8635447074138285,-0.837938227149787,-0.8147835199593289,-0.8344121227700798,-0.8616636492765857,-0.871733801342097,-0.8954076713441992,-0.8979567958718435,-0.9058308537672236,-0.9185202399102591,-0.9092927516468575,-0.9193461282112723,-0.9161206566701426,-0.9232009100010511,-0.9254882778385879,-0.9101132351926281,-0.8902368674753722,-0.8591756835758151,-0.8573612137760035,-0.885071789238609,-0.9276486355394584,-0.9643906388542786,-0.9968675449326986,-1.0224828739501877,-1.0240056510592819,-0.9663959803264862,-0.9182786399377585,-0.8931404870083206,-0.8937929799771274,-0.9156345139638697,-0.9015795489002557,-0.9607411665703631,-0.9258336382103043,-0.8663213609564888,-0.8246040326495723,-0.810553312194369,-0.7722427327070042,-0.7263519321437696,-0.6427122185188892,-0.6228510885269453,-0.6254719740387704,-0.619227884008133,-0.6527510631012867,-0.7121452311029022,-0.7159269819872923,-0.7023993729970047,-0.7410852420938876,-0.7949564210720493,-0.8245160325633052,-0.7911191950553843,-0.776628583959235,-0.7763994810021614,-0.7834529442512266,-0.7745504502579063,-0.7606320771383733,-0.7675270751040788,-0.7268618138866919,-0.7004366909993468,-0.6947249262440923,-0.6816983378467568,-0.6493959972178789,-0.6023299601979814,-0.5711612134222659,-0.5050125463575712,-0.4548823211069121,-0.5526297022607245,-0.45274989302062846,-0.4545320621467452,-0.48000111470439594,-0.45720550413629,-0.43341659308213415,-0.42820039068245025,-0.44280857972981674,-0.4368658056134045,-0.4302093044414121,-0.39141150528006624,-0.38385319019256703,-0.34052703294300757,-0.32780029055022736,-0.3257155338131941,-0.33846579109619995,-0.34816559478779885,-0.34905190836751965,-0.3472631937530035,-0.3343772841786615,-0.33352067634265126,-0.34556164934439343,-0.3664438849139468,-0.37598463485848416,-0.3992480506713234,-0.404373477090784,-0.4499622394709107,-0.47776102500458445,-0.5127520405126906
stat_131,-1.479424539020945,-0.6926983628035006,0.1571429459221334,0.1573540706556298,-0.8120474415803044,-0.4269866951201218,-0.8144550898219327,-0.8120473281707803,-0.8110393337648947,-0.8078338334679419,-0.8066811358299589,-0.806832752551318,-0.8120820271462915,-0.8144969670306528,-0.812384631998146,-0.8173830250172994,-0.8257707571585442,-0.8262544067058912,-0.8369172506586767,-0.8465951589824873,-0.8567607264915343,-0.8670602897578991,-0.8760325412720377,-0.8887324619994063,-0.9013302911721333,-0.9185642786818767,-0.9430113021510079,-0.9700701241307573,-1.0070833127808205,-1.04188661608581,-1.0814476920008627,-1.0832491228947532,-1.0982735147579366,-1.1200177201817374,-1.1389793594303785,-1.1335846896205704,-1.121051045709039,-1.092619294681955,-1.0687522273158125,-1.0554451480833547,-1.0473829215003019,-1.0370880057636866,-1.0206590028739189,-0.9980007902325739,-1.0062236441261456,-0.992620353146269,-0.9636897044049089,-0.944202666464003,-0.9176686612033772,-0.8929735017134548,-0.8502791240513076,-0.8224026048600441,-0.8189245985247626,-0.7426697472696343,-0.7278028127606733,-0.7147479706676477,-0.6679695368065106,-0.5892549795051014,-0.549459855655349,-0.5397396325428444,-0.5030142124565533,-0.46597486975861335,-0.4113830967675767,-0.36649176023750446,-0.3567459885484895,-0.2986299161795237,-0.23143239336440719,-0.16557206921928197,-0.16016776326616317,-0.08273874147165974,-0.05448824485025876,-0.04258688269565762,-0.036387242343229396,-0.035986081486548575,-0.029763514453398848,-0.02985829338316442,-0.019891688625269046,-0.04318228359777155,-0.09524926079908953,-0.1831034530039502,-0.2673439267600349,-0.40565106867573214,-0.5088761995054584,-0.5578872811597541,-0.5500251432320907,-0.54289952545863,-0.5046108856340749,-0.4554752007633634,-0.4228985455942039,-0.38703415407210395,-0.39259896630692825,-0.3900241403370556,-0.3702905555638101,-0.3374159489851373,-0.2991462086306857,-0.2716332441716866,-0.27375888310136065,-0.2670477985222577,-0.26634042795556645,-0.2735243840868455,-0.2769924113693606,-0.2635719220771165,-0.25323898618129154,-0.252897401508485,-0.247982813613187,-0.23803764417504694,-0.22692190992953618,-0.22651698691013236,-0.22880951245343675,-0.23481093400033998,-0.24509710408496677,-0.2712532581123013,-0.2872362205813865,-0.3033753360734403,-0.307377199984392,-0.32935151879528085,-0.3350693137273728,-0.3533818940414422
stat_132,0.21106165978945296,0.3110349928765723,0.21249965737983392,0.25815452748277284,0.005282405409017395,-0.0894192689622743,0.0029733158570591687,0.0025958871729504676,0.0026231935179527907,0.001419077102152731,9.106713724955741e-05,-0.000579370782951603,-0.0024042161049517554,-0.006099916289953649,-0.008483130661342996,-0.011486870720323344,-0.013255228334924356,-0.01348367884238878,-0.01623873955415481,-0.019175986052036343,-0.026695707350306616,-0.03535633536475955,-0.034755448653649525,-0.03751012799476745,-0.03050561240877121,-0.041418276721045415,-0.037300225230408594,-0.047964079489132845,-0.05238543598363179,-0.0492449842521485,-0.03184553603690154,-0.030350591390561503,-0.007933886372698422,0.004159261737633435,0.03556624789996699,0.0900145905745271,0.19623118801785064,0.22819462530818482,0.1750829868594906,0.1537258247013394,0.12230643581428945,0.14369258406086194,0.19648403931076816,0.18486494604519985,0.17126972370424495,0.18303775788160553,0.1699584471996388,0.19655085951253093,0.15465666520646504,0.043153264102595346,-0.08460402323356367,-0.13311994950713912,-0.13457346064307843,-0.1332601202252079,-0.14633455843436283,-0.07657100946636058,-0.08147257031851123,-0.07080945816888691,-0.043829603537498006,-0.03197999071021812,0.015140622771702587,0.03459734734105398,0.04209772760123693,0.04260077411935624,0.03218776573035676,0.02750838518836994,0.03750516915164274,0.0769717646689142,0.07556725263523455,0.0970466155685123,0.1002606145628205,0.03245619346886112,0.056374124494849305,0.025846278805290022,0.021314209339713223,0.01650235630728996,-0.024505530370543732,-0.0833704414098827,-0.13477443430146205,-0.11905762440292694,-0.07643637303739757,-0.08109951514108299,-0.10849230642367087,-0.03941911566945419,-0.04076708153169088,-0.11102454657912143,-0.08924146931900732,-0.10327973765140663,-0.10221005486152747,-0.03957280097295327,-0.1000741813769578,-0.10224174994062492,-0.12111046141632362,-0.11086639256901876,-0.07092750773746023,-0.05697400280397178,-0.07942211409708452,-0.06970136261151808,-0.06233796647781154,-0.031215949715496016,-0.014785609475676567,-0.027279371439263553,-0.033744087363702734,-0.03301720685114016,-0.04436957996610203,-0.05534063852860717,-0.055652191025347825,-0.055212884119497624,-0.04461053558901981,-0.046274320853802633,-0.03872038101497716,-0.0440048821322707,-0.07449000161672309,-0.09288763606328335,-0.09011938239401127,-0.025423402740369753,-0.020033603467005664,-0.03278774746271337
stat_133,-0.37950298073263294,-0.3170286883107509,-0.05686232720207976,-0.18042660110336167,-0.10967988618265542,-0.04653103620801994,-0.11215840547827549,-0.1126530193723263,-0.11301024898108099,-0.11192982681258666,-0.11225311929348707,-0.11364041575425206,-0.11249822821272851,-0.1077686254752529,-0.10965312223888554,-0.11821349303642795,-0.125531477489094,-0.12611524203174584,-0.12845743202595683,-0.1349498060516745,-0.14455057133460847,-0.1390939239185896,-0.13689204657610804,-0.1386145904452984,-0.13778790362095736,-0.14161373373848038,-0.1496461560321899,-0.17526137261864663,-0.1925082858128328,-0.20632568068028778,-0.24087628804981467,-0.24221323281576576,-0.25390689439917935,-0.27784231330347514,-0.3079399271638853,-0.34818827399544106,-0.3637293733748572,-0.39119239907608444,-0.37045349282965995,-0.4015849078986894,-0.37167320511131896,-0.32552842792171677,-0.2847305513408644,-0.25451869386902354,-0.25930700996153794,-0.2589295079143334,-0.3115735967093462,-0.2872409584306009,-0.22146834040353267,-0.13240544412037827,-0.061588487551624604,0.002165898290830437,0.0050229015934109555,0.05686280578316385,0.08303399761164941,0.07661793195131171,0.11670621566800814,0.18679270448621668,0.2404164061022791,0.2533532590166386,0.29271440155428885,0.2582905932681572,0.18504813553275906,0.11734727356845116,0.11012915887614945,0.059685610288840805,-0.027299310532641473,-0.05093968247753434,-0.04866203345854313,-0.05368823461544537,-0.06449382856466039,-0.08119110799861132,-0.11181161233154269,-0.11381432827828372,-0.10751243541609654,-0.10037254019291199,-0.08288573611695117,-0.06273371031326497,-0.05743783844481828,-0.10320945268823278,-0.16186855913692802,-0.18365208654798718,-0.19801878892437208,-0.22525741731438603,-0.22998639720538716,-0.25159563011513064,-0.23914166751104848,-0.2464462818156255,-0.2601836757653999,0.004234452298251457,-0.22798806522228907,-0.2255988040288491,-0.1999434021193793,-0.19568863145460189,-0.18320859568753697,-0.1679045417676267,-0.1357058652038312,-0.12456980954279216,-0.12084129327017434,-0.10145967781789027,-0.07977617341163248,-0.057535271218884174,-0.06892303447332386,-0.07143655466483327,-0.06721229222776762,-0.034216907485073875,-0.019831389379706268,-0.0186532138405177,-0.005473076219661507,-0.01796072453293543,-0.022486732329032987,-0.024191186322527355,-0.012764656077592246,0.011648228678782804,0.017790470221781714,0.03845919025360358,0.006553359356686255,-0.002525613051520589
stat_136,0.26150296843068255,0.06847870662475869,-0.07095668575159693,-0.040765170315779066,0.23402621245598806,-0.11447551213432186,0.25119462902481626,0.25243618056756406,0.2520955801015393,0.2513922844749323,0.25755800282025776,0.2678596104152358,0.2687178209604892,0.2759973816828774,0.28668730158464506,0.3143840594613627,0.346199677189392,0.3490748537762336,0.38245115516539707,0.3851544445826782,0.3577088115454062,0.3930800300042348,0.412147221332433,0.4422299796482779,0.3989739007102438,0.4133950757241563,0.4207947345420136,0.4796520421352045,0.4657541326950905,0.5789980093991696,0.6780151685736876,0.6857119065171501,0.758877463766024,0.7904785290204608,0.8807480014362339,0.8361369376375212,0.757371731062624,0.7015898529121027,0.6523116268870489,0.560913304015166,0.4840121431398409,0.44286959368403306,0.40831280102036543,0.37780479373698894,0.32084197999896547,0.2539732451816918,0.17856366036184879,0.0916680436868086,0.019186802705358278,-0.003148299924649949,-0.03275799841615066,-0.02481877770221979,-0.01938383302057842,0.009978826184177803,0.0183149632764048,0.02589282522888201,-0.0059193805180364194,-0.07772625471448284,-0.10118928242042159,-0.1224103697141408,-0.17065774572039685,-0.1323415275263933,-0.16191830650090006,-0.2663938771136324,-0.2719645723752508,-0.2926246924684543,-0.30601277109381214,-0.288791881162127,-0.2921940408873148,-0.3518336809390044,-0.35422829657932403,-0.3164615474780275,-0.31104550350486426,-0.22377061716751578,-0.2281546946607542,-0.2172220086876848,-0.1346720251878889,-0.08073690313056218,-0.02224430742441181,0.05095077165767035,0.06782827175903312,0.15975781446309334,0.24369949443671568,0.33103388392546407,0.3874520154839291,0.49318044514970927,0.5933175439362359,0.6810070298093135,0.7056232429567848,0.16714125472524072,0.6511666353409556,0.6455455231524725,0.5376695048209007,0.4051025143565592,0.3448052974610706,0.30406789215669316,0.2640263684484454,0.22692562488355186,0.20948830293599008,0.15772171464295892,0.1355168763150889,0.13288120291279923,0.12190793929298252,0.11844082680088555,0.11297159698008097,0.11226960143102863,0.14150751252868457,0.14387504628433315,0.1650828528504185,0.1518300724001894,0.125067133519697,0.11873493890996026,0.15006372977063429,0.17377779409371852,0.1802641735649234,0.1741493169216275,0.1501264945318105,0.1447542007654986
stat_137,-0.46164829503282306,-0.4294247542389805,-0.288398504183187,-0.38109950369592904,-0.09174724302341936,-0.039003340421417405,-0.0929384690553331,-0.09248025944906749,-0.0927172991033927,-0.0922014251935709,-0.0916075579623443,-0.0913082314308461,-0.08835361958926119,-0.09017109150860067,-0.09342841022933909,-0.09241765491414307,-0.0898224313540817,-0.08987132026512713,-0.086324477185444,-0.08716089187673197,-0.08665019016797068,-0.08979549774061112,-0.08975011339378047,-0.07896579994153252,-0.060519499614125796,-0.05415346804626694,-0.03610258061805019,-0.008701421692541672,-0.008972144274215374,-5.8046778365931936e-05,-0.008395534984067006,-0.009558368719533191,-0.0121191831335335,0.001071706065677262,0.013990535692779487,0.05262989735313284,0.06606414269237156,0.09589764884258117,0.09857340126346895,0.07442864047611569,0.0518336643013743,0.06247868306408064,0.07925085095400343,0.08224689301690101,0.048316100848610315,0.01724883230952966,-0.01741981212993444,-0.02107285194110494,-0.016453371693400318,-0.04541259496361779,-0.058112143445950254,-0.08128097087552454,-0.0793615814318178,-0.06624839048807596,-0.08638169396407065,-0.09930969052984935,-0.1561986385000743,-0.2279219842422967,-0.24000521819670187,-0.24266188542786032,-0.22704629877920599,-0.2200313389374379,-0.1778864045199706,-0.16998658794236715,-0.16986839151409694,-0.10531094977532021,-0.03372448599433847,0.07799648899208665,0.08438857136271381,0.15578937036989127,0.12450900433237821,0.06566210393317568,0.013226215074955765,-0.01917581956416285,-0.052954511895698886,-0.05851905646176661,-0.10225837457814853,-0.15157973062659164,-0.19781894492405627,-0.23340613194861823,-0.22831246248641082,-0.19641698364410404,-0.14102325483596972,-0.08184765893580338,-0.08462940567222896,-0.11921570652847158,-0.11763179659148222,-0.1120288003513488,-0.1069151638447944,-0.006369430619592474,-0.09191799535922555,-0.09203812720074075,-0.0833568049946775,-0.08185252554192517,-0.07958322768185962,-0.0572984810045935,-0.03500394908610816,-0.01570972705619078,-0.011850061941043629,-0.008037745892964084,-0.008742582268252485,-0.018951585907100818,-0.01841946134989375,-0.019812379801996873,-0.03120983012423994,-0.03303090015020269,-0.02738502729218965,-0.027211253604475058,-0.030323766454834783,-0.04253061658481471,-0.04847658997330851,-0.03050786290999514,-0.009368750939007044,0.00233909228017716,0.0033304784308612204,0.010338033614689473,0.006788590200856157,-0.004265202513921167
stat_138,0.469056985837023,0.3136336957634775,0.17436848198666102,0.1452838291608316,0.1591763731573532,0.09697554150889909,0.15694221676206804,0.15632724900109168,0.1560511863271136,0.155240625626825,0.15449958807263311,0.15380573226590705,0.1519199255673487,0.15046335998711555,0.150474188455132,0.150241358823372,0.15043545122800397,0.15037559179561716,0.1490037825805057,0.14487874881253948,0.14231492534554419,0.13906310796357532,0.13414681386683217,0.13206154661771619,0.12669746162134016,0.12842211433415607,0.12193978321063857,0.11710529905567742,0.10526765551338262,0.10354922570330871,0.10363909384701438,0.10372640184809355,0.10146972783248004,0.1030281412295989,0.11948959068681195,0.1858833351616217,0.24012971057110882,0.2520149219339314,0.27840736183538844,0.3047017472726675,0.2663818521367334,0.19990830445592553,0.17184990323285057,0.1566926256643606,0.1498803642564903,0.2233891443941089,0.2830530157248499,0.33674890744093844,0.39002820451520204,0.3956176050266469,0.39736686883701344,0.4048845925836755,0.4073804193685698,0.37580209053061525,0.31588718661379417,0.27488955232247814,0.22172470696524074,0.19615277620791435,0.17788612178775856,0.17347557302760622,0.15793628969566983,0.12778226914385366,0.138717895344547,0.16652217861683302,0.1704139660650161,0.21595418793988638,0.22189851068748298,0.20138879357538905,0.20095472893628585,0.1805471322310713,0.15688134918542762,0.12688613839312557,0.11154602168982541,0.1160485717713141,0.08675105317082292,0.07831679660373254,0.030021232886474077,0.02204647958235649,0.0234122410222271,0.03422237953085892,0.07101037323001008,0.06728212046521626,0.04208823204956666,0.02773147151041029,0.10238198710255382,0.14175517091840117,0.10189194803071555,0.09369868305842005,0.12062602707105213,0.06114516663953953,0.1593373603348178,0.15996907263283563,0.1490156318783935,0.12196687704686322,0.07391186751006101,0.046631955390753016,0.048045276316131015,0.04941516506474109,0.05902281208345054,0.1047190062267382,0.13709328470905546,0.17775410364209301,0.21396940874492487,0.21591650185346078,0.2302264944115296,0.23681241899609262,0.17265731240324816,0.1679566149766823,0.0777832786864757,-0.015400628146454041,-0.07257942596595655,-0.09744993924441368,-0.08546258395636673,-0.05462807480600773,-0.05144704204894059,-0.049719646070953395,-0.05977925367101845,-0.02303246361229884
stat_14,-0.7409325212155643,-0.27412887942687325,-0.02699562582384567,0.05657470097987173,-0.346694421913748,-0.09435193674136433,-0.3439436387693561,-0.33909326526923683,-0.33309513201318147,-0.3300793488893709,-0.34288408418086747,-0.3527780228571091,-0.3618763877032023,-0.35979610642358406,-0.3543157614695356,-0.3442529043747494,-0.344322666074788,-0.34396563512097394,-0.34922920691491305,-0.371474479947257,-0.3872850584356851,-0.3972938758686304,-0.41395510342456865,-0.4243650948735535,-0.4325938989858611,-0.44631319035532174,-0.466387601536942,-0.4784100301793963,-0.5160385823292593,-0.5439473847752797,-0.5559373083102978,-0.5585134869634314,-0.6042483064664732,-0.6456084865927462,-0.685406086421273,-0.7229835019964665,-0.7312914081023905,-0.7489970790806726,-0.7117573294211824,-0.6776338674457433,-0.6530613428629485,-0.6559789809338179,-0.6223453334286494,-0.5267715720646476,-0.45671690617558797,-0.4157887621914725,-0.3906284646620247,-0.28061922872978334,-0.2551463435906612,-0.3179020650566705,-0.34018446175409617,-0.3710378284503334,-0.37361360485448053,-0.37813226205057127,-0.3447515765147899,-0.27034515469731407,-0.185712644729003,-0.2022794459768082,-0.1922061216835374,-0.1975309582214308,-0.14289380044115235,-0.09342260877666024,-0.029767767075850878,0.058763450506641404,0.07210107028166174,0.1737432361429028,0.17311522045495212,0.09709688368798894,0.09618042640194423,0.050758386434677824,0.0351708611518266,0.05565928171704887,0.05913860880597295,0.10213292822291384,0.09071279431093228,0.08201617361007844,-0.0064727632488773695,-0.00621837407198579,0.041165856026442404,0.12757609612840703,0.1285770985423918,0.11995446210096745,0.14184482793822914,0.2033802422340833,0.16681729038931234,0.1600277329078706,0.2164650421365968,0.2987512046224405,0.29649717945996185,-0.04960409863875657,0.27139689032576253,0.2737773661592066,0.2887548153394947,0.27884258650954674,0.258142710990858,0.2168275329998694,0.20440087661136405,0.19361823406708567,0.18709875536748025,0.17584843370068545,0.12886989111037303,0.08618355827840282,0.08036871673884997,0.07852292050259864,0.07511256221409925,0.0546694422734137,0.04347374335266309,0.042283906048968666,0.02649630806923286,0.00904286530374943,-0.0005730835389619882,-0.015872397501429412,-0.013889443784878587,-0.01072520697644641,-0.01140400586479605,-0.021566319436683787,-0.027407961386215672,-0.03478741098946196
stat_140,0.40541135696040725,0.0941409942042053,-0.18971806487068116,-0.1828314316578263,0.27910431117986034,0.23485380874852513,0.2751228795297675,0.27500696189615254,0.2769268631336235,0.2798060063139629,0.28213309642972456,0.28505525163273365,0.28761066770757043,0.2909394486627237,0.2893647021903763,0.29470465870177953,0.3044128516240059,0.3052897655973417,0.31888454365469043,0.3344834025915049,0.35229531230841205,0.33026232480909007,0.33657241267530147,0.34455288745325324,0.3633382879630373,0.4241655872333938,0.42516826365955385,0.3754068682577081,0.3476302906325248,0.3040422757531161,0.2449889512049227,0.24217580565899718,0.21922231840475687,0.2267681262697984,0.21812290429462144,0.20833412178860802,0.1667485813369889,0.17009426634069327,0.20548412306737335,0.2151146343498026,0.2845008248315765,0.3218352466650596,0.29026738880993685,0.3245543262845962,0.36995799565004744,0.37784635537834543,0.36647602595358997,0.3364428298529024,0.3781768844184329,0.36643395463373624,0.3474819945408871,0.32838093686414715,0.3275180694668973,0.32619904155732315,0.3302090190619289,0.35102973644904367,0.36007428764970345,0.36867573009559546,0.36372242355570233,0.35422156782256276,0.31971158980111664,0.30639250446786237,0.26942604029703554,0.23186294562615628,0.2272415256467229,0.21033800292421415,0.21728863082807495,0.20654567951941938,0.20519722482397218,0.1704035294421429,0.16515042048249776,0.17123118745816493,0.18866987021490103,0.2269948394479306,0.22450017296863534,0.22005352537803433,0.17860542862366277,0.1319167184195762,0.13411397986847978,0.11469255816380233,0.0261378034412445,-0.06546339583836895,-0.13408535865591023,-0.1540225336989107,-0.19211395238856147,-0.22816032860855665,-0.25196775169863095,-0.27193069184578983,-0.28829055666928516,-0.1654553390740258,-0.30867237930791697,-0.3099152181230473,-0.3131564147679575,-0.2892255817108748,-0.2807200116626782,-0.2695929236661452,-0.2446720549729895,-0.22914639343081175,-0.22706523470983683,-0.2264261279617364,-0.22879941531089457,-0.23652689699282778,-0.24132637862984518,-0.24300072221593286,-0.24189556194970727,-0.23612712873427624,-0.2076028496423767,-0.20522273720655393,-0.1854845893556085,-0.1707132815704707,-0.15851180584796434,-0.1531550193051042,-0.1540502015083149,-0.16481562721466467,-0.16541035162573497,-0.17027471150094337,-0.16857789999155387,-0.16236421740188015
stat_143,0.8182531842736801,0.3278879406957613,0.31988691886740866,-0.005935218305571445,0.4266213084723591,0.1588222059099826,0.42429577549773884,0.4239873586527035,0.42341878419945694,0.4228297159563828,0.4229297619867666,0.4230859676267772,0.4223242209667362,0.42015694572439455,0.4174599145461636,0.4153310151244861,0.4125551469373124,0.41228959852946934,0.40915533235450485,0.4084951626117277,0.40717072531445686,0.4051748813081127,0.40294742285913043,0.3964522405549635,0.39091112611760975,0.38715402417905137,0.38345876454254596,0.3586489421186864,0.3558439150172299,0.35717465252946595,0.3483152820793604,0.3481767935382063,0.3599711166134053,0.385201954151464,0.4202050596925891,0.4770785797945519,0.4999833948833229,0.4980611042298299,0.4949631090030486,0.527478836730166,0.5226992849969437,0.5175125093551363,0.48847483305474215,0.47123450807726464,0.47203604556104933,0.5338184237848731,0.5781581454281755,0.6109483953007488,0.612151360340276,0.5664581083004125,0.5962323233985115,0.6392732045257591,0.6418707151255496,0.6247719317353628,0.543539484898226,0.42282009453825964,0.35108511349309085,0.21287716989273103,0.19408498664173676,0.1931430143448966,0.12906870398848383,0.01985877911109082,-0.028273148678258017,-0.06690593134057135,-0.0740923476628016,-0.11223387161876369,-0.1511326524713056,-0.2126494009076603,-0.20975209458970606,-0.13794749348565646,-0.04082175288060514,-0.06595760472058862,-0.04560107427519076,-0.032868353471650194,-0.07783430969103633,-0.0859935093390712,-0.1440157883686622,-0.17244120579990946,-0.1903183736817216,-0.16684740596542338,-0.21072444589975925,-0.2643551541355708,-0.22645161654688825,-0.21413986595107426,-0.23824793116360815,-0.22891693812398928,-0.22046785099461774,-0.25027456250370567,-0.27057386612391665,-0.003505592036800175,-0.28448545018310273,-0.2846067729982103,-0.28067591994487495,-0.26952441339701166,-0.26342684448638426,-0.2370651758098032,-0.22415919635462095,-0.22780864415062108,-0.23083804784640186,-0.2414137452563459,-0.22449937462422775,-0.21220006895220375,-0.19387815620424714,-0.1869904541025319,-0.16595710177256529,-0.13672004571133203,-0.11198505554488263,-0.11023642423490689,-0.09933970650950312,-0.057385681591748415,-0.06595277256795774,-0.02770296456200527,0.011495310804755202,-0.01221988239806583,-0.012035355494557363,-0.014446646679805334,-0.012721934976077116,0.029662500255560005
stat_144,-0.045273598123081196,-0.08797158797003737,-0.016231787191033856,-0.12182438742849845,-0.1267737049551745,-0.10414314734840475,-0.12948161182039247,-0.12974357115360421,-0.1300295898569272,-0.13040836451982818,-0.13130741559757708,-0.13157215623480645,-0.13146594032186662,-0.1333797643592979,-0.13660897444145959,-0.13976594319888996,-0.14319542339588273,-0.14341269197583767,-0.1459403962279829,-0.14853185193801505,-0.15219647404749698,-0.15549730379644977,-0.1576627347619329,-0.16033200992237964,-0.1628068395772565,-0.16634737833024418,-0.168730624260335,-0.1756856539332009,-0.17973706991144867,-0.1756245719727879,-0.18519625500282522,-0.18699524327005795,-0.19825455690105442,-0.208250793507229,-0.21303558733800568,-0.19996121784039408,-0.23102797455035326,-0.23481597984468514,-0.21946904062055003,-0.21339889046812704,-0.20761673285843954,-0.22182681673615628,-0.33870127728461874,-0.40614835524501874,-0.40985873421980334,-0.40803346076726005,-0.3318318865628414,-0.2495701771992403,-0.1544816503108163,-0.042988403042598836,0.022656832656440876,-0.00026922008069102507,-0.0017351360696547609,0.0036009307276427946,0.06487063794919139,0.13360311444242687,0.200657363716981,0.22766721121683695,0.21584498750504497,0.2104130755178359,0.20580355449027876,0.20728378088473204,0.12841063927509783,0.04377895748443885,0.03642943506226537,0.024915102360904284,0.012655296400448464,-0.010605279909270961,-0.014260699179801517,-0.03234841545319105,-0.026708432399378108,0.04953054918610219,0.07422943270519909,0.04927456703061419,-0.014219726570696685,-0.025630625255430674,-0.06531977863952955,-0.1181872475934315,-0.10335734216243325,-0.10996606134670267,-0.11691996074577961,-0.05725334021306409,-0.029912439487755467,-0.028099580372547922,-0.007138181502085459,-0.027232390904474456,-0.03714347127552337,-0.019348463817661886,0.0023354177465078584,-0.042673684604416826,0.03309701778377679,0.03374441619966864,0.04747833038586499,0.0021330145585010097,-0.06985548895737057,-0.10569865593639066,-0.12217432130733474,-0.12178579680099891,-0.12215327345012951,-0.11935670997481043,-0.11258969935489485,-0.11198613957528702,-0.1047900647675819,-0.10124516891378717,-0.093825684492156,-0.09501538823194228,-0.07779148502500317,-0.0752630478798965,-0.06550493038386154,-0.05898922807673971,-0.057407268250967224,-0.07770084801768433,-0.06715847515266779,-0.06420315888434301,-0.06485640614029461,-0.0771195360870631,-0.07871706356398948,-0.06714698632744115
stat_145,-0.4927891342796411,-0.469180537170854,-0.11998795885799923,-0.3061469606532896,-0.14302816856088277,-0.20729993709011055,-0.1449726011148024,-0.14548506491213697,-0.14612199854416247,-0.14578887283908712,-0.1467724718010028,-0.14749001727945962,-0.14732169534366024,-0.14911628043807904,-0.15073045775031896,-0.15313234381778984,-0.1565268613613736,-0.1568466053321804,-0.1590675303750495,-0.15884753326940282,-0.16434563430775956,-0.17245696929328164,-0.1735177137326036,-0.17143705722301195,-0.17157231459862377,-0.17375618903582357,-0.17256468438510478,-0.1996308414467377,-0.21055136750918266,-0.21490129260792623,-0.213891267619064,-0.21420261967565016,-0.21712905535908925,-0.26030570148278614,-0.2499562483941011,-0.27273313925245696,-0.30231452105133355,-0.27307010918584806,-0.2390615443362349,-0.20235559443547263,-0.17014427760606504,-0.17372045308133072,-0.17686940762546854,-0.14434145328445042,-0.09642956070009098,-0.14186548249803083,-0.11055564119480706,0.008674628605992836,-0.009226396660514896,0.019480506435780295,0.056871866646768375,0.07751570330017277,0.0760483978051007,0.043051807923695146,-0.059155754662351005,-0.14102343586681457,-0.1893817443176798,-0.18292213833190493,-0.14140911560307282,-0.1338288326322328,-0.20155671065022038,-0.27329651302443936,-0.3289845077523019,-0.3404488507574077,-0.33468283289974377,-0.29701064079327616,-0.25685817586939574,-0.2669794035995343,-0.2678614641728868,-0.267904012000633,-0.3027173171596197,-0.33843890390987535,-0.3288404081511717,-0.31437437306204136,-0.308071867635992,-0.31255269706910976,-0.3292314107645069,-0.3369239747095946,-0.3642759901758376,-0.36499473243874686,-0.3205393854723457,-0.27116795777481606,-0.22508663975444257,-0.21720398037744879,-0.24446188811269887,-0.21169997156068737,-0.21834186851714552,-0.20336404286448806,-0.26710067443767194,-0.13643298773988533,-0.29523996691721394,-0.29284364598874124,-0.2836338927486134,-0.2730654574744526,-0.27562650038304387,-0.2778427843848239,-0.2835715376002547,-0.2962528943473709,-0.300617558217848,-0.30705016968254495,-0.298710976913349,-0.2863215470699095,-0.2992036856334759,-0.30175746043164237,-0.28551008049468385,-0.24376453110880003,-0.2218576408413326,-0.21989973922547973,-0.19349351476442037,-0.15918739655996483,-0.16256278062485793,-0.1471108604604582,-0.12203583330515488,-0.1306165957185789,-0.1330711221875215,-0.1476959002224244,-0.14497283523701163,-0.13755975324854847
stat_146,-0.5357418491122999,-0.27497507748969663,-0.043469215143293174,0.04288175537535345,-0.2988909198526097,-0.2183874089901458,-0.2987524976299569,-0.29807116653761434,-0.29903649879599364,-0.2996591406278851,-0.29829988370662813,-0.3001206270507941,-0.29980812451022837,-0.29889340567085304,-0.2995532017052764,-0.30440263846242044,-0.3092786990810691,-0.30923398580165984,-0.3137691586474202,-0.3191161774375391,-0.32309055032369993,-0.33170759137959527,-0.33494544934305825,-0.3347163087252492,-0.33420958088162184,-0.3387313660312869,-0.3327537868011274,-0.3315508201658327,-0.3376824921296573,-0.3387619914771268,-0.34317568729621456,-0.34387593513693365,-0.36576094102651163,-0.3650817199670957,-0.34414735062833507,-0.32156333312261914,-0.301631411437895,-0.2920078867467714,-0.24302648142278538,-0.16463518052750006,-0.1726003224943325,-0.2361645383194313,-0.22829862548545454,-0.25505838722480345,-0.27756508249149353,-0.2486288197505602,-0.16092930756115326,-0.03912050891417722,-0.07669489558285851,-0.19568012161755513,-0.3248747913449536,-0.4251260403878786,-0.43494492223879955,-0.519340340419222,-0.5547320902754519,-0.5906662768637457,-0.5856516350553389,-0.5126505328159613,-0.4476410345241022,-0.4276447343138957,-0.36067130953654075,-0.21148358626171063,-0.08493546936313162,-0.010646785418198256,-0.005192665085987474,-0.02526726657228694,-0.06266607461275192,-0.09136792839400723,-0.08849000458532098,-0.05317460508988976,-0.014990572597989924,0.013220526949914225,0.05263749044954176,0.01558499457464123,-0.02527917773013965,-0.028358672051909548,-0.06010588751493675,-0.0713345114215112,0.0012091837549597715,-0.01026377328518979,-0.06463526888098169,0.009301934174338755,0.12104590223044052,0.1635626455870515,0.1402349070951827,0.20604355518528147,0.30027535083866974,0.29954675002091385,0.255841450814648,0.07692544871300755,0.25529875889497283,0.25343179355115625,0.2277716389278026,0.18841919878720528,0.12911286348190124,0.0657108266390193,0.008260973700481837,-0.03137840944137812,-0.04050841861925645,-0.03617317189981805,-0.01885784237278754,-0.00398914097195023,0.0016341833347150348,0.0008272449144442946,0.013154340571376679,0.013336076349200723,0.021198372536443525,0.020825369186288342,0.029984103509736317,0.04349899417031341,0.029685162697635176,0.025297090855988368,0.04180963463854657,0.05644550509028934,0.053741593461157484,0.04940436524339862,0.0549496725136362,0.04653921186349754
stat_147,-0.321884363320158,-0.06304665253451226,0.10309737276771759,0.18572448541360204,-0.15831892193999875,-0.39615726350081953,-0.15930647876935997,-0.15995882496156216,-0.1586268416656853,-0.15740184236162325,-0.15171672146664408,-0.1522413202558324,-0.14450727010318987,-0.13661539698363728,-0.12595191681403822,-0.12360066138818551,-0.12351303531503861,-0.1237279472045672,-0.11606590799899354,-0.13086493207871422,-0.14245296855516215,-0.14931116019610616,-0.11069895921741961,-0.12587980604773694,-0.08188373563637075,-0.003636340540927948,0.07353650763385443,0.13862288240080095,0.16179773780272624,0.17761337327698834,0.27572615822147195,0.2814891900902731,0.3256633762939822,0.317928025689632,0.22711252059045756,0.182981205850342,0.16069185291627255,0.048727802448446926,-0.022961496682857876,-0.05600138102584831,0.005423942206477759,-0.009092497844959396,-0.011183147005451508,-0.08483334531214805,-0.18214336128372516,-0.2951324397661575,-0.33827959019421977,-0.36587856011369224,-0.45534899701230186,-0.4833379707183456,-0.5499176950098502,-0.5036297060618602,-0.4967900133339501,-0.4598483688214502,-0.4394616323298831,-0.39679899925169443,-0.35906962134448783,-0.307832177781007,-0.29313091522405454,-0.28020874710768284,-0.30580473007710707,-0.3840668755880868,-0.41516819433414565,-0.34834482600152994,-0.34363051680408657,-0.2991677834933864,-0.25744188872762486,-0.3069295713171567,-0.3131054892637159,-0.31855557102897447,-0.3024379319763968,-0.2834613022986922,-0.2486971787615905,-0.2724790153021053,-0.26448483161165204,-0.2699774611510166,-0.32954648022433425,-0.3592109049931957,-0.36577996359290893,-0.4024333958530572,-0.4389450062843571,-0.5061951576207796,-0.5879895678023643,-0.5808709643843505,-0.47824370158513374,-0.3842955536407356,-0.2989184406439094,-0.2290663733842986,-0.2130718570859608,-0.1541880743623795,-0.2677130914380463,-0.26742123605200907,-0.27925586118098694,-0.32022109577025604,-0.34539469476252993,-0.333537562446978,-0.30511893999115675,-0.2839699424900485,-0.28260664291225135,-0.26206565764137024,-0.22481048318616448,-0.18768691295261888,-0.14616878971072844,-0.1421674986183886,-0.09431888764002068,-0.07841685787080394,-0.05962981537550274,-0.05995024422559089,-0.06479877972333328,-0.07336306501113993,-0.06932588413839984,-0.07531329314799069,-0.09644828142442079,-0.12844501541979852,-0.13117855055657607,-0.15688411532587468,-0.17428770214348735,-0.1630363967644037
stat_149,-0.20720684730639893,-0.07602140169909986,0.07112721021191548,-0.022268109390696032,-0.08331941426265249,-0.1813999838999282,-0.08496696713368199,-0.08482475778951051,-0.0852452273345193,-0.08562117426077653,-0.08605481929544803,-0.08657865125381925,-0.08763669929224333,-0.08923350267956008,-0.09080792326355532,-0.09378651950982203,-0.0968719476466638,-0.09729291942444025,-0.10165129244118616,-0.10195812394091552,-0.10109286207155103,-0.10623858501373794,-0.11140197118417948,-0.10857944438890775,-0.10575718557743483,-0.10389500298112311,-0.10175844106234778,-0.1078896403049941,-0.11659992170289289,-0.10788569870306157,-0.116375406880277,-0.11675104956051409,-0.12024832353024434,-0.12848529551570878,-0.1152939823981317,-0.11130200716457166,-0.07275246985152149,-0.03217768424030477,0.06896570456425723,0.12516022794568024,0.11935507456295526,0.1089233708136516,0.08232363164652398,0.04865703745704154,-0.07623005479298682,-0.12358385720112998,-0.19016193749248836,-0.12449471454151519,-0.11903025918499173,-0.05568407505461971,-0.014585128622250487,0.03887945429450114,0.03954577390867154,0.051895095077558684,-0.025049944847582863,-0.07388957289242015,-0.09115327562675239,-0.1487003271327007,-0.15826109241955838,-0.16180964560801897,-0.20169508308868805,-0.21913474845748573,-0.20127370653215154,-0.1998667097981613,-0.1963827225369859,-0.15399121153783496,-0.19535313721085354,-0.2446233424442355,-0.2447783985525178,-0.2647967526628741,-0.28899879703371023,-0.27180999086153684,-0.2320538952456091,-0.2406800314081897,-0.22044206711640502,-0.2147908386473365,-0.17987638045674337,-0.1101339391371219,-0.03697489391982554,0.011161149893576998,-0.008773619031600885,-0.006536531192615044,0.009748722284373719,0.04188810755158239,0.07355499452569345,0.07001784138439918,0.031657533281244925,-0.014087007978647821,-0.0234210182552811,0.027789911972719395,-0.04415372611700025,-0.044984032397109956,-0.0383612013418648,-0.04816784482010922,-0.07429388937504611,-0.1225811853295106,-0.12070196214449422,-0.12036354403662304,-0.12354637049998468,-0.13484313395654682,-0.1299492499092525,-0.12657952917419998,-0.13721009891400845,-0.1382180347480734,-0.115989311620733,-0.10084258546846128,-0.08112323222142748,-0.08180949339185391,-0.10481201678688971,-0.0626349510920724,-0.05098418404105086,0.015670479676999142,-0.002332920340094907,-0.017023765374670825,-0.02353559216613045,-0.012456366795453075,0.00896538002801373,0.0036485241394284508
stat_150,0.3366852570949255,0.0019454690369500379,-0.5163944814270883,-0.5043563395574345,0.44462195720914816,0.07068147291146204,0.45153721540117847,0.4538179069290465,0.456329325890744,0.4560531657139235,0.4599398477721105,0.46671861437322043,0.4693170420789012,0.45787565094144267,0.4808115441009286,0.5022800163999724,0.5124308855048983,0.5132521804347111,0.5266429051959299,0.568416327141478,0.6186134744858592,0.6371910469159878,0.6560097224760719,0.647113905581956,0.6342057634758066,0.7007554079614017,0.7002912950116433,0.6695040433311072,0.6876818006966896,0.6030795853153573,0.5606693085256237,0.5571922864957695,0.5355034646204144,0.49359305417365135,0.48211658198624774,0.5098385031533995,0.5531625536004035,0.5571287959197395,0.48128279074644376,0.45704665137253725,0.5020612815340582,0.48687626872378664,0.42614229748919025,0.4629865428368753,0.3995468362288412,0.3324479808962357,0.32954250842480304,0.3128880073674615,0.33277325016405135,0.299314359408511,0.20510611746933533,0.15108242603580718,0.14791293616443835,0.10599866382301883,0.10636321002738955,0.07190873372944549,0.06152709683282534,0.032186846168828755,-0.02684974897359957,-0.04121841338204678,-0.08974622156306873,-0.1519163050685246,-0.15771777009009785,-0.1511176118757519,-0.13729806998725436,-0.05232041043984875,-0.04018546669750941,-0.07544918085683197,-0.0783390727218465,-0.07831035119639856,-0.07182438590961288,-0.06458833860987866,-0.04306299500283189,0.038029053251816956,0.07586375608664626,0.07774542907092408,0.06410042842655449,0.05173079036872377,0.050624011820738106,0.03106347567781002,0.046386062535309865,0.016495702642529024,0.007588678848835689,-0.018704159034407128,-0.09626779550154722,-0.15636285468952163,-0.2060503547920241,-0.23566546772318644,-0.25675140163597654,-0.04329221238623412,-0.23109989097040773,-0.2279089083717205,-0.1847909041489788,-0.17623803399974766,-0.16591306385096766,-0.1702753060199813,-0.21452580732576554,-0.22510767202520798,-0.22190975844921135,-0.20519452284820142,-0.18623450513678402,-0.1938829907165032,-0.19784373346531062,-0.1979702710666278,-0.19379443177783418,-0.21324070574618018,-0.21355437589336262,-0.2131557489050583,-0.2050194647018224,-0.19380988724127204,-0.1624721345144547,-0.14714019533228784,-0.13989634380556135,-0.12363858098107011,-0.12178958788540103,-0.09202981823610656,-0.06506229084185414,-0.05650158591140849
stat_151,1.036147246097586,0.4369113702424954,-0.3991802458869559,-0.30958117995650763,0.6757605583243639,0.18403826786602392,0.6764156905246451,0.6746848561567376,0.6752370809207794,0.6741529093533812,0.675414423891534,0.6784697642014897,0.6673775525452648,0.6654209374839408,0.6677619816488469,0.6732105800331181,0.6810402525897369,0.6809055695205037,0.6843109678965646,0.6925661919999814,0.7022894336640871,0.7025551654348245,0.712110721854739,0.7110697557714218,0.7165177183809975,0.7295514629559132,0.7111366516646391,0.7624086112686674,0.8161220993219471,0.8603656347001121,0.8908814572922109,0.895062744983366,0.9763440543946181,1.0516210122241043,1.1153504982135825,1.1710327225366777,1.197745022056046,1.108877505915814,1.0505275669477305,1.0447882185102086,1.0497209906059801,1.1087605918490353,1.10612939480531,1.0413679467995507,0.9592239769412692,0.8643353242305181,0.8325517226509043,0.8142491405129372,0.8024457784030543,0.6464103095266291,0.4919920776178385,0.2913867021267146,0.28209473747880753,0.13286789823510614,-0.010245977372133976,-0.09055955831350798,-0.11468677312923567,-0.17034122490627251,-0.19777413906960972,-0.2110250817592918,-0.2716914129752918,-0.33426853984325183,-0.30597070626420797,-0.3005377740041181,-0.30239988161557096,-0.36562654765844044,-0.33382160935156074,-0.349768196013427,-0.3487247439107517,-0.30422120577691947,-0.25456363034734286,-0.1776771612224568,-0.09172299645716134,-0.05300900085743224,-0.09867983912153958,-0.11034372694101299,-0.1736858551403099,-0.21765997200584505,-0.268808479271665,-0.3159094233388887,-0.3075465819140747,-0.3026771368688502,-0.30471611335808246,-0.332199508730865,-0.3757214382162629,-0.39804441392516904,-0.4284182410249414,-0.4375453717112202,-0.44606786846970664,-0.2930844385037628,-0.4650933477685949,-0.46541677958359096,-0.4654617049559081,-0.45429635438475735,-0.46475762005997345,-0.4771754670943641,-0.46271463723296224,-0.4417107936268228,-0.43492104160712264,-0.39401048914825415,-0.34955719359640114,-0.34144797448750297,-0.3397110870584382,-0.33914500319204044,-0.34151679317024647,-0.34713946871431683,-0.32437470126964435,-0.32276453828663537,-0.2983874388281987,-0.3068328087538832,-0.29127572170868554,-0.26293949292442703,-0.28802372554577577,-0.3026161754461009,-0.3033376794388454,-0.3117659976475174,-0.3120125624311057,-0.3128267530488735
stat_154,-0.39590819161990093,-0.07158465452777846,0.13704779700932526,0.1733214554325579,-0.33969912966921895,-0.10458374271616175,-0.3420581782445546,-0.3418125753269362,-0.3418129999330871,-0.34285189756410134,-0.3429933615561382,-0.34399369093135745,-0.34539252879205334,-0.3474671843952456,-0.35105299506174215,-0.3549132548259487,-0.3566611010548933,-0.3566038796231746,-0.35586362616488343,-0.3603294222359181,-0.3642430563576135,-0.36538665908671475,-0.36936890106058917,-0.3661827667470221,-0.3665511716696046,-0.36818592499121167,-0.373605616569024,-0.36953129102493737,-0.3642583112091876,-0.35420840013138777,-0.37474839840854357,-0.3742444367631754,-0.3652890457825775,-0.3522425916196368,-0.3433228203990945,-0.3017714852878462,-0.28572609148845995,-0.3391054472811991,-0.39825177252801014,-0.4201489396572899,-0.39949679156029483,-0.44830661849367504,-0.4657141350753723,-0.47418316568407387,-0.5144273038193753,-0.5450205064704134,-0.5215496752490498,-0.45096506407653736,-0.49074849436846446,-0.5578408589895665,-0.587289867626863,-0.5858348181999249,-0.5831934557025928,-0.5469157315383308,-0.48274653551734575,-0.3730485585675205,-0.2804682769856809,-0.20795465660893575,-0.1333637788576967,-0.10272226936413306,0.06976646894720893,0.1641106566458746,0.16991523679914539,0.1503207000156301,0.15016211003802388,0.1116553764911551,0.03947861048061185,0.03553653203734953,0.03795067556969261,0.03156297262688925,-0.03360997464374261,-0.036552771516464175,0.05365905434993141,0.08883320195846088,0.12026786206546423,0.1193540082209164,0.12069289019797164,0.13327159443759523,0.10001348707482406,0.09132042926994398,0.02538484726429687,-0.0023959289650869503,0.019733501711414143,0.14532089694377684,0.26318074129803415,0.2932188460481397,0.2915227911515172,0.2914311469098875,0.30017339085384637,0.1909815007048361,0.26367383415595114,0.26389867371053766,0.2446869028322461,0.21558288940663436,0.1935955068645415,0.14590823855921098,0.10179398747261183,0.06572062180972764,0.06569565308924422,0.07481418050487211,0.08812990282544801,0.06818265359507064,0.06209701627142326,0.061319547741648085,0.06908957915054932,0.12268394535655433,0.10467769037784434,0.10337639989236148,0.09908382845806267,0.10565666434435253,0.1194776097282006,0.15616000775049751,0.179729760154824,0.18290833406247908,0.17699155113306334,0.20184702019497489,0.2128073479511284,0.19981637977923758
stat_155,0.3702043556672447,-0.05534867912111317,-0.6948781045567074,-0.5212787186342598,0.3731165086618715,0.5748578289089307,0.3708624151275973,0.3711327557812698,0.37067441220818914,0.3709192009849362,0.3726647249052752,0.3737037215777944,0.3742108328934295,0.3759338008408205,0.36846061019315673,0.3623729069188317,0.3607230086614689,0.3604955968467198,0.35665329633727527,0.3533801890346459,0.3524196853295653,0.351245067257911,0.3540632989602069,0.3462279444005771,0.34077370665605333,0.33329500924939015,0.3223165003752196,0.31495499889662015,0.3012923726703773,0.2869839860586518,0.2614324792644508,0.25978918622548736,0.24064904481171448,0.21758262635734943,0.18518928167967127,0.16299178327256303,0.12206572909316489,0.09475093518443584,0.08996828712103833,0.08112730294956612,0.09814664980228675,0.12533754789398371,0.15028087088714212,0.10512288343400225,0.1258416389784148,0.12237934183423854,0.11131440242353133,0.09546430070636545,0.07940171036729599,0.07234054924366727,0.14755588236340778,0.20257046739243167,0.20430305565229873,0.24774691247436914,0.33635759512746083,0.37909458637672117,0.4358074844851985,0.4840063011681663,0.5111153583436793,0.5236213106754213,0.5330627556763823,0.5536251396307673,0.5604873610711136,0.6417584371515807,0.6541918865630765,0.6776649557832363,0.6347086025950361,0.64741112439207,0.6478022668567918,0.6523995740635067,0.6513430754075268,0.6453535939664229,0.6566823168828925,0.6709813631441391,0.652830608147047,0.6544922540526107,0.6904412626718539,0.7192764490207312,0.7515907659644723,0.7943352924798569,0.8451141729250572,0.9511681199323552,0.9301603839922844,0.9385265665696692,0.9260126126277116,0.8564518681799894,0.842708103138127,0.7935334114713113,0.7730764575175785,0.7357417494080066,0.7603247423372103,0.7606435990978077,0.7665081022935437,0.7806919853545169,0.7801639591484436,0.7839654942192678,0.7912983621289439,0.7489431522029356,0.7348005112033594,0.69251315043402,0.6475510586911893,0.6231153180343462,0.5851036682383342,0.5793091787664407,0.5796902626671093,0.6097076992739433,0.5762299564746258,0.575211433830396,0.5950183721539816,0.6044261411039623,0.6318634436533449,0.6691693726427016,0.7203690787314968,0.7115340606002821,0.708817251125049,0.7073263794732537,0.7146829066187756,0.718526501895761
stat_156,-0.6657234116319081,-0.39122214300230834,-0.05820248762966682,-0.09928908596496741,-0.11511359907977835,0.007157339922062252,-0.11011790142316451,-0.10977566704869106,-0.10609153941913564,-0.10156202166798366,-0.09023493234650441,-0.078151597538856,-0.06593980489088182,-0.056239988606379326,-0.03166237108446457,-0.02279687177361764,-0.0024352307363092215,-0.00101292910160258,0.0055036103779982515,0.02720307130085047,0.007202088176733706,0.02458571984336643,0.06274489441972181,0.04776681454868335,0.019824502682166095,-0.026542433596667997,-0.07393272302319398,-0.11904540284934603,-0.1793919446481937,-0.2148285712148243,-0.25220359021011163,-0.254610896327875,-0.2696451659817038,-0.2990992340919937,-0.3136961032823996,-0.3011874767042776,-0.299849691422781,-0.2747295817927895,-0.2467368423997143,-0.2591455938830686,-0.2583966704790737,-0.26183791241714344,-0.26212158764522114,-0.280517758369891,-0.303171799380698,-0.2892068781221294,-0.26340302888759076,-0.24557132511151306,-0.22972312111254464,-0.24120231224864866,-0.22628089915566107,-0.21546623873608076,-0.21379234272997782,-0.1716521587930787,-0.1518300285466955,-0.12091335336704688,-0.08782989372385022,-0.05266588942142522,-0.04929153211966029,-0.05235413180112452,-0.05286984267656161,-0.032672080263984514,-0.013868735422860556,-0.020074538032228393,-0.022593328305105412,-0.013277359326408007,-0.01722036872871862,0.02736513419802321,0.029306146320558387,0.05571831391813924,0.07371439491156664,0.06631830241496116,0.06374035132795373,0.05937156616402876,0.035556035824393685,0.02970550846733048,0.026483155554374516,0.02926318955628125,0.0444605996963732,0.001634235362421756,-0.014777734628401122,-0.027108138172578695,-0.022136377311402222,-0.021891289447108615,-0.03889411060177536,-0.02857536530821687,-0.00817220065275856,-0.0014422677234710716,-0.016666318760980167,-0.09305069705742926,-0.042736035165259104,-0.044080806666876984,-0.06503877517332837,-0.06014995410682126,-0.0231364210653283,-0.025988341017911244,-0.00519781676460822,-0.002011141739111631,-0.009034547814188634,-0.032952756997460315,-0.026887626562826675,-0.02367787638373766,-0.04766763525339788,-0.050903422226420296,-0.07519681652038586,-0.08477284823043969,-0.06948257376458346,-0.06788002955800766,-0.051393923964881724,-0.052291140238997606,-0.036352341077789355,-0.027764594905567503,-0.0027476419094242762,-0.004915593321746126,-0.009253237412435108,-0.03449107008701488,-0.052145143591350404,-0.06198156060134693
stat_16,-0.15261387137107202,0.013606122592459694,0.47675850866326447,0.23126989596356723,-0.17420852457809946,0.05183836065813265,-0.17740207780615094,-0.17801305698541864,-0.17843825786181128,-0.17897147425706353,-0.17848158811006654,-0.17733849921515063,-0.17544123290883704,-0.1724673140648017,-0.18073050118891237,-0.18929089464600743,-0.19770466266543943,-0.19826920204294315,-0.20187946507553545,-0.19882937268178633,-0.1976478272066081,-0.198439198163406,-0.1981956780809035,-0.20172413101036982,-0.20124411818717688,-0.20364667448200993,-0.19573029139160236,-0.18473078724533362,-0.15932174082236467,-0.15472202882478447,-0.1947507933891695,-0.19863681832698607,-0.2597385894611134,-0.28737447911092,-0.2671997418270257,-0.24405170977884103,-0.16802937790395098,-0.08577819865622383,-0.0945025112230479,-0.153805653888163,-0.1843911687398922,-0.22646167959020014,-0.27874914786198274,-0.3339557673639167,-0.28730161813829874,-0.24565601883707824,-0.23622770348077504,-0.2574257047439505,-0.28479700198987845,-0.2918240566488941,-0.2913458955047274,-0.24653257209358442,-0.2415067970260282,-0.1356034079409322,-0.015720771643104894,0.06647865197964913,0.0959025830794156,0.040047178345053336,0.011383633359041185,0.005586821331645204,0.022042298734252223,0.08610729685683619,0.17035662750270034,0.2327309375458108,0.24085893348577314,0.2626548780204491,0.3032923447795433,0.32677462346854125,0.32685751247159633,0.3070670080102918,0.25272507789575455,0.2460511901267558,0.27195393546892727,0.31180085452978085,0.2937336676903391,0.28892394337703453,0.298020379792746,0.32706938668636215,0.33726472955893694,0.3505935413123473,0.287610110325113,0.2025450750078346,0.12456299937984533,0.12241088046269148,0.11572386457760146,0.06255590219487919,-0.010320379770076884,-0.07001620160092761,-0.11540972461772542,0.006684156892212994,-0.11203732298738955,-0.11098946957435954,-0.10850390562914712,-0.08691071213271423,-0.06785755953142117,-0.059627892099216095,-0.057159334816609085,-0.06888553690788285,-0.074268963222713,-0.0783022404492742,-0.045067056869499626,-0.03881935322171864,-0.05374177552448367,-0.05444537990494508,-0.049112295179912634,-0.025829259079668963,0.018440730107359637,0.02118938001240025,0.04364696290900967,0.05525847843431329,0.05353138220281287,0.04462719066239067,0.04382064470103745,0.04100393660194924,0.04043096745136581,0.035445320224870465,0.03098387095241309,0.017760695819787158
stat_160,-0.24606047475806253,-0.08131628600771243,0.11953433624475919,0.26066787591031765,-0.20038835539910543,0.0167874611781543,-0.20589116451251235,-0.20683822363538573,-0.20782926497880305,-0.20839850287083025,-0.20897551821293298,-0.21047700962414018,-0.21230835032446468,-0.21597770743631645,-0.21995509684160863,-0.22327382238042026,-0.22923230163129998,-0.2298915781727245,-0.23681525191512798,-0.24185229702934974,-0.24807479595449392,-0.25670336808349176,-0.259445345452934,-0.2663328477408139,-0.27715592556959184,-0.29461850569082443,-0.30800493896455233,-0.33187594434305806,-0.34264449577551137,-0.3497081457604105,-0.3792943506501492,-0.3812897805331635,-0.4369097289606564,-0.4799217804914522,-0.4989393439522142,-0.49987041898417905,-0.5160860018390742,-0.511557256734129,-0.5456203894030451,-0.5604337195823923,-0.5413337557040568,-0.5015138037557728,-0.4386812406031255,-0.367462438054208,-0.30990260353161553,-0.2721461756039868,-0.24790221764825637,-0.21959805906197252,-0.15540330949140232,-0.0786654216352607,-0.010479609508750761,0.020761643289300535,0.024087428057742832,0.059773220649498415,0.0771825745214913,0.09318584287267384,0.07912628429523724,0.0412915033487789,0.08524505403304153,0.105027679513772,0.15384358974525078,0.20357230338811633,0.19701001867461704,0.17564400046250153,0.1772023253384199,0.16002071963298523,0.13731533978280563,0.11431340908656856,0.11242974815556467,0.04655405876377937,0.026528092433120144,0.018215818210923163,-0.0030852243652019287,0.012364021682313134,0.03600001599109364,0.037841507898229945,0.04136521505196599,0.10467567330336254,0.1355437501149097,0.14659984877932788,0.12790337371803973,0.14806614444771762,0.18885573905140807,0.18637090269697237,0.1441078243040269,0.07625531502393547,0.05720597077728303,0.04906528692875945,0.06379850626288923,-0.03240065465315416,0.0680351019228786,0.06978976890070597,0.07898350324596333,0.14691090925179906,0.18243603586351614,0.20632036177384105,0.24443897232241402,0.21852435636845513,0.19379156517621313,0.1437509842537961,0.159737989639829,0.14617471572017807,0.14699246146191422,0.147856679160171,0.11988330521903177,0.08634833800732213,0.07992689408903737,0.0793686184416115,0.07922741373698892,0.07257131654729505,0.0644984102746119,0.051837291604689924,0.03406353309579716,0.02311855205190129,0.021353995620032293,0.0038326642677242325,-0.001798678266643948,-0.00954332433044926
stat_161,0.09331366869336406,-0.02047509464035914,-0.1012448076348199,-0.14630159889226946,0.2973893105576882,-0.09026195250242755,0.297883143574422,0.29783689869164365,0.2977640795943983,0.29757344232830246,0.29842545350589966,0.300823263262552,0.30123515695810466,0.30303445437642346,0.3032342284856458,0.30905167484010204,0.31463469365853075,0.3151284323687368,0.3253963304035634,0.3305248677999937,0.33952175198137197,0.34534040995681314,0.3375108120235417,0.3379138683762089,0.36721081317302057,0.37911599705006305,0.37446095744344426,0.391117166682446,0.414100133059996,0.4511767458615605,0.4609435343230796,0.4608034205260563,0.476960826936138,0.4924867893337711,0.49268085586839405,0.48954375249617843,0.5093517211194282,0.5509068813239819,0.5522560725635401,0.5506386985399779,0.5469678434574777,0.5957117910244084,0.5882533636265544,0.5755147300610695,0.5345850226523884,0.4785682774131777,0.43555415484123045,0.4070295502967772,0.3274959458156029,0.28108000378829395,0.26863541088461557,0.197687207786701,0.1958742874163082,0.17717955748666753,0.22671288726392388,0.2405047629816347,0.16256323886776117,0.1244880581740161,0.1139543680043993,0.11827773668584488,0.10768082387803948,0.08187389530299329,0.054313408280938405,0.003499095779200026,-0.0007459463229307466,0.0009002830218648946,0.028808997606521662,0.08028464684480428,0.08292883363281287,0.08953333763556198,0.05166927673352679,-0.024737066146232112,-0.11553760864819702,-0.13306300623230816,-0.14582656889606835,-0.15029811563828058,-0.19738419457771897,-0.2620074906807178,-0.36342725381602803,-0.4108119890063062,-0.47383042395487796,-0.5863898242150352,-0.7125038587628322,-0.7621746641150849,-0.7234497549194789,-0.7198348062642068,-0.6726175911273262,-0.6238999409919159,-0.5819000588537767,-0.013477910004538778,-0.5569249994721424,-0.5547660635504046,-0.5083473235934474,-0.4637733162656672,-0.44071122976936744,-0.4653751718768259,-0.482296231579731,-0.4498210815342991,-0.43740277040861686,-0.37548402003337367,-0.3663004482171419,-0.3640751761983266,-0.33565340803860033,-0.33192273592981614,-0.2746576847710245,-0.20065474272486775,-0.13913916525826722,-0.13616781736402703,-0.08512441725301738,-0.0366376539928219,0.01052959823916333,0.0713537630128213,0.08252015991276829,0.08234703512692235,0.08594123760080138,0.06305681834250422,0.016442044188050012,0.0017147249597886983
stat_162,1.4528084007162576,0.8797944774056602,0.29281121295655094,0.24446769284253378,0.48391953205929433,0.6290601171067242,0.48357410934108847,0.4833639017469882,0.48365746957891337,0.48403943410408645,0.4834207512288011,0.4853743167194906,0.48917241322441174,0.48377514740761984,0.4824576205139131,0.48729578474479585,0.5022983395093396,0.502297015266,0.5266797333443461,0.5354859821781741,0.5185358043454045,0.5394296874672301,0.5531541417520198,0.5459686906631915,0.5156914217198563,0.5111899743362484,0.48763097148269097,0.4917702479746356,0.5014561700542852,0.5433844840933381,0.5241066757314659,0.518899514532748,0.48121831633160894,0.49370978118591075,0.5291462201291433,0.5600941506225824,0.5279683446019493,0.4703112279787843,0.4858976773328889,0.5192658074762027,0.5182545310051236,0.5185544335805936,0.5182414404488009,0.4781209686222091,0.45910845841049525,0.48681073118930257,0.5707544772613976,0.5517867741960951,0.5382051318882627,0.5065041429043676,0.47620262556781073,0.510068130664433,0.5137683018226895,0.5449121517209203,0.5594644707337478,0.5663927096604053,0.5457187261857696,0.5504262361304538,0.5799070785179792,0.5862493949407366,0.6225409568717134,0.6935378760383938,0.7581857226023169,0.7528197808835883,0.7493863968294644,0.7695066980922561,0.7953397016536363,0.8340169980329343,0.8371488421941939,0.8504656096051963,0.8620248827689934,0.8477273165089534,0.8243313238736013,0.8062548706596411,0.8580862440862098,0.8673764013893018,0.9157618231484164,1.0261044527081016,1.0893714012197024,1.1280549604964807,1.1189690759811977,1.076887711791905,1.044785190570517,1.022465391247981,1.0772494423519552,1.078720066131838,1.0614743933806159,1.0355381146762577,0.9975588041406884,0.6405411632981285,1.0213749961683205,1.0213718408767989,0.9638108931113366,0.8939040492851754,0.8101245836298209,0.7757321360727512,0.7545175973989542,0.7655552992085035,0.7637099101823788,0.7533448312444764,0.6928946259160497,0.6900185492640283,0.6788173593564918,0.670679632460001,0.5977166937833532,0.5491502884718521,0.5560490820190489,0.5560368202025138,0.5502418923260729,0.5631977261638306,0.5716981278472706,0.5943511571822595,0.6418962820733434,0.6622824524487957,0.6614909825613057,0.6495527012631439,0.6220227559433295,0.6111610244925364
stat_163,-0.6438303277361251,-0.3876098411011225,0.08073623675128477,-0.07603325425363029,-0.24992475760170574,-0.44538148928265164,-0.2508383885773749,-0.2506878836410044,-0.25100735649541084,-0.25119548557121457,-0.25368568287735227,-0.25915598777491117,-0.25655173403568055,-0.26060541264729414,-0.2599818398496904,-0.24901814274285913,-0.247667463728878,-0.24909614275702083,-0.26671324389997997,-0.2652876490677019,-0.25952374682594487,-0.25880798627119395,-0.2651479611666131,-0.27678459595567484,-0.28834952902911004,-0.28438256902148884,-0.25027377002798945,-0.19792211573497653,-0.16157792304742669,-0.1313890934260308,-0.07722001820934334,-0.07696762018829631,-0.07768108130564658,-0.09028412576566058,-0.04953477652201648,-0.032177093935600164,-0.017092368963595027,0.001762770737910211,0.004019633256813351,-0.0006967604177058115,-0.005202773853938547,-0.005204994547133428,-0.028044570313342274,-0.006365383037426989,-0.0224123040157624,-0.08291005104253937,-0.09623681705058189,-0.10147218614567055,-0.13668953014116042,-0.26269171701925914,-0.24288849235494997,-0.24729799463894597,-0.24950415969359482,-0.22841925714976077,-0.1714264198360035,-0.11848176217218363,-0.1378721605646579,-0.16531495332614318,-0.20050875670334062,-0.22084132943966797,-0.32081493847807124,-0.4105005580985085,-0.48314083065743996,-0.5648811789815441,-0.5693656249954876,-0.6226176400820838,-0.6613490576530296,-0.7008868973355136,-0.7018200319082909,-0.7088642441972346,-0.6695726801196055,-0.6717761878401417,-0.6699883858834268,-0.7207771928446381,-0.7432859509426699,-0.7578009643163248,-0.8087134940658094,-0.7945427503870114,-0.7411327428872754,-0.8206162715035766,-0.8627841939526565,-0.8873396713816633,-0.8152786447285181,-0.8121836814829316,-0.7903476470544409,-0.7697409881185724,-0.764468011828158,-0.7620224735592385,-0.7565633931847492,-0.35546673953731417,-0.7773521405216725,-0.7788932381827959,-0.7221915865181988,-0.6590572175768344,-0.6672422875073476,-0.6861446938365713,-0.5906282765668758,-0.5776142227798997,-0.5750974239165516,-0.5219836859366183,-0.485642639980111,-0.4636469247181684,-0.4518865860055421,-0.44513413855427625,-0.4333954358785902,-0.4367818487354399,-0.48407332996621705,-0.4878354026165094,-0.4894327425522169,-0.44403285491533845,-0.4164719751782657,-0.42994225118617,-0.4377804978967481,-0.44048884623671,-0.4374389446546722,-0.3898723723391248,-0.36620841530385845,-0.3469257782876374
stat_165,-0.05185008577454437,0.002949379382837789,0.11943268905932845,0.13205688778336713,-0.08027045582413614,-0.11706230314389984,-0.06619270948401317,-0.06168246015531175,-0.06161775645246239,-0.05185113767195769,-0.04087682651632801,-0.041292638407121066,-0.009904127307055238,0.013295677147793505,0.020302440467057675,0.046625723058556515,0.10505024129246956,0.10988995982286649,0.13684310578263725,0.15767380182049318,0.19893068129467337,0.24616120337018305,0.3220217542481304,0.3243830245220459,0.3014022996375729,0.286595524801662,0.23905541387900955,0.1962209648497479,0.18842098893391834,0.19257441401754363,0.16114974285512215,0.16242668937110818,0.1829608865057165,0.1788209691658874,0.1498422833289483,0.07089061349006319,0.01093066659918301,-0.02065723018807633,-0.02703737395227232,-0.0008745579504620946,-0.002302928772118336,-0.03957044881062992,-0.102991132165435,-0.08458538924466324,-0.037888008462554905,-0.043322065009384104,-0.05430825554994637,-0.07876326790737335,-0.1189282909713648,-0.048360402940650804,0.010319053220962344,0.04279559669563902,0.045888239832843174,0.03452488293717492,0.019636854178489975,0.008826398828128315,-0.005170748791762577,-0.03748606211643584,-0.020090095018155226,-0.01655290944997497,-0.024612181529000517,-0.05570482190986158,-0.08677399636289403,-0.16325506296026113,-0.16396078176362977,-0.08815717112793928,-0.03051325454818205,-0.060985914334500214,-0.06054432985380625,-0.0800051415766417,-0.10492961101293619,-0.09323515318314687,-0.05102576524971658,-0.014661692953425499,-0.018872195657632995,-0.021618838852533667,-0.024150247104589073,0.018541135613491015,0.03848248553462463,0.1077373188914945,0.22452735150563108,0.3320437924641348,0.40949898481716857,0.45624215226799164,0.49535518247951515,0.5324374084606162,0.5960096172603291,0.6746430320487496,0.7768087979056453,0.09389938314264193,0.8359468844821089,0.8367198325586469,0.7756234214289509,0.7108689828858361,0.5520950981507752,0.47397099603669807,0.4104932361128392,0.3494708786220825,0.3314604919271161,0.2539587419006337,0.19397401072422354,0.1818524682413766,0.14587392567849797,0.1396044374209998,0.10013441550218338,0.08970131824577116,0.09166742054478415,0.0915115967074394,0.1108956788713062,0.12028910761486825,0.12818737910142178,0.12930513973866636,0.12223101175464511,0.10584892659460876,0.10316087691877596,0.12216434454098465,0.14182668216975677,0.12619950931541343
stat_166,1.2715562680129413,0.5809226079315616,-0.17287569183599114,-0.2730109942906417,0.6914124976612223,0.4633741728373137,0.6905350173764851,0.6899076434668757,0.6887656458026837,0.6871798794008228,0.6856831587302488,0.6853790702257248,0.6846075719899083,0.6840683145127264,0.686236582565463,0.6881378625746315,0.6881004705767819,0.688550669505776,0.6952693506725763,0.6959824709827965,0.7007558395389012,0.7011045510215134,0.6889474806637783,0.6748851258557366,0.6871290978613822,0.7022777930908143,0.697743273950541,0.6995293692484074,0.7055620524899636,0.731772303821045,0.747911532556744,0.747854826329501,0.7529005106860748,0.7574882136804304,0.7537153081876131,0.7693314615958177,0.8036365543984263,0.8521465653981716,0.863688124404611,0.8122973671151981,0.8071263576294992,0.9077593341309131,0.9756535120873692,1.0002182265224258,1.0049048020259546,1.0331190153090022,1.0039349707231178,0.9165253794846775,0.806252219351068,0.6874841703164797,0.6034009551625406,0.569454394946115,0.5656704188282421,0.5038618750946102,0.4571721098758759,0.4063718101621214,0.37247003602773066,0.339046153809289,0.292167945602177,0.2813565643409174,0.278687095311005,0.273466461753328,0.2563978663480047,0.28060215832828395,0.2860153845298597,0.29945723761346243,0.2991127666824078,0.31675368428515877,0.31831762894512,0.2806831251464728,0.22072575611656098,0.17808465211039115,0.15285195592899029,0.13825508735795716,0.16453002541645215,0.16950790661725915,0.1915468137078473,0.1599811986633492,0.1432657847809308,0.10783623620491152,0.0899031076010509,0.06217532206989929,0.06313157084817322,0.07385852048982658,0.08109989842572458,0.1020468900471928,0.07768625379964415,0.05949808508344985,0.023071243172890468,-0.08252835482824207,0.028474925867029592,0.02981291738442155,0.030244686757139868,0.04216265477148115,0.051549111980348755,0.06345785182306107,0.045520818997929674,0.04843072269564115,0.05206436314550353,0.059980638975470776,0.07876923023539395,0.06852442180478421,0.028158824276431627,0.02553460217924693,0.010838915592079312,-0.008713037899065697,-0.022616855223095117,-0.0240692547375088,-0.027410267213851983,-0.032068564883258294,-0.028020635130619725,-0.049144014944587804,-0.0730969173739486,-0.06522264357978395,-0.06393885850818933,-0.056819208440345007,-0.060165985700749415,-0.06740821944513734
stat_167,-0.6395195990077618,-0.550579930752475,-0.3305351089948843,-0.3148340258118846,-0.19544351791840653,-0.041317931598693264,-0.19897707316191926,-0.19955548759913677,-0.2005822299458728,-0.20057362886593672,-0.20075103539490263,-0.20195040703940864,-0.2044292023800029,-0.20809787332089347,-0.21132695485778075,-0.2149190742258595,-0.21939563883963697,-0.21957082058779756,-0.2219174227740936,-0.226334795775494,-0.23158295214993535,-0.23635603634013544,-0.24663203103235942,-0.25435538539136526,-0.26190871471765004,-0.274763725829332,-0.2886797622628445,-0.31321269284227393,-0.3419383332318159,-0.3636924406311644,-0.387548999000566,-0.3884783824319286,-0.40247756062257234,-0.42108315213380554,-0.4308712052334951,-0.4300558339198743,-0.4369769559969962,-0.43422914758406284,-0.42083980375256147,-0.40459377626667253,-0.38317622836305404,-0.38188915376921506,-0.3698088591608596,-0.3511236605789774,-0.3127273958771336,-0.2764935087390636,-0.24426739185208438,-0.21258637836256197,-0.16881616902974933,-0.13947537941721017,-0.11390312312262452,-0.07435905953299313,-0.06990246764635769,-0.02619776917378594,-0.01041271605889353,-0.010186942437832316,-0.05719801442407582,-0.08003320364637484,-0.1043307207227302,-0.1095430759201196,-0.11222343138232888,-0.09439572902262476,-0.07838985109771313,-0.08143472693440522,-0.08405849546534384,-0.09381513185944707,-0.09618578356933662,-0.059214932341276436,-0.05700937717409687,-0.031766646170372885,-0.00929570142941146,0.004176323238704376,0.02879438396393908,0.060467636725890304,0.11585802388807323,0.12562622736902118,0.18869927760252786,0.2017020907499612,0.1928799285700973,0.16735099269687126,0.19040541603995942,0.2234076507114159,0.19440291268180546,0.10964689720134448,0.033989381565765496,-0.01409181827654598,-0.03795488627764806,-0.02013222483222618,-0.019462653775907272,-0.05267793892055249,-0.03634940306334627,-0.037495248044103584,-0.053802865992720036,-0.0923935951047319,-0.145624403567276,-0.16533042321448466,-0.15693768171616987,-0.1448763890299842,-0.1461444200392697,-0.17021179607358652,-0.18836257294511438,-0.21933648697040967,-0.23624035789604153,-0.23910587841353803,-0.24920921125291046,-0.24959169569481926,-0.22076944106703364,-0.21875292209221675,-0.1917011527406165,-0.17093433178140904,-0.1490266859087592,-0.11744540429909053,-0.08669710473964888,-0.07676697363693945,-0.0763063237284442,-0.06932803745792038,-0.047042666648077054,-0.044124079972808934
stat_168,-0.10267692738549768,0.10330304184730733,0.38289729836958397,0.3644352389826943,-0.3465546518892357,-0.1820638956385294,-0.34928375198717004,-0.34957886600524973,-0.35046754643990335,-0.3517005554000588,-0.35195487453359664,-0.3537856133780907,-0.3545104412109266,-0.35704808914193503,-0.35876399314368856,-0.36089547756003304,-0.36658424893593766,-0.3668563783389127,-0.368124594550866,-0.36921417069871326,-0.3699260149336608,-0.37649028561021525,-0.38050961146645834,-0.3811249123788316,-0.3815095952179162,-0.38280763936521756,-0.3916781891705474,-0.3934240373902367,-0.4016966119324491,-0.40768222710477026,-0.406412849986281,-0.4057395923774596,-0.3997782016024959,-0.42717828591212126,-0.431008014068649,-0.41672735117200854,-0.4272542362583891,-0.41587496915100053,-0.3712696094624984,-0.3348021666878303,-0.36200036661182844,-0.430563827219959,-0.4379916838166196,-0.351273138635482,-0.2562156475413912,-0.27742509241530056,-0.31052120904082675,-0.3617902099369991,-0.39888956480512894,-0.39421882648721807,-0.4050192315140809,-0.38327060006495894,-0.37838348428919233,-0.26614859028466326,-0.16248868273549716,-0.05334742278558546,0.044289325920747934,0.11883515769566066,0.047045015640939124,0.00557171941268334,-0.12640392543500448,-0.2380859318261564,-0.28750381701332184,-0.3051470533117988,-0.3056068501830654,-0.24646348986917874,-0.15809442721490088,-0.13193086805628154,-0.13103575978871976,-0.05611577089034313,0.12623441625684687,0.2867006776663441,0.40142048680390074,0.3385293789444502,0.3242246671765428,0.33349163618402283,0.4600729614433974,0.5448944965696486,0.515233861774992,0.39991286041650936,0.2996460457018822,0.19681197913730683,0.13042709176406259,0.0634423606858487,0.01681928609824799,-0.01895672275279536,-0.060534238489938885,-0.08060550875137494,-0.10505212765894817,-0.07362345061314438,-0.12872541457321204,-0.1292531723173344,-0.12632056882729759,-0.10688245076482222,-0.10792824961850886,-0.11111473565975857,-0.1261859381892258,-0.12976377893816762,-0.13101904484794702,-0.13659651995331049,-0.1286603187732532,-0.10477903114713166,-0.08296513799819427,-0.07901809273077079,-0.05734275565829495,-0.05136926121903216,-0.04531403177130829,-0.04494734607927121,-0.03623745906376625,-0.04111786729559142,-0.05232824167880005,-0.04397777463169201,-0.036780776302316576,-0.0454269967923192,-0.047075642673390636,-0.042952706551053044,-0.04429594136631177,-0.05674246858421335
stat_169,-0.3199545132140673,-0.13204276380039257,0.17222933657415102,0.06672846629987295,-0.23797853089103363,-0.1343850440486547,-0.24312523891045557,-0.24376391447062395,-0.24482604041580772,-0.24612516501217177,-0.24710612627080306,-0.2487358570533237,-0.25191774849323206,-0.25564269176362925,-0.2564852075611733,-0.2574636752451805,-0.2639648059471147,-0.2645171988929879,-0.27051399959184774,-0.27438440010164067,-0.2799357270618233,-0.2861031837976097,-0.2979410708461823,-0.3097817495436541,-0.3240803627642184,-0.3383423834570014,-0.3596855212877889,-0.3737637160482164,-0.39747524375887017,-0.4257952696497145,-0.4441772157215991,-0.44543516816323114,-0.4622169795838444,-0.4986946970941195,-0.5422338654707342,-0.5535688803631957,-0.5550579687875193,-0.5589242454797827,-0.5460927908213238,-0.514755670651851,-0.4891411387759023,-0.4731736356861907,-0.4241883236271223,-0.3809661248026381,-0.32301223470684837,-0.22550090565065817,-0.11596423508101604,-0.034970581002565185,0.03678281075575808,0.043238289598604054,0.03276281210820646,0.06512914380571268,0.0678055863960428,0.09602058131338898,0.12295314487296707,0.09362255310817823,0.0958723607507284,0.1687227246648627,0.1585970647427932,0.14053328679455637,0.058279792988506975,-0.0032134182484359207,-0.0706331534879701,-0.11033892353722653,-0.11665298737301741,-0.13601138840027593,-0.1353374087956423,-0.13336321120614228,-0.13218863575017104,-0.10386641620354722,-0.058520758487360776,-0.05016531359638598,-0.047899581528335636,-0.06090170909159311,-0.09814504565479924,-0.10029831511156835,-0.10876684145044156,-0.12433504246150548,-0.13276994974134781,-0.10554836607860099,-0.09288575134587887,-0.11370469818104088,-0.1517244649714342,-0.16660799139872742,-0.17525886981039443,-0.1685305746980529,-0.1853431689083728,-0.18745629437942585,-0.21806181185622087,-0.15618080774763748,-0.23914143741267913,-0.2405486057272982,-0.2368730095903674,-0.2224587385208711,-0.2056707403650844,-0.20006722948044156,-0.17336382908064932,-0.15667817417128274,-0.15870508240022793,-0.1666499836120689,-0.17354856610551442,-0.15828676288587631,-0.1501917088882034,-0.15149554759318237,-0.15487713399113648,-0.1585783751266566,-0.1583870462865137,-0.15880493285165556,-0.15676820794982868,-0.13230629922327847,-0.11356763862043846,-0.09453212503019745,-0.08847422260134563,-0.08981507470709638,-0.08951884522769452,-0.09543160382003583,-0.11414652659466905,-0.1327956092288474
stat_17,0.06069359742232336,0.0531521074986352,-0.016558389725807535,-0.16458889382097394,0.15471352748183734,0.03237167078573651,0.15397464854640183,0.15376579145340286,0.15398875965048803,0.15372154834818935,0.15396913382675886,0.1525987082560683,0.15295042937119033,0.15329108629326776,0.15361802893737414,0.15549158348210482,0.15514317003606268,0.15551265514888332,0.1664251171760398,0.1702275862590436,0.15511286226956225,0.14721146468441917,0.14554371573341154,0.144542706868215,0.13855078975864515,0.14037065080052719,0.14089969400383084,0.14938728174431568,0.16557364535033187,0.1771974605824612,0.18632707419240574,0.18756980050505184,0.15673509621665677,0.15132255375762121,0.16663002930628956,0.18540362261431478,0.21940826992713564,0.26239218743198034,0.31501391541933005,0.339761872216827,0.3415167220816564,0.29131557797333496,0.22819525264583643,0.23209725848142948,0.2541763868418125,0.23834532578520853,0.19709644992569345,0.17580496125694473,0.1983940754742563,0.20972409524694707,0.31878874098417714,0.3578649700070012,0.3582896311865889,0.360359444161183,0.3337169694175032,0.3027963488992071,0.2569777021110654,0.19258161930422255,0.1651925388190402,0.16195003190994045,0.08705123420568861,-0.013122648881958918,-0.0335644010955918,-0.003869432448160657,-0.0019968480631337854,0.04308508637326986,0.035167944629199435,0.023706031472885122,0.02454703073767759,0.06917762498504583,0.07189412045809873,0.007093235993411613,-0.07160225960720587,-0.14855749221930206,-0.17878790314333146,-0.18059490824797442,-0.22276352494333146,-0.2856181795473871,-0.31119301087687073,-0.29795849187530205,-0.24412124397651014,-0.22459867959812763,-0.19504712109537636,-0.11735138732129322,-0.043058174821335,-0.01683822401786839,0.0304975176704707,0.026595123596295962,-0.028109441897436267,0.017494967922064626,-0.0742526415044027,-0.07679996868690353,-0.10579068976784896,-0.11799942817403994,-0.13586931876283107,-0.15333933505334812,-0.15449965558167789,-0.15025354162397014,-0.1496694968415366,-0.15318647969701657,-0.16582999788509636,-0.1571182883211139,-0.13106588293443988,-0.12432769268051845,-0.09170322829532172,-0.1085096793489591,-0.10686937586062605,-0.10760480875021007,-0.11703451786720982,-0.12212130898478751,-0.1342818939717073,-0.10989361011211905,-0.08306075639649005,-0.04574757526697812,-0.03884970489652384,-0.012869399775532976,0.009398787481498179,0.010010956162801607
stat_170,0.8334651782104968,0.34726891314852837,-0.10904729520054668,-0.26479829297681134,0.5143968304499846,0.313908889217748,0.5142770722729877,0.5141547931848215,0.5138210349786649,0.5139114210342828,0.51378373685333,0.5128599347600443,0.512023707585948,0.5120037455526587,0.5117568056367816,0.5093354585047006,0.5084127088176468,0.5083980411885379,0.5069930540691728,0.5049203103970197,0.508243273601742,0.5066324368612066,0.5040771715140576,0.5063109257072176,0.5108776625920947,0.5223217675005997,0.5217023495453768,0.5139391524894871,0.5311686304804731,0.5339627677295165,0.5437773612161061,0.5441952900762519,0.5451390518971008,0.526741135739808,0.5199679696275704,0.5604453371789483,0.5848014323963406,0.5731482766412531,0.541133915486556,0.569935842871475,0.633989925685103,0.6948274134532987,0.7358692452488902,0.7866669819183287,0.7742820568025921,0.7375731031164801,0.7415392497459928,0.7648727865829732,0.7013726212994327,0.7111980140786975,0.6801407650608586,0.576590255932278,0.5726456388037356,0.562034768895655,0.4906916759358932,0.41577159662612345,0.34168956364417635,0.18120495800670736,0.13920211811540645,0.13260324537517926,0.13394786503067524,0.15411199134548487,0.1227870505163889,0.11599538251282906,0.11910428373030763,0.17602586189649772,0.1722665348852949,0.18227074696582268,0.18226529998410917,0.21525516872117678,0.24582001589087785,0.20438100857234828,0.10909703382898404,0.05645145956909538,0.019820255914352762,0.011133047683754178,-0.05235242793047774,-0.03596175413165444,-0.014174550291573416,-0.011137556461292454,-0.015587558418753384,0.014913475738509756,0.04088001520814673,0.04767705680467091,0.009617698061051541,-0.004789034900232251,0.009411669829341529,0.02247068122458246,0.0353829015661378,0.33107199407451576,0.05675007936701994,0.058421377878910136,0.07202712312657475,0.08163874611415789,0.08521001047762919,0.07033807592868563,0.05845271746081085,0.029620857009950912,0.022884883125809646,0.027021059344912838,0.006231082491482183,0.011003731992163429,0.03905263421875746,0.04572937041513595,0.08388005713935169,0.08922355397923577,0.09928214252927008,0.09851276542352502,0.10122924500880168,0.109719578135488,0.11895877974999824,0.13174947280760266,0.20951633068456602,0.2588760328626587,0.2683137293907226,0.3224494998809245,0.3290595720947107,0.3017956668909855
stat_174,0.046231365263815924,0.030717681031043123,0.20820323865040602,-0.03693744201647125,-0.039255894399593545,0.014307442960995882,-0.03867938923669753,-0.03909404702832857,-0.03969748365741553,-0.04043375746978992,-0.040433638279918895,-0.03808599100391255,-0.03215899192262013,-0.028521382210212404,-0.03892019114794603,-0.045046952896873854,-0.04931540675966201,-0.049661487279957915,-0.053037004574798416,-0.05769666162747738,-0.058225622941514156,-0.06251903987297605,-0.05824394595741284,-0.044039455621269215,-0.035576965089447646,-0.0384698588831772,-0.009646060221108817,0.03030288564514313,0.0774958678158925,0.12092258802120913,0.10227566905401078,0.10193541876588334,0.10005748212941959,0.11227206248844991,0.13956532863458324,0.16573728043058908,0.16886268182981876,0.09950984707205963,0.08501956122736179,0.07464060528446287,0.034544492296810864,-0.0009736282941604244,-0.019591215487283146,-0.04967077830961289,-0.07281960370983026,-0.13774290587581425,-0.1766149742805344,-0.16076178252475823,-0.15972343717042067,-0.11831620074818139,-0.0820379138190812,-0.12917103850792921,-0.12959536925184034,-0.12688958693512198,-0.10875513180189579,-0.04315891780211359,-0.02322502289365004,-6.804203766168441e-05,0.012696563283835248,0.00624024990788295,-0.004207625199327448,0.05114966756877469,0.10446381711537946,0.15079730684623652,0.16247123502558877,0.19939313359064673,0.19039426529737558,0.2335763125155385,0.23611278435610206,0.25984631935389274,0.27364268709664696,0.24911802481019973,0.22543547454395588,0.2099103648217206,0.18320210206284096,0.1811982449374754,0.18908967930143022,0.1653765733993367,0.18446840372431664,0.22045301721004815,0.24133310404416833,0.23877911056875065,0.24672064643132474,0.24256586213576167,0.24651939888490806,0.2152497348237367,0.1810602149094631,0.16490472871623854,0.14774691639823476,-0.08001486372857246,0.13254633451439973,0.13202255896697185,0.11649682789442885,0.09321246379948499,0.06794947115461956,0.058864428917330194,0.05370853848359666,0.047876415321348995,0.04512060185491816,0.041295147542022605,0.03504931376228906,0.04149151183046703,0.040953634844456965,0.03756427788225542,0.032713839721597235,0.012508303204420096,-0.033166824194507526,-0.03450179010230216,-0.04104369830911329,-0.042784665339908066,-0.010318363836091634,-0.019137850142105298,-0.030492287393206873,-0.027787228972264426,-0.02802436353586633,-0.042542824485797964,-0.052016930728141654,-0.06763662396802222
stat_175,0.6224345566472663,0.05304881601289329,-0.3940724999841023,-0.4834023774946008,0.5634506464817406,0.27275207644831523,0.5623946376594464,0.5623745677314992,0.562220788406922,0.5621491290000385,0.5620735880273364,0.5617459233732871,0.5596067872696256,0.557636477425314,0.5597674047413906,0.5599153741371562,0.5562623932533549,0.5561445127571306,0.5526569398071809,0.5519003915889894,0.5536063054157941,0.5488944156841661,0.5448776718151708,0.5431384539370473,0.5418501474079342,0.5350678039163442,0.5305254214954201,0.5304140821302846,0.5265937849932627,0.5236006539860999,0.5167472400232175,0.5169704397201803,0.522809379088716,0.5365247664270384,0.5552123256555165,0.5539310888799321,0.5515198632863715,0.5712343987418005,0.611524802097403,0.6841101632849571,0.7637966073874393,0.8284366270514393,0.8581932309925778,0.8683832304708965,0.8608854280952817,0.8325777761937218,0.7552876215776702,0.6882751744487695,0.618733601773906,0.565645145020267,0.45050363623922346,0.3469530623133085,0.34135177362311453,0.2484427354765867,0.20745210462847202,0.2030138358379697,0.2297536426784693,0.2815480539616137,0.29919172323038684,0.29312285219603035,0.2424573650225812,0.15216063935636906,0.09143216872872474,0.04910916870353642,0.03887769499477423,-0.027977947416871037,-0.10782073333917203,-0.14065780551611765,-0.14356551974310067,-0.17597259091857048,-0.20709312839467517,-0.23584098419538327,-0.26809891070886754,-0.2849537004327507,-0.2849856737202682,-0.2840960376394877,-0.2678123682948734,-0.2460575289771276,-0.2513286324598094,-0.26001029839386136,-0.271986034538334,-0.2922696518478492,-0.2723070114559102,-0.24619577665738704,-0.20350233750303998,-0.16277063855070326,-0.11987094099990589,-0.08892815207632808,-0.08135307625419726,-0.09676077766588179,-0.09343930664841757,-0.09525759178047036,-0.11236341211661346,-0.08157947111499489,-0.04985875000097313,-0.05354740568755575,-0.06929815830943077,-0.0785126536918833,-0.07989862663210465,-0.08090613870000161,-0.06809065259572,-0.047553510403829026,-0.040945072946842895,-0.04208974177643154,-0.052309043220499174,-0.06409176038909127,-0.07054590199854303,-0.07030228810813427,-0.06028566377665732,-0.04468141926109906,-0.040110364864520284,-0.042596549509283266,-0.044270693739026,-0.04868196044719047,-0.049580946927106934,-0.05906493033684382,-0.0665106173263231,-0.06966524837677333
stat_176,0.21266537354324677,0.36069550575099635,0.4306958288427158,0.46475345471753476,-0.1665577917987297,-0.09476518990448843,-0.1699918299492002,-0.1702413420364675,-0.17100982580759633,-0.17194203411672368,-0.17359804527670225,-0.17440165808845998,-0.17507578822890763,-0.1773280861495309,-0.17780831169667408,-0.1762852039539289,-0.17950333370002983,-0.1797825047822514,-0.18496149158288824,-0.18411801185848972,-0.18775997393708807,-0.19514695115348607,-0.1984183020267641,-0.20801000620865645,-0.21164460842930716,-0.2179690900211335,-0.21589504905251078,-0.20805301926337233,-0.20583553864377935,-0.2081580089112665,-0.21827449582498337,-0.21783651964573195,-0.20468208343405642,-0.21244862992893226,-0.22257842129587824,-0.21970462256244694,-0.22630701800116643,-0.2235795229711146,-0.2008254186677134,-0.19549461675684504,-0.241628407935764,-0.24338740285415655,-0.23307032583129977,-0.19106301621004826,-0.1903705599946756,-0.25698847023737026,-0.27885746325997646,-0.2334552236506307,-0.11946373586612427,0.0036436449253624244,0.007268557332531602,-0.022791881982777432,-0.021610971942787955,0.01316639017590598,0.045429134796655786,0.08138583865681942,0.05984917029723861,-0.006268405603095897,0.010182729293901549,0.02277766910889662,0.09987464050100045,0.16634134154636432,0.2729772190284359,0.3313754093709608,0.3289236107100827,0.2950019403760088,0.24282371107084577,0.26413184084558566,0.26522177766025623,0.206297556614462,0.07866260301329515,0.042046912417842794,0.04279620669484997,-0.006424612475268576,-0.05044747188870007,-0.059772025007864535,-0.10726919062840534,-0.13669708653102872,-0.07709015908130497,-0.01127884997674332,0.09011621517446096,0.12498712580029218,0.04442457830759783,-0.03157874765772266,-0.07736154191341656,-0.10389705795302598,-0.11473835969139597,-0.11103287797680357,-0.0827188987559935,-0.0011176425561930073,-0.03596972007892769,-0.03384721015275093,-0.02855470229179162,-0.01920841586556122,0.0202301180710903,0.024799518858187493,0.06809865758653597,0.08598467846718322,0.08904655265060071,0.1272428063323551,0.1160728094714396,0.0981191054649154,0.07453307732139443,0.07245798202433332,0.05763957570041876,0.04017087792928771,0.012529897762438891,0.009837570443425222,-0.023857313625744773,-0.028847685603161647,-0.03918629136379112,-0.05997589848177745,-0.08831086179179745,-0.08022144010770867,-0.0768799454598184,-0.06096154684819631,-0.03163406179452483,-0.01023567843048029
stat_179,0.42069849597214387,0.46004126676530427,0.4842053217840384,0.4938723555958854,-0.09846973200455579,0.2256762926863456,-0.1032487284599309,-0.1044995683020195,-0.10595932603913846,-0.10769810390096361,-0.11002961280536866,-0.11200981497736187,-0.11514123740627416,-0.11876981301671127,-0.11776874092627292,-0.1196715934605776,-0.12268755657292288,-0.12284477343032402,-0.12496316356106238,-0.1298986615016012,-0.13594273057322015,-0.14332783062388102,-0.14920535209315483,-0.15267795587726304,-0.1617624715311333,-0.16726898463208423,-0.16729969857785865,-0.1718777919509264,-0.16994182872199173,-0.16676961879949226,-0.16040004943729122,-0.1588730970614337,-0.15355440901761822,-0.13762548013608492,-0.09608006694149938,-0.08246020462036494,-0.04551894211057395,-0.08348322063934699,-0.11716268766003472,-0.15107109627371418,-0.169963744859067,-0.23999736391875764,-0.31629206405726745,-0.3903686675780676,-0.4109676977555905,-0.4046682728800222,-0.37664188744520183,-0.3515894809698049,-0.3637842604582066,-0.37950448872298603,-0.3686843452062879,-0.33801791025276007,-0.3336553222475689,-0.25528984477756267,-0.1606115650979956,-0.0687391786270281,0.06553772217803197,0.13901591613677622,0.19452019287729866,0.20602677158868637,0.3280072734249798,0.47434960675423343,0.6085236855297143,0.6245819202583329,0.6256652955272318,0.6471840671761082,0.6683340341898735,0.7151926681444692,0.7195355235267304,0.6942753874313463,0.6742360958569731,0.6457635781865657,0.625706820370367,0.5873742687436051,0.5327129135250339,0.5349299085645347,0.540815390021702,0.5074684578968534,0.44182511189449686,0.35558011310128584,0.30695124844513655,0.2835392486455711,0.289725460546498,0.3149967080206022,0.3258203983430255,0.2969534915989958,0.2705308982631906,0.2784612103588186,0.2928524049907889,0.21178219985219582,0.293639362772484,0.293108442808711,0.294837769626919,0.3029680192462245,0.2994651348619676,0.3037104710754856,0.3220263559877664,0.3326417989878136,0.34123270258961186,0.3553626785745797,0.34760285297685267,0.3363673255806804,0.33199277679329603,0.33094083753454656,0.32568194958084434,0.3198677252741492,0.28096576195928785,0.27746390651036207,0.2519163733723537,0.24412600353386749,0.22033565129588403,0.1959031081418868,0.17959706202487893,0.1900706424340113,0.1921955315223534,0.19083779570680218,0.20435278268268903,0.20861194704566607
stat_18,-1.7393444924707526,-0.8952474397684801,0.16200441076665162,0.014641883042752098,-0.8766495345800132,-0.6027039990838534,-0.8837281840273714,-0.8836076157937709,-0.8849807662945106,-0.8863379998115021,-0.8885255185867492,-0.8933448968407616,-0.8981344559205827,-0.900731316808558,-0.9004307424017686,-0.9044164033072404,-0.9112267777966613,-0.9117150095189369,-0.9143126703582133,-0.9169789993721663,-0.9202128950611798,-0.9288111523585596,-0.9350410151293961,-0.9410493201654717,-0.9463168637047417,-0.956893226956864,-0.9603202871492806,-0.9631706779892782,-0.983682581547528,-1.0161246959681534,-1.048174730359884,-1.050534872403305,-1.106098937513336,-1.1234124962220975,-1.109331143715556,-1.112418478079059,-1.090877973010159,-1.0620958285547855,-1.0202800519017723,-0.9810399861332563,-0.9783354421376748,-0.973011688027909,-0.9386855694954522,-0.9330297313573668,-0.9287856965364775,-0.9286734488033229,-0.9636127036730995,-1.004219912363706,-0.9600752105615882,-0.9526709054300962,-0.9481088736194306,-0.915865967450115,-0.9093963883770053,-0.8327444525478099,-0.8107792469655912,-0.798220038826572,-0.7239388545528842,-0.6687411903831365,-0.6216430583449717,-0.6130790740358216,-0.5912274682409039,-0.542539679888716,-0.5275348818270464,-0.49420995693320524,-0.4916628573350989,-0.4177159416831,-0.36346385650804547,-0.3367619356694292,-0.3377278119693346,-0.36535318600865474,-0.37857655125185063,-0.39330393753086923,-0.40294202118040684,-0.386304802267273,-0.37727011354649953,-0.37234137238667103,-0.37331573085392716,-0.35331420625431587,-0.2655817229455285,-0.2343902106320615,-0.19656538970565263,-0.14934664192520114,-0.10834801771188078,-0.08044056495245587,-0.07135546606878511,-0.01688709155739674,-0.018376655031094043,-0.04470469449728363,-0.034203913660127525,-0.17517250077951102,0.0005857169104028692,1.699236929475127e-05,-0.0021224486247216202,-0.003629787718429973,-0.001125092386348413,-0.0005656215147148123,-0.02696660054083062,-0.03347517444574152,-0.035839343899604546,-0.05208787108093115,-0.04129247600621403,-0.04335169020455479,-0.06991857065000319,-0.07674713134228404,-0.13009867681969745,-0.13961583593861007,-0.1343219029817527,-0.13388865380462422,-0.1363142860683721,-0.15575361338251995,-0.16095748590987197,-0.1571337446958158,-0.13052801901356503,-0.12577762882050972,-0.12464881136146053,-0.1258806939851293,-0.13602972440938255,-0.1713844392476142
stat_180,-0.40420182439348734,-0.33046274351703353,-0.731582574329908,-0.2980843488164634,0.1295801317609245,-0.18430860470973104,0.17245344493427844,0.16967773657062857,0.15222649491904652,0.1279861787462767,0.10194039073776506,0.09059842608699108,0.09790509283268721,0.11550097093263481,0.13880362393394075,0.16424775587380294,0.19255063113073662,0.1950079946072973,0.22154599269429812,0.23066271131922067,0.2304379395325132,0.2266117634491549,0.1951762870886641,0.13485152639750678,0.08401098095337424,0.05119756444613184,0.036697657554602234,0.03264805850287183,0.05268688021736696,0.09802733555763164,0.16002878226386677,0.1636078543261866,0.21089332619291448,0.22996676692284823,0.22503214995604143,0.22339526787462302,0.21660299760131388,0.22200531157454328,0.2125164228961895,0.20059405162351132,0.19124632360053018,0.18664667678060115,0.15339575425866706,0.09447086434822782,0.057885234759720794,0.031575727404329,0.0012186402772614597,-0.046192644902852575,-0.11094171645162629,-0.16510204335821763,-0.22048157018507053,-0.26945098617736285,-0.2723032680960519,-0.31909076178345874,-0.34429612783941366,-0.3793924224120564,-0.41814454023712805,-0.4326721116552628,-0.42783250262800393,-0.42720342152737906,-0.4017376855625867,-0.38300520159905554,-0.3795852068965426,-0.3956353810872372,-0.401889887891683,-0.4610151715470407,-0.5298689083019728,-0.5705548118852304,-0.5724635484938826,-0.5964887890563559,-0.6294425418305808,-0.6412196765819264,-0.6673512358711926,-0.6845574808379544,-0.6899161954567756,-0.6887954123134126,-0.6764488959362349,-0.6726038405637295,-0.6820685557606047,-0.7248410316351698,-0.7466015091728642,-0.7704973279106936,-0.7652640651767705,-0.7353321711259729,-0.7176601666118616,-0.6828365784096586,-0.6477526370339302,-0.6290735136585475,-0.635248959032342,-0.598666592930184,-0.654916786440213,-0.6564599367258208,-0.6721056161152477,-0.6828817467025596,-0.6736635173979162,-0.666256533137248,-0.6564218379722768,-0.6419648982239139,-0.6361502635671663,-0.6145293586603959,-0.5975036345299107,-0.5768241803741541,-0.5584817581808031,-0.5564218034644216,-0.5472121868061527,-0.5450550109198092,-0.5410875776255839,-0.540900459786423,-0.5404826850705622,-0.5483066696893145,-0.5525107723763913,-0.5562263829402392,-0.5643843405032555,-0.577568513318398,-0.5789815682029948,-0.5871763579305338,-0.5885469556588345,-0.5948877088038422
stat_182,-0.12060666692882105,-0.20016536995317633,-0.10294281131681518,-0.23616017313972684,0.1341316511063802,0.05660853757459675,0.14088887446554493,0.14220559692176038,0.14339011153771083,0.14557040224745424,0.14872737637998334,0.1526672333276663,0.15567579356715724,0.1581054527960307,0.16492061111452858,0.17280371672820555,0.18899932489667504,0.19032440934299227,0.21401014741689856,0.24140351740115054,0.2696557014964768,0.2704998595006861,0.2828269149766696,0.27343944920212443,0.28383618743409783,0.3511268010338014,0.38796604950380187,0.4484716775395962,0.5717684950928706,0.5224374180609738,0.4322929933412424,0.42506646813169086,0.37276739074473964,0.29725418104163115,0.22561371004058778,0.17639962095914868,0.12745670976489337,0.07971257387687379,0.0705425073270171,0.024640619269053823,-0.013871177821614932,-0.08096787910617863,-0.08856966549707457,-0.04369162356601357,0.010079429082296358,0.026586089041272187,-0.02954528640442819,0.0030870268860320993,-0.035853685551853295,-0.0795638502841378,-0.12506650181674778,-0.12949159293914322,-0.13255811591971658,-0.14057800961023667,-0.09066473645259046,-0.0692292398704872,-0.056812020982367095,-0.05270794307417883,-0.05388296985713701,-0.049146422891929865,-0.012156408726507313,-0.009950787106406383,-0.044549688640496424,-0.09136241762876238,-0.08611169780688682,-0.06711355365056436,-0.10649623783602866,-0.15912403524148352,-0.16148326024686024,-0.17433697980478247,-0.18796685116500103,-0.15167494458852254,-0.13203727967102588,-0.14679334610889208,-0.13158167928213957,-0.1297243912695532,-0.1313015695591012,-0.11449592139785084,-0.09797558566500632,-0.1050588716272895,-0.1121331628300152,-0.08806826802345483,-0.11797411224689297,-0.15526070350276755,-0.17298150508735388,-0.1928141395522316,-0.20255694081785675,-0.16855716991573277,-0.15320576756283985,-0.027493469498188757,-0.13688349249062692,-0.1380746838787388,-0.11156439025707528,-0.07045355835492328,-0.06700144060817197,-0.07012749873326096,-0.08209827016606581,-0.0861065895058508,-0.08658407901085867,-0.07962641457753272,-0.07485060972267893,-0.09510551840970198,-0.09845084019868407,-0.09584917333967058,-0.0637550284777929,-0.04375919416491103,-0.023023836505058456,-0.02166845839438564,-0.01580610515262584,-0.020673379298050982,-0.03021011096293675,-0.025355557178905083,-0.020504848192447654,-0.015730330704817806,-0.016731432443188227,-0.0009944538244356417,-0.017440802839157648,-0.018919964581938224
stat_184,0.405217682901544,0.3161222828799512,0.15249883252721325,0.08794662789739809,0.1786080758584944,-0.11618533402870945,0.1865465038836557,0.19329973723357294,0.19033529633479915,0.17324260681892578,0.16261701474970958,0.16097746950267594,0.16490278239627368,0.1785716464635605,0.19424605042626655,0.21210966960823055,0.21526759849720764,0.21577111949857888,0.2301808409198792,0.24885087826973196,0.2554044767271304,0.28500502602060046,0.2550319187562333,0.23487691740617478,0.22828374067684956,0.21222024890031135,0.20932324695306379,0.21513193605222192,0.22595661710615242,0.24454641761098578,0.3412652311945213,0.3478134645182413,0.35712414403946774,0.3696625999299765,0.4045753997024236,0.4668631180072265,0.44656569940108615,0.4298062270861018,0.45453077729565855,0.49056661538014623,0.4451622838856072,0.4384220767815396,0.3581023424171434,0.2518610323289876,0.16406071017633753,0.11392883296369875,0.04754682053783138,-0.054757310688514145,-0.18786214599341475,-0.23132110642609546,-0.2557320880459504,-0.2722950640572677,-0.2744492376171736,-0.2969417153362456,-0.31247272086818967,-0.3237853319788287,-0.2831465047022681,-0.19757182165462892,-0.18759887598110409,-0.17867936450566396,-0.17512841434366785,-0.1590544610707584,-0.11819551025325362,-0.11476769085399798,-0.1137560064348777,-0.09080438792457951,-0.02163509442860893,0.021973650208924184,0.020411644686175418,-0.039268393731058025,-0.10071172091677076,-0.11913069026096162,-0.13459190875092433,-0.20280109334042346,-0.29708170251782345,-0.3048793123534873,-0.3181764761973459,-0.2988847939039053,-0.28960084847722445,-0.360830981632966,-0.4220904952567164,-0.46793707169117243,-0.4893793249420507,-0.533043084720974,-0.594754490072618,-0.5741603605259702,-0.5123013778534116,-0.450497693495995,-0.4049679905318581,-0.43180568793741175,-0.46851622899476403,-0.4734953701809696,-0.48973101134919744,-0.43522852123860295,-0.3819572038623991,-0.3818023400942725,-0.40906580885094296,-0.4755555351875376,-0.509263008952885,-0.5635336154943769,-0.5479011352247706,-0.5397722488544799,-0.557246826144238,-0.5647936997922895,-0.5982370166911992,-0.5603910982759481,-0.5063834922160998,-0.5055409211395986,-0.5023936136439386,-0.49511475407705974,-0.4979044792727001,-0.4926056843983548,-0.48688522906084325,-0.4601232990755873,-0.4557352381647455,-0.42365958007381616,-0.4133311639744435,-0.4135927488078246
stat_187,0.28181755542126735,0.16059486796132316,0.1793123436725865,1.8648664507885937e-05,0.20015792481839104,0.13321489555903668,0.2001778573833862,0.19976209783562704,0.2000324253384383,0.200160968150065,0.20099789036829166,0.20307735928010823,0.20684586697293855,0.21112820514892028,0.20176178141206222,0.19766722498431655,0.19664031436337126,0.19660064955139375,0.19456407362426476,0.19370059102919468,0.19025290401163183,0.19162718898978476,0.20066767246190215,0.21195781919537865,0.21549353416498088,0.22678342399660997,0.22825763299278426,0.23703237410679454,0.24499362721644546,0.25925606905282983,0.27057926015874106,0.27177582450839755,0.2943597274955493,0.3273982737315802,0.3571871433160877,0.3734805438223359,0.39583947186896346,0.42681551372595894,0.4368555382236359,0.4538954359107537,0.43026226386523614,0.3583101603699558,0.33193942606308313,0.3373743698655247,0.35014126408216756,0.32289611458790884,0.2800891689673234,0.21077027015659947,0.15514251298480652,0.16254965228772542,0.1946542674192637,0.19396384565097533,0.1942255343035866,0.1905199332323221,0.15477285875891603,0.12437544325656259,0.10911314615948817,0.13696015587954294,0.2190935473717487,0.24084355880017452,0.2944701489651283,0.3360591783720043,0.3540497658427009,0.3426575548330538,0.3370060714245489,0.3358120258444887,0.3362392055522207,0.2810264046517054,0.2770200155712734,0.2288702123544624,0.2210059120865482,0.2039085827303973,0.25501029069237063,0.30163656470562916,0.2691998121534659,0.2585262324660142,0.2060223005544359,0.2492009537212112,0.2938588297155766,0.33533193128020067,0.4094653978558032,0.4394580247942802,0.3633150783850686,0.2978313564906586,0.2408373479088695,0.22647946260613488,0.25465809576848897,0.21182411982375535,0.19073797215414198,0.31608231763313377,0.17948677152091205,0.17992036502131492,0.1946422404346762,0.21495487706287528,0.3014099752101368,0.4087422923856301,0.5685364614066774,0.6569545539714099,0.6827012056978317,0.7546331924588122,0.7850657780440409,0.8064383877651101,0.8020719856221593,0.7978790515684905,0.7690057906436888,0.7125513882559541,0.658740605204877,0.6547158212600147,0.6151932620736751,0.5805415802036312,0.5426687044979878,0.5139502552604712,0.4720530825157866,0.4289145899007049,0.423750951416467,0.38092633947760834,0.366613072056916,0.34766996346104834
stat_189,-0.11090132852136657,-0.2234313004417275,-0.30311299526355656,-0.24384645892538379,0.09772860185883994,0.059189255813432255,0.09702393671866652,0.09774612662093722,0.098161736374289,0.09740543475005907,0.09653818611474718,0.09668952680639051,0.09938758370013719,0.1065865121885492,0.10895544993283629,0.11136634177678308,0.11162173372302611,0.11143291578258589,0.11152477314774617,0.12123080664734562,0.12549327989747633,0.12036679783817308,0.12824778967519923,0.15264038639294586,0.15576938333947865,0.1615176273482418,0.18261256052756247,0.19266694606403587,0.2017633344702914,0.18540606842984195,0.20161296472710863,0.2013258760695342,0.19675525704869345,0.18918208404270298,0.17985133814064272,0.15719563766187514,0.11639889469091884,0.0681681137410091,0.07649476597362033,0.10178240106917016,0.09081725962055963,0.05457146294211687,0.05778958200285908,0.07744197777833864,0.04454534009416693,0.012227786851019022,0.003135966252033869,0.03133943280742501,0.031056558875520657,0.01704166683623132,0.07000329746501201,0.0921234063213708,0.09231693000937129,0.08120896913799414,0.06733606114765393,0.07129360621718017,0.08869716503278025,0.08949485181907652,0.09520961031085798,0.0963308128886751,0.07293262496160857,0.057883965572324364,0.0862556938106379,0.09588283622956222,0.097086673419461,0.09995554233178285,0.08329641900431421,0.06538205838755821,0.06527512163528505,0.04828169642183043,0.05916059581526963,0.07319623135441086,0.08553201224241813,0.09621329084246172,0.11692937957809046,0.11807251679087916,0.11966796412310948,0.14077958474550026,0.1129344024622864,0.09374813448865862,0.07406087497624168,0.06436316769890826,0.025394706850177768,-0.007228744990812474,-0.043951397827454,-0.06618625337630617,-0.08779897029226799,-0.08538899667962424,-0.07000496450246796,-0.08550389648996669,-0.046597248938101826,-0.04494454224798565,-0.020462980167658705,-0.015462731494836656,0.0014033875295353239,0.006835356183334599,0.011879209791427484,0.013045095142378286,0.013635084130683067,0.016329292320103314,0.0038643176492675073,-0.004917062177474641,-0.00897086925352055,-0.008849883084194661,-0.019369176076201443,-0.04083738336471431,-0.06843928971918056,-0.0703279909710526,-0.08489052088871489,-0.08748847697795785,-0.09127568361415132,-0.08432529029222086,-0.08087700089291777,-0.07571263600098814,-0.07406742062931673,-0.06747854562483854,-0.06747963378264732,-0.076771053487574
stat_191,1.3609287157095677,0.950466486642959,0.31927968685428176,0.3545855106244964,0.443881914489586,0.292199912340702,0.4456300184047338,0.4465347697204609,0.4475242147207503,0.44925721347798403,0.4490169800699071,0.4512687040592656,0.4539202018247528,0.4562931447627622,0.4653083144123287,0.4673661089694498,0.4662501391475347,0.4669810269814165,0.47980262777364263,0.4898135302845341,0.5209759241232199,0.5779954967046399,0.6465766216353973,0.6706002215608774,0.6436724546919099,0.6479509672286554,0.7041201564478834,0.7107414984105749,0.6600668384180987,0.6264358285395674,0.6621375384301428,0.6619037910234681,0.7518620487193126,0.8590667420200626,0.7841462321266505,0.7306304101982563,0.7047870772550701,0.6988161347470122,0.614740320634125,0.5393780486676524,0.541450232720128,0.5890995791631841,0.5608337603274269,0.6050844387726094,0.5707456654297067,0.578616651216043,0.5739415355746942,0.5083173376443436,0.4859322055646872,0.4982595231331103,0.4139691122856911,0.4442169499735246,0.45041536796209747,0.4972821939174327,0.40529123944197337,0.3347981879556911,0.33413256140265196,0.29443744762792423,0.30986611521065655,0.30702392302991893,0.3180864498010302,0.28077079018142964,0.1983342521998671,0.17897553312857456,0.173057151257721,0.20722232100459184,0.37767421968888204,0.34940245484803434,0.3486256246053699,0.34450493089586137,0.4379626473386967,0.5453585329888627,0.47897795092693557,0.4708614224588256,0.5181979326010422,0.5273723628510122,0.5862799983113727,0.5504717289057209,0.4582109655481907,0.42161905656146553,0.34930288991577996,0.26981177190577893,0.29158150773813535,0.3151954107977446,0.3439230381031504,0.3759768836231184,0.3473638466958022,0.35226522913875213,0.33177249871060344,0.282060661605009,0.37338210060168436,0.3758652978803484,0.3805432958540038,0.3734291287106907,0.37649043175711083,0.35053184651665414,0.3403066743865821,0.33809882585153556,0.3416652681995421,0.3371436854081395,0.32429620849192875,0.3329399928526287,0.30776099196712664,0.3015056509909239,0.258006696906056,0.25527894997772727,0.2628481007911534,0.2639692221521385,0.2706325742374307,0.2807436712679814,0.2901448372030539,0.2906335749088976,0.30140061987731925,0.3073537740476437,0.30654318259283875,0.29323351722595314,0.28523637453409,0.2834018948408072
stat_192,-0.9524329927953703,-0.5731227525684947,0.1251682023892133,-0.005922622171435629,-0.28218906488915496,-0.2956879052194033,-0.2800223357074472,-0.280666793008183,-0.27911984386220634,-0.27834739605349496,-0.2836323686341535,-0.2895687419803327,-0.29141974790675695,-0.28973878287818544,-0.28673121467858514,-0.28359889210931416,-0.289213891152306,-0.28974754787583135,-0.2937893328897108,-0.29692262610619213,-0.2996238057451814,-0.3150229117310188,-0.329575183855302,-0.3414220480567425,-0.34188800522616236,-0.3508984493788445,-0.34184309881914043,-0.33786049827701725,-0.3262847603873294,-0.25852945264985666,-0.17528638502151436,-0.17241106677608817,-0.20898835735087457,-0.2727680166014867,-0.26350996821550327,-0.2359655931584523,-0.22459300339147958,-0.2214401778625799,-0.18072075140709107,-0.19540040823941052,-0.24501413216372991,-0.26825791344190103,-0.255249113877142,-0.1796223824857149,-0.129919960103342,-0.17711196854597186,-0.2778675993712656,-0.33172457384646103,-0.3244711914907984,-0.31407811663497187,-0.32528282636203554,-0.3484067538851784,-0.3530162763079762,-0.4505792650854837,-0.4654652317591628,-0.49379192287901963,-0.5273582371061932,-0.5562252144104965,-0.5522574003201721,-0.5456422229702653,-0.4551619720609,-0.3781876082420413,-0.3589058172529516,-0.33571198926247453,-0.3354325247976375,-0.3306698733184032,-0.3429128961836344,-0.24925842193625228,-0.2438258964888947,-0.217165420477737,-0.24634950862010843,-0.28626793474134643,-0.21005999295728267,-0.17713709728977625,-0.13618931676469487,-0.14045233173562902,-0.17119710641183405,-0.23925038542883312,-0.23211920890074814,-0.19440955382116648,-0.20094438083795968,-0.21157093210574385,-0.24222280615315175,-0.253968560625144,-0.22093222012883335,-0.2589870237299885,-0.2613732623816001,-0.2573901861602642,-0.28181331190440106,-0.17591908421493857,-0.2703518800652568,-0.2685221268127908,-0.24407792393531338,-0.1916440493174778,-0.2228325947195886,-0.21325237145739245,-0.19548203750269724,-0.18126383134822144,-0.18337993598390223,-0.2134280013393665,-0.20183524440804199,-0.23346353402235032,-0.2435370979605912,-0.2406746575052199,-0.1757830864359799,-0.13043654039311928,-0.09444406055470095,-0.09102403357655577,-0.07153490983312251,-0.08150033642396787,-0.09405911322993912,-0.12310624033306328,-0.1212753946998393,-0.1152921995758868,-0.11419525765758946,-0.13396841640912072,-0.1764962257292837,-0.17391894681936146
stat_193,-1.7511015528622007,-0.8166026373183622,0.31576794846658535,0.27779836994078677,-0.8357035037244525,-0.42384519010603067,-0.8391954631677894,-0.8396324094871619,-0.8396851538897254,-0.8387518693525432,-0.8381208685967816,-0.8390268307014079,-0.8423956995617784,-0.8452918513289218,-0.842483303214359,-0.8331613647415631,-0.8374219779930011,-0.8371341128920563,-0.8414781705611968,-0.8312035691932481,-0.8398922702603033,-0.8574407048916207,-0.8583449313328461,-0.8705272425296138,-0.8979714426144764,-0.9010935483714321,-0.9387288157778231,-0.9885012864677896,-1.0465461277788901,-1.061327477399797,-1.0938265776947687,-1.09553780374044,-1.1494949606150866,-1.2035408378064978,-1.2070017596580986,-1.2152530900628535,-1.200744992336568,-1.1764807199114633,-1.1698375420806255,-1.1704675021372846,-1.1505476490282125,-1.114322355479196,-1.0751380955844279,-1.0611688184971513,-1.0176293813299677,-0.9830958924799875,-0.9848119230233459,-1.0052355076257238,-0.9411173788199961,-0.9212047603830806,-0.8710702808658679,-0.7965587303662491,-0.7933811680843238,-0.7038822103145211,-0.613852954263665,-0.6610386572188901,-0.6777935686885953,-0.5898198807945403,-0.5731769871209353,-0.5632348589313493,-0.5663034971635322,-0.5621528075032423,-0.4575589910696585,-0.448246912145056,-0.45826127798802896,-0.5299039858350124,-0.5552438139845416,-0.5439366613778734,-0.5406633869251534,-0.4644336863377795,-0.42769818260970294,-0.3970467578807731,-0.42382261512619196,-0.47398858179855,-0.4719257554190224,-0.46789285920413415,-0.4056787414169541,-0.3972007557432995,-0.3822533073534002,-0.33980008984704124,-0.3525907821983806,-0.3451097890224725,-0.33456108536926676,-0.3290378238803364,-0.3069363027686607,-0.34362526348634603,-0.3337732105446592,-0.33015928512132064,-0.34768031688063644,-0.3104009927601804,-0.3665747227951228,-0.3670781572594651,-0.3579894574477463,-0.32864560064996645,-0.31104234239581924,-0.37538872029955805,-0.391552484978178,-0.3339822073880853,-0.320372115473982,-0.27842491801739505,-0.2801541614294547,-0.27042250940084106,-0.29639894176385917,-0.3010018896145431,-0.2945535548716915,-0.2923319148709781,-0.276895924960112,-0.27603079831093036,-0.25672956698564314,-0.21738924219345818,-0.20738632578324362,-0.2215687552646839,-0.2538700335471728,-0.27147742197224944,-0.2759912492774396,-0.30160223358759036,-0.27827142245302927,-0.2881712121957157
stat_196,-0.3522236484725845,-0.11827067662299388,-0.2157489069126788,0.1254248210966314,-0.04884629134952254,0.03262654004869336,-0.05105213115516797,-0.05195954649406641,-0.052154503270420836,-0.05128075902204146,-0.04799500757209213,-0.048002057394493224,-0.05061208311385843,-0.05295409421880975,-0.05203429801384752,-0.04704456780923706,-0.04531491817307094,-0.04578232785815967,-0.0482550816203237,-0.050960653288243424,-0.05588848890399875,-0.0615798980990211,-0.07134296838570713,-0.07079743343806354,-0.07115543805085593,-0.08149368768615403,-0.10793089384672865,-0.11143837564325375,-0.11482478186167662,-0.12700944575502016,-0.13100297863679078,-0.13184888015474733,-0.16049082737692816,-0.16451512883155173,-0.17493414860824175,-0.1641287171321916,-0.14253434695457964,-0.16898307751160047,-0.167633082819037,-0.16722590008239033,-0.1361891466620473,-0.07000243087713617,-0.0563780114655114,-0.10926421614231087,-0.14228507393790824,-0.17709334503432092,-0.18084687345033468,-0.1276602734158537,-0.0655660184083972,-0.046567255413682215,-0.06143849009511702,-0.07377111653372667,-0.07280749921808746,-0.03533642213853149,-0.019318138000617362,-0.03051542335473308,-0.034130856475264815,-0.02403913212378094,0.0144068136446168,0.02251867182144043,0.03975620520005636,0.0320291993069246,0.009670921757263105,-0.04814631220406112,-0.0590950297498143,-0.10747295271336768,-0.12344208320388377,-0.18073028642641048,-0.18200258786606988,-0.1829528527983865,-0.16926425772621576,-0.15687727106582552,-0.15875633923280721,-0.12351649405446646,-0.10102955192902704,-0.0994036440455782,-0.08303595350731444,-0.02805114450076909,-0.0016279248840048335,0.03135136068760653,0.05811930928814688,0.075858861051644,0.11443965684067521,0.14761710255453805,0.14654281680095524,0.1046863667708493,0.03904396579674997,-0.007626229773789271,0.010492255643149179,0.09323916651277438,0.030347337222455476,0.02732256963095158,-0.0249402173151575,-0.04241890496365926,-0.04677977838789227,-0.06891607690884766,-0.05992203425842929,-0.045093566771187525,-0.04182785463068745,0.010663784973952282,0.040392085247913434,0.035483195216299224,0.031940627380932986,0.0339502454451476,0.0170876746269439,-0.009986639588095276,-0.016059725291626706,-0.016167264931173375,-0.02799828742819389,-0.035393794217567096,-0.02302130026520003,0.009912257357593367,0.033150167787156425,0.06402192637316989,0.06685465603085808,0.07721627547486629,0.08370240388762765,0.10363545780863097
stat_197,1.3611253628405304,0.8604394004058182,0.21791333597694176,0.22967766849178725,0.4292451428965902,0.48999888183249823,0.427503613776062,0.4273571282687604,0.4270802831986301,0.42690283595672557,0.4264980620970202,0.4252467274038471,0.42344905146542244,0.4210966112522972,0.4211650755669745,0.4190330019054524,0.41535209246176064,0.4151643385699578,0.4133351177937722,0.41316977149122286,0.4129909597205843,0.4122278793854192,0.41156523665792744,0.411522202436753,0.4106702217622978,0.4112560166204392,0.4100675745133876,0.41185786317741807,0.4151019937462415,0.4064349687306457,0.394403397372394,0.39494376667193665,0.4008163409298264,0.4164901137583056,0.44804045106164886,0.44495918139966817,0.46267044339701785,0.5112970763058656,0.5167631856901717,0.4967140992764564,0.47216402392514345,0.4846925810922729,0.49660032575874624,0.4782044466381503,0.5209892776456276,0.5460710990815297,0.574168118705097,0.6284864972369875,0.6824503396540543,0.5381652124089047,0.47547331679376986,0.5514258401453682,0.5566573840096807,0.6757971156541754,0.783999267310415,0.8365667820420294,0.8047746696356685,0.6413072751645232,0.49559414445614663,0.4510174317409727,0.33558084918329484,0.2527485375977956,0.29376270759779655,0.33490483437230045,0.34137090061419767,0.4497058701168845,0.5780962549902817,0.6609596436067782,0.663991728673525,0.6293115863298068,0.581567836830174,0.6672093690338212,0.7218051963718426,0.7936622895374572,0.8925038815362041,0.9042976575548527,1.0116036170439917,1.1067904244209186,1.1549224072390603,1.2028888465315548,1.2437598122754097,1.1859472150125097,1.0302273067740326,0.9119974417659259,0.8380857421039006,0.7839628336056059,0.7422118671822888,0.705826867344568,0.6823972902665696,0.7168396642573791,0.6656707579688392,0.6640278143926336,0.6428260422314521,0.6475331338570252,0.6601286542254052,0.6826256727887111,0.6863658887353677,0.6847927805214242,0.6814970820791807,0.661108126246999,0.6515409218414497,0.6379702708044551,0.6417780959797486,0.6442369952204311,0.6569801128006938,0.6469746178470879,0.6489732080441668,0.6494868439962731,0.6577165111744394,0.6686588848609835,0.6793530826961037,0.6754050231725952,0.6832434547807743,0.6892707874170407,0.6901188270579105,0.7031091234246366,0.720441452552605,0.7201301968556331
stat_199,0.3214523772596046,0.3159415566072246,0.1577975461449336,0.2568055835132586,-0.0565759857065111,0.07848329230283983,-0.058542200682013296,-0.05907160025664392,-0.059375527747641606,-0.0588958305152346,-0.057410479737518776,-0.05914793344363264,-0.06069393539785692,-0.06053986665207474,-0.062418872509896625,-0.06264596917313713,-0.06534069475226029,-0.0655113405978525,-0.0662917385870952,-0.06371978162023235,-0.06312760161187737,-0.060824220188742464,-0.06012953836786484,-0.0638785207918134,-0.060138843478191886,-0.06539567374915309,-0.07482843545591161,-0.08386618246754227,-0.0850074369442059,-0.10139422748271444,-0.10536238247160938,-0.10661622744707511,-0.09720881546397214,-0.08206263630258327,-0.10407499341619207,-0.08825841141705112,-0.12117346611642454,-0.12840486746777308,-0.05985141696411779,-0.08032057441329321,-0.04119546961366598,-0.01691948279477401,0.055600932190158846,0.12153649546145995,0.04837297207121716,-0.00819732837865872,-0.02868331790153005,-0.01482038903382984,-0.012722925038450881,-0.0065502656413025705,0.06817510934555696,0.03138501387827614,0.026122140844315685,-0.06010956610086285,-0.054674132434882367,-0.08248539337534247,-0.07900277068626092,-0.09724893766263827,-0.11038755117673218,-0.10122065309181257,-0.022601579816877878,-0.028407738156132983,-0.037587824080810475,-0.07349830141463587,-0.07704650084776567,-0.10467377954506225,-0.06665684081367941,-0.003597464926661138,-0.0029305678272292445,-0.025399232975056526,0.03926581303543686,0.16317483648376496,0.3131850666104739,0.4199721630309277,0.5393544000890366,0.5607313203217021,0.6950653321483441,0.6668253995776974,0.6354625734707615,0.635951164033322,0.5788664463780219,0.49286800785338375,0.4493596166965962,0.4512463637671567,0.4627898834829064,0.4554693334832621,0.46693683621735477,0.4492700982500611,0.4418253049722232,0.19288095427205232,0.40584139971778177,0.4023763992985594,0.3172537424389849,0.28149414388121186,0.3113052767766116,0.32668082517376396,0.30433220926241666,0.2895855055508045,0.3039703051762114,0.30647271996612596,0.27583489625409396,0.26242260925113703,0.27449069403611775,0.2773247522331081,0.286458730451423,0.3014036755178146,0.27856790410329263,0.27794862430904294,0.270525263522368,0.24076540660476733,0.2326764367960455,0.21747960587809206,0.2068924326848106,0.19556816922660472,0.19334985880918554,0.1797849462101957,0.1948327416237322,0.19797426627493658
stat_20,0.03982273718171527,0.28288832866596336,0.30626808726834787,0.4103049452511355,-0.09381769914758822,-0.09072936286635848,-0.09688134391744882,-0.09752945276084923,-0.09822153715136453,-0.09886416026249342,-0.09954516567422667,-0.09974050411267953,-0.10150429630560202,-0.1020285744699373,-0.1043482260830248,-0.10943957631599835,-0.11403458219815535,-0.11442827778183566,-0.11461834525135106,-0.11958237532377167,-0.12874379943778358,-0.13779211656482057,-0.14369165077042342,-0.15370874015343408,-0.15747850578960818,-0.15845547787154632,-0.15240743896086467,-0.12101018880594656,-0.13107892143651087,-0.16608095561135,-0.17248031021436677,-0.17051890966547978,-0.15353779984960936,-0.1289874752309887,-0.14166731101240831,-0.11274354592372374,-0.0647891888106685,-0.08948136939304162,-0.0770846537497919,-0.02904560069839929,-0.0003679243642623257,-0.07089401017727982,-0.09730600698337885,-0.14834944438857423,-0.15930915169499257,-0.1690303194758895,-0.2057049044569166,-0.19733370336889297,-0.19311180183505758,-0.20283682369278927,-0.11989795191687481,-0.04081678353276836,-0.03853954835257248,-0.010558576560020502,0.1357937516599889,0.12210458950188338,0.07689411120560781,0.0397336917087919,0.0062780839008682735,-0.007444121192952353,-0.02618232811517697,-0.039916598085175815,-0.02441031673392292,-0.03517479035261344,-0.035756567141830724,-0.053688450680737076,-0.07849640737212703,-0.08095600660998846,-0.07796509602760335,-0.055180631213029095,-0.017765497752931576,-0.024555300005417717,-0.020592885869297698,0.04418045156004946,0.06281217059168935,0.06673168638844627,0.12537243665610767,0.159093676286534,0.19796931910690377,0.17285115961819064,0.17003488200219605,0.15671072265893332,0.12101007232281646,0.1423364659450077,0.17754081813599437,0.17664721755400525,0.07011185129883483,0.04518388861373718,0.06464258833391907,0.09203842336335297,0.05825873309659448,0.05816482932343304,0.07757463316787086,0.08907378509740344,0.10162573388832286,0.09145848899898057,0.08093564278326233,0.10276024474594356,0.10546604277953196,0.1118769354658975,0.07248901289415055,0.07372973907403098,0.07310806322516783,0.06853363275990942,0.07285350940087099,0.08587722863394155,0.07156074328930721,0.06756506068180394,0.03216583704146807,0.03017652344956466,0.05106603014025581,0.042715640176773054,0.04923393215343026,0.036256288634178964,0.03989837000477729,0.05302937730320662,0.06410483990919826,0.09122788923325191
stat_200,0.6352361898484244,0.36212690926291496,-0.21345158004869835,-0.009500321551089886,0.3411186089099134,0.2522113158177831,0.3392980670599275,0.33881807933189884,0.3383987161157871,0.33770697725297344,0.33867827416905255,0.3377771798280463,0.33620116321325505,0.33604604310873304,0.33467938370818967,0.3332908745167179,0.3316519714231794,0.331740697026434,0.3348454265819876,0.3334187059988799,0.3288820831185202,0.32706228369268237,0.32167773022267226,0.31985208234299733,0.31964158879128823,0.3148364775364765,0.3100414814881496,0.299186295091469,0.2934491082670806,0.2786876368068428,0.2804226995432418,0.2807738060476206,0.2825167507184816,0.2741640006365051,0.2550268002544682,0.26654984974170176,0.2778611382844839,0.26036504854869885,0.23578027110720207,0.19874529732831497,0.19765330817383314,0.22657872284406239,0.2930566693811294,0.38015038982318805,0.4494880569027875,0.4502780745499686,0.45360383449986885,0.46023790612798227,0.4293335695797052,0.36424918057378497,0.2973606640666711,0.30575216477347716,0.30808128060693135,0.32856960165231275,0.39869124844838333,0.4008360855171078,0.4448452443589588,0.4675678254463247,0.4556401786622097,0.44519292748862666,0.4140162245185911,0.3302286104961223,0.29542211854722883,0.24706836825158707,0.23302249135827383,0.12696188851294538,0.12926393941822584,0.13556950646288599,0.13511108108529,0.09336120087037851,0.0813330766315937,0.15445881798490504,0.19109867209066458,0.21735788182442312,0.23683070767034384,0.23408404789470744,0.2549328844024056,0.2965454599117137,0.3568337346231657,0.38421162616894444,0.455295671999199,0.5194822855867077,0.5332080296216303,0.526643334728237,0.4800454842321939,0.5010952055639026,0.5098331832577053,0.5054452374640508,0.5010709950449134,0.3664282226318499,0.5023253680807235,0.5031167351950512,0.4628592666084125,0.4374135180155688,0.4557938317055034,0.49217070733833634,0.46289351963044806,0.4366851357470675,0.4346901711643652,0.40607362453964096,0.4006478701415034,0.39590585663651345,0.37815365808115226,0.3719504501643114,0.32216257967900686,0.34313664527217114,0.3644863649305172,0.3651228845078502,0.3567174880786013,0.3510501210471813,0.3422561292018705,0.3391696276961238,0.34131414993185916,0.3535546570385445,0.35585872133458923,0.3572367461198328,0.3246483612766681,0.35926556379222174
stat_201,0.9738287485605482,0.43582543474020585,0.04027648433102695,-0.06480397389201441,0.43180823019190806,0.48835728341865725,0.43146618492153727,0.431093700194374,0.4297809408089668,0.43030260736883813,0.43098283393849895,0.42916717326644616,0.42678645208421834,0.4260288602754734,0.42698345939653193,0.4270286585745853,0.4220490251178827,0.4218968049500851,0.4179545812270778,0.4161860022707933,0.4195352684359633,0.419582896777087,0.4135914979734682,0.416951724123431,0.41068574896658083,0.40476060491512617,0.3987583565878166,0.3921398784611527,0.3841688237956045,0.3706219359869939,0.3598256786688302,0.35850841046681703,0.3482062705837439,0.3345969767970624,0.3147285097581505,0.29212047827442134,0.2723529338883703,0.25512835567650555,0.24534107282055434,0.22962211944606487,0.19947578446711148,0.18941259238388017,0.2368755061084806,0.23539174194350074,0.21041160661212302,0.19009571554633747,0.22071151099847952,0.2861018519238377,0.30189070436241766,0.29276877802037526,0.32963683906843333,0.4354365047557038,0.4400486366306601,0.43796467640311926,0.4423877425974109,0.48005670809614553,0.5676738144130005,0.5582259756685256,0.5838189836204798,0.5985813660939201,0.6550813706671154,0.6912263075003415,0.7387732572717162,0.7140175779469936,0.7012650349319356,0.6376546833174161,0.6636712883954944,0.7112051914515433,0.7128306605949033,0.7109785427118465,0.6740118877914205,0.7142523198332299,0.7535031631211472,0.7470376810520674,0.646368014747004,0.6339243493050208,0.5963888337615751,0.5629699882098288,0.6702606227266926,0.6756999683811742,0.6035185151181339,0.50087413429394,0.4401916046938117,0.3292829858401879,0.17458683614863912,0.12749820581689297,0.14128722791771453,0.12545525801295143,0.08146609676935039,0.29696353996836305,-0.005639450168279317,-0.009434706500352209,-0.03399959434749035,0.04634424549310991,0.07007812492394143,0.10689905654098811,0.1792131018911093,0.22220804255161536,0.22803771064219805,0.21337371484097561,0.19547628888396817,0.19303010567702628,0.160277039177187,0.15467093855356184,0.12902790208863335,0.14085519841607572,0.14305480201025184,0.14285528785638243,0.13181333433149875,0.13540311217907716,0.18144113348413357,0.2557361245693943,0.29358889428772655,0.29988671089419916,0.3014836590543438,0.29713558572009274,0.22570082608541572,0.2693003975531071
stat_202,-0.6902355068416436,-0.2840681882788185,0.2595904549961266,0.15252003051710067,-0.3771656976747131,-0.18456151445542696,-0.3807895835366719,-0.3811916283649211,-0.3816688313347512,-0.38258160762906707,-0.38352218795392945,-0.38512058316833453,-0.3855483870975937,-0.3857051682045408,-0.3859008920473249,-0.39090029991762115,-0.39407477195410384,-0.3937083299526433,-0.3937077207947538,-0.39525511207039044,-0.3932949313282854,-0.3912611564982184,-0.39531985273249476,-0.39543979204727114,-0.4034386881011018,-0.40822931472211355,-0.4151004933205513,-0.4355655868098707,-0.4382745637114942,-0.4575982041144377,-0.499279277513169,-0.5026527183994909,-0.5485062044327144,-0.5889490421191501,-0.5948353207327447,-0.5704366537665269,-0.5629862521169956,-0.5507492383925918,-0.5172894388096123,-0.49599655665277104,-0.439588094457467,-0.39541391686071753,-0.4036923401029776,-0.37141958914245493,-0.38159248002189017,-0.3644113656824491,-0.33732707184220095,-0.3664486628231323,-0.3942147360886684,-0.34412695708548247,-0.2806133175813615,-0.24291240815917234,-0.24092215543513104,-0.17440957670439772,-0.150838933130137,-0.1253706248508604,-0.15323787244509654,-0.19153623736168954,-0.1675868426997495,-0.16003195670799228,-0.13396813868202026,-0.117097681214911,-0.13190629219843253,-0.14723648811399512,-0.15048998941962824,-0.14860959726247644,-0.16024945422635606,-0.14096715334309418,-0.13932753388895142,-0.09490373932112434,-0.002170836654703864,0.05544871006146859,0.06594873853074514,0.06920936460887372,0.057201310969425524,0.0573738927128784,0.047153137720255804,0.05558497420307024,0.07868367602710143,0.09042235517602085,0.03700683821215174,-0.018332967824041112,-0.08869756675780562,-0.13798952253922928,-0.1585733841962152,-0.16188440929390088,-0.1173068369961943,-0.0701195786911432,-0.023746158722613098,-0.13397330363399065,0.027950260182259375,0.0314820217109091,0.01729892933606932,-0.035913953297006765,-0.0800551122186936,-0.10101474798785601,-0.10729522861859472,-0.11478537364735275,-0.11192352964178354,-0.09326663590187613,-0.07250879013967391,-0.06321471456646327,-0.07848469949963612,-0.08017764050939671,-0.09682528449808878,-0.10145987924598093,-0.0949459275241511,-0.09263889640032921,-0.07498675578225313,-0.07718506121097479,-0.08178855485571372,-0.07140593994002215,-0.06165176428421179,-0.05654893713676259,-0.0600730370651472,-0.07812474173142216,-0.09227064351598277,-0.11253590432332637
stat_203,-0.14096741383514771,0.033940818873208524,0.061901381944152525,0.1453960521392191,-0.1594838216401278,-0.004314085308977521,-0.16319751627243995,-0.16320469720608693,-0.1638785452517822,-0.16401544844513297,-0.16283858297807588,-0.1654609392726023,-0.16845363319931814,-0.1701036982555209,-0.17248559348202339,-0.17471247064307643,-0.17784285857752763,-0.17796186727172728,-0.17744550712444696,-0.1795230796218305,-0.18780848364396568,-0.19929820415492766,-0.2106194120766257,-0.2154887853654125,-0.22757272073912885,-0.24352697234542647,-0.2622784293765844,-0.27994743768394365,-0.3028703834449809,-0.3252771058559936,-0.3399120384577339,-0.3403350787633783,-0.35958676564220127,-0.39489598916816404,-0.42963431968122323,-0.43689818892263393,-0.44472572091821144,-0.45032462436799164,-0.4460980501546688,-0.39367924923342223,-0.32093995166471834,-0.325303247698616,-0.32074731048237637,-0.31739217601094105,-0.364758014910666,-0.3735043908522614,-0.3083287939663062,-0.23712278712427606,-0.12201860292973593,-0.02204219961369274,0.06672166393609795,0.08369132500452758,0.08022998977862408,0.06479101602200019,0.025114163752438277,-0.015234655154132007,0.014281537311290936,-0.008057588834278625,-0.02833165195651922,-0.019888199376739312,-0.06778535909855622,-0.08595623487570385,-0.04426575987127093,-0.03177007553168273,-0.04120852351610373,-0.03721917535505089,0.020632546614685224,-0.014854051345398056,-0.01297099174344911,0.0037928006770239463,0.128186677306153,0.20742253893744622,0.17657518419445986,0.16073668150980167,0.19179228165453635,0.19520203855235108,0.22682069248925632,0.24302913899255205,0.2703803410957616,0.2704285759734927,0.3367542162694647,0.36700212689095374,0.4227777794005314,0.4755615395033725,0.5283808935391101,0.5161370700869635,0.4529973062304122,0.41120728021418207,0.426956204225625,0.1859404361669874,0.43092056511950466,0.4327168027282392,0.40095804609095775,0.31802612242573236,0.28242463595488737,0.33998325360298615,0.3711984666535339,0.3697432079707275,0.37741888356288694,0.36609019260756576,0.3245289930865709,0.2997603890911054,0.3067274907752818,0.3045351974531231,0.2934291615216418,0.29891124359994214,0.2777249945077062,0.27742019298849896,0.2775339475242721,0.2613696581190356,0.2241584326595717,0.2257006847402964,0.22574434415605468,0.23850600360129032,0.23795139982260077,0.21515194957634726,0.18962426201176674,0.18593503734798036
stat_204,0.12504484818839126,0.07051209193159909,0.3546599709883781,0.1681588550188975,0.024477781790837722,-0.10488399394761351,0.023762137990307526,0.023482122403033382,0.02180032012010862,0.021220589591061278,0.020501106400011796,0.01997097694191111,0.01905876407363354,0.019920012793514644,0.0156486783392072,0.012230400651396259,0.006439999570994004,0.006473159409507365,0.00529151165885489,0.004792028021323685,0.0027760078695625526,0.004897090291832801,0.0019195203580615644,-0.00015790751445724454,0.005096774444295751,-0.0013797856313119247,-0.009933184781687568,-0.012102606972110038,-0.01120496786732788,-0.02530048844395847,-0.048748815205862224,-0.05075096869528211,-0.06973445131767703,-0.06766990423620474,-0.0590900807266064,-0.04545239784939345,-0.06728448164004262,-0.07887689005134452,-0.07686316913623116,-0.07267547432041675,-0.0874066919616146,-0.08538026949813267,-0.059608086845473,-0.018739972825289324,-0.028501916266051863,-0.012909715002200997,0.02504587569419911,0.04864806160027368,0.09481896362469806,0.10388740345424899,0.18890177064240116,0.27807760270029647,0.2871575562758806,0.36724115144898184,0.36825138469222773,0.3032836845788404,0.2338945992778834,0.11403370140091523,0.05576620630542776,0.0597961809444234,0.012887167532585427,-0.012367838792322249,-0.020974707113312112,-0.09126855737358318,-0.09861121574716432,-0.08023704446685716,-0.12643889436295172,-0.09747696871526344,-0.09790771339764387,-0.148562478198501,-0.16076439388520583,-0.11044252761122413,-0.08697084829561309,-0.07899565720036454,-0.0851379063915744,-0.09579660237155196,-0.11527795469329954,-0.11161695664295614,-0.12598548061063686,-0.12122294459439278,-0.15936129924468345,-0.24565637456753303,-0.2423155911176662,-0.25263401473169783,-0.2662057104406381,-0.37223789814533853,-0.4954702252235429,-0.5891694883545189,-0.5774493835171131,-0.19303646757514098,-0.5464703802116941,-0.5487687336357987,-0.6141244044248282,-0.7113700485922589,-0.6926634233660276,-0.5893992373025461,-0.4403301273162998,-0.37455253225123813,-0.3677782466628109,-0.3973670812925079,-0.4011229907886544,-0.45429628498426916,-0.5169446610759669,-0.524710540084374,-0.5453879944672482,-0.4637157847709808,-0.39688517288790537,-0.39534930510910066,-0.4130380263276589,-0.3697354930534342,-0.3041385325844076,-0.3186429190640111,-0.2778741331189051,-0.31462998379993756,-0.3158766216188763,-0.2691763938157791,-0.2570633143016917,-0.21618759214461325
stat_206,0.35208093819435377,0.2054854073960602,0.01990509438016263,0.15190152756159966,0.158016860944698,0.11587792557164028,0.15712288659844065,0.15773749919507987,0.15866626740990325,0.16042903532930686,0.16236628826681154,0.16415270911728336,0.16404098809901616,0.16300764384475144,0.1636189710332556,0.16473553774332028,0.16317541002498545,0.16298483065439848,0.1653646782595509,0.1775328576330503,0.19486434123050692,0.21782869926520834,0.24064954478411713,0.25645933557561157,0.2538520737709825,0.23255760034802006,0.23486325009126632,0.24336431699591407,0.23991888111181173,0.23767558700527958,0.23013910204860827,0.22954008208361107,0.2101540212888025,0.21004483950212585,0.20270774630736416,0.22279486818307317,0.2604069414655208,0.2773351574074067,0.30062307698061025,0.26636194593318,0.21361252552481347,0.2366405197814144,0.2162369103382292,0.15255590702781313,0.07182543999963173,0.04803413986805661,0.08151892849616381,0.14546348262268055,0.17358571259614944,0.15497201336157537,0.16775844170592485,0.19361308106234326,0.197343780977263,0.2832113441397677,0.37671048730840623,0.42098095091403703,0.38541661770797864,0.31886747047544584,0.28436646820981254,0.269404849332811,0.21378781981105163,0.13284242800065824,0.04924536599612941,-0.022550027852493663,-0.035244377817044224,-0.1468352863834099,-0.1940533392192082,-0.20595721346879087,-0.20674591430233574,-0.20889915098805412,-0.14646543966187356,-0.046255165333735644,0.0072846809942734006,0.017804520633735006,0.025672352207068504,0.027676632714307658,0.04975961843205656,0.0686127966213379,0.057028273892483425,0.017508326691867932,0.010122349891217587,0.011010614064180066,0.02195041492369942,0.05150936594718573,0.022911006865544398,0.0050189034587197635,-0.0047661794552449075,-0.009432095724871924,-0.020515124732796264,-0.07858997126709179,-0.01155809691190786,-0.009459002382537855,0.029494342203054916,0.028216768929988083,-0.006743232513528124,-0.04430652248431523,-0.053076067451511805,-0.02854788161755648,-0.020684772055432,0.015974361855410558,0.028247103836275392,0.04061194705338778,0.04413579652285765,0.04434088394462758,0.039038108808606,0.025416688579758158,0.004954154930125792,0.0036715475952121103,-0.018074667516509064,-0.04464412962328502,-0.07093530859554446,-0.09654348124454286,-0.11091666255298747,-0.11638785786719638,-0.1163360487524898,-0.1065184015494541,-0.09730072100738002,-0.08834327386969833
stat_207,-1.8024681880831872,-0.8848287576404483,0.46507351041916084,0.2865443182543577,-0.908308820383793,-0.72756874622207,-0.895386033616739,-0.892443206754329,-0.891435427027358,-0.8810836922349266,-0.8736145468331321,-0.8737127522062065,-0.8685916937585638,-0.8654090401935187,-0.8619195258884328,-0.8617443647685026,-0.8649648931082261,-0.8654659781628468,-0.880330672019164,-0.8840100146563673,-0.8905596042344285,-0.8876605512355722,-0.9056433241448333,-0.9089688598269644,-0.930049884687437,-0.9466946281598809,-0.9635063687607427,-0.9750354778186409,-0.9912063825783001,-1.0019365907396462,-1.0331598999510767,-1.0346131793492799,-1.0574596960704752,-1.0805018517365226,-1.0791920838662843,-1.1157747892218546,-1.1162973331413903,-1.1411212897068514,-1.138862251997005,-1.1062160179611975,-1.0710395445693563,-1.0669929878978148,-1.0718111410137994,-1.0484269709920317,-1.025052835813216,-1.0576942520835881,-1.007957568415816,-1.0028158236471385,-1.012599677448243,-1.0125039010593297,-0.9779245775205359,-0.9265353939472855,-0.9236942146937743,-0.9047484799530182,-0.8568625215289986,-0.8214365495785164,-0.8689844447183486,-0.8802557532870531,-0.8616599682757726,-0.855723378084098,-0.8333240666078385,-0.7683648668098205,-0.7301263139161093,-0.6887215442456371,-0.6840742206314767,-0.6552310849518751,-0.6589464232526869,-0.661641499709132,-0.665974266465116,-0.7249401159985263,-0.8198216119060339,-0.8906650039096853,-0.8221557189693546,-0.759144071574327,-0.7064290150720234,-0.7001635144887889,-0.6470071173343824,-0.5512735851445885,-0.5459047867356205,-0.49275859002137357,-0.4331781639184622,-0.438983517729701,-0.4400406435014042,-0.4092624476099604,-0.43508959203341535,-0.45619418696484715,-0.5018838356514674,-0.5425409562626656,-0.5431358083979083,-0.17720314121775887,-0.5558849287647266,-0.5551883102402978,-0.5900505753155633,-0.5652086323486512,-0.5051677423957325,-0.3955365350418715,-0.34103348933585803,-0.34359733491527295,-0.33882853840869975,-0.3157346817846684,-0.299572419637788,-0.25454463962916574,-0.23636312293381576,-0.23271002697297247,-0.2448342457491211,-0.2535763331795364,-0.24526582105432998,-0.2449823190240297,-0.23717968763656383,-0.20871446827550572,-0.20322374142099306,-0.20436195079303685,-0.2192702160052527,-0.23355923996443323,-0.23616784401452168,-0.20608666224776187,-0.19314955657472777,-0.177469920318776
stat_208,1.2450754809556461,0.6604727929100237,-0.0899927233307619,-0.07857434897366986,0.6460058023859792,0.6212320369614285,0.6474284660829251,0.6471715062350509,0.646986007822343,0.6469640361452484,0.6469824734113268,0.647847754063371,0.6471729743390688,0.6475850483287394,0.6484080437439479,0.6491022137315494,0.6512191367684425,0.6513822159048169,0.6556748147356196,0.6595638858348573,0.6590736486854053,0.6703220845856359,0.6823963481233289,0.6838117783354312,0.687336976926236,0.678999847733858,0.6872425699473017,0.7147895266542801,0.7301847571174481,0.711028986690212,0.7158349005927641,0.7159612654557501,0.7481534274707681,0.7454723993651611,0.7809691347590227,0.7831980735653276,0.7945274994882323,0.8458434921261044,0.863516204083967,0.9189701042951055,0.9481699538581276,0.9331874493921054,0.8489334380844062,0.7491382361824818,0.6404978475525533,0.5822144223191206,0.5917811193837077,0.564549597738246,0.5480275512784534,0.5671481240163145,0.5809574318891737,0.5925627596744062,0.5922423594790214,0.5690167949136873,0.6080208138375442,0.6375475688999813,0.668195054248347,0.7211240622498584,0.7809322159819546,0.7939649539554294,0.7975608436564415,0.7681846702067164,0.7096211328074274,0.6736977696038778,0.669112732455797,0.6381279692387679,0.6385540306499723,0.6527535083093124,0.6540233280780419,0.6718791167904249,0.651860373711108,0.6502304389458295,0.611268364644944,0.5974979211103403,0.5875577166239706,0.5825348991314777,0.5391914870733081,0.5294520348433112,0.5658157391045227,0.6041336252942389,0.6135587795720177,0.5859265902170179,0.5563140707569824,0.5567991757787571,0.5555491775527641,0.5567377182746825,0.5516405564387586,0.5534612497372732,0.5524827143941285,0.4500221378303919,0.5582649395544391,0.5594435992112186,0.567049513080427,0.5596408565786307,0.5462790774988794,0.535997367981226,0.5162649303024358,0.5095261647661786,0.5099016799641274,0.5001223896639169,0.49531610361751416,0.49292139442751404,0.48763514418078124,0.48764110160931723,0.47306955419328584,0.46443617571486906,0.46107263733210124,0.4605234654887069,0.46263976102360566,0.465659819549196,0.474613730695297,0.472327305912984,0.47795845254083164,0.4799951568248188,0.4782391621193186,0.46084532180737353,0.4474051660196132,0.4443248904908323
stat_209,1.4026659186764954,0.6720088675488027,-0.02658648220252274,-0.08208185276180355,0.7035071691973568,0.42633301316957267,0.7043828312349817,0.7040809444964914,0.7046448573535972,0.703217885451137,0.7031512800269891,0.7063205269036537,0.7046832013193219,0.7033161128609844,0.7031401177923458,0.7003963399486238,0.7006827598754162,0.7010496471835407,0.7017281168369495,0.6938366536271571,0.685234483920028,0.6950801337431864,0.7009980563074383,0.7087252651549721,0.7318472370416987,0.7458529580578978,0.7642202416793642,0.7802481774928298,0.8253318570487581,0.8714701285366344,0.9189626843091648,0.9214977580851326,0.9360202478491058,0.9848205888751062,1.0514790603871966,1.1218361368529977,1.2334435436445037,1.2924058366325675,1.284077735293039,1.1793009144998312,1.1233972149856444,1.0251727926670244,0.9130952172326237,0.8389325555315588,0.6731803493298437,0.6028775619090366,0.5900084614609817,0.575832642801746,0.6548782481326183,0.7125970659743996,0.6987616111997496,0.6731049153037298,0.667640484747067,0.6982432806446432,0.7667904110378437,0.807203965659535,0.7783409806263445,0.6893248538452257,0.6328126073021815,0.6136463989273457,0.5584523022234714,0.49542954488399255,0.5386090059532954,0.5577498167681433,0.561710120980458,0.5647432372012505,0.4938358942888389,0.3526935958058913,0.3425029497607726,0.3145529393170137,0.2837840294515705,0.16794846330769495,0.11445279795116105,0.14196413948888723,0.1772605521835069,0.18667069894764843,0.30866758458202687,0.39900793179917077,0.37490296725842365,0.3506344049433048,0.3038838599647181,0.2779540114447205,0.25171395567619304,0.19953083843260425,0.13628538783585642,0.06722967054554514,0.01859788868272248,-0.04100324473037122,-0.08386529009967789,0.030467355611786644,-0.09604907186755632,-0.09601448081550594,-0.07437954544684446,-0.05085841464731793,-0.01882529068899287,0.018113146531409004,0.03297096918383707,0.03961547150113758,0.04103782879254795,0.041917250456343355,0.0458674999039412,0.07453543702810939,0.08204568593918543,0.0826618801219843,0.08317426126234906,0.09676379243008129,0.09046271343137352,0.08950225932365513,0.07764896082408737,0.07185677594998675,0.07108366109173439,0.06346654612529075,0.05888054545476721,0.06424313474489866,0.06472416661555902,0.05342578565276474,0.048374206982772165,0.04175321983820642
stat_21,-0.4374580768863284,-0.2225736157477657,-0.09817137948009283,0.026166087449186567,-0.15981832428670373,-0.028954560873773034,-0.16431564278903674,-0.16479526217385418,-0.16546323010351316,-0.16586310633110984,-0.16589480128055586,-0.16614210945895158,-0.16700713393563174,-0.16683371494532243,-0.1741358615269635,-0.17971475072580803,-0.18618692168376724,-0.18651303959292131,-0.19047546278173821,-0.1961208068216701,-0.20204638272008035,-0.2106298070275674,-0.22138555263795462,-0.2322614807183983,-0.24699269201997864,-0.2610356944864431,-0.27647286541770905,-0.2962434375843643,-0.32621386736214036,-0.3586035987119221,-0.39446197897143853,-0.39621756193729235,-0.4217786142562029,-0.44600002927014065,-0.45558315822930223,-0.4566567666998466,-0.4502911693464081,-0.4469256668352281,-0.44264726853182274,-0.43746545657523694,-0.42801604955964384,-0.40299154496068995,-0.3810896929935558,-0.34048743776987767,-0.2734855743065981,-0.21677308758055858,-0.1339466307114336,-0.041172252375133195,0.060820701422419965,0.1383582988348064,0.19556486564474884,0.2091616537946272,0.20860287841853728,0.17455172873176822,0.10656441387092622,0.031088860096188678,-0.01108449657923345,-0.059468704731522264,-0.07805585138536934,-0.08200301028394318,-0.0831616015704921,-0.07773762007143734,-0.044058866293560685,-0.025509464129301895,-0.02630088571075778,-0.04570269514173131,-0.04895625543970526,-0.042587470223727865,-0.04300387659562503,-0.052957604009830274,-0.04348441685513191,-0.04208645542596264,-0.06869213594889188,-0.0864407727412408,-0.08309822871604283,-0.08209685012237854,-0.07603430506758416,-0.0856599914076403,-0.12187689709795263,-0.15899916485620444,-0.18065714340508437,-0.2060612771229701,-0.23105079520783078,-0.2301763449657175,-0.23674787505237602,-0.22848104421732768,-0.19293379505029154,-0.1676383402688346,-0.14536860547976949,-0.20723300445615217,-0.13705342861539918,-0.13802726596081738,-0.15223102232401314,-0.15333145740498105,-0.1381845327184113,-0.1276894129083988,-0.13003893722731283,-0.1286225424516819,-0.1287927036022712,-0.13048480320768924,-0.1281004397117103,-0.12138219757529271,-0.11919372364395997,-0.12065511227123818,-0.13081721335488572,-0.13872763400010804,-0.1343697223429345,-0.13394988518311324,-0.12953432253973052,-0.12916091999865173,-0.12778681485770527,-0.13538733558176905,-0.14010418996466883,-0.1512778004451647,-0.15363732289661966,-0.1718821052959119,-0.17337903134284685,-0.19008331559218025
stat_210,0.5351234890778552,0.35941548039321686,-0.05773019806372215,0.09590656446580038,0.29594361394188595,0.22715200573875083,0.2971022822858424,0.2960333741683823,0.2989740564056855,0.3017209675204939,0.30286799487073607,0.3062073118267972,0.30998743841534665,0.29983076662907737,0.306689600209976,0.322963709111545,0.3343003511774536,0.33440525725757825,0.3345667312349661,0.32289977498943384,0.33001332224892144,0.3324401702553594,0.34233525665127285,0.3302073668427856,0.3357207707908205,0.3608400488005762,0.3992317097794124,0.37832270045003874,0.34841039865825835,0.3244326730648981,0.3412514522536374,0.34237384022721284,0.35951689024766215,0.30185693929001567,0.32572817470112503,0.3264817874044656,0.31475999918806563,0.28374610773804887,0.2834661636975066,0.27901872542193884,0.2466902328169727,0.3040423252573548,0.3468540431669079,0.3514847753201219,0.34993460918447267,0.3958073531131868,0.3436418224213959,0.325234703722697,0.42454677885641084,0.5047163722762196,0.44861455380046467,0.3602223323296305,0.3569212505921133,0.3910319531012285,0.4013131274204384,0.3607321507874675,0.3495813086266983,0.3788895591221148,0.3573063260231056,0.3306710778984289,0.260956301939633,0.25924390041833195,0.24546845167992282,0.2376131058316729,0.22798349372089433,0.19353347128597867,0.15161898307835509,0.15603239354294146,0.15534074076927434,0.11802825682603207,0.15719383245839316,0.12994640273864866,0.12157475209916432,0.09837647209751225,0.1471521145047289,0.16182290300071694,0.1948109548982491,0.21984595642989213,0.24077185106896432,0.3110260281430298,0.31752907912321354,0.3162810590868564,0.30012620815499325,0.32175544346021184,0.310060086507083,0.36588186454237165,0.3517718435250728,0.3643589780689659,0.3412623908176592,0.3851591505324407,0.2989905977078073,0.303326202999504,0.34153422561359453,0.21623519197720645,0.17423550449866446,0.23787343638783995,0.271240286723222,0.27330966361198944,0.25470766464711286,0.21946679390496684,0.21363938700084545,0.2085395707142125,0.26438248921989793,0.26686635887786253,0.25267263883093594,0.26612488439336796,0.2788562513982115,0.279181541806558,0.2542947217824833,0.2678734661295783,0.2944302380714171,0.28372253853257806,0.28150641561587014,0.2962605334567532,0.3036296615742438,0.37655746871168577,0.41501728595243353,0.4219588337151726
stat_211,-1.4585425195271224,-0.6672522687854514,0.2790575164209463,0.16367174410305063,-0.7075240093467672,-0.6253719905261264,-0.7072205920942978,-0.7073473999968106,-0.7071937280478645,-0.7062472112079646,-0.7066231789586758,-0.7029823870566893,-0.6950853485326688,-0.6792004298093586,-0.6930605741610452,-0.6887066184798113,-0.6960183145416869,-0.6962615423743765,-0.6920009894538668,-0.6930663418938946,-0.6919648805234482,-0.721763438253768,-0.7306849573624663,-0.7412907032629724,-0.7418117406840816,-0.7509939219425243,-0.7564721261583885,-0.7610957452008347,-0.7622053440494803,-0.7751803259156157,-0.7580483745333111,-0.7557041159260186,-0.7074545681447765,-0.6314902247761066,-0.5528355036817042,-0.4606552700046708,-0.5057749292818072,-0.5088425046061836,-0.5352038016035185,-0.5767405125015765,-0.5723700044037132,-0.6163821436390731,-0.6656060214104598,-0.6959393886837764,-0.7138098345722846,-0.7483220294619404,-0.7405340286608807,-0.7836784790515537,-0.7992727363845724,-0.7763922359072212,-0.7989389627755613,-0.7935968214027981,-0.7931744825965977,-0.8181116492765642,-0.8020531927574213,-0.7803815770501215,-0.7474084058224157,-0.7708475830139306,-0.8088269222761261,-0.8076165451766568,-0.8163623126730625,-0.8428159151635249,-0.8182551722802965,-0.7785443906066928,-0.7738451394262839,-0.7130054382582248,-0.7709005607846081,-0.7924120399380393,-0.7925419593180363,-0.773945837413607,-0.7176920710327933,-0.6228179820160693,-0.571588168660333,-0.5697909822092105,-0.5761437368788355,-0.5797773010009938,-0.6083685652522232,-0.5996664542649747,-0.5945069625208078,-0.5663989574579636,-0.5234430208701918,-0.4882720885733519,-0.46663302719049027,-0.5147728979197582,-0.5755961336640659,-0.5718488227870187,-0.5402340983570223,-0.5345216045863508,-0.5213113852125635,-0.3508039619531948,-0.48814991166542904,-0.48678100127256707,-0.4082728694634974,-0.39562690676178053,-0.3642061732052753,-0.39200823298418275,-0.406395112226009,-0.39095467343834683,-0.38322320872856275,-0.39033347788847333,-0.3606601831873138,-0.3198325679816525,-0.2994374108693755,-0.3029882105965209,-0.3171747959729262,-0.3018842321694082,-0.2839515424864273,-0.2831476809918937,-0.28574299999273994,-0.26422629337501413,-0.24749015621061285,-0.24186935193765538,-0.25608800309496266,-0.25597121977137505,-0.2593064833354588,-0.2738790654704212,-0.2876610643095005,-0.3131140603296441
stat_215,0.507142594628219,0.4550342998057974,0.4092165137569098,0.39116969751690267,0.010528146452940066,0.08281888789824461,0.006269066171976414,0.005524988545857447,0.004643649472949508,0.003037939323354814,0.001996667024455151,0.0010332490530833604,-0.0020061801279647484,-0.00467838542739772,-0.002409562939506624,-0.003333151591398994,-0.006969359043845211,-0.007396258591360766,-0.011418924126598553,-0.012067463221575696,-0.018083077899455003,-0.02118024591006616,-0.021061737830673787,-0.013471597373996537,-0.014790853915768813,-0.01772466948568082,-0.028346682375111804,-0.0379321733006949,-0.046979126152846926,-0.023329374807873213,-0.03420733710674429,-0.03409059381633335,-0.031348058830435635,-0.0235407415885828,-0.01640918995603637,-0.007894942793065525,0.0032079850982770428,0.04869687511472036,0.05944684297055522,0.02260756922615514,0.0200807054001938,0.08535294260318951,0.157458974991433,0.1734096298081491,0.045802598950560186,-0.0420080874774204,-0.011381643885447544,0.11173402270672994,0.21911039760418316,0.3025819482487644,0.31473016667993176,0.2810792781258813,0.27446814231359634,0.23388608364049718,0.15975499218762285,0.08934745906722291,0.08289418995724618,0.14413331079925212,0.1984956991076289,0.21770111855130692,0.2220790240484258,0.15342956131693186,0.12718635040451853,0.11949176961213959,0.118667291010307,0.08925381729783147,0.07714296140592522,0.055717755806668774,0.05574609325547992,0.056322847949552314,0.03879492912594407,0.011827530794635163,0.0359463595176491,0.03899982352800216,0.04907565943907015,0.04845451586531355,0.07196057517934625,0.10440029624597667,0.17182573797491013,0.24811089297996264,0.2832933687937186,0.26690943129056444,0.2256462919258757,0.2079692430702528,0.2087138757640611,0.2519959859751839,0.2906951949938962,0.268186838836188,0.23284524923677127,0.16243244804091608,0.21468370333104508,0.21517130517296035,0.19313859451398305,0.17022420110702938,0.17697866190217978,0.16391779039618407,0.14599775923282524,0.13114586936791087,0.13530752638122537,0.12575181897588952,0.11074202257132611,0.11910510234442358,0.1300925821071754,0.13397093224842183,0.13630726813091165,0.11186453727387322,0.11096619840538327,0.1110559158746674,0.12156903332433869,0.1298244771646428,0.0951492562310794,0.05840736338790913,0.02313769688083974,0.021724033159006617,0.02543055856219387,0.06670719322386832,0.08629536401204667,0.1157281926253047
stat_216,0.629752328292452,0.28810708003013213,-0.057747234080144344,0.0030913339455729246,0.3485903103342741,0.22304250429178574,0.3479865849689796,0.34769709407819827,0.3471168615790732,0.3465611458119983,0.345463008401231,0.34588365535845766,0.3442961199003122,0.3430746683466315,0.341889278781816,0.34350749107632556,0.3427003486272577,0.3424987506699009,0.34269320567572525,0.34206113161590124,0.345873011644415,0.34941477195012177,0.34889220596377624,0.3533780786248537,0.3581672577954882,0.35895329998218156,0.36041569860554135,0.3559594128964498,0.3611201258259163,0.3570293267352811,0.3527891996340353,0.3545483713494524,0.382527978334648,0.39830771663567754,0.3943118375440211,0.38859086568230083,0.3773368622501772,0.38745203346570195,0.3856781188531175,0.3991664999086006,0.42786078137202144,0.5345049949002009,0.6062216155442254,0.593888710122439,0.5960078782194107,0.5714767584024641,0.5500590893384854,0.4303579550307212,0.31979220587333373,0.2718263069110707,0.2996766711471526,0.34511364948616186,0.3485690955457895,0.37155415652952306,0.34638874935408576,0.36993652062910887,0.394764774776595,0.3977507001909609,0.42765007775603736,0.43911011187123916,0.45858682251416066,0.47702700801934267,0.4084637532320361,0.35373032141534644,0.34652539373930186,0.3376203219570954,0.30306766556417614,0.3252801126253608,0.32391134788360215,0.2686618579756684,0.22750400436444135,0.23703452036598735,0.20654162643032406,0.16211318555964388,0.10921559519805768,0.09844044917150495,0.05726859866678313,0.12158238480572807,0.18363179282898423,0.24327166418068608,0.2480714245753333,0.2757702878339317,0.28362130518853634,0.30938158128182014,0.33606194940551914,0.3222532387516861,0.3154829830605689,0.3636203180414549,0.4317860237728311,0.23527292385615609,0.4720165888788256,0.47093341398876665,0.4987940191328285,0.5000304053350212,0.41738681360559166,0.4459521478747999,0.5100711670882353,0.5414257096740159,0.542804831620833,0.547374146077621,0.49468290357762806,0.43479681066455894,0.3805592746065147,0.3800046642465031,0.35755375228176733,0.30897239248694114,0.25834066432999714,0.2561874939816602,0.2644724381938061,0.2563283809375366,0.21326135319695264,0.2096436170138994,0.18764039902378507,0.20718569457972308,0.2088401525345351,0.23243284526608726,0.25983892729984737,0.22827036628247874
stat_218,0.15375602839162136,0.17217763905200897,-0.11517165470682462,0.13020055676199535,0.11528337772250889,0.03754975415236056,0.11472533291201366,0.11479397388790442,0.11578218717287371,0.11650559867646014,0.1177824391267006,0.11702255292875884,0.11469893749123873,0.1159724935359431,0.1196947283893167,0.12076678217644508,0.12165499518573128,0.12189116196842772,0.1182953285141545,0.1197872798306338,0.12959587714849216,0.13385004332855036,0.14236824948725788,0.14637699681996674,0.1561385796790939,0.1749040177595952,0.1918688552072978,0.20930322450388167,0.2386285684278733,0.23488670696398717,0.21735716310161637,0.22025125968443046,0.2751019084412705,0.28239661853118214,0.24973792003547984,0.22185971078692657,0.2705982606912655,0.3164578976578599,0.2625755090952113,0.17079882707466526,0.13687735352617897,0.10239173563840825,0.053472093105425736,0.06421748444925386,0.15475182388316042,0.2568491017459591,0.2684990805949642,0.20983464818783917,0.16859578460233002,0.1855558458225703,0.1808215615807605,0.18218086325936275,0.1830758933864059,0.22809135983954154,0.18619174527561524,0.05083948551871575,-0.06605591056616963,-0.11797340581532492,-0.12003838681618559,-0.11204005092625417,-0.10069375964772617,-0.10447851291385053,-0.13605376913044415,-0.15809768074086117,-0.1587620997272956,-0.17492501429736798,-0.15535457339897443,-0.1283783580016928,-0.12596432923927267,-0.0696663659701289,-0.08886738802714303,-0.047270216033748105,0.012542105663870068,0.1921294241367933,0.28082563339486477,0.2843544121189658,0.31386776120543247,0.2867547324876021,0.22693647337001635,0.18840206835402776,0.1491701926008057,0.10032666989429945,0.0547663997492565,0.03352567868824066,0.02101799719065069,0.01667843067330652,-0.007841775903653848,-0.02657405951488855,-0.04288578602472375,-0.005015883158699073,-0.05303186243642725,-0.053463713643328074,-0.056565160230388954,-0.044083250722798256,-0.02341632202488522,-0.014766569830216271,-0.02435765737271634,-0.03089519656640595,-0.027953774506925794,-0.02732167078022391,-0.03754759613683849,-0.05513828915203005,-0.06542459207193618,-0.06337443162244426,-0.042401072127139894,-0.04189807647007785,-0.03422165844738852,-0.03371654302859731,-0.023497314134552385,-0.02343105127030653,-0.012052337566352303,-0.016686084234414655,-0.019448663310405716,-0.024437126505242327,-0.024985726503747762,-0.010148906437144386,-0.007663921964206173,-0.011792103716240374
stat_22,-0.11260609465485862,-0.10441467941699699,0.11141329257878077,0.0745737393785264,-0.0917004499132063,-0.2734999498436871,-0.09470594539979854,-0.09463159105811936,-0.09422571967269161,-0.09405790897703936,-0.09385284309376112,-0.0935959751781766,-0.09592173006284027,-0.09859539834607825,-0.09789493569724769,-0.09880803726814769,-0.10158601374794596,-0.10220572688072893,-0.10602003431788856,-0.10613210128636627,-0.10970481214922932,-0.1155542636170474,-0.1172701300095013,-0.1173895401446295,-0.1170721465217995,-0.11846378357822412,-0.11518991391710205,-0.11178622225309304,-0.11693360857549233,-0.10901085347002104,-0.09072192695808055,-0.08859981051391987,-0.08239060686033359,-0.08696275912203164,-0.07327037535930658,-0.042675559772685806,-0.02105213764432499,0.014402964272716366,0.04844985580271852,0.08084941969423437,0.08958315831631593,0.11443948202432448,0.11892763077226015,0.10925583533071764,0.11657483239452218,0.12517798932069882,0.10515440607059005,0.07666797400201912,0.0720773185071128,0.05767697153261457,0.01241971993249286,-0.03390975154020134,-0.0357704638174427,-0.09194382106903154,-0.12052924316142212,-0.1678277715480465,-0.2274212335211987,-0.2992381866905609,-0.3257146183092828,-0.3309087117652355,-0.3308604067502612,-0.3404161345021998,-0.33007792379894446,-0.2950172905817359,-0.2879122245493915,-0.2570762139467744,-0.2630942012714135,-0.30631078295905206,-0.3095268260684942,-0.33191039503051295,-0.32391668905231297,-0.3034297543012716,-0.2713447845807082,-0.21810607199430787,-0.21392642381985597,-0.21705857870658124,-0.22698799808062847,-0.2141111140979919,-0.2138327916862067,-0.28218220752397016,-0.3301912006313576,-0.31147663520163416,-0.2933180179407321,-0.3014824507505708,-0.3382172838509245,-0.3797594227906592,-0.4048290745079903,-0.409588684183779,-0.39594437585598524,-0.36378241652217147,-0.35856092388593935,-0.35598514758750316,-0.3341524403894051,-0.342438943533512,-0.3462226548913949,-0.3943220123467024,-0.45894574835617874,-0.48792667588512173,-0.4886053781718439,-0.48850184587713713,-0.4818599738044779,-0.47528316048714264,-0.464063418612513,-0.460496497260943,-0.4466023821912606,-0.44024484007970155,-0.43312510516673314,-0.4321618474701132,-0.41267964072041613,-0.3939160115822977,-0.37491500703081054,-0.3549464258599538,-0.35720964686179785,-0.3680385638568268,-0.37050922410203957,-0.37327158669735333,-0.3609681027428928,-0.3561908355354738
stat_222,-0.0121422234779799,-0.22812483596505628,-0.13132236104348238,-0.22661167022749126,0.16775768683515013,0.12120128015598021,0.1662366065642256,0.16576176580448287,0.1652995161767494,0.1648844207064225,0.1645558363749606,0.16405363593285333,0.16364511237716398,0.16203435117808834,0.1613094376820282,0.15999832926376067,0.15944071317019914,0.15938571419039124,0.15766371253453404,0.15800893508736882,0.15659344986864063,0.15302033615135088,0.1495646485085652,0.15069377506589401,0.15129166740502714,0.1473921275347313,0.1393820383882321,0.14245974313399998,0.14834886068522282,0.15208684468432554,0.17081500223595333,0.17037668913780588,0.15533775642995315,0.16780786338037798,0.13712429144787974,0.12736321187544872,0.11676802992663347,0.14111872936339234,0.12724518421922051,0.15427960383810208,0.17639601873378669,0.15793428278178312,0.09832128955737915,0.11612915935616351,0.17498077415488564,0.2236463540255742,0.26465859835077404,0.3003217640825566,0.29858285354122854,0.33517775420797885,0.3066373083048315,0.18589372491137657,0.17540849710321643,0.055531308737638285,0.07166415984553341,0.07074191216727432,0.09916560027094698,0.11879436728400516,0.1889588471054414,0.21357640728387278,0.2553418648355281,0.2434572516610359,0.24649431511486508,0.25909692451055594,0.25794467955698147,0.24871524874308942,0.2459286634584812,0.1928640660972805,0.1865566178915916,0.10061364148022708,-0.026432145826661965,-0.0897639977937227,-0.09085184066602756,-0.11487131853876548,-0.08985230413187939,-0.08522912842793677,-0.08412273904276793,-0.10856334966805567,-0.09257915537786406,-0.056550759476706486,-0.06415446572224623,-0.031215591671998798,0.0629812809628493,0.18221357981638,0.26551939035876326,0.2822611857674748,0.27570333065861213,0.32284305143432174,0.3518906234962308,0.05572672873818449,0.2817054801239441,0.27961086098354504,0.25843420042384835,0.22906159809716373,0.18897873055338316,0.15870495792825454,0.14076913870584928,0.1463329506757067,0.1424131873587641,0.09901725471074707,0.06745673652024957,0.08832948404134305,0.09889285098633774,0.09903261896528176,0.09793730271832875,0.09312939551703438,0.09090461910139316,0.09117862447829729,0.10780158175828168,0.12674732403227482,0.12431690374525743,0.1214155030037519,0.11597795396646775,0.10781079591974178,0.10458033738568781,0.08462430287796695,0.07523828703492032,0.0663423276547164
stat_224,0.49293182282501985,0.20668014653443836,0.022222728933534316,-0.1998658974620996,0.314108732481455,0.25856894667632385,0.36520720376628124,0.3585538658513593,0.3397118341225053,0.32014317904287765,0.3015209308192856,0.28980281236941763,0.29121331120863686,0.3072891815885061,0.32875057022766474,0.3528759665906074,0.37662381962072683,0.37845281013497056,0.4123298353117154,0.441692471372756,0.45009461991588745,0.43011466676972315,0.3974483892787991,0.35415580808091046,0.312732922283766,0.28758760542064926,0.27568176640831205,0.26575540129441055,0.2794728403414228,0.313432712908475,0.3526193043252962,0.3548993135865658,0.38062842164674304,0.3875122237523723,0.4123760702633985,0.43455683171955173,0.4351867318134239,0.449962572036007,0.4503241530755842,0.44159473912743785,0.3844697647895296,0.34080674802092453,0.30822554006560454,0.2587898555450976,0.21783396793385915,0.1888432047210828,0.1870415579477062,0.1704649545409062,0.13848787426944092,0.10352419859864229,0.08560244969363867,0.08683995395930406,0.08593237877872197,0.06631167582621215,0.0752479209696867,0.12481890761811507,0.17417272537517178,0.2244423588902985,0.2744804912796986,0.2906382873623366,0.3460296204054924,0.3544504674898736,0.3204740301040381,0.30891172071226647,0.3074980375819717,0.2817851355949651,0.2430295554890176,0.22711283532304266,0.2283293542575126,0.26886538705657326,0.3378342951607735,0.41479743356172616,0.44798132357010695,0.41963720259602943,0.4378501401333549,0.44413786544479333,0.4966108180959657,0.5054507178992163,0.4981407394165531,0.47630619936463325,0.41967546081390855,0.3306185786822443,0.24965682440303247,0.19201225782846218,0.15278891472789827,0.1204606002624061,0.10263727433062261,0.129363476827088,0.14340795951296859,0.035087912306195214,0.15413092889996138,0.15394445523803318,0.1587063138175733,0.19384094481269679,0.2350966019868134,0.2658694648114574,0.26651635167710674,0.2502474708555037,0.24521901791535552,0.21015014203370358,0.19153976300054104,0.19203405389839331,0.20703240090052005,0.2074352016675689,0.20543459388723187,0.19803865314538865,0.18676910107153946,0.1864171729547489,0.17574513020791785,0.16509786970711354,0.15480310731753674,0.14754330719787034,0.1275483767386311,0.10647556917920739,0.10318588351589561,0.08336163183102498,0.057181514741953855,0.044314182722313224
stat_225,0.359545742542602,0.09166771827981328,-0.4534745026211236,-0.24967955358354277,0.29404400536961733,0.34425337711569,0.2914770204621152,0.2906782100284719,0.289663125266961,0.28906274132838394,0.2888797465016406,0.28715768696367006,0.2851519511270425,0.2832879478720131,0.2815354700733408,0.27988928596521434,0.2754435486290723,0.2750536656341518,0.2719080853796085,0.269096305560676,0.26856274574445405,0.26317236711666003,0.2504928898668781,0.251409695729431,0.25281322734163697,0.2543389526455097,0.24072009606632835,0.23295207220178327,0.22651211460283802,0.22296201561555026,0.20679532498432834,0.2050908618433527,0.20169200123067235,0.21793793577270668,0.2192865841581833,0.20021488550286376,0.18247730237119414,0.19109254448907093,0.18435267105473846,0.21474499214728654,0.2079732947804693,0.23196045091436082,0.21452150337128129,0.196926263049776,0.17396048376428636,0.22626950961508244,0.22842704006469475,0.27168250783021386,0.2657881879151235,0.29371224942573554,0.36017867122621244,0.42095332736670954,0.42815690026997544,0.5120175695945856,0.5020945022339444,0.48680814995699,0.48983814644734525,0.5284795200229012,0.5641358973538713,0.5631999145426381,0.5373511152159732,0.4982698611498649,0.47510072584642044,0.4582653081874129,0.4545393680723008,0.38522674805680207,0.3352808959888687,0.26035930221882986,0.25833117216863605,0.2428392148522942,0.21534990741423193,0.20449769208465488,0.18981308260912877,0.16687607672112553,0.18377058402715019,0.18215451845331423,0.1646657827248581,0.18915206975619311,0.1876115554549587,0.15957556814231258,0.17009410426195298,0.2195998633153558,0.294348169196849,0.3555003585669115,0.3444580370892617,0.3343846168167314,0.3044494911908778,0.28294103493316203,0.2663853633520548,0.25509785773486005,0.2630473120047883,0.2637558743573923,0.26860233513289455,0.2684404407279426,0.25809433332784326,0.25311881376923806,0.24330960298941412,0.23428363004007471,0.2336175803603906,0.24335856470015405,0.2605179262241553,0.268985169693847,0.2737114674526761,0.27442669745684933,0.27119885764393137,0.27932343135224613,0.27721243122862993,0.2770678201584225,0.2863432171226103,0.28503986465058073,0.28158904789284583,0.2966914900826753,0.30692573635235093,0.33191112404269385,0.3330947306021365,0.319836369718453,0.298567233349884,0.27519488194275676
stat_226,0.01894679073803471,-0.13308807052847588,-0.46758620938894846,-0.2839078272785993,0.17130614509854727,0.19160540242592353,0.1712877083243485,0.17118341015967395,0.1714338216286415,0.17189403492625305,0.17236659971559434,0.1718963169640229,0.17054756079033306,0.17103604663812902,0.1735329858476977,0.17448374632483202,0.17268192429559295,0.17243220351521815,0.17386779429132476,0.17770304479085217,0.17809673224048406,0.17938312371271725,0.18528602991215165,0.18816693797260423,0.20886329886157967,0.23968411302871104,0.2897628250742408,0.35159704248413176,0.4642070871168928,0.5342207765054711,0.47125531589535397,0.4641566130697255,0.3523882498349966,0.26097123103815,0.19571921621836375,0.16626863148865856,0.13994554510506474,0.12457314078025913,0.1083981803546129,0.07194436660624527,0.06508751910948418,0.041473130043834586,0.03390986291745694,0.014622890148022196,0.01383127762263068,0.019316072524782412,0.013228521829370635,0.00625612156887442,0.039097282986249274,0.08900781896869611,0.14076903982780054,0.1702096816969631,0.17095925563040307,0.13962083304873488,0.09169488100070579,0.06284827654120395,0.04800222468540573,0.06625581007057026,0.1011173521196222,0.11354854517530157,0.14801964830356165,0.16888591903654854,0.18591352317162313,0.18598980618443342,0.18461611965403005,0.18152072004197708,0.24967161733978127,0.3474498990314538,0.3541818715272963,0.4339954175222746,0.4775140892163641,0.5174523312120294,0.5505436601373508,0.5921138629180198,0.613895265907232,0.6150454081217325,0.6223544835602821,0.6019313581911583,0.5579099635433237,0.4945912939115969,0.4212255517349009,0.34908138699703667,0.29064371408029177,0.2398856022473272,0.19049387583834843,0.16823944622696288,0.14821772686402968,0.14249582859592227,0.14115675388427243,0.10948008867204781,0.14113917558482356,0.14154393902230525,0.14780564232342036,0.14071653768923306,0.13871338560379504,0.12635585783573244,0.11417945171635809,0.11356967404560415,0.1136379969697293,0.10638957458497414,0.09821176033026997,0.09448592792565907,0.09107717860095771,0.09046279492871286,0.08511338165074661,0.0769963546872176,0.07058771882705442,0.07003095498101305,0.06520042216539913,0.05775208896756348,0.05869625746944757,0.06554226807412256,0.07122641746215744,0.07284432765290995,0.07244133281679756,0.07702540287811314,0.0948250508864569,0.10595974085702496
stat_228,0.02857447438893357,-0.20239431136060998,0.11168594594299218,-0.24871453876523641,0.09686449307459882,-0.008957259748581267,0.09782599609199914,0.09808380582003877,0.09863552108034553,0.0987553563964346,0.09927021333183848,0.10071124840896321,0.10182078454904418,0.10006005415455488,0.09958860354319746,0.096510381725406,0.09701768170964754,0.09699112878127483,0.09732549161779956,0.09625058146462193,0.09484531583839413,0.0914795480965976,0.08939956876712492,0.09254989390156314,0.09678051584003713,0.09514443252748553,0.09277577036187126,0.09386661866433824,0.09007319072402407,0.06368848298301787,0.05741069540799017,0.05639789336073226,0.08536746890127865,0.1121146108785425,0.1312544678606865,0.24500624698208415,0.35211496541490217,0.3780594181768974,0.41653937370011435,0.4792516508457897,0.4331846484826229,0.44678267640033226,0.37986808953425033,0.24772574389932994,0.09718207622868998,0.05250662741607587,-0.004649778858679253,-0.08998119258010709,-0.14848849043192894,-0.1260389462074378,-0.08133536650825725,-0.07441305893634108,-0.07428143507646992,-0.07835891590142083,-0.07724773160269098,-0.010494808155740889,-0.025157004133417968,0.03260621434984486,0.07300632230398141,0.05776619555509853,-0.04633453063543643,-0.0034424799114976903,-0.007453852691844517,-0.07799053571020373,-0.0812461815462914,-0.015615155282541437,0.0754047786760143,0.021588383874241623,0.015059535163229018,-0.027545144091808776,-0.020704521873090437,-0.0779195602539461,-0.079073897827133,-0.10944738938804736,-0.18461188204741616,-0.2034333292076537,-0.3591359256318236,-0.39451392587428397,-0.392483601346098,-0.368016688409778,-0.38404094255821586,-0.3704843233989156,-0.36375679926100185,-0.3621837455265707,-0.3327042791177995,-0.27105558484115183,-0.2992959916081131,-0.3629218990065086,-0.35283131606195717,0.06540739903221728,-0.31975839994753413,-0.3172145250201616,-0.30033051825851215,-0.2993069283110144,-0.2888302757966247,-0.3037643225257299,-0.27495147493040156,-0.22942209454671467,-0.2185102573071409,-0.20513833625143144,-0.1803331778413786,-0.1622085328451882,-0.13957680046799156,-0.136942898147736,-0.13551744995690249,-0.141296965176959,-0.14369702224245726,-0.14401549286299214,-0.13439597123469468,-0.10724328614049064,-0.08579299873040779,-0.07759187613287534,-0.029884381730169683,-0.013545899023836497,-0.0121952092560791,0.01866481644540092,0.04049552136109764,0.050862460640876316
stat_229,-0.49279907270228573,-0.09487867834702221,0.28476648578233066,0.2964627971936258,-0.5430589094800081,-0.27803379195090444,-0.5472882921149331,-0.5476917911047215,-0.5484270280710057,-0.5499623858165026,-0.5526712429732797,-0.5541336977049536,-0.5560565021652051,-0.5599723770661634,-0.5626721570187265,-0.5657436873493389,-0.5703292944166538,-0.5707550116692592,-0.5745417420635976,-0.5776042587880902,-0.5809015719472682,-0.586879471855124,-0.5941487666974398,-0.6021979785985783,-0.6077738973107223,-0.6214865227857367,-0.6364129597795349,-0.6499288114820367,-0.6657390004805019,-0.6644010900769753,-0.6734838164538606,-0.674727543368071,-0.6849907813936901,-0.6953464149148263,-0.7153324350074006,-0.7338560316467467,-0.7191417331104949,-0.7078295010912353,-0.7303714767635798,-0.7589510222326542,-0.7807307110724067,-0.7617019280220352,-0.7447829887145567,-0.7368391127771389,-0.701250500251384,-0.6731346199380203,-0.618825826062848,-0.5635191890783381,-0.5058026941851888,-0.5026308462351076,-0.46241885653708975,-0.40652712978058125,-0.40356677773903116,-0.40711911703267745,-0.4098053118453129,-0.3117477538129768,-0.19032336676134542,-0.24943827847248903,-0.3169323663419603,-0.3469493119794971,-0.40689713996006865,-0.41831621272612357,-0.37789441616670316,-0.3065958521377099,-0.29097004018942935,-0.19017927450063324,-0.08380291067976302,0.026611825326787616,0.03436991154156296,0.15909342963879486,0.2694628695685809,0.3315271099029454,0.30610217598495887,0.20327436180522715,0.1286587979818379,0.1239626392587444,0.061850257953701075,-0.04719035699315436,-0.08538447364808185,-0.11085361824171866,-0.12036375558823476,-0.1183187034544271,-0.10040032392178672,-0.11467710871302593,-0.09444990128317006,-0.07882109896319679,-0.02173819977083692,0.010344571020140638,0.016888232206031507,-0.16918466038633798,0.02055205516742139,0.018513301287604877,-0.006312213271601607,-0.024829437793412828,-0.032401358307754695,-0.030361314413300092,-0.022400706523751923,-0.008530514178769554,-0.0032563368777704855,0.005379379777864937,-0.016521321576799607,-0.011895248352446108,-0.027697043256607122,-0.029327207776830847,-0.04651235281497992,-0.05464343719924293,-0.05881188367915957,-0.05997570430499194,-0.06823441693112915,-0.06695416744903947,-0.0770604831590495,-0.08446379620405282,-0.10516520514887527,-0.11676622873650443,-0.11798181115934095,-0.13982744159481955,-0.1590837619684851,-0.16350150835857005
stat_23,-0.4566643244888853,-0.06763141182102712,0.4116998859327306,0.39587731310566376,-0.4930148138794735,-0.47243504544644277,-0.49611298676481463,-0.49642227693466673,-0.49623354957949706,-0.4963133878220975,-0.4967721559792701,-0.4962717291287655,-0.49881009542272203,-0.5017286632314784,-0.5019557441778167,-0.5041671824676439,-0.5062885853752902,-0.5072945548467593,-0.5092012537232823,-0.5082308594010367,-0.5078654377543899,-0.5102399592010072,-0.5069209038289731,-0.49716590546216705,-0.49107419317652595,-0.4880569456156917,-0.48715798887991707,-0.48148182865717004,-0.472384430417001,-0.468393315191263,-0.4636322594799502,-0.46222634376435534,-0.4517465698450396,-0.39353773503258255,-0.3448821028755403,-0.3387123181343537,-0.352986500566393,-0.3831774757934586,-0.398848900827934,-0.33021393448828185,-0.24830367175722434,-0.26588687506676045,-0.3220975827773437,-0.3180357413486097,-0.2616007258701891,-0.19123016590753156,-0.20783987581099955,-0.3827465462508765,-0.534780432019627,-0.6196825515318213,-0.652029121206471,-0.6388160747736308,-0.636356286562579,-0.5938266129659553,-0.4988765538262228,-0.4294672054723584,-0.3494093667186931,-0.3267089763578183,-0.3339436082555309,-0.33192879903427513,-0.3332746814307971,-0.3360804655805432,-0.3501936172437608,-0.31666542683613685,-0.3079963088363441,-0.23891544487640404,-0.19766865249391696,-0.16183588584381683,-0.16066190176868844,-0.1693396918487304,-0.2527139097100925,-0.2741882282027499,-0.2195526781579675,-0.17611989397269692,-0.1516301246140528,-0.15016440029350125,-0.1849939799328172,-0.21896448469384833,-0.24192453569342534,-0.25288052482979095,-0.20122525135288682,-0.1579672377799781,-0.14847520930607863,-0.17802175655084163,-0.2352048590069567,-0.2686475599700107,-0.2808452733421266,-0.2809119345922954,-0.2966928058514963,-0.3671628222837392,-0.3088540054572018,-0.30814503503595136,-0.30073006970977295,-0.3163330866458009,-0.32228591253229766,-0.3098741349042352,-0.2897397736761203,-0.26874834184840257,-0.260670152790078,-0.2361007314371085,-0.2205661578599312,-0.22235216437792205,-0.225306063985025,-0.22630292630590879,-0.23143398678989377,-0.2472261128507208,-0.27116277335339806,-0.27339995621852653,-0.31166212736283777,-0.3364257676682837,-0.3489645270732772,-0.35169091485123855,-0.3583030688927694,-0.36439069410486163,-0.3646414158533796,-0.365786069178863,-0.3649920139787525,-0.36413338622226427
stat_230,-0.5799065196378728,-0.2019751501162362,0.23538246199179014,0.3123459923397791,-0.5038378883261564,-0.1963043417838735,-0.5069734432653766,-0.5073159679456188,-0.5078393131742364,-0.507945472140638,-0.5080332433072203,-0.5095083948464364,-0.5110658101686851,-0.5124024056810177,-0.5156820275582735,-0.519527685734722,-0.5239859324006768,-0.5241311919577062,-0.5268683122545741,-0.5302199639848589,-0.5333616070199036,-0.5376866751869158,-0.5413968606886735,-0.5454351648203536,-0.5482667562588291,-0.5523496980311965,-0.5601795128550431,-0.5706734905008798,-0.5805495639466601,-0.588095266524342,-0.6036708015955039,-0.6044462500176834,-0.6129457216550118,-0.6250546766867731,-0.6266462319001914,-0.6325064166208234,-0.6402086277411073,-0.6484780233060322,-0.6481909428392353,-0.6426082464482904,-0.6500708471824119,-0.7137607357010051,-0.7301970046342812,-0.7058000814967513,-0.6318942044135268,-0.6508069974698946,-0.6834977724709845,-0.6617331464535123,-0.5985260249874522,-0.46915774862988324,-0.44645787911313206,-0.4531138770133705,-0.4519805977989196,-0.45430944471929996,-0.40538242179080547,-0.445005546246408,-0.47932857562010045,-0.5181835287316765,-0.5496474492596516,-0.540849764425955,-0.4348990036196584,-0.27664285543182443,-0.18385123537627002,-0.15437912557978253,-0.14966033000734627,-0.11739160818039873,-0.04487002838158717,0.05010043317396532,0.056551680131457366,0.14769054091430284,0.22050676650704973,0.22833694810496677,0.19375670521691152,0.2124853754623133,0.22036284784691232,0.22878576708471102,0.28647817389360086,0.2874764047076059,0.1797574221859457,0.07977378097137865,-0.06000531337029145,-0.1644286090544482,-0.22182856425197325,-0.14586343299850976,-0.04245343721829198,0.10059244158254581,0.2759556203162014,0.3089499138821354,0.3266462775450607,0.03855046377954615,0.3296606443030607,0.33055780753552216,0.3043852727392611,0.2471026187485835,0.1939177598006654,0.13504552394027255,0.08811058808447904,0.0748048720650632,0.06730453825878331,0.04584180050397706,0.04151361167202945,0.043534612926758386,0.04452540687594403,0.04465613975945862,0.03888591895694329,0.037904078863009213,0.04287446729734757,0.04394078719510339,0.04726572986952993,0.03748077245494999,0.029688866000022143,0.018119318764813087,0.01814211815244721,0.022827195574263194,0.021960267659898308,0.006209605698145104,0.014860983840658952,0.030609030467182354
stat_232,-0.560021644149483,-0.3940025932701574,-0.09322711532612593,-0.23708906662432797,-0.20064624851100646,-0.20701512236145006,-0.20431759117713497,-0.2049864059886226,-0.2053348643157727,-0.20666359515492871,-0.20822498995987226,-0.2108263867176967,-0.2135932514209004,-0.21615822332022824,-0.21511065520083383,-0.2126778668401158,-0.21719740516323116,-0.2177781671251172,-0.22335788810299986,-0.23007836019116448,-0.2303175044816855,-0.23829846043127362,-0.24368186690618565,-0.2500382112709375,-0.25691245127269124,-0.26174477258080137,-0.2737002679380712,-0.28895647672712754,-0.3053790722303748,-0.31318550495604586,-0.3087195138262334,-0.3095387341246083,-0.3164090276823693,-0.328729055528402,-0.315697268919429,-0.3263729139917802,-0.31209581462488445,-0.2634406540345241,-0.21305674570534583,-0.17599455068712275,-0.16651869007939774,-0.2334796793293417,-0.2739693180946332,-0.3309703593601375,-0.3106437496926523,-0.2699297717361393,-0.2609925455548874,-0.21269317894978199,-0.15077371697595834,-0.07698992764160498,-0.034810448813328426,0.00041055177310095597,0.001841858511052461,0.025128068408777515,0.06934255798214596,0.06431352390992601,0.010144713185307162,-0.02960401538387544,-0.0573353126361691,-0.06477628154054811,-0.117573979243993,-0.154228831332801,-0.2182979938525649,-0.24695319077200806,-0.24571165025609848,-0.27089027507280367,-0.2820052955798629,-0.23749996144916427,-0.23379235440705615,-0.1836756759371414,-0.1591608757009074,-0.23051448643078587,-0.2800406143517888,-0.3189719790415915,-0.329772509384856,-0.3310608526387515,-0.3673685175164536,-0.3905956142093612,-0.43647471854732417,-0.42164601512946176,-0.4240749144562694,-0.42899581236468515,-0.41774733246824575,-0.4253310402275025,-0.38817148918163036,-0.35517658819858927,-0.33718339545723325,-0.3386762816706386,-0.34210382140797163,-0.30159359538106834,-0.36155121971069937,-0.36335033981332493,-0.36695226056076075,-0.36784890512247653,-0.38268624192545886,-0.42100459802078977,-0.4427563484318458,-0.4508660790155454,-0.4510865826044851,-0.44864880867356355,-0.4244089091449311,-0.42289990305345554,-0.40664271102337546,-0.40164706923940685,-0.35011991357527195,-0.3143847316434206,-0.2801870298454262,-0.2784700064727572,-0.2798734056922075,-0.27791016534629315,-0.27252402903651135,-0.2740994736906737,-0.29153073535996926,-0.295435747234381,-0.2952023401225338,-0.29486498109900605,-0.28486603304017205,-0.2852269626386718
stat_235,-0.4496404345503965,-0.17725974994354274,0.0002471742387069652,0.22708368757155123,-0.15106889088665645,-0.11551666154823337,-0.1514980446721655,-0.15134391560650676,-0.15135951309650644,-0.15154695922828146,-0.14976946840787506,-0.14861181759718484,-0.15047684135297948,-0.149224237968028,-0.15090767515036113,-0.1524298224339028,-0.14854376610190215,-0.1485455586582413,-0.14952556191083774,-0.15688505475435105,-0.1539204820324678,-0.14973992423680785,-0.16264277256326168,-0.1670467290612271,-0.16650127285446129,-0.16408468320569136,-0.13844032864712352,-0.14733335818282708,-0.15132724602411632,-0.17956507386802875,-0.15506458823000008,-0.1552612943472533,-0.1576960280022356,-0.18035091823647603,-0.19221950118756032,-0.18277998095927542,-0.19576048072751379,-0.1612375531212787,-0.13990523060393992,-0.12267945517563619,-0.14588694730962196,-0.12956089562867643,-0.12062231333680833,-0.12544453833854713,-0.20254771808314712,-0.27495130889259534,-0.24065302119496618,-0.2031019124447225,-0.14887903549604442,-0.1593186831702184,-0.1903818334344119,-0.15816186801448653,-0.15541960939153224,-0.1144129507457643,-0.10052221771075734,-0.11852879947416402,-0.10088814336557325,-0.06640989723241683,-0.07178632492174737,-0.08099989066443508,-0.08552000145317482,-0.0679759715565122,-0.027974788934429354,-0.06755887504384855,-0.07260428655237584,-0.09627001355551063,-0.10048883980290704,-0.14019825973740904,-0.14263749580809015,-0.1396526147820682,-0.14666911540834765,-0.1662213280168383,-0.11359698041866405,-0.13839046313277614,-0.21528499713907348,-0.22771901038054354,-0.29278017212860613,-0.28006021833986694,-0.23201989231063488,-0.13872134895412055,-0.03479803761621802,0.02990600819191527,0.015204851855462593,0.03334094816150484,0.07878795441011734,0.13010656464348416,0.21856663547430527,0.2923231144652785,0.3425256869011213,0.10685826761536268,0.3147271856609241,0.30848648353102015,0.23367856123966568,0.2361397934049076,0.20288222843113995,0.20127046225893602,0.20887570533036695,0.17547005477040353,0.1859388761985466,0.19104146176017373,0.23600732431420907,0.2578816951650357,0.2530833762520958,0.25537842881093725,0.2538854192962451,0.31323049907196604,0.2912392665078233,0.28583519251355954,0.24802451178090204,0.23243437504004424,0.18137732582692176,0.18509000902467945,0.1884099204748303,0.18783168757789512,0.18716454407017105,0.18325709162255258,0.16142084593577408,0.11619810412587932
stat_236,0.45193083641081844,0.5264774749699501,0.3208278987406725,0.38044173792754077,-0.12528323381064363,-0.0015059856481094726,-0.12808044919593367,-0.12845168291620232,-0.1286677335000179,-0.1291931192450496,-0.12918786136586077,-0.13046938479201353,-0.1317792139161831,-0.13221080187737233,-0.133315002485043,-0.13556038138673732,-0.13891295925000946,-0.13910778823858763,-0.1398205377589661,-0.14294892383056584,-0.14710356320421072,-0.15186485726574558,-0.1596327620073504,-0.16435129738012436,-0.17789670137346078,-0.18947635327577925,-0.19259520637701372,-0.20312200321290433,-0.19135736168288348,-0.2104105270631628,-0.185812924004521,-0.18491628516860595,-0.19132315817575504,-0.2136893395258458,-0.20130581276544973,-0.19692563350567927,-0.24915047010198388,-0.22766645331868796,-0.2356911910338607,-0.24480797864427445,-0.21302410458279727,-0.16737350183736097,-0.2069744665897663,-0.25544496009788914,-0.2720515233950514,-0.29999119504686506,-0.3018540707846332,-0.25127478640455564,-0.16118986631583296,-0.10329794070138666,-0.0938856033338126,-0.09045966746287118,-0.08815698490548235,0.015404377452282738,0.07991811272147753,0.13440480666813548,0.15948337391158215,0.1877738105326511,0.21808117374038175,0.21995735611695796,0.22854656851019045,0.28669596217125604,0.34411518810389374,0.24860925396818415,0.21515317351191757,0.06195834182356105,0.05561782282712127,0.07657910051587793,0.07531224132614425,0.054386166563963584,-0.004690117136926676,-0.04240370707608345,-0.0685475007258832,-0.03183155823898265,0.03669429644444105,0.0375171552310744,0.04521076908361464,0.055767036308748914,0.046925089620163715,0.13837237011416875,0.2553161656682855,0.3828309820562236,0.3397813298063994,0.2994904435451969,0.32295385386677006,0.28689586288705965,0.3331871318670241,0.34522947362386663,0.36232965852529236,0.279584783036737,0.3277067402673937,0.3277925942979122,0.3636355384353312,0.33416411872401686,0.2587009424269237,0.24401322771361647,0.2556140643190621,0.2419849242872036,0.24291773910693074,0.2528199905504452,0.2756802983846985,0.3217504566617987,0.2827163736460804,0.28264148903433856,0.2521860918876311,0.2622646915026178,0.25918469458716936,0.26335603195540686,0.3240362192468007,0.2940120833275236,0.2791617579975075,0.2829863398270094,0.2937537968079844,0.26272417116458074,0.25600318992154925,0.19248998185999475,0.22524439466801133,0.2367335644648553
stat_237,-0.24002574222851117,0.18089682864774626,0.4142539783990969,0.5641505938103638,-0.3435494789473989,-0.12594232040520079,-0.34661439981097203,-0.346560137667668,-0.3462727493798197,-0.3466258516280496,-0.3476056160242114,-0.3492907763797477,-0.3501699940338284,-0.35199384459463373,-0.3551853778608502,-0.35741611908302184,-0.36034952156537897,-0.3606078871931003,-0.36494895392403887,-0.370323755316307,-0.3736784790860981,-0.3764767432712285,-0.38311444956353813,-0.39190942187464706,-0.39686098155640065,-0.4000570806815783,-0.4061979693619288,-0.41886856210680634,-0.41830334716648265,-0.4248658850332161,-0.44009263086156375,-0.44103031081078137,-0.4407965570181135,-0.4068606587933941,-0.4006579921023607,-0.43148502856700877,-0.4402500166178185,-0.4724859034418898,-0.5050474825720994,-0.4797496916256866,-0.4322464621471628,-0.3458543553272409,-0.2936405274351697,-0.25202114829258293,-0.2771892563578431,-0.3562484527592683,-0.4249401922353632,-0.5074194477503949,-0.5071938789682564,-0.4398220040455787,-0.37591103712668417,-0.3351125667357137,-0.3317474181694804,-0.26437684817861057,-0.19416123653332842,-0.08151636674766478,-0.08832122650094572,-0.15515416541551935,-0.17350691061420068,-0.16350498496253343,-0.06488708721019797,-0.014037845914908857,-0.008060996907740483,-0.01157348847442696,-0.014531449513153919,-0.05686634208791232,-0.02557176625175748,-0.0041959684117471654,-0.004531849640861738,-0.024222665866036,-0.026697552803822935,4.565017703816479e-05,-0.056953844398916736,-0.12348529493923466,-0.1955775580350316,-0.20054053381142775,-0.2229639393665182,-0.19201210352843107,-0.16302456594028292,-0.17345437383060702,-0.1435739966696131,-0.0812203252398688,-0.030417242115010356,0.02773704278970314,0.0669058862522019,0.1441281457560261,0.22059315774968893,0.2521694199071334,0.24797908407481167,0.1332587568698625,0.28788888642401567,0.28816638174944786,0.2508453720575168,0.21479189380851169,0.19043766337959167,0.2047141158126143,0.2507671870278691,0.24793674102271415,0.24248745170256164,0.27020146826374913,0.2872135748958429,0.31267781960453583,0.31667414204881894,0.31894165768799676,0.2961129023254565,0.2810044382585917,0.2225173673607759,0.21599685298894053,0.14748571439599104,0.1669527338711839,0.15639381452835274,0.1274480936860852,0.05933842824118221,0.0791555588660609,0.08226225539966277,0.06344342858126963,0.05180565787340285,0.10464411323099579
stat_238,0.5529823420289662,0.10759721002552006,-0.4932938431208702,-0.5984934118297329,0.41492143809684773,0.1593443907391121,0.41440874866547406,0.413867649087846,0.41341087743199323,0.4133894581805312,0.4126802914860492,0.41191225666229986,0.4110208378303015,0.4099906064785874,0.41021931004052775,0.4091545748262679,0.4070624739143487,0.40692416418083877,0.4074360950418711,0.40673105360344686,0.4066171300951548,0.4101117013966741,0.4093023227339169,0.4095474404094166,0.4082514668882651,0.4159556401040599,0.41067564916855215,0.40696594017922877,0.39524063053763836,0.39897551418811095,0.41006635937328495,0.41012559114234964,0.40427825137208556,0.39241936853075793,0.40379512626452774,0.4129219861048762,0.4125968916272298,0.40955697307611405,0.46589911259303446,0.4863976059742204,0.5036736709351389,0.5431773991780235,0.5678410665457115,0.555637743763722,0.5460219538469323,0.5221485193890415,0.5629968172937136,0.6332433223620914,0.5874649842814899,0.5406080423507786,0.5531019570192797,0.599714017896777,0.6019431320925528,0.5498569212465306,0.4963079405794947,0.4657683708017223,0.3454798740468745,0.33321114970179344,0.31629056969164504,0.30058380220087466,0.2533728928147062,0.2113438032096404,0.17356844072054092,0.09507055350486623,0.08132286997346158,-0.037552671084216095,-0.10422249655957212,-0.12400944053820374,-0.12441779745918731,-0.13456884255066612,-0.13339907347114552,-0.1361727519927829,-0.18712981405133733,-0.19078363691549638,-0.16955418759455035,-0.16527562096121262,-0.15037069268776695,-0.16857659005399833,-0.14617950652213713,-0.13660459021563023,-0.14078833132388396,-0.12196031104258803,-0.11806436353439542,-0.09783089238693733,-0.09281613085064061,-0.1143193893750362,-0.1281716984678025,-0.12258051998907928,-0.12654432180040812,0.29878984768374733,-0.12066404272194274,-0.12033849256530874,-0.0922383014747517,-0.027703302101731338,-0.03693048220924284,-0.0777927153430394,-0.0937364318561901,-0.10616363761334645,-0.11008594360096739,-0.14516939583057384,-0.14145271412013213,-0.11419433439881928,-0.0894450613547947,-0.08567069093220288,-0.052372221044144844,-0.031212388592647553,-0.017862611731483805,-0.01664022543006306,-0.0007903777126251253,0.04380820598809639,0.07375939761013588,0.03681061688382526,0.08249047384117246,0.1416465015922849,0.1481655651845113,0.21372632124420626,0.23116881970538755,0.27532439493418404
stat_239,0.09828178104414399,-0.17189664498596557,-0.3338077573769036,-0.4762510593957464,0.021636082029464713,0.18002523558623548,0.019152982334279405,0.019048022371285424,0.018473442145520554,0.017972310397016238,0.01778032842574052,0.016755530747605593,0.015929282826439066,0.015241301124642743,0.012319336018267698,0.009177951649293718,0.006012763007688735,0.005850159427245159,0.003066165295189925,-0.00054778733030063,-0.004519755695412301,-0.00925997103579321,-0.013065491684878376,-0.018111539285246274,-0.02709143293217142,-0.03540141540894471,-0.042349834810626964,-0.04602869234386227,-0.0513255546344018,-0.07900769349411715,-0.09865472333291277,-0.10127638362371387,-0.1075596140300266,-0.12253403597324958,-0.12568394137878217,-0.11756381586055517,-0.14268625483474273,-0.19632077791592228,-0.20467718357108955,-0.2361478897912576,-0.25307847212014994,-0.28500351181973477,-0.2825113014958759,-0.281510166785395,-0.31616605625153515,-0.2858782066632914,-0.2670308313977451,-0.26266183473206967,-0.1962627505196958,-0.1507396312002671,-0.18311024215604443,-0.16305475968496314,-0.16239364041958473,-0.09111174685962979,-0.015435611724459182,0.06897222093475806,0.18764078698809483,0.30103841758861205,0.367233014035775,0.37965742019219645,0.4833302876736083,0.5699928187927782,0.6529493835245022,0.6594205339048872,0.6484853977496895,0.5095992969549327,0.3943466194041173,0.3461057892118227,0.34817754979865123,0.3655064180589667,0.4063163151770113,0.40216259295498147,0.39468643589265145,0.28226543480165256,0.1425647572289189,0.12880674740650683,0.021847517388481317,-0.032471477537820655,-0.07803485047679765,-0.11397871614398247,-0.1265790083999656,-0.14462300783262425,-0.15404713253570215,-0.1218234577492672,-0.09416877143214447,-0.11827116045294292,-0.141030253839048,-0.1313791127644787,-0.12493541281195078,0.03485693286194217,-0.11694612505650646,-0.11703046234442882,-0.1050173872519989,-0.08189715545556227,-0.03862221752463041,-0.024622149990032153,-0.03028256607084904,-0.011284225569262772,-0.005915252543842576,0.008734179457370412,0.02388794878448452,0.04674530235046832,0.05089799539071277,0.04944837241330706,0.03765704057855384,0.030142837476768686,0.028394345694385165,0.028373032557441464,0.033065644344673295,0.02913412557038822,0.03169590400830684,0.04933847135922753,0.059640859817329,0.06143337921715432,0.057508829137142295,0.054915728554982245,0.03821207403990443,0.04308472102884086
stat_24,0.23944649278006971,0.24738247699176263,0.10581053783609316,0.2402796379036127,0.007690152926437297,0.10458807054669579,0.0037529116577293678,0.0044673617040359125,0.00508019161404538,0.003937923738318854,0.003766700169627085,0.0018857317172889158,0.001891346081005969,0.0011935863368546958,0.0006024821809922835,0.00011309051208794516,-0.0024102850935514963,-0.002496467378866261,8.540355321083029e-05,-0.0004322879035932717,-0.005628337450052177,-0.012153254211604986,-0.01917685773333577,-0.02291571275811158,-0.02224725418870516,-0.03307444769880384,-0.04090607045680677,-0.05162638742307316,-0.06104712791723266,-0.06634329507830211,-0.07681759627259911,-0.07661581361183105,-0.07152900324762924,-0.07982948562959848,-0.08069170568675776,-0.04342224229356422,-0.08035061694263063,-0.09469808098652527,-0.12202331888368888,-0.11710649730805853,-0.11089189749625407,-0.11512065504327741,-0.06693795607100718,-0.008252714179293855,0.08687963032121933,0.08994310473201356,0.026575203754881503,0.019603583896831766,0.013206239464901312,-0.023956239731153246,0.002643569645473692,0.09288001991494624,0.09992993921164271,0.1652257045403034,0.16213245247307254,0.18503896047958762,0.19060243842673721,0.14757964722525654,0.14979371420264037,0.15587638931960815,0.17604357910281526,0.16815779993883592,0.2063201480993916,0.17732342320414293,0.1649896221415996,0.14156453087006735,0.20894070420657598,0.24818202106967852,0.2485215156129859,0.22816304349535288,0.18594795408497056,0.22824670229177685,0.2525671282688218,0.23510374352141494,0.22382019529935296,0.22305082678611066,0.22253681542158257,0.22550509178860434,0.22442044047826348,0.21309377782672342,0.21693911465623653,0.24375491479203085,0.27131824906814317,0.22209589854105696,0.19022451448370117,0.1295814698852635,0.060062250566928904,-0.009230911499064227,-0.0329641752811522,0.20075901707966284,0.000418534439917735,0.002859091956190202,0.04483454158849012,0.08618499058679457,0.13556461133310224,0.1658030288170369,0.15747646402945376,0.16904846861775155,0.18490177638028857,0.20529274538591313,0.20222013047793208,0.22359458396807744,0.18763120292919389,0.18014901384239213,0.17742089984600587,0.17742988337459253,0.1475282677710056,0.14496136425485115,0.12384035305352838,0.12903021508023255,0.1379760209668557,0.14137329554722586,0.13244929114450854,0.1503349742220715,0.15241389317851384,0.1511854055595837,0.1388966368680133,0.15052113975052467
stat_241,-1.2888488568241623,-0.7149615003202399,0.07131777027134394,-0.07994484153016695,-0.6513169341934487,-0.5478890599020637,-0.654746236849872,-0.6550687238521568,-0.6558615488749684,-0.6563243893413446,-0.6577511625750245,-0.6591214204122172,-0.6613626435515583,-0.6614847704746144,-0.6625366362415857,-0.66557654735593,-0.6702810677940979,-0.6703552325419405,-0.6710485092343967,-0.6739168883516186,-0.6777022800977236,-0.6850480009784667,-0.6918906426880704,-0.6963506677498512,-0.7010086094299762,-0.7107798630621186,-0.7143649301705742,-0.7219565209222074,-0.7306266791880575,-0.7392795806568697,-0.7380676651500206,-0.738586408033962,-0.7500547028389347,-0.7569715897724999,-0.7288665466844593,-0.6845537222728079,-0.6622129793133508,-0.6516813259464334,-0.6096902848678227,-0.6247092881714311,-0.6268796389435106,-0.6833186535772618,-0.7358137928115406,-0.7013586317432203,-0.6603952166152378,-0.6410822078990192,-0.612672967305734,-0.6403496683235599,-0.6275567484905439,-0.5322875733463261,-0.5019167023686439,-0.5556750236174062,-0.5596732578352093,-0.5653964655328212,-0.5109489129653856,-0.5357252700791283,-0.5000053934160413,-0.5152034331573679,-0.5365068768086234,-0.5324937895994772,-0.5557843714181917,-0.5543983471152286,-0.5135885793866645,-0.49250204316809576,-0.488601746887913,-0.40808257309983326,-0.3329667239642175,-0.2850967403030884,-0.28575118581936365,-0.35892712937142235,-0.4931697112965042,-0.5788419184778894,-0.6284351958234812,-0.6266004095691282,-0.6039186549639401,-0.5978847444032453,-0.5675883084296292,-0.5629929580281055,-0.544557871094147,-0.5460579751986048,-0.5460545556651611,-0.5267774411668192,-0.4685875501785182,-0.46580786781915173,-0.40484017925004256,-0.4093634786748153,-0.4325152513731915,-0.43670892155940827,-0.44881480666960294,-0.38591554092960995,-0.47293114924465207,-0.4745128409284582,-0.5265437044734517,-0.5739064975268756,-0.5810651922563557,-0.5757491989224227,-0.5616271327584397,-0.5439344876377583,-0.543149544608157,-0.5384022582515319,-0.5220202139886906,-0.5237468569026726,-0.5192174071244507,-0.519302868595532,-0.4969233837457631,-0.4661089096877403,-0.46934262904208945,-0.46781703572492067,-0.472207430378517,-0.4707091773661692,-0.45920891218089854,-0.45653373495005467,-0.4709906705164635,-0.451777707588973,-0.44527184193071645,-0.4176608866254864,-0.39964427565731353,-0.38005218016509884
stat_242,-0.07268583729582088,0.11740243315459804,0.5998502736277798,0.42704665523447205,-0.36178682462972667,-0.22284697251012067,-0.36711900222525434,-0.3675434092188129,-0.3677654063520557,-0.3679998253198572,-0.36835928546113617,-0.369182187968868,-0.3723713032582754,-0.37640602955414115,-0.37786055487413606,-0.38096022506532845,-0.38484932430240243,-0.3852042799297195,-0.3898270919568846,-0.39356635556298036,-0.39632195002280596,-0.4008783725886608,-0.4057512560616532,-0.41089539770058836,-0.41526228586349334,-0.4229906488317573,-0.42931421173114814,-0.4366446384956258,-0.4427735075607657,-0.4461100560898072,-0.45298852935241424,-0.4532704546696403,-0.45757843044967067,-0.4495230908662321,-0.4086729344097296,-0.3749606655302195,-0.399829260169953,-0.4689883819079448,-0.5219976470913048,-0.514491169986206,-0.4633664923213187,-0.33134826854408517,-0.2337580671961388,-0.27453643107548814,-0.3287268387420852,-0.38062618591375247,-0.42942480073020445,-0.41938682531141663,-0.35278368190941695,-0.28560018438251766,-0.2504137621764726,-0.24843577244906032,-0.250152580076932,-0.28778740261192454,-0.2971454402135387,-0.2328495803916683,-0.1261797804037192,-0.033305578807588054,0.019877328754028232,0.03295628357143208,0.08577771353921775,0.12600362584480096,0.11436808874984579,0.1082960186343814,0.11147138784186757,0.14348632217850663,0.18659194032171314,0.17495363254448765,0.1718580550938819,0.08159737681219488,-0.008879663057911238,-0.06617345519716926,-0.10628588906033376,-0.12216519392715003,-0.09524107786957094,-0.09021901583892757,-0.051209137036757946,-0.09022005673318083,-0.1831612915039037,-0.22911097361869628,-0.23730212244584922,-0.21551482042038217,-0.19651816314519704,-0.14483297366115058,-0.12320968409671755,-0.1358661309673123,-0.16497838660008438,-0.18255814547533455,-0.1828185131634231,-0.2155851575396428,-0.14735113599561053,-0.14388121721944963,-0.09139432655287646,-0.0785835413773434,-0.09119580817008914,-0.11701355927474891,-0.14194813300073664,-0.1602326846211042,-0.1645913835288716,-0.17860865661777825,-0.17400109590422924,-0.16573501853750994,-0.16025700882653807,-0.15916422692262802,-0.14824716353775688,-0.13302409433849915,-0.1327522248541832,-0.13373845022313163,-0.1582137915992745,-0.1856920051004342,-0.2090323262112757,-0.22473174553682965,-0.22507927311646586,-0.2253489401643847,-0.22621712158358398,-0.22461182194588694,-0.2134136277712794,-0.20952501030340973
stat_244,0.760386585635383,0.42926369705823736,-0.16968393860432981,-0.02220184215046677,0.4974226615267278,0.32447501047294164,0.49670659398866,0.49652167650640694,0.4968880354290629,0.49700207760076653,0.49685150072968404,0.49701629963160027,0.4955232052341686,0.49352367256125595,0.4949687453075552,0.49341034121376404,0.49549307826942895,0.4953474723025801,0.4920263851689441,0.49066959643376346,0.48803256120833705,0.48879921057980596,0.4871369590558728,0.4864427399122496,0.4834527682755632,0.4783708277852084,0.48644070814204127,0.47616609051236,0.47582880192438404,0.4690957377130334,0.4724955791427456,0.47182674236711974,0.4824995252763591,0.5077348741416838,0.524911557874617,0.5592101991547272,0.6073063334065513,0.6614961656148808,0.7239218878278357,0.6999181491392598,0.6529833559416367,0.6027524302513365,0.5962967116289702,0.6103167252270842,0.6440107049736212,0.6218157918183838,0.5749459320434237,0.5494760814176591,0.5697761297535722,0.6267906185107576,0.6172287579200486,0.6129419275316524,0.6125049778102903,0.5957414248087544,0.5329149639362017,0.4715559479898694,0.4010443842831219,0.33425523731482454,0.29140602533497867,0.29304173735990124,0.294558017029764,0.2872174349469594,0.262118935467566,0.25581609167475355,0.2569466819917065,0.2613291887272503,0.24765673647195544,0.25691936634367984,0.258019727186618,0.2647954676872317,0.30097300546379363,0.2587937319209028,0.20743546154064527,0.23944001833483303,0.26260652831843123,0.26083032816679386,0.2805554126415091,0.24794823187370102,0.24006059158037857,0.24888610767226427,0.27861573828841263,0.3168388147892219,0.34963546008003515,0.33272613007511215,0.2778426427907069,0.19851627631854224,0.129103373898086,0.08656575261160349,0.06627045740852901,0.3028614864026527,0.026874599457789132,0.022506775533127535,-0.04188494589427631,-0.06167105176920416,-0.03203041398617044,0.041356422016486365,0.1189396915920976,0.17585828341441667,0.18406491028507613,0.20158326119743863,0.20513923029138714,0.20389649412697874,0.20226353761451119,0.2025552084416582,0.2035921510168899,0.2072959455729845,0.19481093478323366,0.19327415941466747,0.18328237667120234,0.1658149153149274,0.1833508506964048,0.18399667640306996,0.18898759338572063,0.19777632461429628,0.19689649106225438,0.2128843810674652,0.2395361112749764,0.26789796537098215
stat_246,-0.8856601573352415,-0.3122209838107523,0.3514901939459369,0.23226282076220214,-0.466099155417329,-0.6199197722166567,-0.45801263611751775,-0.45549323887162657,-0.45185668647779115,-0.44563182826740183,-0.4343918575302905,-0.4142370304124497,-0.37934209411247843,-0.3890065444107198,-0.44522174521706637,-0.46709685127001904,-0.48147394746992184,-0.4821212115919276,-0.4884041404892195,-0.4969572579898562,-0.5019143024957198,-0.5055523429751645,-0.509197057332255,-0.5120533553595819,-0.5154270945959946,-0.5205365330254835,-0.5206257555368734,-0.5284174090918482,-0.5409693055055654,-0.5399817560812508,-0.5419574539644874,-0.5421340110739494,-0.5513082676825801,-0.5611660479348235,-0.5670055539468285,-0.5725473682309978,-0.5771965023419504,-0.5589222793057438,-0.5117061337687112,-0.44563329740845775,-0.3958547440650767,-0.3389129578132716,-0.2710856830983764,-0.22827803293917082,-0.20864230540651016,-0.1862626693517176,-0.1619633373455826,-0.17092937270166564,-0.14967495888344293,-0.1897130776415296,-0.30895475682732665,-0.39569979039342296,-0.4030327944652477,-0.4837726072732358,-0.4858652135332978,-0.5218149676393949,-0.5993659847113607,-0.6338348206317608,-0.6613466552504305,-0.6819781678978408,-0.6829410835708662,-0.7013005923909641,-0.7329445438744322,-0.7465535154633476,-0.7516130396834956,-0.7891235896503767,-0.7890195696123935,-0.7886136440193927,-0.7874520419452631,-0.780550727091125,-0.8184629982544842,-0.850863534670564,-0.8367911911955453,-0.827675201122223,-0.8209404327640748,-0.8135684137722414,-0.7457701186048376,-0.7024527043314903,-0.6725680774938622,-0.604564913135578,-0.532668800977819,-0.47679518940190824,-0.4143011985826385,-0.37346544688689814,-0.3552995651751639,-0.31730971506737166,-0.26440927343214643,-0.2795158833954031,-0.31682778374880677,-0.47913325936989265,-0.3475290312256315,-0.3491610788784519,-0.367284150442647,-0.39755194966625546,-0.38186712201332174,-0.41683942159992426,-0.45834164132704575,-0.4700341630078012,-0.4773919160314829,-0.5007514228550616,-0.47777436623646374,-0.46664573015941074,-0.4638188911712422,-0.46317177592638986,-0.4470854150797221,-0.4137234764762824,-0.42474196204356807,-0.42470383506699966,-0.4043497516236315,-0.3819040669909034,-0.39352003869068336,-0.4020875724887526,-0.39422195881164224,-0.3945828656918603,-0.3975124603415671,-0.41505394713184385,-0.42676490976107134,-0.46123203186368544
stat_247,-0.4297236852405495,-0.13850847020793491,0.04853873577415169,0.2049616294253538,-0.2569074971844664,0.037327170388731304,-0.2608763806767781,-0.2605456956216379,-0.2610120567069909,-0.26196594126337136,-0.2627164745408777,-0.2659514391369309,-0.26816044529981004,-0.26835941664322766,-0.26759602430621604,-0.27098813287177265,-0.27423213237205657,-0.2745892300635658,-0.27865853604571006,-0.28734401273742805,-0.2979914088422333,-0.3039976752662612,-0.313320281412561,-0.3222432970709209,-0.332856186177038,-0.3367953646951904,-0.3393271570843361,-0.33647459026670856,-0.29039714667788324,-0.25201338324394734,-0.25995598563383754,-0.26227499524146447,-0.314600413164479,-0.3876300238134534,-0.4677314801206221,-0.5169318668248766,-0.5356945998769659,-0.4881808631419668,-0.4443216578444415,-0.44275403920377765,-0.409888854948646,-0.41437330728240124,-0.4615126524545314,-0.3615854461471541,-0.29977287545960185,-0.29013491714315226,-0.31487249872004003,-0.2925399212428386,-0.2649971814132723,-0.21672940722786457,-0.16877579494217335,-0.13062883845337292,-0.12965693529866829,-0.144452529823572,-0.1883842829362598,-0.21855295632446525,-0.2255445342877613,-0.21710258906352592,-0.1669170328151905,-0.1429294314559422,-0.09667165479741927,-0.03266644228849196,-0.0033673030501732057,0.02228177978920152,0.03129756078549029,0.09082996505963706,0.14238243376630547,0.13821374933157698,0.1400872224174676,0.16110731842516415,0.1806135075208731,0.22074446686476856,0.2810198440211126,0.27892880992337354,0.26758017591528,0.2712970684426826,0.317168591585458,0.3269226086384211,0.3337484967578391,0.3340392716810809,0.27765150121795645,0.24845789597464663,0.2118236700394733,0.15785640296122014,0.17539146797289934,0.13018225684655255,0.07405423441251416,0.08317281617918777,0.03971340347087435,-0.029202742476674832,0.03490963378910604,0.03637310394177033,0.06474924341807974,0.0470981729285254,0.07757675124873148,0.10901640210658063,0.10318276070166979,0.08177038435806434,0.07355062034231699,0.04785257691819969,0.059108060637651845,0.07418372151380621,0.03752835342015185,0.03380103121583036,0.014808868254008156,0.008872110504586755,0.007694656250001258,0.00681373184840899,0.020364013735716367,0.0310861774157357,0.021696161175642516,0.006834394250372916,0.002254567355772531,-0.011621338705624967,-0.01281311735992008,-0.010525457513645515,-0.008196730411987695,-0.014783351406019404
stat_248,-0.43369093381272567,0.003918596285824535,0.2684194517835667,0.4308271824895564,-0.4030855189036623,-0.20565601763220012,-0.40517590363788436,-0.4054769350706681,-0.40569822465602434,-0.4054275733247261,-0.4055696984650823,-0.4062968829368511,-0.40532434326339767,-0.40706629108486697,-0.41078489291439624,-0.4141554212403278,-0.4178917787926064,-0.4181479258974932,-0.4209069662871976,-0.42422062430466634,-0.42615200533868736,-0.42779788517730966,-0.43073365735854524,-0.4316764700248287,-0.4369327535303977,-0.4380227811007301,-0.4373124206230308,-0.44753510698465365,-0.44596925133518145,-0.4510143469596875,-0.4634134308494805,-0.4645041202761247,-0.47674748974117465,-0.47668505526872085,-0.47002000151117074,-0.4793785228522993,-0.4776000366823284,-0.45693962234213525,-0.4587804355801003,-0.4747773130115404,-0.5185371305813946,-0.5094861286735871,-0.49724105731144935,-0.43226812950131877,-0.3659582599035507,-0.2956271143559929,-0.41648441810796866,-0.46661371180103056,-0.46568756707412506,-0.42627084746608496,-0.35008683792300876,-0.301059046266936,-0.3021772492205011,-0.3815704932663958,-0.4138886591023003,-0.356140401413885,-0.3090067356190745,-0.2925678189641975,-0.31576751666723946,-0.3276853569009144,-0.336908387455304,-0.2928755810828435,-0.18708782478737954,-0.13172575383046722,-0.12747675329831676,-0.13410567055924238,-0.07661545332095457,0.008193364659009675,0.010667447321856958,0.07678292775559632,0.20514999564145137,0.24852046442691297,0.20645113775097493,0.10494372825834479,0.08130500226729274,0.08411874973433783,0.13621536931390082,0.15438796073986782,0.142746194049757,0.08073127600996077,0.0013384527779554207,-0.02345853187915106,-0.06651149177033024,-0.06269589375459247,-0.004702263886040361,0.14884196627622112,0.38991693036933806,0.4155554789778809,0.4152399268699022,0.2188798652586691,0.4227449757012886,0.4193682843489226,0.40431952778044195,0.311842943344169,0.24799653211935513,0.1695477763821795,0.1218726803129945,0.08883661656103314,0.07998068293014282,0.07570745024526776,0.07384687952988134,0.05618015887190288,0.05040076706363666,0.050140821547722605,0.037903094112704476,0.031213861742322258,0.049357391545511574,0.05111537306202752,0.06235625147032027,0.08941055873829455,0.07381132741793513,0.095251348621291,0.09375172794177575,0.11125271935422049,0.116095377464177,0.12325639634128827,0.15991165585767747,0.19133938996645566
stat_249,-0.350744483238535,-0.2139087628586282,-0.1878035807202738,-0.16752880795186229,-0.13532426750736795,0.005967213371530128,-0.13967861590058428,-0.14008208242640427,-0.14079340885157274,-0.14156374922481788,-0.14186864417460643,-0.14335357394399648,-0.14580166414541085,-0.14943899566768387,-0.15223884482451203,-0.15599393397168976,-0.16171204567852773,-0.16195162487548065,-0.1652273102657427,-0.169700840388603,-0.17394198822040313,-0.1808465614679729,-0.18842987188377214,-0.19504226399858585,-0.20222832325951762,-0.2125669329477098,-0.22661104022299766,-0.24188063473157964,-0.2580744452476291,-0.2707867614872014,-0.2934050376484728,-0.29524000480092644,-0.3191479659132099,-0.34611733224050073,-0.35687357862870733,-0.36347548393487644,-0.33878399355646655,-0.3120396246868657,-0.2981095411738034,-0.2671277569808509,-0.2366818780119441,-0.20731211296425,-0.18137537886089522,-0.1504160804708152,-0.15679233734628104,-0.16948145663183398,-0.19253042768892553,-0.1847400036088192,-0.13610105836801112,-0.07919506175917361,-0.06539956856013307,-0.06431066783990069,-0.06422024915860473,-0.04398593426555732,-0.01685056282429339,0.04329448297534591,0.10230117080683201,0.11526418898659735,0.1587175930276211,0.17024683010479075,0.14028732115013987,0.07843969398522933,0.05636647675680361,0.06862562055364285,0.07085125989898483,0.10657812209932409,0.14448152727523658,0.18097034124551495,0.1842195991319853,0.22089434737754549,0.2367715381575456,0.25303432439380374,0.243896377742879,0.21814109415911073,0.2043080828074539,0.2000857417515044,0.17514722708454208,0.15421214135516986,0.13233819619951548,0.16597533558489747,0.18789811878926038,0.1656906099144071,0.09558977769429473,0.03140458520962495,-0.014489600558509192,-0.032327365901581404,-0.032785932459872026,-0.013049588120641848,-0.010369492910823024,-0.026260816576860087,0.005307356788715847,0.007494976175027582,0.013660624422543285,0.027385598537886045,0.056998627519663975,0.06806482653290062,0.05618352280263394,0.05764408062484381,0.05434852377876661,0.036874152116950644,0.03686123576879977,0.038549517723008936,0.03743692648604714,0.03596908067588279,0.03126290744381358,0.021066730861836528,0.024954683963742934,0.024354644007433774,0.023379677053022303,0.02042803426975578,0.014876782121773832,0.03817382043530759,0.04660917851190196,0.03580997038748027,0.03449101615885795,0.02622855967883397,0.018016338466067216,-0.0036792398916231633
stat_251,0.8379974017818603,0.6081720703856323,-0.013016617182204747,0.05182787913507407,0.23238768208741234,0.40394398576269236,0.23096648811087253,0.23308871041245677,0.2345045078048186,0.23811711516568174,0.23743473563784784,0.23645071224287276,0.22645976984693356,0.22558245045268782,0.2328648670510319,0.2246842636579988,0.2199056018626469,0.21915253990879063,0.21210169124730394,0.20250505773529892,0.19658449709867434,0.19430352606847104,0.18391764567238364,0.1786262849437151,0.15997807078492854,0.13748016804742894,0.11987414497155521,0.10162589369040005,0.0655293287099336,0.046289099877047823,0.020876241761819323,0.018449246378701403,-0.028350405805487738,-0.05743761434600987,-0.09310917620995636,-0.15434962513241965,-0.17586886763987317,-0.18541008773277062,-0.18511046808918927,-0.17713042168620965,-0.16256982269165085,-0.1599169739239119,-0.12977927148985363,-0.11802685797050982,-0.053871484859736814,-0.031231156974665743,0.016596269598010888,0.05228417456589396,0.08723798502244567,0.10639929259763709,0.12421217391299275,0.1886225070439439,0.19705260045397047,0.30629173599249016,0.3909029165593931,0.4289156914716167,0.5016891952058101,0.5621779174026591,0.6211271690589818,0.6300651966681936,0.6749169917547705,0.6515313244229748,0.6059914634311447,0.6914095353545864,0.6987338117173043,0.7456618185711654,0.8194352465680754,0.821755633800183,0.8157300288155886,0.7852704513560587,0.7818870230601437,0.7748282152971607,0.7407703464120777,0.7466139018371555,0.8066024187921987,0.8190028825888052,0.8957270102208758,0.8531432361558182,0.8586562267193651,0.7712849462869951,0.6325994409891549,0.5789419234365076,0.48980048886233574,0.40646617364309356,0.320250568494439,0.2685259170360305,0.2663484109293041,0.29291240882096975,0.2996560566650626,0.18078573798625167,0.2773718262029969,0.2778342787516036,0.25250385144513277,0.21748313699930624,0.204223208973923,0.1910119637843616,0.18730514074441956,0.17597127554951417,0.17016504732595145,0.16282826328973632,0.19620711490403403,0.2436667698410889,0.280288878670162,0.2827884035587221,0.2707707102420354,0.2691678461888594,0.27160716912209576,0.2716838943608807,0.25717215972858803,0.258391538879519,0.2379075042798167,0.22885861075220337,0.20109633083185435,0.18579899644709308,0.1856822632373231,0.1847507855511104,0.18402274434845992,0.18318968009979494
stat_253,0.35861230307414466,-0.0032586859263984583,-0.28097603921402153,-0.27390778755325473,0.2584986384213725,-0.06155767964010337,0.2580410315441869,0.258337215665663,0.25869964757629993,0.25920463683493716,0.25931029729656435,0.26074573769916654,0.26116914983329736,0.2596527903441705,0.2569219804663977,0.2557815331994983,0.2514871505411466,0.2512326991835067,0.25118764256267195,0.25263698709489524,0.25240159182668886,0.2532669083562345,0.2543078584402457,0.25907595007822726,0.26640904583275715,0.2697421438886031,0.27524203897960814,0.28053150936057375,0.29468940724764847,0.3050369976180511,0.2950206349696212,0.29486995129013865,0.3249066967805844,0.3682950719143526,0.40724705617998014,0.4410573794978752,0.4198016420408917,0.3876194562730914,0.38453529927021707,0.3813387212215028,0.3663123155659552,0.3166523129168326,0.33770796446222356,0.3931636958410885,0.3724335251379253,0.31504560408333415,0.2598407551645703,0.24791363189595836,0.2544334524798629,0.2690286436913999,0.35321634028787136,0.44096596188067116,0.4467247810483978,0.5132211715111709,0.54729903297985,0.589461182720504,0.5615343734418502,0.45160905159392406,0.30776068919024097,0.25497792029017224,0.03929324297025419,-0.15472150117865655,-0.31992169056778613,-0.45907476730425445,-0.4756811750093937,-0.5887236490802578,-0.6712163039262393,-0.7238685366759494,-0.7275673179879111,-0.7821515024011371,-0.8432340533252981,-0.8985024651954469,-0.9128690381699613,-0.9175527309609254,-0.9230377308825526,-0.9291321371926616,-0.9617446764679483,-0.968983696436385,-0.96560661710993,-0.9687544747554242,-0.9176585655699678,-0.8651654981609032,-0.83304769682712,-0.8151444728745019,-0.7643032371412334,-0.7303697931906221,-0.7113629944676405,-0.6963035200760174,-0.6517937929044224,-0.3810964628949193,-0.6132309555396329,-0.6109234044292846,-0.5673317635966375,-0.522267116203347,-0.4879266941001287,-0.454619394959332,-0.4244887165231411,-0.4150791208922687,-0.41838817696757935,-0.4404898072532434,-0.43791110252870274,-0.42271225976834564,-0.41738791175624745,-0.4168747262816416,-0.4278216975823051,-0.4453829028614728,-0.44304595174334516,-0.4424137338110585,-0.4460233585182486,-0.440596685120147,-0.43166462866968763,-0.4083405683292258,-0.41006962076394027,-0.41691018430968807,-0.4151566489424049,-0.39408782494949,-0.3796228113454323,-0.3725774562778512
stat_255,1.3704599592680973,0.7630895407701653,0.2465581558307393,0.08337526104554854,0.5501844793021433,0.3114823481935124,0.548364264839652,0.5453820215943456,0.5455521408403616,0.5483985905945843,0.549892920518031,0.5532158571147652,0.5495564682970031,0.5465361672682671,0.5468046220436262,0.5450228615278495,0.5375930073933468,0.5372684479445081,0.5432098191426231,0.5420648095644569,0.5490865016968883,0.5553852901433579,0.570484457940075,0.5691460310745943,0.5686951979818831,0.576978738289342,0.5995632145809929,0.6268449836181977,0.6404648571240467,0.6342023958675714,0.6656309642750406,0.6664914882452565,0.6533644287751867,0.6686466497350844,0.6822591389972993,0.7227674208379804,0.7185394007307114,0.7654890623906961,0.6954078654750014,0.7179329309400406,0.7844419627529937,0.7912321021843647,0.7437211084476235,0.7402976848617872,0.8114633589113666,0.8272560225112371,0.7671007443492193,0.7470791789707737,0.7251465856664937,0.7291124118166703,0.7118226233977111,0.7019236667924941,0.7019663081718249,0.7754377186441199,0.8400038692751738,0.84505346324378,0.7978054742425988,0.7004332724106557,0.5735863921968368,0.5298201618774825,0.43743720705461153,0.3516422045234926,0.22850538180752814,0.2794586469822318,0.2927773086555172,0.2860334309897887,0.25395280282905963,0.32440535948799115,0.33007794935868917,0.3694581254997446,0.3528566618649181,0.4059539371288078,0.4378125605354511,0.41332293621134714,0.4454764385241952,0.4575340950421574,0.545018180903205,0.4251370105754474,0.2988943861101023,0.3281110436191903,0.3493234875684855,0.3130401477684503,0.25260839085142,0.23911369125833679,0.2277856321356827,0.20980216551276437,0.19193472099368378,0.21359174785500498,0.2342788465780891,0.17406375362229803,0.2289325680583175,0.2263057373798108,0.18434128758570806,0.12204638754503631,0.08112233184557925,0.05232247007438253,0.03497566198798618,0.02472506091997952,0.018320380954692902,0.04085828789744947,0.03842510832590945,0.03692783976941476,0.01862946683896041,0.014518640972562856,0.032611012368906254,0.0921701375212675,0.10823089211825115,0.10875988371519317,0.12107764848992027,0.13453662531582902,0.15008090805947535,0.16745952462091793,0.17490530291863698,0.1757002423137515,0.17626575478935844,0.16713560757799537,0.15574865416422345,0.1752520810848736
stat_257,-1.97790963435377,-0.9661080742220381,0.2557272746595962,0.13347943991164682,-0.8690694966453312,-0.8201839607397332,-0.8707061327397877,-0.8702365396051942,-0.870392530989803,-0.870197665872938,-0.8686482892405637,-0.8689940856568888,-0.8710772910986011,-0.8735820817031567,-0.875853395033085,-0.8751566975860311,-0.8782679290937554,-0.8784373571862971,-0.873339842522381,-0.8732687107995667,-0.8768382431323584,-0.8818868631822816,-0.8875304369426549,-0.885897307072601,-0.8843389340044447,-0.882187821627865,-0.873347900126282,-0.8754944477774113,-0.8677633930241074,-0.8590112854935871,-0.8591415679509536,-0.8590437138651409,-0.8538965043954053,-0.8425018472035324,-0.8187687156858929,-0.7915117810055483,-0.775817617787786,-0.7535506368603979,-0.7090879932659856,-0.7274269933944977,-0.7613351926970806,-0.765064493891695,-0.748614082972743,-0.7353244942324544,-0.743726593420528,-0.822550356840823,-0.8986243599879538,-0.9501489462440059,-0.957742574521465,-0.929269575703635,-0.900763988680913,-0.8959013372135928,-0.8945601328176779,-0.8843727307768386,-0.8902644663588231,-0.8847797890885687,-0.8956589466732402,-0.9168957870250787,-0.9275415892264025,-0.9265377369416304,-0.9275199817161414,-0.9533028935227792,-0.9869454971161503,-1.0141161890373207,-1.0182286443153845,-1.0355197118912027,-1.023048377637019,-0.9576208147996773,-0.9539840812932638,-0.9023772077279436,-0.844216638418437,-0.7912843402698072,-0.7668779177589494,-0.7364579624652288,-0.7086622710608552,-0.7022010210999237,-0.6665795020999313,-0.636386469463382,-0.5611607646350263,-0.5040794701995142,-0.43185059558995165,-0.3768334841419305,-0.36092573593141264,-0.3153959032075277,-0.26891566606514544,-0.26327157152759123,-0.23473042933310237,-0.25443270014352715,-0.2746046653441135,-0.541957577043016,-0.30610032300300466,-0.3099328092992144,-0.3427227958593837,-0.35796597934170965,-0.3643010582479978,-0.380010184977991,-0.4032538028908353,-0.4154914570855529,-0.4158020568307159,-0.4169695601448336,-0.41122636682877256,-0.4175677814218486,-0.40495490771466514,-0.4046271990449972,-0.4169635266999545,-0.4439114348276061,-0.4367444602524434,-0.43556522953622406,-0.4299670808779076,-0.43465398622928536,-0.41303350258048005,-0.42527174182383953,-0.4605065837106738,-0.46785602278198346,-0.4692336194094161,-0.47892555340746384,-0.48196318284037726,-0.504057552903343
stat_258,0.7741039199334844,0.38209893462959105,-0.22090212799925077,0.11126273322865571,0.385941261011675,0.3408234576634877,0.3868811897584489,0.38719184697570175,0.3874881240712825,0.38705048920219964,0.38838393961424944,0.3894823083488007,0.3875658711450513,0.3849495590296681,0.38399802001983446,0.3838960881641413,0.38218794363171515,0.38208302773091196,0.3898513233102453,0.39743057639586166,0.39942737776823706,0.4002572531181933,0.4101892307471378,0.4288449299908266,0.44978817114364855,0.4832959990897519,0.5238342158042407,0.5695687760839884,0.587871910294763,0.588319720969758,0.6082178109954257,0.612084238626879,0.6620204099571405,0.6601563971359702,0.6775796262597482,0.692775303332935,0.6427874934398943,0.5838143109436305,0.5654125493296972,0.5536247363478859,0.5755236068763578,0.5532583459105391,0.5061704796681645,0.5026171230141488,0.5012340121487534,0.45940074777552625,0.49123065468118593,0.49126763664154555,0.4724485633212158,0.4052934833850864,0.35335375277482445,0.32062737641473765,0.31561925320004003,0.26558293283835405,0.26966977339598225,0.2841691551128804,0.2612551842584284,0.3013864187627789,0.3450948602075535,0.3577501554954852,0.4172014141156359,0.4249432791074713,0.4094623725908753,0.40991948124919925,0.41540623144256184,0.4117116530893622,0.37018325798397506,0.349611346698053,0.345842870051691,0.3447584189616002,0.3341558358889401,0.3257489667985817,0.29486679870527555,0.23516972032752698,0.19576655083183356,0.19481705403649033,0.16694494717427388,0.16987360016821168,0.14231419284467067,0.1517245197791751,0.14293847535892426,0.09237123089533575,0.07700008609254519,0.10742672902002948,0.09911466537815113,0.09779196076911321,0.10955719278534069,0.1041383517470702,0.14322990619808462,0.0629710283839801,0.1601147001825028,0.15904392697670822,0.17229936526068554,0.21136191190154716,0.21007709946288713,0.20229850363405288,0.1948082758825799,0.19753710709381592,0.1956410284104358,0.16694360257229274,0.15891749739987532,0.1695961789353866,0.17061407307444285,0.17005758147578418,0.1582993472243569,0.13712770839482707,0.12552953730428204,0.12502547421102206,0.11973397135205543,0.11108296321444322,0.11268730150849869,0.112574147015791,0.10464763501805581,0.0947894593794879,0.09490097552636782,0.09073063794156906,0.08043944644101149,0.06338832000878908
stat_259,0.849377960141342,0.24620353182725244,-0.5853808351064816,-0.49063865757056146,0.5445711082420407,0.19069030110330606,0.5504863965072331,0.5518740843798243,0.5530861285864188,0.554824053604744,0.5573469252074914,0.559349928908449,0.5577679430896793,0.5672917223884579,0.5606104515529334,0.5639785757354704,0.5627726630390071,0.5625985136314556,0.5774058138993867,0.5984133529474558,0.6093204153950909,0.6113913310286034,0.6636835764917413,0.6941885685269168,0.6911254506630935,0.7037862898205202,0.7223140582748904,0.7600742618660651,0.807633197293915,0.8621273863880743,0.9156785759706422,0.9195725433731753,0.9402681743211722,1.0119137991069806,0.9954065394367839,0.9047068575898879,0.8658715671426258,0.8277056245873926,0.8532065028496904,0.8780228317229085,0.8617246527657733,0.7712160880452887,0.655457778874242,0.5178397534001373,0.4868121125365002,0.45592731685763505,0.42591536549283915,0.443286440331479,0.48215249963358753,0.48157370604621774,0.4321186737198232,0.3442704163240915,0.33793386884186516,0.2777539601126048,0.2026690760802867,0.10978706819471323,0.08511483119327647,0.06701582810695832,0.10353754878589606,0.10729556009371104,0.045896346459003506,0.020764165175629345,-0.03769212877425148,-0.10978465999933741,-0.11939695757424032,-0.18564048026283494,-0.2214614738879317,-0.21124910509666645,-0.21048962314231282,-0.21101866343989492,-0.25126197473039874,-0.28001252232280455,-0.311847009988147,-0.3202309665518126,-0.33427267536690747,-0.3379928103488243,-0.32050574539303867,-0.30900529833405826,-0.32832101166968825,-0.28850102273063877,-0.2774689673356884,-0.2897500458290953,-0.29007270394046775,-0.2714427927556643,-0.24115592764393443,-0.20187493977317897,-0.2067879087170281,-0.2105801047965327,-0.19355120978587081,-0.029775187451722536,-0.15646010279566822,-0.1549786783695279,-0.1608555340524528,-0.1603423218832916,-0.16178452671019475,-0.137361255474495,-0.10917176912292555,-0.09503020172680506,-0.09276702534705956,-0.08656484123851999,-0.08668154241616877,-0.07231200999729348,-0.08134787555641114,-0.08483640396118212,-0.09699625445079624,-0.11138891759750073,-0.11046887014922063,-0.11080652210432165,-0.11790104925329124,-0.10346821786592272,-0.09162021352985271,-0.09572478180342854,-0.08401805600838036,-0.06534948213779933,-0.06489012726701648,-0.060477590712050125,-0.036782795147415975,-0.01829491481404318
stat_26,0.19458786163548672,0.15919880468822503,0.19461371611740375,0.17929516864562167,-0.015791938405492683,-0.04754724153039473,-0.019334761412630255,-0.01989380150893028,-0.02074575149866214,-0.02188921243845617,-0.02387031689591583,-0.02601747328685734,-0.029788911985190656,-0.03179122627082118,-0.03005754036025948,-0.031403181605511025,-0.034846322741454244,-0.03497168109317428,-0.039560090187077304,-0.04154374613720924,-0.044221572240612426,-0.05118066180440631,-0.05434383466878525,-0.05615050360639177,-0.05952955617723866,-0.06378526188997496,-0.06932001573867139,-0.0733866313132452,-0.07893479523991132,-0.08924450802443848,-0.10742419040635173,-0.10827180929699155,-0.1231235466985651,-0.12401392464305687,-0.11701228608994367,-0.11543203380756202,-0.12435529515884657,-0.11881754556684092,-0.11040379036583817,-0.12853681352701998,-0.12180909510836871,-0.08748382137316313,-0.03500426250855005,-0.003037233962648687,0.02859493650240152,0.061680388614140526,0.12100758008621436,0.16738716276512253,0.20122676316452665,0.2307786592549287,0.25784965436721835,0.2319076329753639,0.2284784790740724,0.18800387130177668,0.2113237601828828,0.23702204760237663,0.20705003536759659,0.1416332474525578,0.09465058231966722,0.08464608703914742,0.03668837402155619,-0.021456221456586773,-0.05460326113047182,-0.06287577365607294,-0.06295852473650801,-0.06806693610078919,-0.06792186573170075,-0.05859780653394421,-0.05894371225121005,-0.09344438492625254,-0.15613486024507373,-0.19313698712941615,-0.18655738400653457,-0.13404678454974503,-0.12128004987571621,-0.12420378294539931,-0.1578264387317089,-0.1771343529654379,-0.20098734287335057,-0.1994909363254344,-0.17157395589183694,-0.1384831846743056,-0.09151276784177086,-0.0038215506699427345,0.05835085609266804,0.1128176461058024,0.15163782087617722,0.18711176242540964,0.20736743652724138,-0.11901204039649052,0.2342823106566699,0.235538673350997,0.25776952819746834,0.2773305204485689,0.2744674633118769,0.26980571548926635,0.2574028191415329,0.2324746498774892,0.22125110409068674,0.17503894500982045,0.15759681842936457,0.13353563282275702,0.10662399135291975,0.10288257958818585,0.08743035958820314,0.06826536894735437,0.06073852289058251,0.059702806759843935,0.05271890232041192,0.03696008660996954,0.02215078747131319,0.010008846662540791,0.005174382303778104,-0.007791952342134104,-0.010074375897374482,-0.033623736928606866,-0.050760301949513316,-0.0848846503218287
stat_260,0.2981325580669629,0.2945009850890438,0.3983176408076239,0.398987286431036,-0.09993972765232315,0.17167515656929433,-0.10539229302984841,-0.10578928228436958,-0.1059719999522842,-0.10623663694498209,-0.10629756546807373,-0.10689800597937478,-0.10960408599655998,-0.11316709218709464,-0.11449258039865336,-0.11699677991473867,-0.12011621568461556,-0.12044829079626378,-0.1240293871720431,-0.1260688907260302,-0.12615922193298537,-0.12951158442415217,-0.13316136646468046,-0.13703640504049291,-0.138613277450502,-0.14623252068688117,-0.15338094623438936,-0.15879990648364464,-0.16312351580963977,-0.1668434266196341,-0.17293269746460854,-0.17308311458539832,-0.1728455256299466,-0.1520400133435436,-0.13054486521341674,-0.10333317887616848,-0.11104616709074333,-0.14084671544097638,-0.18340284710275992,-0.262288080460615,-0.3068693010635147,-0.33446952871196556,-0.33540935499109636,-0.34824837606534276,-0.3039094240393713,-0.28421277936618916,-0.29997026271562727,-0.3258864496723913,-0.32021642767477937,-0.2681463379083975,-0.19505885825454633,-0.1424018592530918,-0.13858114079855838,-0.08465668725327882,-0.013925550648788303,0.08134528678409306,0.17228370456596057,0.22791871517390214,0.24899461757450303,0.25312158749538677,0.2835255536830927,0.33359433581025005,0.3848894920504679,0.42577546336999195,0.4318686494864487,0.49133033109377416,0.5601750763122373,0.5913909643232168,0.5902109920300809,0.5656161684719675,0.5329588353222827,0.45138939020240093,0.35957331377796636,0.2980191211922051,0.25900843077669783,0.25422397675332997,0.22030790430965966,0.16431049072667386,0.11126432143275762,0.08747828364117187,0.09168214207480375,0.11929995229353263,0.16133970034763553,0.1964689208053291,0.1825117141760881,0.14727456372134332,0.13029548242235,0.13028169775313272,0.12539800273590132,0.03400116596075719,0.11608417792381748,0.11514400785659716,0.10901512096198862,0.1043927989604942,0.09061217598585881,0.0834439616826967,0.0901381701464243,0.09133378478311598,0.09329071884177273,0.10894227331830124,0.116000117997007,0.11210749043590294,0.1102584013617659,0.11083449899227614,0.09884560182250215,0.07212876893007389,0.04866621914197212,0.04740383033430044,0.029144446038094955,0.01975752645973516,0.02213506232855059,0.020171933516555,0.012163460483635773,0.011560700550318641,0.011150577272825502,0.018803404001099974,0.029740029678770163,0.036178359827620694
stat_262,0.8782850527660613,0.5007564375593909,-0.0064417606634733435,-0.00718447976125131,0.2828567272872986,0.23881816777776085,0.2790063742685053,0.28053359338222755,0.27966038926081377,0.2793678665888703,0.27821366080114784,0.27994021605721636,0.2781336928293435,0.2765663076009629,0.27460948260782986,0.27301723548960866,0.2691615781836594,0.26883940048822585,0.26429281063431176,0.25693759833730423,0.25560439958448444,0.25202053989574025,0.23994915897269325,0.22429219267908537,0.2251371080534742,0.2249172767342165,0.21940685745740057,0.19310549351729273,0.1685810161623634,0.1603069086764103,0.15697583847550545,0.15856994240134614,0.16214516049875885,0.165719856963037,0.17200367166503316,0.1621389097351568,0.20713281784465779,0.22425328973246078,0.24998042658850056,0.2875097022389603,0.2997381238671666,0.3118669415807908,0.24917375465962738,0.2768566849323474,0.28573459160262177,0.35038104416166826,0.37236893597014353,0.30230621063739743,0.38330566824818557,0.40334503562285773,0.40402592580531144,0.5110336824290314,0.5180500822668512,0.5632760019525145,0.5185321591657225,0.48621096913639683,0.4578746056529792,0.4715965075685193,0.43584260873831787,0.4467544926621032,0.5181568215247293,0.538616255654673,0.48753317110432515,0.459454088928811,0.45981002753592054,0.4568815429283035,0.4699211193124988,0.5454324259069894,0.5487500651097827,0.5511810199000675,0.481789016285201,0.4015468010807573,0.29829136342177487,0.24427927574089994,0.1626024612043806,0.1543118286007364,0.09720704698636402,0.026482707920214385,-0.03992223583802044,-0.011148097770612639,0.07751627777069105,0.1603160085166318,0.19435702576972197,0.08506763741281738,-0.0096229935906865,-0.07037831721870655,-0.13549852613626734,-0.18441224397621858,-0.20809700117711796,0.05113717125279541,-0.24435002532642028,-0.24660585049015302,-0.21291875860283035,-0.1780761081307643,-0.14025434211352775,-0.11136619928227506,-0.10646928731803569,-0.14555452296213747,-0.15350318071154778,-0.1337165023840692,-0.10837692371869836,-0.09785699568790814,-0.09379359564216472,-0.09334027832406872,-0.0800242107605174,-0.09894869690115558,-0.1290482230553501,-0.13010868955989868,-0.14357657114808525,-0.1465868507357813,-0.12571287109432655,-0.09815858661945023,-0.07247621013897282,-0.06352215585323417,-0.06210337783484177,-0.039444296074244045,0.020911097176133864,0.042915713586769266
stat_269,0.39263293767055646,0.1841885900925973,0.08653648073881924,0.00024154998784297154,0.35151822031257435,0.16595843635969548,0.35144453473014103,0.3520191449127841,0.35302901530991976,0.35683480299004244,0.35674170825268214,0.3571054190498929,0.3535569663540231,0.3515488136896981,0.35827095211265386,0.3570119719606692,0.36758645034770254,0.36775788120195513,0.36715803773648303,0.3768038443301823,0.3797556643593589,0.38227203702721324,0.39111192461619415,0.4033753169880156,0.39888147847199157,0.4144933168579641,0.4053227864225775,0.4262088194662178,0.43989219021053616,0.455967489764029,0.49561616723844487,0.4980553405302001,0.4985193434410755,0.5018002625602057,0.4795588073142735,0.44149633097855134,0.361510933302358,0.35728781888121564,0.3403506716130876,0.34310261229639666,0.3738323050435599,0.39649010152913283,0.45587482559412335,0.4374102936565391,0.4259083491620604,0.47441124869860846,0.4923179387399657,0.5111674831633828,0.46621999403443154,0.42191696418491015,0.3962455905979436,0.3944725962316998,0.39218182230378523,0.3482194650536087,0.2878420598093121,0.2778807120486207,0.25690546415753346,0.22266417923859402,0.2181366825046613,0.21284009905954218,0.18973200213851704,0.18965937372884567,0.1841824918452912,0.16462809697309216,0.15828389759902622,0.13072684982444532,0.1265256471917036,0.10442762944930653,0.1059006639803693,0.14023078167004216,0.1671778954610321,0.1512353288277,0.15154831286220827,0.2177906810815582,0.21422028492299755,0.21353824835818525,0.15261943935111544,0.18184274323904107,0.23287047167107627,0.21781496515534338,0.20506501654845183,0.25057254096112563,0.26615863032042486,0.26135195682090556,0.3584984698985824,0.42977249078715846,0.4239672201792198,0.33152250479624223,0.2410222672037206,-0.007669766109154348,0.2041777351588531,0.20174602970272745,0.20166989752104605,0.1917924863380997,0.1385525557361978,0.13677258093159642,0.16112453008649905,0.1718842376335888,0.1850119139687091,0.2183161296895852,0.23474453094162276,0.24215462492587525,0.25932200262538185,0.26089690256152415,0.2996773397111112,0.3045057945826957,0.25357258332116017,0.2506969397860211,0.21386283937325504,0.17802096056051148,0.144957985168974,0.10208920902131607,0.09279355154530072,0.07526813951340644,0.07220475660169837,0.06719308812308948,0.03224562046559723,0.014661055891799443
stat_27,0.02729180642777241,0.08548156957806453,-0.0009847891237560087,0.11189024649644581,-0.08349743216269377,0.04187489292767667,-0.08473537108165877,-0.08421365244788238,-0.08439831179176406,-0.08362180460235435,-0.08112208516254447,-0.08163463707449052,-0.07758204956525253,-0.07948864552250462,-0.07626891504689762,-0.07425803199322609,-0.077776739044064,-0.07732208247935886,-0.07269858996873349,-0.0726337519805762,-0.06844199840921779,-0.07673404990091387,-0.08046827284491645,-0.09261460225210623,-0.08996434908046498,-0.09632484265201986,-0.09886195970551062,-0.08933584844369813,-0.08037648719358018,-0.07722648706311555,-0.08722542554569022,-0.08920981252796008,-0.10866878205838001,-0.13999882648760528,-0.14014381823016026,-0.12790972034284775,-0.14985925982079437,-0.1741071795909186,-0.1646625614168653,-0.18857525267259023,-0.1827788194920057,-0.1404316884170806,-0.16650679363215845,-0.2023318919434228,-0.25307475166592713,-0.27458421029739427,-0.3035713381192648,-0.21979910806580286,-0.16288971584314563,-0.14048717948123846,-0.14463852049183984,-0.10524000625497656,-0.10219294336064937,-0.05151839814619531,0.0007056110162342871,0.09967930173124773,0.18973076105325978,0.2691377708586997,0.28799452075018983,0.2837136074521119,0.26855403425075614,0.23709585288539026,0.2381331126615462,0.20929713111532108,0.20811373503098293,0.1706349957297907,0.1498445159266443,0.16425261435808106,0.1645635021595894,0.13381440707497455,0.0636798918301608,0.013378667781955431,0.04596166967409363,0.0988537512645601,0.14155418850212956,0.14608974129698718,0.15781522983327595,0.12062416708260842,0.1098465976068637,0.0994786829926296,0.18452394094039912,0.2698976700671264,0.2910870299862103,0.24531940706746977,0.1234414147016918,0.010689858586359718,-0.06232810941561793,-0.05552349369955335,-0.038388203201173476,0.11187162476012923,-0.09533551476605223,-0.09964760987136277,-0.10167838100260085,-0.04083184368084783,0.0291123802426868,0.022543316839134162,0.033018346609422794,0.027401303577382925,0.02214796572435272,-0.030458068936514263,-0.04091078297450318,-0.014111192787700863,0.002200768506529528,0.00478679911562419,0.029865481350353544,0.024707417582068323,-0.017407607392732703,-0.02027304031624967,-0.04315803863316067,-0.03521351589365766,0.004307948443626341,0.03330399547156531,0.07750334799702167,0.08667166368190073,0.08658286706208643,0.09643987780307822,0.11629664361460636,0.11211079391092112
stat_270,-0.5208807167952112,-0.35619602558556557,0.12348855188020656,-0.024703414848300017,-0.36244229496574704,-0.19214663920859915,-0.36495987420541437,-0.3646927764784341,-0.3645441644743743,-0.3644463224720041,-0.36487042553500715,-0.3644073897927058,-0.3657741779986454,-0.3683166003342437,-0.37202301214587047,-0.3741783069647051,-0.380107873421917,-0.38038606179478207,-0.38070691679701557,-0.3844293038814502,-0.38694576867578895,-0.39101816087099484,-0.3943065719700313,-0.3985638433646808,-0.39951296458920804,-0.4009237165523728,-0.41142223686608476,-0.4239331007233851,-0.42022989390310406,-0.42824806530035864,-0.4159636521131536,-0.4151787560357963,-0.43363896025947063,-0.42166497722050567,-0.41385135814856927,-0.4115604580177094,-0.4161404674332403,-0.46231218192661316,-0.4947056441639312,-0.48553345034274475,-0.45566774340139954,-0.46339774974194375,-0.384710873141488,-0.32398210957206136,-0.3064711211887728,-0.2998148849659585,-0.24461818512836092,-0.2802662953387855,-0.372340172975941,-0.36184643970582314,-0.3169501556182951,-0.2840034441049044,-0.2854251196493257,-0.26691229405475575,-0.24789547447642202,-0.26311244665533096,-0.27866726144137605,-0.27607492686674007,-0.2279583446934817,-0.23109831037888118,-0.25912298064381406,-0.17670299733029324,-0.14193925019046608,-0.09708718779457277,-0.09353489298363814,-0.03280552571728656,0.12154553558246939,0.2007346822267252,0.20074513805341274,0.1263992647306731,0.08139238846591407,0.09339768859344874,0.14535445332063202,0.16600308350476503,0.21765249306870535,0.2242495523291549,0.3143048904283597,0.3067425212435335,0.19245651309363276,0.07679690602530463,0.1040479648028143,0.17049351125064144,0.24393849593102696,0.2141174331999626,0.16236425185615527,0.15342127999698799,0.09208446327610016,0.04141338438654567,9.436600638104295e-05,-0.12519580817007725,-0.013360648059878126,-0.01523390024312554,-0.06525152981290468,-0.06365985238417897,-0.06769618960136436,-0.08083084665865616,-0.11754051154678544,-0.12699759641927033,-0.129283111987558,-0.127155075200581,-0.11152790565936495,-0.12303541187246156,-0.11606259715073326,-0.11165121121292851,-0.10175608728990888,-0.09377715199597522,-0.09359892513737388,-0.09324779460830922,-0.08815928328705072,-0.09453208947449822,-0.09336762155898368,-0.09268155144334961,-0.07802450091368472,-0.082471209439795,-0.08564117559923766,-0.09532273882524717,-0.11148567547926135,-0.11157506646471083
stat_274,-0.0415005086385089,0.21536051399499803,0.4666032857198309,0.3907429268034262,-0.3314016817395376,-0.23182621929278027,-0.33497175984594807,-0.33552661795734573,-0.33658394516042545,-0.3386835364135146,-0.33999037800992987,-0.3412099230548726,-0.3438019783940593,-0.3463062682383555,-0.3496411536150374,-0.35345534039620313,-0.3556137948170362,-0.3558619525609371,-0.3601022432579112,-0.36590903547085885,-0.3734680530718881,-0.38419799667247845,-0.3911309206556653,-0.4009124254390332,-0.4041281018932333,-0.4122242963746978,-0.42451154858324436,-0.4227211813727815,-0.4282247035333849,-0.4503978120616477,-0.45230252633646634,-0.4517548722252616,-0.4558772057720572,-0.45009797314806455,-0.4282196443638301,-0.4210434930681091,-0.4547228432943942,-0.44724532382606286,-0.45869749257605225,-0.46242481553634773,-0.4094044057746838,-0.38954926776934157,-0.3786398972361491,-0.37517171221132395,-0.32449194412481286,-0.2253217525915877,-0.04610147303846043,0.11656768165873767,0.1376085647722304,0.010760563519541083,-0.08589165202171088,-0.17586263885520095,-0.1777799772480908,-0.1699992452663356,-0.17530126759706513,-0.18015870734539688,-0.1826992113555099,-0.2397337638452758,-0.23098833902799984,-0.22638420622508337,-0.16786194451053799,-0.14143680738876085,-0.12294917804204199,-0.12498235233710406,-0.12125516693907351,-0.085454578296094,-0.030095384830378276,-0.053693732740332456,-0.05784514563098666,-0.08463936262110817,-0.09577834363252456,-0.07226423434913676,-0.09056317304500865,-0.10005355219876827,-0.04945324957730592,-0.04325885872774207,-0.019643918471138038,-0.06827126996195293,-0.13249925832258683,-0.14140593726579345,-0.09607412888424538,-0.06125995431230337,-0.006602626337118762,0.03386291223051844,0.08104376072229925,0.08581448664955621,0.06520027954898965,0.009006480560628105,-0.04570608399260721,-0.015168555835580678,-0.045889253225881735,-0.044391197308378746,-0.05651219408648513,-0.06310743029009304,-0.07101837155974192,-0.06382336626112711,-0.02621654584513946,0.04462603611203298,0.060566298384432185,0.0947306624454912,0.08295331524774739,0.05001984854590997,0.024460252107775797,0.021812081731731516,0.04947263363222135,0.031153902605400345,0.01746803845741427,0.01706303822530333,0.012092686852784683,0.03483011768901494,0.07244681944350412,0.03032153646291966,-0.030114445311748114,-0.059876674885402256,-0.05769372551458918,-0.07348127642084844,-0.05819679128850879,-0.048385084995462714
stat_276,0.5911518018023622,0.3045849570233499,0.10807191183862812,-0.0008597537246820102,0.21329998673671674,0.2859945337131133,0.21189434241680874,0.21124564870242907,0.21120472669273646,0.21060671877889398,0.21049085912966325,0.2097313197745923,0.20786304697197608,0.2075862905664823,0.20815632102532222,0.20740658365412007,0.20988917203135815,0.2101493417153226,0.21240895371716034,0.21291363769271363,0.21619643391345966,0.21566661923105027,0.20692920344240287,0.19271594651229815,0.19847035176876987,0.20117929379617958,0.22063648358228113,0.24380531205404946,0.25902548273839004,0.26562595431233527,0.2636093293300412,0.26259807094766724,0.26413465146983256,0.26384668576380355,0.2695246477812386,0.29794217893473457,0.30515821926028647,0.29005742952455515,0.2720374777409266,0.2584629533007659,0.1843431642892526,0.13593213222095024,0.09906552680926659,0.13496950363569118,0.15477632705100428,0.14751261162236531,0.1618695264861941,0.11514199912770032,0.10439989414261394,0.1471314066745405,0.10315950442567519,0.14954865706449322,0.1523277868857127,0.16602170023046892,0.22284248218067776,0.31634412084182495,0.39657364950740853,0.451024422751956,0.41907569356519514,0.42001693278409863,0.43879736384627255,0.4424163081446499,0.40410297566135733,0.3724586802679142,0.3684888141065084,0.3840962856926253,0.3752766382426476,0.3285168180427444,0.3272365275307218,0.32773744535201377,0.3748070105712391,0.3649718609094989,0.36903865602479535,0.33663554224383707,0.32981064490727485,0.3379103044780857,0.4124058680507558,0.4527265734651638,0.46522978323407,0.4561109254107011,0.4139220166329629,0.4906499473419053,0.5549303985318014,0.5789213510416611,0.5861088313503501,0.5569595731733686,0.5173790541214025,0.525945246630696,0.5396661922496413,0.5187696746087858,0.5736556298769002,0.5759315824089505,0.5926719367170344,0.611816701327477,0.6057729916183272,0.6022544858814551,0.579136240934474,0.5823621304439849,0.5873367933852739,0.5745639643457334,0.5554192568834125,0.5200888679123041,0.5260060527635527,0.5206294006060272,0.45063167980513213,0.41789040383915815,0.4305810681143588,0.43328590797418665,0.4654489767859116,0.4598997438352662,0.4588130953293583,0.4449601307053231,0.46813484174713965,0.4679217495894705,0.4673796460905451,0.4648666545812026,0.47306618185835264,0.5080104752451643
stat_277,-0.6194149218209136,-0.26557941755996045,-0.03865499700065408,-0.045494234088337034,-0.3704678904272157,-0.3428023413484676,-0.37316310244843465,-0.3735182226887452,-0.37267765804472247,-0.37202806139108063,-0.37236672750277605,-0.3719809434360209,-0.37303179442205053,-0.3727539114258409,-0.372260676877031,-0.3738988074020159,-0.38160349361652424,-0.3821614931175635,-0.3889523239751614,-0.3891382813289517,-0.3729933305179919,-0.36326164827996676,-0.386437373576622,-0.3708224354185315,-0.3778480221692684,-0.3860212721116581,-0.3822458632391989,-0.3622620190170664,-0.33433347979000194,-0.3360212964491128,-0.2991883732307123,-0.29557363449652435,-0.30174352566679663,-0.3272740830314069,-0.4008552118759351,-0.40980270010812614,-0.41954859034815745,-0.44851138260764684,-0.44454461670317147,-0.4481401387002395,-0.3747587348739491,-0.3482483685410181,-0.4087792824082498,-0.39010266425987045,-0.4001074544616545,-0.3633117451160733,-0.3034628617105991,-0.2821554954644195,-0.24820036437728318,-0.09515866540932245,-0.0553386167018354,-0.07422824814590184,-0.07745122263428543,-0.06721620876524237,0.0040409228334775185,0.0038328058295343348,-0.08516894133017668,-0.08852741593050492,-0.09974056013719308,-0.10045523196547167,-0.20211564215942324,-0.35228288787556783,-0.3840779743351672,-0.43181813286052134,-0.44337979617163664,-0.4941623777080572,-0.5282578752967342,-0.5811901996285438,-0.5818253720154545,-0.5571018749245141,-0.562880193965118,-0.5729507019367058,-0.5215196188645976,-0.5397339529933249,-0.6062548898726865,-0.6099984188402824,-0.6906019324347032,-0.6357142220103529,-0.5796695813469205,-0.5264713855296768,-0.4600961683894411,-0.4661369036532012,-0.5083492837535757,-0.5214002979281418,-0.5259951342415615,-0.5349104684322324,-0.4957838271858244,-0.5043520770511497,-0.5673365255115599,-0.14559702930902205,-0.6059014951443803,-0.6042265134159983,-0.589492010855702,-0.5996816387918161,-0.591032008432898,-0.6277862766260792,-0.6246897597162908,-0.5947419376538283,-0.5868859358294806,-0.5464415630476754,-0.5075911003962482,-0.4645394363396626,-0.46429230123712484,-0.46871484603844654,-0.4398835608491835,-0.38323502104004037,-0.36566352110174877,-0.3622363077755034,-0.34187750602306993,-0.3138592397275718,-0.286314994522883,-0.30699133233296144,-0.35276515415669674,-0.2954829964260839,-0.2840263191202077,-0.23990465410540684,-0.18138041364145951,-0.13271400091530017
stat_279,0.1898795168063932,0.043594497296538075,-0.10273648207311854,-0.01997605933872284,0.17375732297573415,-0.01895205815969455,0.17421739692583607,0.17430291467342673,0.1741993628479792,0.1737270562022472,0.17401963104089455,0.17294266130252156,0.1709506071658903,0.16883042300472442,0.17139310544399103,0.17205792590108676,0.16998187269614298,0.16997701034598497,0.17124144860485752,0.17268998605437222,0.1772533265373063,0.17582098585196432,0.18179285479565985,0.19339763708331542,0.20590363859438976,0.22845697557954434,0.25747145198011573,0.27156317747111525,0.28184632162360107,0.29695842219855484,0.3031580778653943,0.3050161637542478,0.34080401301626384,0.3716389182849531,0.3779786407337997,0.39935510701907884,0.38365241861777294,0.37153708999330237,0.369941613010158,0.36182702145236056,0.33727297302385567,0.3175790146119808,0.2879213245298133,0.2652474748694727,0.2364275155175613,0.22770717908316196,0.2658349963230146,0.2981202052011122,0.28365298711598014,0.25514328969848443,0.22436456930468052,0.16617090487155275,0.16406657094396954,0.15595430483081618,0.15548589415437514,0.14251376805801166,0.1119033211659849,0.0664951232024442,0.04304820703087044,0.03778911162944183,0.014973885070540358,-0.02749087416519677,-0.0605302886567763,-0.09351074690916591,-0.10078312433011376,-0.14892985069575151,-0.18838740805891588,-0.18994892340030478,-0.18856026434464365,-0.17950831076979426,-0.1631575753039484,-0.16003001743741663,-0.1810182868709545,-0.16370543552906702,-0.14349843112280797,-0.14426527028365324,-0.16930739972780284,-0.19426184873502536,-0.20165477769400125,-0.2313016022056349,-0.22320765457393535,-0.2064376909336343,-0.1976045222069727,-0.1877364770571678,-0.17665624841738814,-0.1495997330431645,-0.13813161404342478,-0.12983989009290056,-0.1489993275275054,-0.07202091913262487,-0.16418682474936525,-0.1645598221129774,-0.16537702201939036,-0.16753334667502814,-0.17682466119594833,-0.18398261299084032,-0.20488954565155632,-0.21061220756585233,-0.21305416538687272,-0.213621501673014,-0.20837068908727463,-0.1930304529609664,-0.16475831478961833,-0.16124649422723053,-0.14121071153357395,-0.14761006716109065,-0.14354119980426833,-0.14340249959785234,-0.1339583858045177,-0.12733188433773243,-0.11395275689237933,-0.10450799040289008,-0.09463571247599775,-0.08609616879582255,-0.08443312416996014,-0.08088761170946501,-0.08767911706384848,-0.07919362752442637
stat_28,0.1427756775830913,0.013517746426570434,-0.198590133979068,-0.061867119025247,0.16499296888874693,-0.0022354910925439495,0.16307594068036338,0.16330708439076033,0.16405418064739993,0.16460771265388885,0.16502560019708487,0.16497238450296825,0.1637369607165587,0.16182201100754504,0.16231859820637295,0.1616880551510744,0.15988297692576345,0.15975202862267393,0.16039917929476186,0.16256111190880945,0.16662872165927292,0.16967597398349915,0.1780405788279795,0.18468301162884998,0.19849702108831813,0.21458412907377825,0.23381485646470593,0.2489544674791377,0.27700285680020303,0.2979954824777381,0.3010585470081747,0.3018177543968029,0.3068581549251688,0.32210299748433796,0.35173353576977306,0.4059034591938505,0.45616479854202513,0.4888934776115252,0.4802533318948194,0.4055326943469448,0.34086901053676016,0.3403012619710174,0.3598098783772132,0.32529604294893966,0.2767702486747625,0.2474022456405747,0.22220942127626442,0.1720082432668872,0.12036108075726161,0.07589874590146113,0.04910760949568863,0.05760164562551653,0.05825159719430546,0.0331151004800183,0.003136968371975569,-0.03976405498187093,-0.08496713104832412,-0.09913917561775362,-0.05256777729026603,-0.031276555798318055,0.04701488163009278,0.05945223828468472,0.019401282168137503,0.0022837568024736657,0.002536735017393528,-0.025347153115755392,-0.06158571394656014,-0.06562918217303117,-0.06526295508768068,-0.05310299836984961,-0.013119827125577981,0.0037344117375510523,0.017005842957480477,0.03083405895967026,0.05838551215402103,0.06041497246827229,0.06955133251357008,0.06463532452154878,0.0233570696380456,-0.023899877297468616,-0.05102754305827981,-0.07741660444200874,-0.11685592881544407,-0.14320549466853078,-0.17914630573238882,-0.19838685181174484,-0.207383909196432,-0.20480885741347654,-0.19119002629845203,-0.12025837420047204,-0.18202828637090848,-0.18156856323103973,-0.1704431588495892,-0.163316459837249,-0.1536060742074733,-0.1511944990022569,-0.14731207384622103,-0.1392861178811197,-0.13661297447930829,-0.13074758931005193,-0.12651011373703872,-0.12146329248126746,-0.12178781100031755,-0.12174237938000859,-0.12326904258965087,-0.1240849813536722,-0.12260222150956226,-0.12255873215140435,-0.12278171468837656,-0.12039719505516111,-0.11966923292622324,-0.11877848340683149,-0.11859832573079525,-0.12250211028469937,-0.12315570140445155,-0.12234058558312241,-0.1179878774778801,-0.11867067751904387
stat_280,-0.27705961032498166,0.054690815185790595,0.29123825303544365,0.40251776482183727,-0.3049411769706635,-0.10297489889108002,-0.30790565391920993,-0.30817528151197143,-0.30864549837301586,-0.30866703721016925,-0.3095509568964695,-0.3098616323593351,-0.31063650441076573,-0.31267560243776416,-0.3159944114600401,-0.31855902584579293,-0.3231752661995135,-0.3233859945716353,-0.32477789578827,-0.32735280670574957,-0.3297034691037882,-0.33215580169608294,-0.3374537753396498,-0.3369886902897239,-0.33793718654129606,-0.3413893380003617,-0.3488145226809972,-0.3596184015124531,-0.35727837573862753,-0.3619169700720743,-0.36407724868219243,-0.36395666742867205,-0.3635087452947704,-0.3829050819184115,-0.37892913053526023,-0.40210770103278143,-0.4045975863295244,-0.4110937105437438,-0.4188190114543444,-0.42909556035362295,-0.39935661068761436,-0.4051856982648125,-0.42313966606076514,-0.3727537388678127,-0.3013397234928127,-0.2715631004541216,-0.2984180341307075,-0.31898941193755553,-0.3780084633234918,-0.31564483807343363,-0.16754657524478203,-0.06408381137305255,-0.059344057799458026,-0.06576336948070223,-0.16146785698375454,-0.28976590294179555,-0.3553577831042432,-0.32782557222263936,-0.30211463971848784,-0.29358064201157097,-0.29467072759896923,-0.23172777317828688,-0.14307508492823154,-0.097211615851649,-0.08560736504854494,-0.009022314277120158,0.017007553151272645,-0.006368568432776519,-0.006004681064126262,0.05228341008394143,0.19406232256731754,0.2703835962666204,0.19068221020029283,0.17238192350689704,0.15767490680010074,0.15345956468599617,0.13932926500948012,0.12466264212109524,0.1544074015883068,0.2628757594908416,0.3972520259035116,0.5164647954761507,0.50235562556293,0.4292394007014239,0.36895418837505384,0.3321928992880785,0.28938256125172407,0.24223502402067312,0.22805671302155148,0.24632078458904397,0.2168028708626265,0.21668873193483865,0.18268643955008904,0.12912870110670113,0.09382239063870149,0.08841313531492477,0.07520204444113457,0.06524024988348893,0.05990538399257404,0.04878123022395873,0.059624311955177846,0.08393135141937824,0.09882977421190643,0.10509702674357693,0.1234926100948951,0.12557897280415486,0.13128949143035953,0.13255874108882246,0.13227312780721537,0.1150708261055626,0.10590084591732866,0.13813247931462844,0.17712623730294597,0.19689285436811568,0.20580319208990155,0.2388797856330555,0.22258053477206785,0.21862208492691323
stat_281,-0.23490389672433046,-0.28453243461464833,-0.6071742850927556,-0.20370653572293937,0.037607106921646385,0.25992714890191626,0.036759277884151516,0.03611101983263259,0.03430581621454467,0.032654272298089294,0.03341603383322958,0.03379654630529011,0.033320376780402276,0.031886244318216656,0.03314024828715703,0.03591471147409073,0.03512391653118764,0.03487630025764856,0.027650437919688957,0.026704297427619966,0.023047025485412556,0.01892001396273012,0.014854937832924365,0.009230560610064399,0.002365964580224676,-0.005257095871252019,-0.019500533947621846,-0.038222432627876224,-0.04555179440128595,-0.05155182375516465,-0.059344487203144836,-0.06069440375601363,-0.064559014246521,-0.05799459433190918,-0.05265537510955126,-0.05266300160977072,-0.06371056960113514,-0.10064501423548472,-0.07167411691798073,-0.05928933147306601,-0.052273781276024334,-0.04762970119752956,0.0008612648015323663,0.010704191509043637,0.0016531699326773,0.0067637351515175154,-0.01021884376441294,-0.00855923031754853,-0.008119923575551226,0.01322605984573322,0.022247991235526347,0.024804918707300647,0.027513937435892734,0.02487439532338432,0.027280246401611863,0.05531832955099155,0.07584073774653695,0.07698702585414677,0.0684461713529848,0.07059924519197108,0.1018045398037115,0.10496259714224193,0.1267013843022327,0.18645374954578048,0.19593860553757356,0.235223823213847,0.2442442101354589,0.240840575433227,0.23916184478779492,0.2402116851644781,0.24683004315359144,0.25992404478710457,0.2574380801309549,0.2839998835129176,0.3063415874764964,0.30789726778537513,0.34305436019413,0.3952591167564147,0.44580401787365664,0.4467667580096154,0.42827086597789016,0.42681204983657495,0.40199311541344446,0.3866487000627987,0.3601282635837883,0.3717775322729861,0.38322914052342316,0.3834466858422323,0.38365058902018806,0.36511900866708835,0.3842616624590953,0.38623192399791706,0.40628265885638165,0.4034001508338175,0.3951691128649074,0.41441057521186014,0.43286648255092997,0.4374384789023327,0.43779650641237766,0.41880331416418903,0.40350052388452323,0.40757109859749974,0.3977730753045248,0.3956187428280202,0.3792075432627204,0.3646305814413179,0.3541369563351864,0.355270868138564,0.365890288239864,0.36170489624092866,0.3653519742137574,0.36273112950197217,0.37015903573617315,0.36136953876385536,0.36054674320925795,0.35695740055675507,0.3606539402707418,0.36554495187699343
stat_282,0.11368506692103267,0.21396955072655874,0.23319681159235575,0.3258976855926127,-0.08669358661177226,0.017086343435644073,-0.08859191539259939,-0.08823031654063625,-0.08807273413227129,-0.08813916842347325,-0.08745750175313138,-0.08626371505803077,-0.08715680918493725,-0.08793124517045217,-0.09337363753021466,-0.09464150046920411,-0.09613278299084779,-0.09635327822886468,-0.09766334275434378,-0.0968476753007621,-0.10277869345817882,-0.10738439988850186,-0.10861445808237306,-0.11249427233198875,-0.11999229344528883,-0.13227406385755064,-0.13531011577638244,-0.13914632612430294,-0.14568887877829012,-0.13922629532227487,-0.1455521900133191,-0.1461374456485572,-0.14246649528018318,-0.14568271158999418,-0.13944227806055384,-0.14645258489033625,-0.16450128988120621,-0.16066539791407947,-0.11962651862733074,-0.1395496601472804,-0.22209681530578457,-0.2783957170145607,-0.26533218864297314,-0.22391933625872948,-0.17802422274689336,-0.1704392677909291,-0.11771170219364263,-0.038673211351944105,0.015029962343291327,0.10912556500577691,0.21921539315510338,0.21125588385223795,0.20955476417100133,0.1759252936603565,0.07327490553630231,-0.019427295364037853,-0.08818292230432855,-0.11370929722720799,-0.08056718586815886,-0.06486524665613957,-0.02154715596984422,0.03564492070869578,0.07530824381994028,0.06891358116795887,0.06493237633093228,0.012161887603980298,-0.0010271292339765206,0.0545817211772071,0.05748680055792865,0.09501734255653733,0.0838218452248626,0.07753048149568545,0.04468709190178571,0.02233977567230101,0.0004466519853570354,-0.00321532210559887,0.01525703699960448,0.06567109794104573,0.10640466592088581,0.09223040370965023,0.10707759774968319,0.0994982990299452,0.12617296000455808,0.1682796407852097,0.1793989449537812,0.1134768787568612,0.06114023353156873,0.09396276738988862,0.10009912864605133,0.10495363283833534,0.10710734556369675,0.10681408999802931,0.13750773386494522,0.17271571072609743,0.1842943003691832,0.18561017343840833,0.16119892925244864,0.13811206394967201,0.13848972156906295,0.15329214124315205,0.16180146596354458,0.11727275808105246,0.10238497196591391,0.10343942351023384,0.16492334836961958,0.17384901367406008,0.13880590832132025,0.13412105065321087,0.0756272243429656,0.07411684259838115,0.0631668119942559,0.03432620080324096,0.0037420437955080236,-0.007998206766532456,-0.0054045766967132135,0.02499333503955216,0.05725869788339404,0.07451083055853752
stat_283,-0.3818174484961293,-0.17455606251228822,0.11824070660320463,0.032576408234024905,-0.2936878260349324,-0.31879932149656304,-0.29263380269761513,-0.29302014106051205,-0.29492482065298375,-0.29426381694366593,-0.2940535189422439,-0.29264020424007214,-0.2923884507800395,-0.2990337063409246,-0.30577359002254567,-0.3070139222856441,-0.3064025651674661,-0.3061862836092179,-0.30609943494896924,-0.30011089048298206,-0.29257806536012915,-0.2860884190940766,-0.2908802510903464,-0.2920442968030539,-0.28275833035004555,-0.2632408967746596,-0.24742280957328364,-0.24329282038486613,-0.24058979809613393,-0.21583278939531872,-0.22350476239918426,-0.22360731696000366,-0.23662155881075894,-0.2587655846839865,-0.25220884430732615,-0.25732434665355963,-0.23843837083555372,-0.21366984629213018,-0.23001511513782644,-0.24077822840176236,-0.24325061467999662,-0.22471197798281667,-0.21714124909642007,-0.24480563051237264,-0.2558389052124912,-0.2389456794958599,-0.19712683843003148,-0.16310174896234764,-0.17334988571804663,-0.18550955000534244,-0.2293720332713079,-0.2881627487109658,-0.28859712314561653,-0.295823254043848,-0.2329353773593129,-0.19581129001252473,-0.14879150530406474,-0.17840395246725146,-0.19526216065150184,-0.18610590003486183,-0.1569653695671593,-0.1309022135488165,-0.1592825596219286,-0.17331734408226956,-0.16847228143791249,-0.16380195818952828,-0.21515797308093834,-0.28485789713458654,-0.2888318578054095,-0.33973209922240843,-0.3419475822357336,-0.2996832610605043,-0.33069428294335335,-0.417751506711685,-0.4330661710362269,-0.4355280453405243,-0.4603490812455257,-0.44960041491643116,-0.44697589974618346,-0.44297200290073163,-0.43893501890690095,-0.4124398710133481,-0.35732244774138383,-0.3140887836948196,-0.28260513567419226,-0.2813140512016175,-0.2513548128956756,-0.23048110753285453,-0.19587038342993923,-0.3111618195116685,-0.15767815918401676,-0.15572419915165991,-0.15207489803024046,-0.15326775833743184,-0.16567827370715357,-0.2017444723564363,-0.24378566474360028,-0.2708974001053925,-0.2735763574459132,-0.3083477534633382,-0.29312559641814295,-0.2860014509121748,-0.27896527456393944,-0.28135934322125583,-0.3030547749506078,-0.3069217050789122,-0.282745353782037,-0.28154747108893374,-0.26709212014885075,-0.2646779466744171,-0.27132088158828055,-0.2706913450377061,-0.27073529690158543,-0.2503400904071857,-0.24973261669674499,-0.2651600009744754,-0.26797309962174826,-0.28351961832019296
stat_285,0.2990595455675901,0.07849156329194845,-0.37527063935797805,-0.22944675755674798,0.28096840447606586,-0.027081408634981183,0.2801324351987662,0.2803646222903878,0.2805894428006941,0.28033784541937856,0.2807547902420233,0.2813618732157483,0.280889791288138,0.2788127725332939,0.27742237693686167,0.27716901013097933,0.2729653457484937,0.2728810171760866,0.27437138895544944,0.2716903743416907,0.2692621563038903,0.2686053652453433,0.27150392507335835,0.2649487792172717,0.28172632388385926,0.2963464851524638,0.2800564976634709,0.2737299721930992,0.26075923200793494,0.2625237078604984,0.25164497382890594,0.25084942636469143,0.26517623692595815,0.3187863771688114,0.36541175167904644,0.37821899219075544,0.37877772218792216,0.41664511550393446,0.45757850041022713,0.514392428179868,0.5641250683241764,0.5989502803550443,0.5644424720910718,0.458798723631556,0.3569990037884219,0.2957441856599459,0.25928656072297135,0.22773382624617336,0.21245666765407112,0.2288359733100137,0.2803758819041275,0.3383823501146481,0.3408827264943748,0.3274361921066786,0.2344413439314069,0.18222113189545555,0.16406484069123306,0.17874232773127546,0.18399446329047792,0.18569173860793764,0.16571813438285934,0.14615457322136283,0.09624364467886111,0.0934048280815569,0.08215321265607638,0.01801843714660046,-0.013661867830859552,-0.020305925243328405,-0.021429144478871263,-0.04766084538586962,-0.08890996321008024,-0.04172114168029418,-0.02108588575947212,-0.06745591501910367,-0.1391300393596442,-0.14456695132507705,-0.16302350113578948,-0.2097589652117328,-0.27107948371727186,-0.3531579252141043,-0.4847190643709,-0.5761564849195723,-0.6539094126801017,-0.7140812312913206,-0.8034695998773741,-0.830796494655794,-0.8124098075235073,-0.746748357218987,-0.6850342715363421,0.030472519874891753,-0.6908565104539617,-0.6923669193415667,-0.6829602278068461,-0.6247256129294807,-0.5636029955354334,-0.5597983793889239,-0.5505881574145444,-0.5091822555096411,-0.4886456469311559,-0.4231191291378827,-0.36731685770401973,-0.32311946576151485,-0.2862243481105937,-0.27791577260782174,-0.2139067660517339,-0.20066993454717597,-0.179868080585951,-0.1768505245001403,-0.17502084703812712,-0.1587879999307279,-0.14310997590712185,-0.11192674529727993,-0.08761061307475934,-0.07611443807756708,-0.07551941365667912,-0.04620580160640391,0.003677519466639675,0.02133545237187042
stat_286,-0.21473886713378504,-0.2815245696011783,-0.6327298593011181,-0.42054013006853835,0.10606901914951025,0.22930386505449812,0.10861860699202715,0.11146422280787827,0.11723673552390337,0.11878344500293309,0.12067250019729711,0.12122399317082101,0.11787054820407179,0.11663143475283473,0.11144709949958703,0.11229114165798507,0.1180916389308104,0.117935790239714,0.11656566990346348,0.11906711029111865,0.11330642378867635,0.10241256740261302,0.08283684086007395,0.07367576000008169,0.060443870919520366,0.04584096462655786,0.0296748534732211,0.013689721535802798,-0.008061878222794404,-0.04120002365160137,-0.08581046306191692,-0.08722204854062006,-0.08415378731512364,-0.08745203122616803,-0.10333968748257058,-0.11931848577311624,-0.12093967915522838,-0.1227975249109398,-0.11535641984540235,-0.10607706062191201,-0.0936211094985925,-0.05984067484044032,-0.024918089995730724,-0.007627923594242187,0.016641528060914037,0.022719637195695107,0.04618837008514592,0.08939017217491932,0.09699647161279826,0.13769363233992687,0.17491779139176472,0.2069179336448019,0.20669176768187406,0.2034111162118492,0.21688723564124804,0.213641812616221,0.19382212237926832,0.20195869430309285,0.20378518342313778,0.20160463638142426,0.23044099462826106,0.2600647466477596,0.26731422007026373,0.2672834398387112,0.2690066785100521,0.2798734516658955,0.26271267674115517,0.23977851757039217,0.2404290145365272,0.25162474309268784,0.25031324102415725,0.2666217026551497,0.29569296420043456,0.3167138142769727,0.31774347089606125,0.3183219938265166,0.2951431337181501,0.2744667381953505,0.24779142953498381,0.20733366393992136,0.1699670414123716,0.11783627791391932,0.05823129291556999,0.01636223819012187,-0.01925176618770141,-0.05665304805717903,-0.10296815742409701,-0.13763177598855714,-0.16215587048531457,-0.11057838650448566,-0.15068491002864337,-0.14980978156991817,-0.14817191274632893,-0.1579141150246187,-0.13618328200102708,-0.09578045980820285,-0.08088871307698839,-0.057429541657331114,-0.05757745945717904,-0.053905153411131064,-0.04345165869029025,-0.04433130124169282,-0.05227355373212829,-0.053724634426816666,-0.05741156894301642,-0.0693761687073641,-0.06786526071325548,-0.06853460040842874,-0.08041854504288365,-0.07719708452232617,-0.086598914780676,-0.09702563598329657,-0.09897116963516132,-0.1176249328488561,-0.12076690588576834,-0.11963216176808009,-0.11994735924268116,-0.11635142383517079
stat_288,-1.1516620846108185,-0.4814717188913836,0.32121011200054317,0.2463457803985137,-0.6612531343084999,-0.49837830939271505,-0.6696782543532114,-0.6593090136726538,-0.6383206488216259,-0.6550095438020321,-0.669172664409913,-0.6760738113527041,-0.6778309575598445,-0.6826286160785082,-0.6846043757772362,-0.6884402498559371,-0.696114064930388,-0.6964475793688429,-0.6990211983798023,-0.7026687165887725,-0.7070907189453338,-0.7091737789595032,-0.7105749038483711,-0.70809706629048,-0.7042373364370453,-0.6987757883791623,-0.6792547204106073,-0.633398522211644,-0.5901145289001151,-0.5477637622097222,-0.4220770497491079,-0.4121732526618218,-0.2326898637353377,-0.15395379626874997,-0.30864246709492826,-0.4967857581602156,-0.534237737063011,-0.6346041761071225,-0.6522910331653805,-0.6334684912088255,-0.7478695401723311,-0.8138711603477922,-0.7384345372589124,-0.7152247572934146,-0.6513087214117956,-0.5967161963478943,-0.6284645829574312,-0.7353926362838918,-0.7663296332010482,-0.7275049757447819,-0.6667580323955052,-0.6166239547303698,-0.6145729292251312,-0.612601755647459,-0.6119613188617619,-0.675633329375581,-0.7472464022924333,-0.7678590964261222,-0.8369337502548079,-0.8418933117482122,-0.77161086359679,-0.7150828376937213,-0.6874002569844024,-0.64333048620189,-0.6436083627493576,-0.6394189118387935,-0.5146700303633378,-0.5479863722371002,-0.5516696295712831,-0.5619807736324363,-0.47837697669405443,-0.355484520946124,-0.36638555829900105,-0.29395144855733,-0.304959175300441,-0.3086905729521246,-0.2835572432810244,-0.2110316622365497,-0.21772926385371016,-0.21543377662665483,-0.20914426804707942,-0.23216260662236826,-0.23306167053419488,-0.19175023738171224,-0.15337606841716284,-0.09465136506355956,-0.11435688211903457,-0.07888459157719574,-0.07246467584329595,0.22446412034872681,-0.06528278008748141,-0.06737619339291455,-0.088878154975671,-0.17962883200111276,-0.16500195903555986,-0.10613239452049811,-0.0996987023354629,-0.08635533358606366,-0.07738109632588352,-0.02990685481788753,-0.07885755285383785,-0.04348539174111708,-0.031832036310304006,-0.029409533262546424,-0.03522502525252737,0.002885231312366952,0.01152285809768804,0.013602473276152898,-0.01353951166335282,-0.020400001079521977,-0.0016256840756191115,0.06669512889364868,0.10607658191699175,0.12922992114920168,0.13564832341127742,0.18108225604993347,0.16014550723441007,0.20383598573536973
stat_289,0.18792680023278813,0.07084499668280203,-0.028933230282244402,-0.06650771507149694,-0.00034508291095133897,0.03281091220862802,-0.0024174512668644326,-0.002743474706995293,-0.0031709391214673846,-0.0031652319977015907,-0.00285299339794519,-0.0032113783088804277,-0.0038124214377914883,-0.005805538593170333,-0.008693105716460425,-0.01033204764733035,-0.012441217900577022,-0.012686785178216932,-0.015170963721912097,-0.016078946344397774,-0.018516126262594107,-0.023626460595520923,-0.02491593942314924,-0.02652514135589599,-0.027389299510341615,-0.029341324457883105,-0.03328241530190124,-0.03921343469674032,-0.04392712192671749,-0.05006658157582637,-0.06364357825743297,-0.06513922914275264,-0.07358875568466354,-0.07623656855492117,-0.07178770665249648,-0.05510585747780934,-0.0230354074883382,-0.03617856779864215,-0.05567549056188763,-0.047547974713019664,0.03215410724098491,-0.00274740496998266,-0.010999038160549684,0.08990630657736665,0.17611416294357674,0.14671587916521098,0.013405866883099408,-0.07576011982532252,-0.1574836785817157,-0.13681512672821394,-0.10483324936783993,-0.09224906592756386,-0.08994807353766938,-0.03392259046335451,0.06643562343404841,0.1503094885183209,0.1940800890850675,0.20985533061230344,0.2123366639078313,0.21493646227243973,0.2980736241963841,0.3405083721703777,0.2948876134845227,0.30560861807602197,0.3047369583239769,0.23911487273534401,0.22416940305755426,0.2023972344951164,0.2031544725994927,0.2046789320137539,0.16734268013296813,0.10636854128826395,0.1041433130457874,0.08854554001020398,0.03540603373141356,0.020001018618256115,-0.05795632481773119,-0.09406040799287473,-0.1277235818754067,-0.0948517973115073,-0.07356602036036214,-0.05566447803818297,0.007870803055577216,0.015184354686810198,0.02115725713233989,0.020376052558057384,0.04314060681922673,0.05208035998483226,0.049405160754429016,0.049903710853036486,0.04169523362736479,0.0407305304210179,0.04752196562014107,0.03020874839026166,-0.01501655249662749,-0.060465361712377215,-0.07917297209454195,-0.07847662453518482,-0.07445537381398448,-0.06610399354032492,-0.062476405642637865,-0.055720172131194866,-0.07048685092300361,-0.06971866281185544,-0.052447160311796026,-0.06043475720538803,-0.05421464062785245,-0.05240499440378459,-0.04237973725473698,-0.027796274113247556,-0.005951134510872198,-0.026027939911845085,-0.0477515028688751,-0.031058359860478404,-0.02846020772785708,-0.010751160548386162,0.0045356060649350445,0.03687173495096003
stat_29,0.787045635236786,0.5184629841377965,0.0665131803423823,0.12981693294899907,0.20892677960828804,0.6795282353554175,0.23502688577242736,0.23271943608322485,0.23439675904567187,0.2396457626379033,0.2470987410346696,0.25451998032469686,0.25584911350077355,0.24482426202177712,0.252574024222062,0.2541240508722703,0.2507214685931914,0.25030455922618805,0.2426779678945765,0.2362568235512429,0.22052403256149092,0.19889817193454448,0.16461131230646164,0.13967757106665432,0.10254716106304117,0.06604386587961175,0.032231845640511285,-0.00684081631729593,-0.045572107547786414,-0.08760664966064402,-0.13993368142484117,-0.14364560736626078,-0.19320992981207533,-0.23794357303267757,-0.2792918996846249,-0.29957882866249624,-0.3099483368857745,-0.31208153292841395,-0.2994229648943104,-0.29782875458993285,-0.2811017174715136,-0.2304867170794093,-0.19268893991451305,-0.16961969512612393,-0.14551505206276197,-0.10363596776593648,-0.013543503433169322,0.05892242161398534,0.13777191005944775,0.24998681865604547,0.301741585948362,0.34538982829238374,0.34795858967287635,0.3757406170149427,0.38462366002410886,0.4836458544864379,0.6194482879428317,0.7252897310409394,0.7917767473974255,0.8121724886525762,0.8745693028309086,0.909367828027485,0.918518962236921,0.9115785690542733,0.9107814879537576,0.9217218203426132,0.9339379171179177,0.98129799888075,0.984531951565595,1.0164327721545552,1.097918889063588,1.1528697697258992,1.1628684529607571,1.1315628073274282,1.099920115054742,1.0971019962678215,1.0838964262619408,1.0759902016375502,1.0692543313079341,1.0548477972311394,1.0497158697718638,1.028758743434733,1.0048893539988129,0.9818182158949832,0.9428289813819554,0.8995893313699446,0.91195826359151,0.9524816144166813,0.9726700972731765,0.6458419471701143,0.9798227239325693,0.9798069902764236,0.9738837907950797,0.9910617254524313,1.0010143009298709,0.997362468971099,0.9892343013827177,0.9711824459333976,0.971965735478707,0.9704299642117773,0.9353280055359274,0.9113510889723443,0.8851046781085922,0.8796727937998576,0.8473311273185953,0.8258627234233472,0.8058971513938693,0.8050999768956054,0.8015289473502821,0.7904248830026861,0.7727752048215865,0.7509509739165122,0.7514462249311864,0.7355539991897,0.7303679540373437,0.6983487775162874,0.6865787036646444,0.6697891403422201
stat_290,0.5976673027289674,0.239773268910895,0.23803868054099883,-0.1245765939952416,0.34819229129822116,0.033136899098229235,0.35076508211949875,0.35113116224218466,0.35155029990430686,0.35231817620202194,0.35319921755265976,0.35387887580965544,0.3529497204293405,0.352365889018839,0.35506601478172,0.35697509197489385,0.3551029712644601,0.3553267901762306,0.3584335503813727,0.36530650834341655,0.377144764754798,0.38642685180048997,0.39920365415488285,0.4211261117535509,0.44633486746482237,0.4828064040047175,0.4723032091770411,0.4564137349736821,0.4613023275146578,0.5163252846742858,0.5500250625050858,0.551513988347553,0.5931912788796195,0.7157543987621663,0.7569487860232474,0.6663330853698698,0.5807676428930185,0.489041040848661,0.47486518481832024,0.47750207255562827,0.561354895528328,0.652355858756556,0.6291295753032915,0.4829178373954384,0.4138907803664489,0.430673465934296,0.4429021684074446,0.3671249392284668,0.2248747380876894,0.1052815906789732,0.003744938088188372,-0.04967950673243398,-0.05185929917084983,-0.0796135792194105,-0.08128576226646807,-0.10072083643959881,-0.09554803724213586,-0.08901651094490458,-0.1017775739692247,-0.10210615565281483,-0.12742668316844946,-0.12942619472369846,-0.13703980615531325,-0.16443343414505288,-0.16892796319812586,-0.18818584541214162,-0.17130892558885122,-0.12688801718320977,-0.12546094471875344,-0.10204593439835001,-0.10495349647000118,-0.10762870961352602,-0.11360993478201589,-0.09631336465703914,-0.08735357060267902,-0.08819477598928022,-0.12516498015218566,-0.18235600339516794,-0.19079271994423513,-0.2017262061791159,-0.2484316805230755,-0.29808274739283835,-0.35715066061996914,-0.42269407252355873,-0.45354239259399876,-0.4458947594445068,-0.4126781199816584,-0.4062321408372401,-0.4187249347548549,-0.314752574453929,-0.4405374218127344,-0.44033339572337,-0.4407274612085642,-0.43521418754242785,-0.46183778201522013,-0.4912988132799407,-0.5039202825772662,-0.496459023143472,-0.49871052099584695,-0.4918827783499071,-0.4566212218703287,-0.43541851564562606,-0.40920461793697305,-0.40152027437708737,-0.35262397138027496,-0.3046973694366875,-0.25685984302689147,-0.25346766881033395,-0.24084341102354204,-0.25086621522005426,-0.24904649978754853,-0.2679536168133157,-0.2712607639682259,-0.2572098756946914,-0.2576538232094053,-0.2619197961365401,-0.2901625908519231,-0.30111357137713113
stat_291,0.5443943195434869,0.12007003189745626,-0.16841941887522655,-0.28353560030336217,0.2590073547557039,0.3917912736583806,0.2555424556215075,0.25538781133932803,0.25528638578912777,0.25474142730377075,0.25418460884264227,0.2539836145963172,0.25264251246363584,0.2506461165987391,0.24911150255661166,0.24470291792449544,0.24259319945247532,0.24255760667072568,0.2407530518154552,0.23864374376290726,0.23674042964998498,0.23346893000294558,0.23058568853701417,0.2236799454211881,0.21816146365036837,0.20727212575815873,0.1965145765987154,0.19116662724421482,0.18081326356553765,0.16714116128211404,0.15177067205400993,0.15088538630892803,0.13240072046705462,0.1522580399806876,0.17646216730668124,0.1971525982148347,0.2251939979777573,0.2728218829113943,0.30540684384600136,0.3274806385618034,0.3370000255454969,0.31424190755721243,0.29671193133739404,0.29752771765008745,0.26061799520767065,0.24493667062812113,0.2699741018302046,0.3275698590088852,0.36093043999097163,0.3540686624454605,0.2894245663466247,0.32119811439925544,0.3276715502257445,0.4402966712871208,0.44369220100894813,0.3710927421131612,0.30891118999357126,0.3165848079042597,0.33607370616247845,0.33663448238882776,0.3179957482855261,0.3113554007883254,0.38578110987348496,0.442412226445793,0.4534267437558253,0.5189569943454094,0.5269090559687811,0.5921583373317201,0.596585113572882,0.6834561256274952,0.7807482198469445,0.8145109604104147,0.783058836652587,0.7086335415756364,0.6406787855742024,0.6344144409823506,0.5975899605033247,0.5477890641933264,0.5191671302400346,0.49735213685038193,0.4979177755152943,0.5193150016628555,0.5221548756753601,0.5382606615195442,0.5346428544085253,0.5307963400990475,0.5276791654573078,0.49176773215058117,0.44945552202231104,0.37652463855457247,0.42024214474013,0.4175521126197835,0.39910439825798677,0.418028148493547,0.4287768384273972,0.4563432715123293,0.4867410695969263,0.4973932926508977,0.49814997254457516,0.5017201436576747,0.5193294626706207,0.5166986640157704,0.5001259304499435,0.4972388775113345,0.4740260016725318,0.4590128583836134,0.44568496784494355,0.44510714204890345,0.43509747406377136,0.43442552745292523,0.4359554818382379,0.43108456472567086,0.4126005229145508,0.39285821562109113,0.39070470110239025,0.376572968526279,0.38058054437371763,0.3810541925365695
stat_292,0.8555160586063478,0.35988047821838187,-0.18647912702992814,-0.2920326017177986,0.4021566284741212,0.6126964107787902,0.39972429855684166,0.3984539526228812,0.39741567836881253,0.3962653311224618,0.395332160288074,0.3942966392891838,0.3938136092422049,0.39419274595713727,0.3904144370035615,0.38512712824023404,0.38432056541433157,0.38405315579427385,0.3821756509662715,0.3791632518938874,0.37731768949931827,0.3724901531095934,0.3684314682945574,0.3620697300227044,0.35472124607165456,0.34606707564686273,0.34147159754349504,0.33668860628016956,0.33277204059093757,0.3186791267722711,0.31570946222704255,0.3161829224916415,0.3205376866510925,0.32879828881609674,0.33003705848278114,0.343075300627652,0.3532487700528538,0.3754851491211556,0.3504257445279863,0.32173574106175257,0.34717764250637134,0.37869423063813806,0.42469111384007435,0.48003740748874,0.533465954018156,0.5405532549001884,0.4197124217314723,0.32462375714452496,0.27812547483113276,0.27436146015063206,0.31117136557205155,0.38213392463485035,0.3888794695758639,0.47616828811660467,0.5056280540883429,0.5039743380044293,0.4989952364571954,0.51188511069567,0.5225050208828389,0.5302378042557444,0.5571732933224329,0.5900309075285914,0.6189289786591831,0.6574960359738384,0.6672388176319118,0.7556386346050072,0.865079029803412,0.9086056672572044,0.9083529469675685,0.897601348116546,0.9528149593058857,1.0491785206888526,1.0409553528464952,0.981631683651854,0.9167678615879492,0.9097719668322735,0.866569988346479,0.8284715677510722,0.7445883536324356,0.7177580561842802,0.7425850651397995,0.7499450808069269,0.7338468792246183,0.7005361725000484,0.6633889530993844,0.6674109023160072,0.6680139590377804,0.6333221723136226,0.6361585647726219,0.5499636509527993,0.6381764805635061,0.6386551167370864,0.6453647331050801,0.6650480759207638,0.6800485094965438,0.6937631448435805,0.7255865557291332,0.7424370763283686,0.7427536829614012,0.7209223207265764,0.6837119991451986,0.646208097757188,0.6250207492258621,0.6225903843929251,0.6077452300053714,0.6032784835586811,0.5891875311037609,0.5889027869847722,0.58544787142019,0.5895653569620897,0.5749258173749342,0.562218422682366,0.5748779831511474,0.5734270381102488,0.57411326215415,0.5630147383895556,0.5583097206696995,0.54251207567277
stat_293,0.7052159746223031,0.48502428592503644,0.23396439503484126,0.16424269288619112,0.11439989697573066,0.021540884762072714,0.11087216250933088,0.10952638091507697,0.10802342044342361,0.10683589745905073,0.10496808286405843,0.10139249989656135,0.09910878345072417,0.09761795281561332,0.09720318066106405,0.0951642572907785,0.09154800651073344,0.09138646860728486,0.09276171071250584,0.08819087371225814,0.08419004507774919,0.07873762753541967,0.07664963221533823,0.07349068444085649,0.06779321671404052,0.06025851901267538,0.0493952528901173,0.041406023675021934,0.04543737522733844,0.038739513678139256,0.0406540308514663,0.040795665226412973,0.042035903324067585,0.020952077231155178,0.016923399155088118,0.028701069366576504,0.041694812211790194,0.0480987831026486,0.031310615391007074,0.0547191942950321,0.06162996959724215,0.08248884613435568,0.16211313485174159,0.26437832986409876,0.3392661215416917,0.33771255494662816,0.38253104360426504,0.46000426049824905,0.5904940684557656,0.6966675705909705,0.6563887747426247,0.554560243879096,0.5436458623984008,0.4207770908390987,0.2671804679955774,0.10769828627885761,0.056831369481075186,0.0012802674502097227,0.01867941357165705,0.02804742408861455,0.09968339669835195,0.19743072792531213,0.27144220206590153,0.2382127097148779,0.22834709310917106,0.17680714437345008,0.17150276582354945,0.10860126185429869,0.10497559922127683,0.04691485719866091,0.014857037809166324,-0.07859630598901726,-0.09614861805965864,-0.1209273083186814,-0.14405812019351782,-0.14222828573098228,-0.08668454383164044,-0.08218967263741303,-0.06660750539071714,-0.09161030201235369,-0.05183173814590344,0.011998150369262817,0.085776130098206,0.15514160619791648,0.12117022653677244,0.05620896702534082,0.03773185384344135,0.08414463989564804,0.09599633065315016,0.15583220813530957,0.1276325937044309,0.13029186833077613,0.14534272596622055,0.16097634861725987,0.21110407560488678,0.24400637273171163,0.3021711768988151,0.3411518021769472,0.34773342307680527,0.3478134955135055,0.2983807707587083,0.27538013253974625,0.2762213838112659,0.2722339997943542,0.2659104557715345,0.28010186795747444,0.22909447218754203,0.22203119567367127,0.16204598150777647,0.1499594743240099,0.1467261941404906,0.11226089017947376,0.0772773956612047,0.07807532934689262,0.08319395591906852,0.09127850186549274,0.11083417552463619,0.1149826512730373
stat_294,0.6240787321177129,0.14232798852554998,-0.282861417505506,-0.2736040949819127,0.3968768817158285,0.2776483004884846,0.3998546894327428,0.400255046647401,0.40088514982642676,0.40201857891483295,0.40274075819338806,0.4037918366449167,0.40347295770984865,0.403465726846843,0.4056726757129352,0.4111598002668127,0.4124990777893308,0.4125504704589464,0.4177344749755186,0.42418786535787717,0.4339577922032015,0.4542403617099995,0.4809035241790567,0.5214870580414196,0.5995453379062023,0.6710161314525702,0.7248667378690927,0.7234262287134732,0.7192156971435829,0.6845801402642864,0.5900250326806405,0.5844018205138838,0.5202449576206277,0.470801468305168,0.42176048436765545,0.3774095411237908,0.36534170198267074,0.38955649554291705,0.37101709954342627,0.3323155826724889,0.3171428240693487,0.31183737613759643,0.30319126491754533,0.30505227067728696,0.34070243479361384,0.37237174847107546,0.39883589703520694,0.4255184087590407,0.4568777642708038,0.4603827186584883,0.4643929035334854,0.4411311133530518,0.43967661615231884,0.4096828442090744,0.4264751208000071,0.42735178727245005,0.4261929387962381,0.3949086952696068,0.36823593420062367,0.36297997703960855,0.35032706712241096,0.35068238124217427,0.35958820345984976,0.3554679933067034,0.3520145286729905,0.33077168784067007,0.3448328781791571,0.35752730438433517,0.3581709431369375,0.33378993178792943,0.26757281427956425,0.25085850861170467,0.2106907510433098,0.19034174492007386,0.18649434768214956,0.187566064797066,0.21433141156096802,0.22273741857650117,0.1954689569593247,0.12465805830988413,0.07074975741993335,-0.009919781673753321,-0.0770826619491878,-0.1355042877497885,-0.1885802362317462,-0.2329155087475465,-0.26477856785942755,-0.2927156151234529,-0.3076174099855623,-0.06324622150551562,-0.3048903585421144,-0.303793188996534,-0.2850980284774905,-0.28108416684980486,-0.263614957208002,-0.2443958669010197,-0.21416172851703058,-0.1831683161711128,-0.17360025807722687,-0.1354766423438748,-0.10576708900615138,-0.0805598797210475,-0.0634908726581676,-0.061775116267565974,-0.06249866333543293,-0.07003828660973752,-0.07884842074064027,-0.07974810493764811,-0.09158516336857835,-0.11212455188157046,-0.1200394985484352,-0.1156957257651852,-0.10410232511882794,-0.09840308080510186,-0.09638442403390386,-0.07713772462680361,-0.05603263886758302,-0.05950909330596193
stat_295,0.43791710352693025,0.14694851933946848,-0.15318946209863724,-0.1833152724131658,0.24718974187177883,0.03809865470937524,0.24449691538492668,0.24355356328154495,0.24280287846373894,0.24186446291364785,0.2403735212216266,0.2400916971551886,0.23681670851698303,0.23390203230107273,0.2371489746611223,0.2392775241711372,0.23838525697212615,0.23809603902283677,0.2370568845881246,0.23096183120989738,0.2279445416392659,0.22545741566821098,0.21997404298576306,0.23086132368895815,0.2304206977838878,0.21175862283933916,0.21394011596750998,0.20453869569986755,0.1777869828770184,0.1688836229884669,0.16066842272785695,0.16012224670985672,0.1456190051378652,0.12404520049131426,0.11465745721422699,0.13563534422525395,0.16400489830995618,0.20681872625859035,0.2615692333219163,0.3158933837091316,0.3999450422058934,0.4716446363178081,0.5287600939004452,0.5053188316465375,0.4476650104537133,0.4292009385726735,0.44066481017237935,0.5051763741956258,0.5996665119954415,0.6075858502313966,0.5261459111631314,0.39639765237245295,0.3869791404293509,0.24431698164321655,0.13259586683365662,0.02169229856908116,-0.07533351071903394,-0.1941559893055418,-0.2552274910682843,-0.2714474475529315,-0.3252801258790985,-0.3763737516940692,-0.3928749392566087,-0.40216452792381935,-0.404190230399794,-0.3899276367665617,-0.36874432020568304,-0.3546194138081103,-0.3546138403496179,-0.36280086442503257,-0.4042639277888494,-0.4101719923887979,-0.3843045318141217,-0.36269745712574597,-0.34887581567195824,-0.3482726455981277,-0.34414639854076173,-0.36511795470063285,-0.33861577016287964,-0.3274580278148831,-0.3120845949766705,-0.28138858521112986,-0.2701037986389737,-0.2648272830255575,-0.26447469558874376,-0.2655768820766695,-0.2958951215924462,-0.3097259569347398,-0.31781839199601764,-0.38384281151539623,-0.30263383683765266,-0.30129891373700607,-0.2819649872898627,-0.27879666487255567,-0.2706862958989817,-0.26435659150609386,-0.26075446990373946,-0.2581162821783211,-0.2571208745210939,-0.24772992817441722,-0.24599318261768038,-0.2516222463018601,-0.26535883267027455,-0.26677706049500055,-0.2807316314125267,-0.3158808801735992,-0.3309834975193605,-0.3318610081063546,-0.3397418416728464,-0.33615728413987755,-0.3418938044845253,-0.3513348603385482,-0.3572857495236625,-0.35700544138592477,-0.35785508990061754,-0.3570139840681899,-0.35231874389026213,-0.3670558540945772
stat_296,0.07089662651571434,-0.1777514869342067,-0.366778446945195,-0.3023707199365891,0.271852747222644,0.12740362784829892,0.26879955981567555,0.26829143613797385,0.2684451797337644,0.268822671817076,0.2689012357143602,0.26908590930563736,0.2671870583550302,0.2675826658507174,0.27054187430757287,0.2699598494161725,0.26920508669809506,0.26908879553385273,0.2654968425789926,0.2588503348603365,0.2563115911885146,0.25699724784811306,0.2520573202284745,0.24576666017082544,0.2359993626858594,0.22816862328643037,0.21449337087945336,0.2045074072858908,0.1974145690911678,0.18008660799060203,0.18367118220014358,0.18386166811343252,0.1791459985735413,0.18078675836849778,0.2055724871834497,0.21571957153537408,0.22705252655423186,0.24081009710398968,0.25442790975175955,0.25236970130450254,0.24633304588357888,0.27412699519541783,0.2711654220234202,0.2576762137963409,0.256384979587543,0.2739764529192713,0.2783148027423522,0.30362757211725816,0.3392206877661325,0.36206492039104726,0.37103440422058054,0.3415258288182241,0.338828724054822,0.2845830540344325,0.2715896483076761,0.2764281394663204,0.2758931989045251,0.2707804185849742,0.24433071737598008,0.23233435223045734,0.20160109201641144,0.17356471882679161,0.13855835509871842,0.12202491279745734,0.1210358540024284,0.12537393045026948,0.12216831023833749,0.11803507086085684,0.11728028334837019,0.08858329820354806,0.08928718238394533,0.03386453438881065,0.004413898453731216,0.013776980278503409,0.0031237548813796067,0.0006360176151696978,-0.003699136628901017,-0.04660519214479254,-0.05855397407004314,-0.07249884903502342,-0.13951538309027606,-0.23910134032146613,-0.29059469899957224,-0.23421528419551357,-0.23991190384089928,-0.295727531666673,-0.42262062095843583,-0.5042187687607621,-0.5230983510267662,-0.09186360055458696,-0.5129853174860358,-0.512737695906407,-0.48023469236880834,-0.46537407062336295,-0.4623845785386391,-0.45385680009087087,-0.44237874093671126,-0.4503310374002542,-0.4486961075901624,-0.3886745622750547,-0.34630276027007706,-0.3753357205804515,-0.35952809268829594,-0.3520324765123277,-0.2610100798306986,-0.19354555216721775,-0.15228761182561626,-0.14980213689955416,-0.14578242435728084,-0.17631753528657734,-0.22188777697145218,-0.23905225077832423,-0.22555801961439936,-0.20460388893064174,-0.20194036386610395,-0.1969667691229696,-0.16003901172374138,-0.1186654353222444
stat_3,0.4750584527270076,0.22654081955600747,0.19095452721968884,-0.024643611952739418,0.3905166826527502,-0.2320898295727781,0.40305731790839283,0.404944366862485,0.4075451093447653,0.41039829047979226,0.41423386305364046,0.4178718979394794,0.4222887122343201,0.4288589969164288,0.44204001822446654,0.4624309200289453,0.48375313911647705,0.48605921406582503,0.5206537097012262,0.5513482730719071,0.5938506336983645,0.6323546501434257,0.6613596884500494,0.7090659799883622,0.7639251739168946,0.7845681038280821,0.8003032174416356,0.869468915714121,0.9257332410778768,0.9484149885302221,0.9598911596779379,0.9605326997351242,0.9959881745747979,1.009158618238398,0.9733893257769541,0.9542766837908822,0.9363078847334518,0.8936621524161797,0.8359974743387226,0.7514033587865919,0.6797537793179709,0.622733678242067,0.5342537446585884,0.39741724615346863,0.22953425862146942,0.12831137554984806,0.09579354955326633,0.06785313867311042,0.02072576593011007,-0.019235051888425714,-0.07373839011124421,-0.14284677103496832,-0.14797849001638516,-0.20428840053637745,-0.28496183489592164,-0.38813424327950735,-0.46211484636192485,-0.4523809826705939,-0.45254876248368797,-0.4552063422508462,-0.4510984323728708,-0.5041986638806233,-0.5347320198234083,-0.5494484929481246,-0.5517273166523865,-0.5700317454179115,-0.5943606108149315,-0.6219461584296844,-0.623442005296996,-0.6386056716993217,-0.664441480471517,-0.6855605367500839,-0.6956048429724015,-0.6955940380094862,-0.7418005748550721,-0.7490010261916457,-0.7998653438508988,-0.8040214203290439,-0.7858767771405042,-0.7702154954627655,-0.7489180643775547,-0.7721430141978175,-0.7924167163549093,-0.7814093918665703,-0.7910539952749877,-0.7700494092063516,-0.7388757888302623,-0.7139922637671662,-0.7098962127113209,-0.5494358487305304,-0.7076062378821218,-0.7058310901652648,-0.6499028184960902,-0.6008546687265129,-0.5785397578693288,-0.5837864414094814,-0.5738862969845111,-0.5598515102070171,-0.5533183566212839,-0.5415994684954728,-0.5472617804835542,-0.5493539896543751,-0.5340942301305487,-0.531661950176985,-0.5341273367378422,-0.5491366619835135,-0.5539083410971117,-0.5540673230371208,-0.5555872488512238,-0.5631026636816184,-0.5471269636739206,-0.545393368724642,-0.5450102676767213,-0.5394829977243469,-0.5397906243562929,-0.5369142140951352,-0.5415434557013025,-0.5466657463198372
stat_30,-0.27941002614995125,-0.4972126419327388,-0.9912105408447223,-0.6191599132380363,0.14403532430693697,0.24512577921888115,0.13910394681117713,0.13923888342552002,0.1395548654247587,0.1409776923733445,0.14169951006013917,0.14206875943380404,0.13988279311536203,0.1346514826428326,0.13067089649898056,0.12595739226290115,0.12216924389276973,0.12160084510387242,0.11554764874501841,0.11355352329691827,0.11564912936460117,0.11220184526003738,0.1042979237602542,0.09740566925144419,0.09319222847802505,0.07996379523542471,0.06681879496109287,0.05357923268658665,0.06738148679067169,0.07716228222446887,0.03669105140711822,0.03347137575087831,0.014985010174548603,-0.002617393323978868,-0.023902800114104783,0.019193884131427332,0.021328351899600095,0.028642127000138826,0.009186154388082741,0.0525294827062489,0.061477491289062484,0.0962215167877424,0.11016882999538949,0.14665316116103536,0.1431675403145431,0.10955426269860401,0.11727799429528553,0.12443613095350683,0.19134559278788688,0.2611370935218014,0.2638501339399374,0.22888727709172413,0.2260978107382035,0.17831845885701467,0.17011128816019527,0.2041016418148913,0.2561183420960704,0.2861357853977453,0.2689947103526914,0.26530690883265345,0.22738945381389655,0.2099337375927519,0.22047963378264857,0.2552958458522512,0.26013552475249213,0.24122329051287797,0.24319580255597847,0.2496245291311195,0.24947378838000459,0.2340450760022911,0.2349210731968393,0.23540647901901576,0.23107194049526736,0.24045484872350112,0.2650530566547667,0.2678075495624027,0.2632441338092601,0.2403039685111554,0.2001645925601527,0.1421885588747727,0.06547111840086062,-0.04442569083836893,-0.10435599821069469,-0.11854597124422553,-0.11872100444162245,-0.1241348821962355,-0.1470142177240422,-0.15114810227912553,-0.14459432659807572,-0.17171827153564778,-0.15262451693499,-0.15568970751063219,-0.20432524983043301,-0.2436342239449866,-0.3133285774906175,-0.3391279313920045,-0.2962389137295222,-0.2890346804378047,-0.2840143889498793,-0.2524101356847463,-0.22266389529513594,-0.20378507998686066,-0.19471099504916659,-0.1971199659518362,-0.2192876776933182,-0.25695953077377126,-0.2801448217254902,-0.28087377819467874,-0.29518032004863887,-0.2961886728880216,-0.2778916075012079,-0.26154146575929405,-0.2401942919296605,-0.22064871559944854,-0.21894199260043945,-0.19922373346012634,-0.18522512627895119,-0.17313054999204977
stat_302,0.011872850713481533,0.040723609941715526,0.2738027402014859,0.14846196537985695,-0.0477130519306273,0.04225115386549604,-0.050311471439843,-0.04872720188446115,-0.04752117470689394,-0.04452043691566054,-0.039112802740346425,-0.033031506456411175,-0.02891825098117377,-0.025055455157157534,-0.038571285038164684,-0.04522943769568702,-0.05144046667186275,-0.051480456245383076,-0.04962908628629702,-0.05002054124740023,-0.05605475295414951,-0.05237080182638211,-0.03418624402862764,-0.015732135430514722,0.012901595651337082,0.00038568582553470297,-0.00758005003196622,-0.003419071441268937,-0.006462316888884854,-0.013589173581592586,0.008479844371543787,0.01018846992891695,0.013923418316013687,0.031900939741068834,0.04988852359879315,0.06434861138995596,0.12002324307433461,0.10592898367500983,0.12193984577756985,0.13900755400016948,0.17515484458078068,0.24462430081881428,0.18581058025576774,0.11336939187638749,0.10060380536607853,0.14408519491170416,0.16395450176197598,0.11237570758460944,0.1042636817008434,0.09094375449978195,0.034727472570882066,0.01997640170292746,0.015334854752298992,-0.0936385048463355,-0.1371759869389941,-0.14892147339622305,-0.10462780962670266,-0.08027966346738216,-0.08105828956878663,-0.07353670669409476,-0.05475991613022422,-0.050251393987679686,-0.03763550198615647,-0.05956848125857999,-0.06432405697479737,-0.09127426523674353,-0.13399716590950703,-0.07157052079380108,-0.06465033752881942,-0.014701172534678016,0.014924059699402338,-0.038800445847858106,-0.01621970246874283,0.017224547809243724,0.08734043985351428,0.09814854168220792,0.20929205915181456,0.32418725382731195,0.38494979018688996,0.3880036219312139,0.37844107302947727,0.4425213638220507,0.47310235029413367,0.5913018779868188,0.6610827730227858,0.7197008610031002,0.7830088775002785,0.78432058265384,0.8073200077194936,0.444820756014949,0.8641411054296487,0.8692921728750886,0.8843066695472009,0.875088719596803,0.8884285778711544,0.8479930514014057,0.8020929222478056,0.7900155431726426,0.7959229268623847,0.7453286945827337,0.6661502187709805,0.6291972463362122,0.5467810520317105,0.5363581172841444,0.49176114306672886,0.4543953891155672,0.43995247482732397,0.4394228144254146,0.43667083709500254,0.44320520549876136,0.41423700981068357,0.4279940483200549,0.45376257403021253,0.4276278214790248,0.41848209032096123,0.39173899530102424,0.3864341783601172,0.40963042629869606
stat_304,0.3588769143088521,0.3963637864868462,0.2666991026708483,0.30735532030922186,-0.10778586821318567,0.1795499219085537,-0.11162687724431175,-0.11199717733965822,-0.11293014593631216,-0.11363664592785265,-0.11467392211213516,-0.11789972298189455,-0.12071855664617831,-0.12293482350201192,-0.12401919638559201,-0.12700429606932048,-0.12835937675470832,-0.12859607422749803,-0.13276600673396446,-0.14111902040945606,-0.1459237991162652,-0.15623358835857004,-0.1659589396854054,-0.16481315952685713,-0.17237817150780008,-0.18318132712204324,-0.19751973842625636,-0.2089802127649402,-0.22071450046474775,-0.24369994506967962,-0.2661499018849787,-0.2660316046076138,-0.27805031511212486,-0.2920535028325837,-0.30687063778296086,-0.3273010409759041,-0.3323888249466317,-0.35397821126862067,-0.36644386325684514,-0.3951801733043678,-0.37621691497835874,-0.40913032679646627,-0.42383169483912236,-0.4285505479823667,-0.38708198036149394,-0.3739568721815464,-0.31054638152310216,-0.18116333045004931,-0.14310539738870146,-0.06002059207231499,-0.06122642117938452,-0.10093000072677573,-0.09907528179647757,-0.027900719917526594,-0.055179013893512256,-0.016798052611459856,-0.04139934444225128,-0.09792882241775552,-0.019956493345266904,-0.005619307570334743,-0.027584277343647164,0.0023854944201615056,0.0043540043947848175,0.00688320980118381,0.010946649963742379,0.06954150874333942,0.11237793809485855,0.2476786046366857,0.25990919757310044,0.3782780425588515,0.44861751071698835,0.46207358486305633,0.5019073545341157,0.5778158430414329,0.6727386299523577,0.6782743410121215,0.6622177631441195,0.6926191837496759,0.7434598977828555,0.6967739508692631,0.6170636594364768,0.600219196015154,0.6036121883528669,0.6240403905771215,0.5531429095072419,0.5753022263835545,0.5621465595738891,0.5515908664580124,0.5285718598713202,0.2516140983327992,0.5033090103112018,0.5012796216170211,0.5022344342674134,0.46610376378058793,0.4125924384871525,0.3918056071791617,0.3803769277094358,0.3841707099698554,0.3928708871582752,0.39145576270974214,0.3857780208792353,0.3600394523713056,0.3270999794902193,0.32140436187011817,0.30755774739039127,0.3037586520184585,0.3098332140307243,0.30912947286938647,0.3261206511388643,0.33597975199747676,0.34089521564669034,0.3193162516317137,0.29775502157488615,0.2896540826494683,0.2858364799890606,0.26047529504657496,0.24028824083114228,0.23895490082261023
stat_307,-1.5920808306569365,-0.6949360962222882,0.29090588522322713,0.27508742644322676,-0.9021549343277852,-0.6435348538715175,-0.8997420383626519,-0.8961772900710088,-0.893246856111792,-0.8915684058320085,-0.8892799282417136,-0.881444160285381,-0.885775399734121,-0.8900691590773969,-0.8987916914195698,-0.9111181323970877,-0.9194710151183064,-0.9195407505978129,-0.9203296663196857,-0.9306547398200061,-0.9429668558430565,-0.9587615138096415,-0.9778408530716444,-0.9949560400210417,-1.0048418019161929,-1.019019751290644,-1.0356252171643292,-1.0410923145889595,-1.069416320593523,-1.089831672653069,-1.099891439895007,-1.1023977980521924,-1.1040940841995177,-1.1354347868417909,-1.1583798093481532,-1.1602438490938116,-1.1673999847731542,-1.1485360085887544,-1.1789157205711183,-1.1569451729423088,-1.1191417861115165,-1.1023059168960916,-1.0549979833199299,-0.9922015810211009,-0.9773757574764421,-0.9337434776711806,-0.8549157685325386,-0.7999235511997741,-0.7145974177875593,-0.761307308306722,-0.7223051613598244,-0.7048750493201299,-0.704507475357399,-0.6955799336648747,-0.7186095777686271,-0.7300738133770351,-0.7681720824061956,-0.7059711471503191,-0.6772838424412824,-0.6871292590207626,-0.7325766264048081,-0.7470839631083489,-0.6814531031698394,-0.638894725899836,-0.629467685205266,-0.6180598005085006,-0.5602233148187099,-0.6087564093009605,-0.6116035982942892,-0.6722946984993541,-0.7356927063007512,-0.7506962571569182,-0.699807079771164,-0.6579310995431475,-0.6420010961176501,-0.6445879747870086,-0.71121284319525,-0.7199799713416185,-0.633460701125395,-0.56210585038834,-0.5248242394101434,-0.4980191107246157,-0.38325696666753756,-0.2700083226910598,-0.14795910744839202,-0.11898207778188755,-0.17637224746037303,-0.18113724306323709,-0.12443825821403715,-0.21375044690540784,-0.13367755993369582,-0.1367496907452298,-0.14058185355052347,-0.1314930677710718,-0.17381397159102083,-0.19430077420945152,-0.17630619534223158,-0.13363743625181343,-0.10435690544932288,-0.02966854782477109,-0.054150353873447826,-0.08345867515427184,-0.05799186909010748,-0.055458372386842196,-0.05854641110139933,-0.08932547675763983,-0.10454732848090018,-0.10779857479006429,-0.14054700892206964,-0.18698131161274856,-0.2172406197303671,-0.2307222110873366,-0.21871532433656854,-0.17924386066237244,-0.16707844235752756,-0.12300041456927342,-0.1123450102293327,-0.1298492671202517
stat_308,-1.0148173101890072,-0.38184918346947444,0.2815965267706712,0.3297066761861592,-0.743380623561113,-0.2078260430220057,-0.7469299534290805,-0.7472622544562034,-0.7480777746968827,-0.7497190742509736,-0.7502981869179153,-0.7499949926607685,-0.7489510931500319,-0.7513574288150985,-0.7560602542438701,-0.7590119232501539,-0.762605540773346,-0.7628065692783229,-0.7656616274327187,-0.7695495892631616,-0.7736177956689222,-0.7800759631198417,-0.7868600502469643,-0.7924619287378606,-0.79768883270337,-0.8063639508563519,-0.8198104958415084,-0.8318908478674721,-0.8437167764810973,-0.8604251550584329,-0.8772802728582552,-0.8782314090262834,-0.9006551727264651,-0.9229183911803778,-0.9386744195189263,-0.9547131950920262,-0.9814761405932716,-0.9894689798685788,-0.9788314062322898,-0.9890683810365481,-0.9913384263416337,-1.0211327860479043,-1.0146816232339468,-0.9795536022681464,-0.9376541314803322,-0.9278693998274647,-0.9671891936384773,-0.9781944349190851,-0.9703840536742586,-0.9573898178599582,-0.9086295530487429,-0.8670323356337124,-0.8642644876251665,-0.7996404042571985,-0.7505513250879237,-0.6800638003715381,-0.6634466978537668,-0.6466423576981132,-0.5747277271972598,-0.5429657545457367,-0.4530180051860799,-0.4145729077886511,-0.4002202168285385,-0.3699356014190391,-0.362245059731234,-0.33277041541073515,-0.3142303933317519,-0.25413713906921964,-0.24666335474304849,-0.14309531582012305,0.01153851699057377,0.14646978410828082,0.24430328809339932,0.3236602189260569,0.37995657275934414,0.3829739553767801,0.3876648297410864,0.4316607758142767,0.4966774976483125,0.5334638112381799,0.5603304171179043,0.5227670365006395,0.5202110683752282,0.4577942682909472,0.38447271868710325,0.32986323878584695,0.2884526682071553,0.25355752452388514,0.2102194455092161,0.019146292916307244,0.16251745402287895,0.16005802027527974,0.14106931428489664,0.1279625171301889,0.1153821416467083,0.11279624845889118,0.09982896802760717,0.09089712281814849,0.08821142910806468,0.07414474772632652,0.07532197923998439,0.07667675233883334,0.07082930912085851,0.07099523239128988,0.06509258301370703,0.05769051310757552,0.0660674502378665,0.06769850200176923,0.07706648461848867,0.08006578751033475,0.07410636079003569,0.07931951730948103,0.07865204240904548,0.059224726427552436,0.05511966706848044,0.036374230724997035,0.03918415334167988,0.03945228195254177
stat_309,-0.12558904893621786,-0.19067568540062615,-0.290067789087677,-0.18987350393023722,0.04943731532055956,0.0646459974521886,0.047840060029791596,0.04783263940521892,0.04746891985739137,0.04783204295809666,0.047511698460626146,0.04806087744721255,0.048666379351764745,0.04770278575291185,0.04570596444130584,0.043553669755835606,0.04272264036462204,0.04230752654368647,0.035828080214807406,0.03250057616610259,0.029550279000322487,0.027284083088783398,0.024104094229430047,0.022468595934174846,0.020619091597720733,0.013317104868875645,0.00610610618525717,0.004234062120687177,-0.011219484216921512,-0.023414119405651676,-0.03136422918456133,-0.03147959099517735,-0.030643998901519538,-0.01947572950470819,-0.028256617942773288,-0.020629572115870475,-0.025031586766411186,-0.03793718152885588,-0.014455793672499823,0.014008861949893585,0.025014803093297053,0.029513522428566065,0.020609000281405655,0.07867363784175854,0.1320473188380722,0.18495702325332145,0.24042502366213978,0.20247621807856375,0.19536263149993238,0.202427816317709,0.20153617517520978,0.18337059763308708,0.1805088459526978,0.13010967929364187,0.10007827047683489,0.05746491840205395,0.013370905823106228,-0.02755568037676591,-0.040005365060761806,-0.037138526031471726,-0.033422172387080396,-0.03347382372461664,-0.04983383077856314,-0.07920480548626502,-0.07925299493287533,-0.05790265367455431,-0.030144536485390786,0.03073822334150571,0.03657603523646745,0.1555548341327655,0.22337843258641615,0.19126251711007003,0.1569152493912265,0.17167061418268917,0.2240526074018617,0.23930135557840218,0.3281216125726266,0.33587437188231056,0.2508262644640473,0.2300743526129268,0.27623546081636496,0.3145718539174371,0.3410109867755778,0.36087926046398044,0.41634547477992306,0.4612119471600344,0.4552009612967206,0.4596947164369963,0.44407368046411155,0.07668143131074379,0.43105141810337555,0.43023372216746775,0.3970819836619075,0.36265096583375167,0.3309431331281968,0.3018575702904581,0.26604293808577417,0.24411289800882235,0.2328870377734171,0.19558431760148287,0.16958718282456783,0.14137700518831411,0.12530621338665843,0.12498414947993765,0.12083689855066515,0.10769266085182971,0.104388881253901,0.1052095245188594,0.10376533078472909,0.08932071205954305,0.07944629611119287,0.08244091572991306,0.07935932227237506,0.0710370229399065,0.07102708337612804,0.07533164716672762,0.0834385418129975,0.08101526001588057
stat_31,-0.4189413100773517,-0.21840581638588735,-0.12762293509633393,-0.14588442469046942,-0.29179479720459206,-0.3494343372415088,-0.29463993310228276,-0.2952764020120812,-0.2958408372308828,-0.29633615305659194,-0.29688416254625727,-0.2979237071877078,-0.3000421818018926,-0.30246626516544517,-0.3038370893791202,-0.30679993190640387,-0.31315087495033905,-0.3136577301571169,-0.32018429348775646,-0.32686785658674267,-0.33311718534058526,-0.3392284969254576,-0.34304219878356973,-0.3457529666444252,-0.35003613734219796,-0.36137041980138845,-0.36953435218232533,-0.38056737919472655,-0.39989121464318256,-0.411549955470869,-0.4226015557099937,-0.4230688190565303,-0.4266651077117853,-0.4459842776768248,-0.4395351179110836,-0.43565240401817995,-0.4392518167975231,-0.41087835206123857,-0.3817412554635816,-0.33872864044992596,-0.32530010324491243,-0.3245535348287072,-0.25640497295436454,-0.22426954684650022,-0.1845827174669344,-0.23354056479762395,-0.26636629634519565,-0.2508014459272742,-0.22851891087193313,-0.21393686183719293,-0.17775556417979538,-0.11321929538156908,-0.1134269589725476,-0.08364857598193366,-0.028666127089527975,-0.04558709700807517,-0.07257173490941919,-0.05108195115626743,-0.044865239288795315,-0.0523606271960837,-0.09625312331031753,-0.1354732722941337,-0.12312157933507088,-0.16732711992055682,-0.17022297196047567,-0.2412319959230054,-0.3166582033971143,-0.4092920930771543,-0.41471763327081085,-0.4411463345906682,-0.4434592449712567,-0.4654821172222594,-0.4937264644920801,-0.4793775994255212,-0.495456141657897,-0.4943354924600244,-0.5034075685022806,-0.5199405493109547,-0.5115317536327358,-0.4833357933869022,-0.4383339811838454,-0.4201104682998177,-0.41406984056196744,-0.3948749560090486,-0.3399943918264823,-0.26588834326537336,-0.2316272336017899,-0.2048186910452338,-0.16381618563982311,-0.34333001253264916,-0.1468353533833455,-0.14822636996489424,-0.1332260820568095,-0.08789504378319322,-0.08537754571730884,-0.0746529373206306,-0.10200695243801962,-0.09101081206597782,-0.09175992055362227,-0.08282309885343374,-0.08928495289434221,-0.1139180656669934,-0.13205870209657966,-0.13342805920300893,-0.1475369937853054,-0.16837321405059102,-0.16818042697900532,-0.16799199525784947,-0.1874176111877891,-0.21698198711077796,-0.22519729261873445,-0.23999252253583234,-0.2539332394764274,-0.2859450399803638,-0.2856550622916043,-0.3094271334861371,-0.32138820223087794,-0.33718810899785423
stat_313,-1.020231509946573,-0.5121574203711508,0.3559586312585271,0.1104461135506217,-0.5858557503864172,-0.1972334381145288,-0.589657577385224,-0.5903011269161997,-0.5914996730162146,-0.5913777558780368,-0.5912959659832406,-0.5929498537177336,-0.5959212668208878,-0.6014860929043376,-0.6000601781911958,-0.5995908355492345,-0.6033204119631549,-0.6032310128593689,-0.6105585959316033,-0.6129286945548307,-0.616508213332848,-0.6216974556675419,-0.6316292358928042,-0.6322764031224715,-0.6276052609883083,-0.6396838491574552,-0.6458138837979482,-0.6540610913109733,-0.6623907195683959,-0.6845747573666062,-0.7080615895683829,-0.709541243723927,-0.7309903021627951,-0.7580180116614078,-0.7616052180388122,-0.7584801679392464,-0.7752236713806256,-0.7602056423765775,-0.7592414986254558,-0.7588279436248949,-0.7624591841843644,-0.7836561796569347,-0.7880569760774756,-0.7839178811121816,-0.789101658233574,-0.7912108843409423,-0.817604139785299,-0.8075796355445256,-0.7956910381029788,-0.7770932910565872,-0.7242555142696236,-0.717678547367111,-0.7175495546447581,-0.6799113913046289,-0.6616356265831813,-0.5877934293050675,-0.4955127280598451,-0.45195901411064154,-0.41915776140491395,-0.40915845452935223,-0.35259814018184404,-0.2923314146029782,-0.2612954232095416,-0.20436852378767761,-0.19891151951221314,-0.1505150187554333,-0.10464265369967159,-0.07903429663090518,-0.0777778104424146,-0.0538013977001927,-0.07176585844590092,-0.06705482031635335,-0.06383932162451988,-0.04637076772266384,-0.041997528035877675,-0.038345474068444255,-0.03072012947548186,0.00033741167238378897,0.018608785939443064,0.05856766666133509,0.10125455174512163,0.07620970639052399,0.013439625056324265,-0.016382760130298615,-0.020658246339592252,0.010300934378237899,0.03145164575671473,0.0599501709532912,0.10445463391609032,0.06582872190397045,0.11875754967680856,0.12107727753929655,0.1919729624653151,0.24648939952619603,0.2578329980973552,0.22510315391622088,0.1736025789685557,0.135072141109123,0.1302004081851263,0.1486372887786903,0.17319231071516594,0.16235257207678705,0.14587408675761707,0.14245211211991565,0.12268326641068535,0.10733449355880227,0.09734032684344734,0.09848399572280941,0.1057960742568691,0.11363302625963213,0.13896156462925385,0.13950915378199513,0.136870805635108,0.13242096064208098,0.13219102613488032,0.1180720175813619,0.09918860252708889,0.08212357060345783
stat_317,-0.5058164960114317,-0.30172772233007605,0.18190149339003706,0.037968854647214154,-0.33511451437241047,-0.3781290382798838,-0.33543554402243114,-0.3357562891969981,-0.3353473509244859,-0.3335726003742246,-0.33246010427291967,-0.33095900622331736,-0.3300769174780201,-0.32807141407805235,-0.32457179596826924,-0.3218995390353788,-0.3152561323205979,-0.31431681260164496,-0.30499823432355544,-0.2921412066277187,-0.27702172493128313,-0.2634679399949438,-0.2520318947410982,-0.23213501833778888,-0.23796598852656348,-0.2482056134768864,-0.2191433599428808,-0.23439506154165865,-0.24830526293256444,-0.24584033035476804,-0.25372047462606,-0.2554465694604146,-0.24551477745986403,-0.23193632168157063,-0.220834571526651,-0.2168683263181072,-0.2183694957543294,-0.21549804914809564,-0.20060125299548245,-0.20958817671091454,-0.2853584989972855,-0.31174538944757485,-0.2793758818131835,-0.2537267618464157,-0.23187728747904224,-0.2074461346937285,-0.21960974865975103,-0.22514038818929336,-0.20769109129757055,-0.2171363802553382,-0.27086088906920464,-0.3363375033719832,-0.3383585327195497,-0.3387663360850733,-0.3589868005057023,-0.39686881174641,-0.42408624521569926,-0.40265748216454555,-0.3636360025418144,-0.3483771416412945,-0.3386083630898447,-0.31947300158420755,-0.3465182535434288,-0.3597785397565922,-0.3618966306078405,-0.39476278519484,-0.42169128159477326,-0.40368124007506523,-0.4031958966608803,-0.37687632605745747,-0.383151760232454,-0.38006358601558754,-0.3413718928853438,-0.33083111821727723,-0.2908831413888541,-0.282183046372484,-0.2578554216370331,-0.272923129038535,-0.2789900710363023,-0.2941887840560979,-0.35487300307752895,-0.4428226004333763,-0.5114274395095354,-0.5404153664058893,-0.5241800140769016,-0.4894756935128499,-0.5161488814278943,-0.5705381621623372,-0.6275568869621169,-0.5210286595782345,-0.6674880058086651,-0.6692578018234904,-0.6816956688808772,-0.6620693091731568,-0.6534633658467048,-0.6327804605602586,-0.6146674936600914,-0.58535217354741,-0.5753800593219628,-0.5548291531522788,-0.5450757865239267,-0.5501613305091048,-0.559121150704598,-0.560669936695066,-0.5687692603590812,-0.5782242233003058,-0.5662486341592562,-0.5645939627840881,-0.5327882087701467,-0.4887783212423493,-0.4584761337170591,-0.45093757207646384,-0.46358981099243174,-0.46556014208582475,-0.46715923743208987,-0.4810004947916253,-0.48523011980509584,-0.49973774740675586
stat_32,-0.726045370477886,-0.3781081332614485,-0.26415339325686277,-0.08653718471012174,-0.21354171880817802,-0.13350515809505684,-0.20801674177893817,-0.20606871709939847,-0.20345494649452822,-0.19949377770273594,-0.1923470709028466,-0.18203024029731127,-0.1658908368794702,-0.1654127548877947,-0.17045956998582373,-0.16385034972420015,-0.15574818924656705,-0.15576060476368228,-0.15178042665676095,-0.1410786191875358,-0.12026923651073279,-0.08324106084344157,-0.05533632510132537,-0.022656933298765537,-0.024223467053206566,-0.03564601694883816,-0.043714566561064774,-0.06214483576321721,-0.07176020304892773,-0.08501943175379742,-0.14283987608625806,-0.14744785292695237,-0.21537292933695665,-0.26080233320066853,-0.289345698596669,-0.2924722700701635,-0.2942013178322912,-0.29483693706072245,-0.31167887222368595,-0.33576690609557214,-0.3641799276879202,-0.39782422112943144,-0.43611134294587245,-0.4910115193529202,-0.5415292187905938,-0.5521286900008335,-0.5369615108054003,-0.5009383998380528,-0.4183893295408065,-0.32093832097380687,-0.21047299564132152,-0.12355613994671019,-0.11822928084961268,-0.048820883155816716,-0.024448798788941357,-0.03036477432868506,-0.05116093603832005,-0.058019699857940685,-0.06918473728749791,-0.07433028370538566,-0.08949646355590218,-0.12765800909815592,-0.13955634665443845,-0.14819264082050843,-0.14930483855781737,-0.17343437747217302,-0.17510445281809595,-0.14257574782007668,-0.14037269849468992,-0.09290183809184055,-0.05853898193999743,-0.02013851577183829,-0.008423766765114186,0.009733619327469295,0.03114392923302842,0.035389027422751095,0.05474189750559053,0.04327651816973685,0.007747417635823968,-0.05392345510143296,-0.11327127229005379,-0.17114940946944965,-0.24427338071753577,-0.29655770858188285,-0.3395457180313297,-0.3674106075776913,-0.39114287941047676,-0.3938438709314607,-0.3863495914962901,-0.3525941340462827,-0.38316449142624287,-0.3829962331372742,-0.373767297159842,-0.358964605477716,-0.34881564350487093,-0.3434522357760176,-0.32380379124899816,-0.30922342366661215,-0.30389957113385263,-0.2846378122702661,-0.274615216890405,-0.2654425542210383,-0.2485534565189841,-0.24661887849580505,-0.2361542376818421,-0.24204838571375997,-0.25271857787147833,-0.25374206518443615,-0.2698212290961259,-0.28258062231704845,-0.2925144331445712,-0.29984666459259185,-0.31254008903233754,-0.32704208393883744,-0.3294665744858675,-0.33799525426352794,-0.3373432825804612,-0.3437447894833088
stat_322,1.771559198567683,0.9156523115413516,0.15353784700638803,-0.07125948879146443,0.8759968273948626,0.37387112493529995,0.8825512140190859,0.8824495936720833,0.8826034898432464,0.8818331828936269,0.8834417289093647,0.8890849975789054,0.8905110950802649,0.890659876107571,0.8947265857985902,0.9034410268966582,0.9209792415900168,0.9220194813265795,0.9316671157731523,0.934492627087342,0.9507372526745608,1.0005962072605066,1.0589692736584844,1.0695397778142273,1.129866944941901,1.1057429502340836,1.0725486046565853,1.0286706573954356,1.0331620507859052,1.0377704245959445,1.0819308578341091,1.0878925437086406,1.1761067498588695,1.164092109701173,1.17730742699899,1.2667824857586591,1.339222568809356,1.3455278358513316,1.311363802641101,1.2530856864148319,1.2701696316245945,1.2357956924564026,1.2937848820869962,1.1941184006186638,1.069606624793357,1.0106476177753156,0.9272424374485335,0.7580647711766039,0.5645758169584051,0.4312590623840291,0.3211820887126587,0.2209191319987252,0.21696537257002566,0.190795628079581,0.19107433627826592,0.14924152392643772,0.14717567474298282,0.1491637835341716,0.14258362336362645,0.14392690015325643,0.1253798721978654,0.0919490438251161,0.021901842207015625,-0.002313760663363687,-0.006818815833731027,-0.0177652719105091,-0.056361783614390176,-0.07659989176261124,-0.07852870144755358,-0.06588164359027403,-0.0660305259339447,-0.11374690155986686,-0.07242397179424419,-0.015010419071574396,-0.0014187599802792828,-0.00022562934921146202,0.057022051375759074,0.09447530260191575,0.13409767814380763,0.12109867631043149,0.1280840079852799,0.1267249724545149,0.10426235413895996,0.05047456740658213,0.04222416912213444,0.010991433611993897,-0.0464565474658474,-0.06917796198940138,-0.05992556616838474,-0.10335602657300062,-0.05811806563845996,-0.057039408777083266,-0.032139561192764884,-0.0026783788153560413,0.014635404521564326,0.009560419539516411,0.0202066927648688,0.02241772165067646,0.020928302227889998,0.002560886528312229,0.0034006581375515695,0.016794349660757685,0.022031148980386963,0.02267852421381187,0.039772211533681864,0.03941322001370713,0.04717559397119374,0.047527924168767756,0.035061407628992014,0.005710409186121794,-0.012821232489630744,-0.028384202316373702,-0.09187275375264914,-0.0956101961434766,-0.10048077990507667,-0.10600719662332697,-0.11886237554634992,-0.11821602578616339
stat_323,0.059750887782189406,-0.00748233756295713,-0.11778490774174485,-0.22286706615804855,0.16124824349414685,0.10169233248219489,0.16044278353580074,0.1602587680999893,0.1599552600848433,0.16080046913273507,0.16164275923781046,0.16187706612491393,0.1614738417581305,0.1618695411184523,0.16094161294397444,0.15891816798419725,0.1568357525748445,0.15675135599153628,0.15462852336548022,0.15090597868885006,0.15453120975435614,0.1472395698750384,0.14037246934289693,0.14653453995686241,0.14692275960796217,0.14663090476100762,0.14617650708321261,0.12419554837372618,0.11853459698254726,0.10321580163788122,0.09604190902062446,0.09630380698986969,0.0977179789862421,0.07742600746537641,0.0759806204436798,0.08004445059362199,0.10853578236639809,0.1120807037303188,0.05844196278512359,0.05271493065273985,0.15048021366510872,0.15387716799830797,0.19027514750133503,0.2482233125837842,0.2621650078136253,0.2894933275556017,0.24472285580397174,0.2006533357704355,0.10649683224095208,0.045611872479276276,0.06114914094644382,0.09869019774109236,0.09790138551136265,0.09901706664458684,0.11404154555162836,0.07506413302472159,0.07394055206573731,0.07151511623774459,0.08531870472399211,0.09740059129345773,0.13534677380433952,0.1278620086605027,0.15986139751333092,0.16749873303766866,0.16071920482094615,0.14825826586544108,0.13864871587716956,0.10306711782202088,0.0993877633772898,0.011306493389081254,0.0003711296389270202,-0.025350183937553672,-0.0659196443569626,-0.029565374900061454,0.004430133319206582,0.014200267105434202,0.06299775303253798,-0.011290281720660007,-0.015291697413996113,-0.015629112863138846,-0.06529429749090561,-0.06655428030658755,-0.03388121193962905,-0.0025350837004245856,0.047101325173688015,0.10077468015074352,0.06750705390194395,0.02956432298152746,0.00028349392991057075,0.168750018824728,-0.02269599148827967,-0.025052610974958523,-0.061537186469802725,-0.10991451708889576,-0.10957096801219703,-0.09418081817818304,-0.08411544323294254,-0.06995922767205086,-0.06706917809191106,-0.04933167607271174,-0.021641740154772573,-0.006975025732748765,-0.005500728722393682,-0.013212255667824514,0.012908232629946358,0.03505013742372075,0.0815714719588003,0.08314663363968693,0.06574020043789565,0.06648886669803743,0.05793417734744466,0.08784009859160835,0.04266646268303922,0.04702857972748894,0.04617506005836957,0.03935048730039725,0.09304017295344691,0.11175868892520509
stat_325,-0.48403820355774957,-0.10271729550001205,0.19289011652297752,0.28792698891769714,-0.2619710811824476,-0.34418508948988213,-0.26143293541276186,-0.26232032965609803,-0.26104247867591707,-0.26018259574071245,-0.2596055159855001,-0.25998181539349335,-0.2627536217355167,-0.26313388749626593,-0.2562946338527299,-0.24209967687635855,-0.23143569774954126,-0.23085409948095634,-0.22407931095610817,-0.21839549325692334,-0.2029937986141472,-0.19990041099122197,-0.19813541032033827,-0.1996172687158813,-0.20120780526732904,-0.20644258136983948,-0.22474855865562585,-0.20751343715643447,-0.1830069153078066,-0.11981325497417572,-0.07171052786686871,-0.06768814698601702,-0.021593538954849705,-0.05270349010919776,-0.05111351113475115,-0.07282534070929582,-0.09601938859341547,-0.15249177586705182,-0.15879153278931854,-0.19390091287677425,-0.18585799957155075,-0.16265113984003166,-0.16086029855279785,-0.18630091427051423,-0.12288756090522594,-0.19465247164594993,-0.26025954872210616,-0.27691810989925975,-0.3190105560352639,-0.3883688497718925,-0.44833631729622425,-0.4490741424297278,-0.4479624658418543,-0.4253063374125834,-0.4281666562972707,-0.4046366546003235,-0.38035410231232547,-0.3448806135571996,-0.3421518356277717,-0.34563394363410543,-0.34583956586082437,-0.29279918511766656,-0.2611879168149532,-0.22518625139273088,-0.22404290168954308,-0.24537298372131894,-0.28326236028395524,-0.25865619713327004,-0.2557934017238648,-0.2519891110287963,-0.27066335338495645,-0.26868034749632447,-0.3023079796292577,-0.34299030408436065,-0.32497890104646465,-0.31814637454548633,-0.265608876990091,-0.29597615654781184,-0.3481934798423776,-0.3508264769319068,-0.31125165400491955,-0.2715635258561438,-0.3268582277749159,-0.40573954593541706,-0.4609806285312985,-0.4983711363525392,-0.49616483123989863,-0.5146172504812663,-0.5304111721250623,-0.12021181124072551,-0.535396079593092,-0.5347185220074341,-0.5561252223459006,-0.6058881709574085,-0.5760908671300106,-0.5681801892972957,-0.5474649694999121,-0.5298721085394777,-0.5226779844329599,-0.4834977379387719,-0.406865424461,-0.3126252940082907,-0.26015544750123437,-0.2537346459416403,-0.23173813488519235,-0.17331363421237647,-0.14627763552830134,-0.14750053409881203,-0.13601700234579722,-0.10349773752757582,-0.0668589221359402,-0.07482391779269311,-0.09659519238887194,-0.11417107926147654,-0.11493429245291024,-0.12210338694397616,-0.11324101935324173,-0.12369343775557672
stat_328,1.813440709983155,0.9302504438674456,-0.08044375754937226,-0.12155210756552952,0.7322435855114084,0.6772158012308415,0.7297390019484258,0.7289442585936906,0.7284282129704294,0.7275416600837893,0.7254460661256508,0.7250863898468725,0.7264430791775132,0.7285869972406571,0.7258235559519373,0.7144172903441889,0.704229980412023,0.7035520755816813,0.6957683750829875,0.6882418266721014,0.6830599296882965,0.677053464018973,0.6725348994466503,0.6685168011469036,0.6621343386679788,0.6553890352542825,0.6444143577007918,0.6247884836132601,0.5907496621614365,0.5629413974468801,0.5491318531925913,0.5474395590835615,0.52858478824768,0.5081828613000372,0.49046905795741214,0.4875442901279316,0.4622342805511533,0.4752597775998211,0.5094405526342303,0.5878203915214971,0.6314506016756491,0.6683895336416028,0.6413101338264049,0.6048010289761215,0.6394115903546947,0.7119108231183126,0.7489996335447224,0.7993879915210703,0.8326246302625624,0.835143183592167,0.8587708913503549,0.918747091926694,0.924158921865622,1.043067805591396,1.1322442317693,1.1320081448972483,1.0617892075879485,1.059119895700999,1.0486135178412423,1.04564362579242,0.9634216831798774,0.8895998056015962,0.8581925780340163,0.8353800728229477,0.8287536133158744,0.789467390845399,0.7044372575529687,0.6568664079514556,0.6542615970725535,0.6142470036936755,0.5271668911098963,0.45596871695497687,0.40985522870281205,0.3838217197034316,0.36901757357782083,0.3717004874915829,0.35554213230463094,0.34267627820607144,0.320666230107228,0.3287619004684412,0.2839115024867065,0.2748077741644846,0.2553177231821595,0.24782054510884502,0.21144897136367452,0.23245079931084592,0.26153627661298173,0.276208953112326,0.2955039639170516,0.25880735539453953,0.3296432904839458,0.33185841751566203,0.3516145471100287,0.338233424240903,0.3534761091180106,0.37888520555996386,0.3900365747351446,0.3983710771767476,0.3962312453735933,0.3954699224259154,0.3971316998659902,0.3737345771720677,0.35143652946488,0.3481099197608763,0.33611414525980027,0.3215423184851389,0.31519547372888096,0.31477461984488625,0.3032528859174549,0.2953989604309175,0.2856836606800386,0.27124394787101735,0.26237176339027996,0.25899622290215063,0.2587373272384777,0.26207270983662007,0.26614600137758987,0.2575716671746091
stat_329,0.12252401574705978,0.08355008985581219,-0.24845795720003966,-0.16680825854260317,0.09506001886082607,-0.06813809408933034,0.09430141611092169,0.09428293608055445,0.0943746264055697,0.09525901007544837,0.09530213379512471,0.09681455917977343,0.10086867376925175,0.11162269260955006,0.0996347398124579,0.09358200569871672,0.08706911875093887,0.08686761412237193,0.08594915887922533,0.0854702066753529,0.08145196655851149,0.07844473781115884,0.07640018344163256,0.07350010182733799,0.07118757623826352,0.070947059193655,0.0668809416526068,0.06025511776589919,0.05244604996617683,0.04629349037872283,0.04071205878832459,0.040061212881614794,0.041252509338960575,0.05291445659391753,0.044620403995345274,0.03671535077648295,0.030416532430561354,0.04904951323228789,0.06699373724762839,0.08594038140693817,0.07282820186767344,0.06831211626560951,0.10045102953347716,0.15943893732962072,0.21372519787065233,0.22130411911815034,0.27307013733112695,0.29478161288603366,0.24470168802651499,0.23510253374317855,0.26910390144080426,0.2823798891109693,0.2811316871631099,0.2770350107285768,0.2651935832410182,0.30085526730587236,0.31896452064224323,0.28999454684321807,0.2495522384673411,0.22653950144875779,0.161524792664044,0.17232420955171765,0.14933642115700363,0.06321661500124724,0.05347505104919291,-0.04643000744447535,-0.10364110313907296,-0.19571863306563195,-0.20068774641491238,-0.2865064937280012,-0.36960008153814183,-0.44753854849055286,-0.503114177249574,-0.5508514378503799,-0.5312773462330955,-0.5319700768689573,-0.5341472671733345,-0.5446605513794606,-0.5194822502713111,-0.4494262889036029,-0.3500944240606631,-0.2899126062825768,-0.18533909925126088,-0.14386547678317177,-0.12073683862751354,-0.1313572931182044,-0.17557013492688606,-0.21336229435727141,-0.21225576676936933,0.014858928170390306,-0.22210817607525135,-0.2224345606007315,-0.22801765507103128,-0.2365833267455937,-0.24050838371846373,-0.24204532182128283,-0.2475279919263334,-0.255122874991464,-0.25295373704987595,-0.26019228505256736,-0.2659344447521657,-0.25167983954288087,-0.22713862689950085,-0.22490842861224977,-0.2184710742566542,-0.19679209452316174,-0.19705487457628731,-0.19729989659897804,-0.18969038213678785,-0.20750093868065028,-0.22285393444332197,-0.15806302015568283,-0.11920685760247374,-0.11522417912052191,-0.10925727420590618,-0.08913828346128803,-0.05292723849760613,-0.006865893267825862
stat_331,0.4228765823989808,0.1251638283589135,0.15389627903161904,-0.1360260266217107,0.3435626013464895,0.2737018226490491,0.3442127580843156,0.3439492360379974,0.344080673896191,0.34449585722771014,0.3434832991651406,0.34504006615712035,0.34677497400796864,0.3419514771104433,0.3371193032525359,0.33835097904028516,0.3390446383327053,0.33885928099209084,0.3351940596336559,0.33375812265531,0.3352511763193419,0.3420921268592699,0.3481414197108246,0.35074437901340394,0.34549246567733266,0.3523298807179486,0.36217337566992414,0.38255657602726917,0.41745625257876384,0.4043440727582629,0.41913430390215745,0.42106247078021874,0.4038282884963551,0.422845511643838,0.4736343260414216,0.5012379050160966,0.5066495629810401,0.5238111897533767,0.46522688603336926,0.4584983491556528,0.49748267910684524,0.5117561031956219,0.4346697591147112,0.3998795520945647,0.3753383173719701,0.3640410828985617,0.35037258036559626,0.3633617772634098,0.31194128340595195,0.29656198522612404,0.3385852490424625,0.35045510570128147,0.34984714338734557,0.2731540858603355,0.23507979024754422,0.23365906962704544,0.26748534275435165,0.34066016584516423,0.4140800489375077,0.43979022341802787,0.4804762843392287,0.4898916553809513,0.4458061667053434,0.39579091706800396,0.3871360720722372,0.34976253344752806,0.32478487125123695,0.3082542784779008,0.3059405504851308,0.2812148503572525,0.27532210250881683,0.27060704760435883,0.22667319124931032,0.1979081531722863,0.19550633119638947,0.19504454313618652,0.20503959399292263,0.24014952418258803,0.22605806206750131,0.21869598620095598,0.18352553664362053,0.17358109604746194,0.16528213101482309,0.14561411390888077,0.15961245012347,0.13078008816455097,0.1666995192244213,0.17773642671091813,0.18278705345263652,0.17524051854524522,0.18899334012417732,0.1895676014849281,0.20076863242880416,0.20503498347444069,0.1846119222332641,0.19637836595120386,0.2065241032599676,0.21526197995731639,0.21760579151910575,0.21155124854529106,0.20908960807387686,0.1950486832234837,0.20663896673777565,0.2091016359262871,0.21201542063697426,0.1955881378284921,0.17714797592127818,0.17582417336071735,0.16928070662896716,0.16507058818448725,0.17223654099898528,0.16641965461458075,0.18774207741161655,0.18699404849568857,0.18484447460391495,0.17658327800408433,0.1738194232853579,0.16819185761685826
stat_337,-0.36698873468929827,-0.24400431955823804,-0.1360446041151527,-0.13402704707529678,-0.13136872567623714,0.016840735242049893,-0.13519144024032673,-0.13608615388063144,-0.13732909693085268,-0.13805717605013773,-0.13870545086651695,-0.14087261294829417,-0.14261269711148913,-0.1450526975280202,-0.14410212984818194,-0.14809429579170966,-0.15317497834224272,-0.15355631139592918,-0.1565938271721185,-0.15968237300963511,-0.1646262662314005,-0.17236693323728258,-0.1763182779273533,-0.17822753666207997,-0.17721760151765859,-0.17594094322133555,-0.18517236820819996,-0.19199616249305726,-0.20907509379255346,-0.24165012052413395,-0.24895285944320433,-0.24967848981033447,-0.2639263343222098,-0.2730083090983644,-0.2602291714618698,-0.26290259458414267,-0.2623361729174832,-0.23312144369919666,-0.1974113860858156,-0.1616424007535537,-0.16848692294937825,-0.1259565041174306,-0.1657876518669308,-0.2282676902220557,-0.2686851481560635,-0.27594731516221743,-0.23831053701735977,-0.24531219363306533,-0.2821618717899947,-0.2480158368948283,-0.2207094461886157,-0.20517969497475338,-0.20135002185350467,-0.1374480950282963,-0.05804742235832907,-0.04095479513434243,-0.04128178263721681,0.012453808886250379,0.04235370105388148,0.053825597337872365,0.09638103102173139,0.1399902080903218,0.12689168371801382,0.10392898593852244,0.1029914710412969,0.049583636468521125,0.017605772169861825,-0.004957058674061018,-0.004397308983672465,9.35126627148332e-05,0.0021650497328474174,-0.008236119856048095,-0.03346318167995857,-0.04982987983253447,-0.02386398031822607,-0.013854938551331216,0.07685967067869012,0.1459734774495089,0.1712928786064685,0.23873919341806957,0.26689066264542427,0.26921475908283815,0.1986884234499315,0.19252865730770943,0.20940791582905474,0.21017536998110103,0.20082442928057148,0.20749826247470168,0.22769843392048872,0.10275851290094384,0.2138762299073129,0.2124521387834174,0.19583683021098794,0.18751861763131902,0.17877302475410614,0.1979155469749485,0.1859679259075564,0.15976114759893567,0.1513536148114733,0.147602338346909,0.14656192031753315,0.12817007363628818,0.13565991974216315,0.13702133184704104,0.14460473968881093,0.14144173457766457,0.1452191061582428,0.14580189851143796,0.1446676158487941,0.12527438480600595,0.11935714943889504,0.12689810361838025,0.1345656851608675,0.13913251570486382,0.13938102540148023,0.13992910104418696,0.12383192741439925,0.09960375160826923
stat_338,-0.8108174689600749,-0.41734575833724386,-0.08961049536916367,-0.08797039766415846,-0.2453177251095825,-0.3122186429365394,-0.2197277361866462,-0.21408330494580438,-0.20776015606931314,-0.19221427147005626,-0.19330712586310644,-0.18327502460797016,-0.15252234648147628,-0.09944634770329817,-0.07218431226374361,-0.07453419756350398,-0.05820571203064381,-0.05893727733425425,-0.09369576372560284,-0.1412569275339383,-0.1743954588006611,-0.13037147984182337,-0.16944603005744566,-0.1686272894896345,-0.1351042310006673,-0.18128892782574765,-0.2098114316738038,-0.20263682947843795,-0.2103132128570462,-0.181516214920484,-0.20560719513054893,-0.20589673738239697,-0.2756205395856442,-0.3100680236785966,-0.2761517821196489,-0.35306004406375285,-0.3173834405873708,-0.29314698661960886,-0.23281631717529672,-0.22881717257521872,-0.24105699048692636,-0.22167858946018834,-0.20225143872845372,-0.2860028213815023,-0.3613545587956625,-0.33401740000934366,-0.4090060630730539,-0.4348231141868343,-0.45034167653468077,-0.4930268798315838,-0.4428166838387709,-0.3963420222083905,-0.3935130560284733,-0.3497817574384029,-0.3603620143169988,-0.38288050918723077,-0.4250642784336476,-0.39966570786437505,-0.43787337493029627,-0.45081851369082887,-0.4668716665399097,-0.46936463286163765,-0.5138267627860466,-0.45276742288712424,-0.44108389842462226,-0.38154448640458166,-0.3328884107207169,-0.3844340549717146,-0.38560661764486026,-0.3733538116870157,-0.36953633435424665,-0.39055532808028587,-0.3738110490445121,-0.31157980938300817,-0.24411728480759354,-0.23211314465123886,-0.15529745179781906,-0.10947859448740975,-0.10124409108833586,-0.11476846890825279,-0.11746303718052313,-0.15654558065902668,-0.19465464784716763,-0.238276913700433,-0.2415240010655545,-0.23902718654335733,-0.22577798788862027,-0.2326936721863682,-0.24964395966145195,-0.0042547399126778435,-0.21348042453806476,-0.2101069171443908,-0.16781738180533554,-0.16616368835886122,-0.17911011876527838,-0.18830871755061074,-0.20202292620125803,-0.21261245401526585,-0.2189636155754171,-0.20080080783045698,-0.1681067115145486,-0.14710404059813467,-0.13901640949756025,-0.14165472497490217,-0.14480727476015678,-0.13244968011177183,-0.14168615604403045,-0.14146744170093628,-0.09399329340329306,-0.12382167550195114,-0.13298683562837194,-0.12492231046195565,-0.1598895999966542,-0.15636936277279434,-0.14628586132909996,-0.11863184090694377,-0.13667980559026016,-0.11799265861121724
stat_339,-0.004535604352092282,-0.1424906797761137,0.10541358019350072,-0.12129759306243285,0.131112567048502,0.15040440734148208,0.1306332144626882,0.12998291294230352,0.12876376063504555,0.1285686893996424,0.12914650775933714,0.1307160789002759,0.13254614052085098,0.1255167832323276,0.12191126637867783,0.12097204581598582,0.12022981314011622,0.12041926091550215,0.13182613665001208,0.13549377569822363,0.1459527914840588,0.1623726574684684,0.159806354490624,0.17410833633910958,0.18962307049447505,0.18949674674317507,0.17462243666243488,0.15142651607612861,0.1634471196583732,0.13843870934516533,0.12734975882535973,0.12643829297915546,0.1327789387998237,0.12987528661868955,0.10328844629736379,0.05498532681017656,0.06609418439854188,0.10112004431637257,0.05077097987570534,0.12168833487093078,0.10320713984968834,0.07031285129425527,0.08166819840591491,0.05154351626955856,0.0694173658300749,0.08998459706231088,0.058693656741840565,0.08337302228952805,0.11710380218966251,0.08284828820126869,0.07326226142201153,0.09131188920678365,0.08991447743247499,0.08160405523580389,0.11052982892067272,0.15474916088159651,0.13633743226619907,0.1059954522820812,0.0900077496185052,0.10099459491400133,0.0956874121924286,0.10378785348162027,0.09544954737830885,0.173042052074083,0.185874108860551,0.2311393314630816,0.2287936762986066,0.2219791946992933,0.2213383067033754,0.20730572318847398,0.17709428642721728,0.19924566683776732,0.19667156243550016,0.21069702717638522,0.22880710625001524,0.23062443944864364,0.15446054912377097,0.11270637834244511,0.12010170046117252,0.06235723587797772,0.09171782053298681,0.07427974153773627,0.06239232928938198,0.0965890966054733,0.12633402084952572,0.07031243402573181,0.012368163584627574,-0.0012927313311705262,0.02234833813830909,-0.15080887788870506,0.06297619863016113,0.06513044922893642,0.0346158945522598,-0.033842268497823326,-0.07089644955645377,-0.09331566646564145,-0.10766855408657475,-0.11212126824333671,-0.11496072730482991,-0.1634863942105874,-0.23853683877928336,-0.2543778718600503,-0.2130888408066254,-0.20864659958278292,-0.20823731963163264,-0.20761325561748684,-0.20141090555581784,-0.19982895366142478,-0.165037334483243,-0.12555019364099984,-0.14134811683861315,-0.1591755925723331,-0.13569507198333428,-0.11089761574414528,-0.10553251764588006,-0.09270051046334646,-0.1399611358415267,-0.1526845856479161
stat_34,-0.28239293895101236,-0.19972576532232536,0.03650931437292662,-0.09666858932935367,-0.173220131181251,-0.10731411543396246,-0.17392968324339217,-0.17475185480613542,-0.1748970540871587,-0.1759422630207098,-0.17785857812926656,-0.17854214510686167,-0.18088852538635825,-0.18287022123504998,-0.17907336585117362,-0.18092941985070735,-0.18200224550475264,-0.18220908633476934,-0.18387709682279343,-0.18626675933243772,-0.18507172779912562,-0.18489272427972736,-0.18804208254433263,-0.18654947079829337,-0.18904792618435934,-0.19160625427513706,-0.1984320376623404,-0.18610455327293168,-0.17149696408109638,-0.1600166671345536,-0.15136554111594552,-0.15167282361146206,-0.16972421904346346,-0.18261034906895515,-0.1669656086045153,-0.10606891674600158,-0.012812908891740733,0.07107386361027074,0.10490967048032857,0.045845783147780476,-0.0337308332058022,-0.0942751545724032,-0.1289319711270932,-0.15458067079791032,-0.16858240539807864,-0.16352161402404292,-0.16806768523338916,-0.19490884842521344,-0.18813978112305219,-0.17170291281547728,-0.12874926867345446,-0.10120474557658488,-0.10102449609716642,-0.10823878324485839,-0.10860893352738307,-0.10760431074476053,-0.11649637736062848,-0.09971248038872957,-0.08949498843340428,-0.08868623132551892,-0.1036537423797697,-0.12147721221599783,-0.1267729502744745,-0.08935155405673118,-0.07762477862853233,-0.02342200363477021,0.03732889267031665,0.0057394231512231915,0.002286002606405467,-0.041634839135055314,-0.06536834932353201,-0.038659981861871195,0.009620329853235517,0.02384861206002463,0.024391837006323403,0.0247152452194602,0.02723661014732915,0.03254098874872295,0.02008114131218423,0.045837970275863636,0.09740427773152406,0.16553254384250793,0.23795090447940817,0.31088225659644886,0.35869369691142206,0.35094333226451596,0.36391536932063406,0.39826983379083675,0.41888466324110063,0.06904902637791456,0.42231109881174833,0.4204657621556818,0.3839315034015054,0.37199770978383917,0.3399562235250347,0.32799325121120093,0.3062220877438361,0.28855817980791826,0.28488662111350527,0.25991187873967975,0.25615849830994797,0.2465816712323484,0.22790676401151633,0.22572156505005136,0.20485484354087755,0.1941951055045572,0.18067362690442487,0.18107163809577512,0.18472346865884307,0.1858173177450435,0.1712756209009241,0.14641388008626333,0.13601626092072092,0.12735762597810577,0.1267775892098172,0.11541544147435712,0.09988310199893265,0.08262429352905784
stat_342,0.4905575619046547,0.18034464081004914,-0.6063106430838392,-0.31987164581590455,0.32293668456877767,0.4142318828909246,0.31993494595201166,0.3196127693202563,0.3192064192270623,0.3188861555900648,0.3181737449122721,0.3176342958932056,0.31703596583927296,0.3149890735217861,0.31271126703679436,0.3097449067541378,0.30527233391328756,0.30506145717694666,0.30253935666598186,0.2997628025781028,0.2975486974011073,0.2934380844608639,0.2896997347490084,0.2864399910191463,0.28163620139796164,0.27719163075340664,0.2690357057147676,0.2604968356282881,0.2512127990960229,0.2375752523465781,0.2173022163850801,0.2163678247738569,0.210901779335854,0.20236633033661983,0.19438236485124832,0.17436196548169014,0.1583057430689933,0.15182198411236203,0.1433433503170771,0.1420729690807517,0.11410639693053605,0.07498362578662289,0.10119002984295922,0.12905400852080662,0.18489867527833925,0.2336457173484273,0.2576602905716684,0.2845317953025662,0.35995480424838366,0.4185501435431414,0.47878117665377573,0.49822849346437054,0.49953739106491457,0.5000524132346886,0.47090459590184486,0.4629229226203237,0.4906340341304317,0.5255147830041057,0.5416649623216295,0.5411060033478409,0.5278819128695417,0.5573231845521458,0.597244887954139,0.5960693361442412,0.5921780672371344,0.5467596094830011,0.507434716428338,0.5139345875825332,0.5155431757653433,0.5389016892075419,0.5381144477185507,0.5073770834349287,0.4803193044898644,0.4166788702438588,0.33068392440579336,0.3197763049760266,0.24284229290007675,0.21673234142499231,0.20154660807306554,0.1964552085893463,0.19749967361981502,0.20635848302428308,0.21441548228049667,0.2529271174913742,0.31985107950800584,0.3427818441628883,0.3381241834270432,0.3302489002103452,0.31175884014481114,0.4373447159925338,0.29214288676253175,0.29041826967938134,0.27788433527106327,0.2728996779714198,0.272381268335515,0.28567193260855384,0.2827955050308,0.2824410483472546,0.28194606284191975,0.2853703424601525,0.27840813848696166,0.2784071492209546,0.2845649832620588,0.2852764681973647,0.27104540089626766,0.26126737559532226,0.27431226065973313,0.2760904690765532,0.2909971758533593,0.26670311666896795,0.2777570147326246,0.2817201075997753,0.2983070234571216,0.3421466880668323,0.3487600776205119,0.3702689492433975,0.3787664400498897,0.40858232169476333
stat_344,0.7549982420801324,0.37491740446941446,0.09602022271206495,-0.020180262544011514,0.3332492187071117,0.43619617374730363,0.3295374225675289,0.32906224030810116,0.3279764236109449,0.3271168530897393,0.32704134457028666,0.3242732009456443,0.32021108137494736,0.31652319000598395,0.31623004111845593,0.3138148037736318,0.3117964226482392,0.3126195089718642,0.3088784706891971,0.30641786752599764,0.30443530441742367,0.2982929978065529,0.29383244315988666,0.2917788887639961,0.2919054253854166,0.28781787335837544,0.28326154614387805,0.27474070787362415,0.26372186501444894,0.25452963159930925,0.2476901625593635,0.24630567638041814,0.24309740567929203,0.23617581372276458,0.23107841587509384,0.22486317036654432,0.21290686573097276,0.21200117295235676,0.2118431003107112,0.2149211071974955,0.24335628818339097,0.24987760022744313,0.22782843509353562,0.24447153042153585,0.31368062317353007,0.40576537864189405,0.4805274034335274,0.5096908583553659,0.4772249477598008,0.4733506282532086,0.49658724091032763,0.5235108478154872,0.5260863271189753,0.5906881108980946,0.5971635018427386,0.5175561168327169,0.4171493445446012,0.33899769449583667,0.31031097086679066,0.30237682263001153,0.29136760526882255,0.2866658237908763,0.30981683873348226,0.3460026005475275,0.353165942995524,0.43595713153602145,0.5492263017176544,0.6742345926235992,0.681953315942315,0.7783567576158769,0.7821725927143294,0.7517521621394132,0.7148642375136407,0.640210070065689,0.6017064461451926,0.5981493175095673,0.5943282741204448,0.5842486805586532,0.5333736670807975,0.4879418203324396,0.4837807276300698,0.4951191679477714,0.5279551040641055,0.5888335746086448,0.6264400563389251,0.6666122667110627,0.7255528529263332,0.7723720348066224,0.7706097044769931,0.4631204248995795,0.7691967942694367,0.7683918181954067,0.7617447920007723,0.7831928715926815,0.787779034182726,0.7898636943559192,0.7587474266699175,0.7231339274632016,0.709882862212409,0.6714052950686534,0.6483594882877496,0.6245479712166755,0.6083894342331477,0.6064198607724768,0.582291708946382,0.5540696240746087,0.5364351391914782,0.5356811468257842,0.5270253900245926,0.5158420233762503,0.5140414781858791,0.5092815604385951,0.5102326958348212,0.5049800660153992,0.5040371039363968,0.5007024922463178,0.49478175029741833,0.47757750832500495
stat_346,1.1084574939102272,0.6993452879154153,0.5365836085166589,0.24632296257679584,0.5077902092248787,0.33023047928213456,0.5080505318062365,0.5089843195527373,0.5109484748112396,0.5121048655228896,0.5117593136995747,0.5137490177420875,0.5152254188321824,0.5158150120036232,0.5137504482528447,0.5174798727090089,0.5163567855842578,0.5163071414357752,0.5162363654087476,0.5210473921319733,0.5349717266544727,0.548353164725121,0.5520555215322379,0.5477781582571097,0.5309810667701562,0.5189630653379437,0.5076116588584221,0.5086562718134063,0.494547567633632,0.5044863717485506,0.5141225623759681,0.5130129226748127,0.5022422260313821,0.488928747590356,0.4740851209941614,0.48086934124853087,0.5134326160274277,0.5702868416523336,0.5904662719090565,0.5490716266907929,0.5232915917389585,0.5300950465599229,0.5592431998242631,0.5631707431666234,0.557022518655615,0.5770548400330582,0.615769200177583,0.6353551674528716,0.6510586142457816,0.6643342406267899,0.6741779880955813,0.6400542582941138,0.6386296879494648,0.6163188356100051,0.5864652218087083,0.4990292533171459,0.40988900769887804,0.329000307408067,0.30840316349091607,0.2996712696913947,0.26532667537330196,0.21659491478627785,0.18246690843069954,0.13094588269185933,0.12447025622037694,0.07297886095098294,0.05838979658645488,0.06516059110810364,0.06815842776109149,0.11948789066319186,0.15557449749418645,0.17405390939425508,0.13900592069872625,0.09510805785811488,0.08079932673104742,0.08174776921765325,0.08346954729459648,0.15373922907017415,0.1494317406479671,0.1410025842358048,0.1405203893221248,0.12194316919657805,0.12699751551225433,0.10668313959806884,0.06383388020018664,0.015170423911657134,-0.014076172373212433,-0.08829230714160805,-0.11338686784625987,0.0720665389304244,-0.09881773542459249,-0.0971904822743293,-0.08223839142261383,-0.08009286932810013,-0.08700869802948034,-0.08878288280493941,-0.09677497066695356,-0.09899619929741815,-0.09779550903019853,-0.10570674534368882,-0.09014019381992941,-0.06785882733244171,-0.0570259535493883,-0.05481764177737445,-0.008746195786810369,0.01977968241373557,0.04554232610640599,0.0469451885881568,0.059368296038437005,0.06651821649351079,0.06827871999966612,0.07287047620000041,0.0627403322132581,0.04287179588835997,0.04002481347799386,0.04071299052802668,0.04606261269561847,0.0442455121443857
stat_348,0.5953906940362182,0.3919026176908469,0.22318004530296517,0.2010836787531779,0.2440874720755818,-0.03755510854249923,0.24974995225611696,0.25075621886278887,0.25427083543730333,0.2571076502780316,0.2572390254729402,0.2619388339701971,0.266206887840913,0.2745793280965966,0.28430255492716855,0.2995623507214628,0.3160929444155738,0.31536101957572643,0.3119814728120025,0.30091847828489854,0.3193109801848046,0.3516833187088861,0.40017105081871146,0.44738723625784316,0.4686412882390276,0.514008422500431,0.608147468781656,0.6680884498306585,0.6629812551605179,0.6123992953630821,0.6226259556734779,0.6256449338035578,0.6605276061916393,0.7296937928464056,0.7694712367865171,0.7642940134632472,0.8173065665955526,0.7598202641941268,0.6558822440900707,0.5388888584883186,0.38884745856975517,0.2577844160599884,0.15116625864555394,0.10904879368093223,0.1300094016551079,0.1654472500023268,0.16862029009117077,0.12582744282274994,0.07489851953196369,-0.0012135636613728417,-0.04922456464061501,-0.0859109711244012,-0.08716542929851313,-0.12423655504993589,-0.1824403784853956,-0.2370771539080071,-0.26096830938476256,-0.3180990245994355,-0.3545829726106865,-0.3507974015845739,-0.3776722737091302,-0.3846085803274187,-0.3041611122168701,-0.26213165161925217,-0.24908480692668505,-0.20230939266094503,-0.1020086266823673,-0.05342298416542246,-0.049023000981733796,-0.014726878675233982,0.08393463587759381,0.17264720268050884,0.2470823546701754,0.23427023566375832,0.20414946888901048,0.20054585221602136,0.16981414366465405,0.29428931720145424,0.3245855032790456,0.269959044364084,0.17511709496591213,0.24450900158799455,0.35031237525790315,0.37774365350359007,0.31368929199221396,0.2956635884448168,0.27665898192986604,0.25527877155585327,0.22783966943074418,0.06015668214253912,0.2306945413892377,0.23326523527919787,0.27508881837089233,0.22434271958262247,0.2183557999059877,0.18442096973538585,0.20305642438718155,0.20309222625749646,0.19258677206154862,0.1712479315527161,0.1369480860717394,0.12162296519198731,0.11263756478078835,0.11771687335105234,0.11022198331693848,0.09406035517857544,0.1040847371887322,0.10636866768022714,0.13780164765157013,0.13836047308031563,0.11292790636072908,0.11503958251472124,0.1038894368339657,0.09736904815824185,0.09624535776946846,0.06615145534261443,0.03765420403786335,0.04070715206956285
stat_349,-0.7879152353897103,-0.5947087547944313,-0.4357847880916795,-0.2826743255273397,-0.18011911435452818,-0.07691476908566403,-0.18323041904670861,-0.1834833739580664,-0.1838684346892686,-0.18507458709458022,-0.1862763859934569,-0.187705133966762,-0.18758060032988516,-0.18793697585065106,-0.1914417022309122,-0.19371352285569993,-0.19604683427059588,-0.1962289094420658,-0.1987000630399014,-0.20038569043036614,-0.20337060814658078,-0.21053329898706274,-0.2213754971192965,-0.22649908263810184,-0.2357730248331338,-0.24281229563401593,-0.22947757666024,-0.20227370033414913,-0.16929891005727754,-0.09573022082263628,-0.030917487892618545,-0.030932065085789377,-0.07880080292177688,-0.11672290379540985,-0.20373929542409344,-0.26963505738386395,-0.2575065353933156,-0.2445945884582147,-0.24115778341251112,-0.2028480878371188,-0.1888350855295873,-0.17830779090821033,-0.22408917151853702,-0.21331195048606585,-0.1740587738290504,-0.20728833379053563,-0.2475874441784237,-0.28081022960254653,-0.3157925307043689,-0.3779860701811869,-0.4046559072494605,-0.40051316637316664,-0.4006937584607367,-0.3816363504268167,-0.31719931485739483,-0.257247764875433,-0.16779684758543678,-0.1157979605323705,-0.09986539902033467,-0.094134937308711,-0.10713691332803954,-0.16206520206650107,-0.20706269107460074,-0.17377879773159227,-0.17002531466463078,-0.17936505055747276,-0.14156400820077977,-0.12078460374827467,-0.11913179355020087,-0.07383156094121357,-0.02539055083197841,-0.0339058392390798,-0.059351151664366684,-0.002957737973491802,0.02601342747711215,0.027613383395845258,0.0436329676701011,-0.007646095250899689,-0.010212638241678713,-0.049758049340818386,-0.0500015036389286,-0.047224027497999935,-0.011557424296980541,-0.006651890534131612,-0.015944380951861056,-0.0671628875400848,-0.10589761996517558,-0.07654643021748536,-0.055226509067491936,0.06994652184211078,-0.006519510324045947,-0.0031406533195535652,0.04290077713100651,0.056726863876405034,0.08282008167623477,0.08829152997269325,0.10136386869633067,0.08582977873171713,0.0815593396570613,0.07689186670014635,0.08713376713981658,0.10120849067031298,0.0934767813102278,0.09090546270830971,0.07227721668353197,0.030196412159876583,0.013917426268134327,0.014675284971088023,0.006619415233931279,-0.015435701072331165,-0.014688248523669015,-0.004184851541579083,-0.027018055803571275,-0.029445725634100854,-0.028817525805189075,-0.03710016526650101,0.019419338012935168,0.051062950462264826
stat_35,-0.6315091614578621,-0.4595099458877408,-0.22093385260724216,-0.1359807078056859,-0.12867702243619156,-0.15182155909314285,-0.12833210711937426,-0.12933946110915948,-0.12832305809125058,-0.1279440433256387,-0.1255104021911981,-0.1238185399178888,-0.12239322667164496,-0.12290163539730986,-0.12280762904053517,-0.12052530028142684,-0.11573088749000725,-0.11506119600258125,-0.10659908056533213,-0.10154345127272925,-0.0930532588756562,-0.07958810112790426,-0.048322863326577925,-0.02448767334463687,-0.02375351472247766,-0.045983750829842164,-0.04873576865794643,-0.05324766822405481,-0.04851150579074207,-0.06466542965160052,-0.05837159931919896,-0.05726184845865021,-0.06382393773619122,-0.07542741231491223,-0.06392913496107648,-0.06698405096031186,-0.056432699118179296,-0.05214277971005929,-0.02439179140143103,0.005793343891800158,0.0025699884516523623,0.004856458763640451,-0.04192434350148985,-0.07484825473969318,-0.05836539814724856,-0.02317780401755462,-0.02994093980251667,-0.08738220529454593,-0.13104366883838764,-0.13437247146398634,-0.15300844109752249,-0.15892960928219693,-0.15951370875057544,-0.14213971344360252,-0.1368871625047912,-0.12038382407894267,-0.12551026061747178,-0.16405708678217862,-0.22845944006502386,-0.25739608731108754,-0.32463389204749693,-0.30601976501472883,-0.2816137726793734,-0.24806427094444794,-0.24757900146968825,-0.2817245876317297,-0.2755543314152049,-0.25004409653478454,-0.24886635823015268,-0.2374710042454048,-0.2533529626647501,-0.26860331228610806,-0.275775754586023,-0.2939112106196126,-0.3378989605538803,-0.3468046097077178,-0.3627991753394366,-0.3408505121959949,-0.33311707924684536,-0.3045062678629267,-0.23652169557626446,-0.2492276961857265,-0.28174252173980935,-0.31847285883949616,-0.3145590601997846,-0.2569639501717788,-0.16354374176976244,-0.08328400514124396,-0.05404233586370587,0.1106857130883492,-0.07780443814687722,-0.08037601687194793,-0.11841845877872818,-0.06782210226249719,-0.01963475437400831,0.03380364646308095,0.05099490614661073,0.05898531988275843,0.06133169273314401,0.04170968899436397,0.053436784878322506,0.08879298242655957,0.14405001005585366,0.1521629865266927,0.19934668412652767,0.20663604740944833,0.16401522550846787,0.1584548250000673,0.1210324992860972,0.0872609253639068,0.04512003237622246,0.02524190025820143,0.016449794830178263,-0.011972387569575324,-0.010678235261012095,-0.005675284531799324,0.037240787069831124,0.08187320567962783
stat_353,1.9823227177610827,1.0068938521540367,0.1400488084849905,-0.12781347215024055,0.9088405457825447,0.9257918664397985,0.9074134013370645,0.9066892351869694,0.906207938237908,0.9050575693080479,0.904798200109263,0.9052902729945679,0.9046281460798864,0.9053510308824123,0.9035978081006518,0.9033898702977962,0.9041140232657146,0.9041375913956375,0.9044136179734139,0.9055584467780856,0.9058496121222475,0.9069925576803757,0.9081179403532799,0.9113648747865535,0.9117297418335978,0.9113780980557811,0.9102642928706944,0.9082613673344199,0.9071017300189927,0.9101049525620684,0.9106239971694224,0.9116615168405712,0.9131382277698543,0.9001974593538327,0.8909092625794869,0.8904429059056702,0.8808075371656438,0.885852967322505,0.8783152753612528,0.903948069810962,0.9109396097731569,0.9521358870875972,0.9105929886073613,0.8749492298464291,0.8603128752890055,0.8651729172098536,0.8684130252982021,0.8541850277552725,0.8683935406162807,0.8750416144247009,0.8771395257713044,0.9334388233340307,0.9378084526817037,0.9665800607506765,0.9881148664335437,1.0232769931178411,1.0893635092687897,1.1963415181940256,1.2372123359864078,1.2308968291907834,1.2175613402632135,1.201848544463457,1.1495044170304518,1.118653273981629,1.1275945818640576,1.1751799251569999,1.2092433255115627,1.201826478187122,1.1980820732072024,1.1616985701945362,1.1371768447953585,1.0517700987645837,0.9538235799626229,0.9039094441268007,1.0111394618968053,1.030843915880325,1.126548462788375,1.1406798258197144,1.1143319777813672,1.1824629292070499,1.2180579680498682,1.2817076673238736,1.3006722426650283,1.2488720909689062,1.1950702520418093,1.1640748593934098,1.1739919904970195,1.1825900493216928,1.2285025676260752,0.9173783249230657,1.2228741406260177,1.2202063361920612,1.1565629036941338,1.1042519275982843,1.0693482147358124,1.060072900168499,1.0541072754416936,1.0507130531879199,1.0467514394683985,1.0150705222926415,0.968108370565361,0.9370030593545466,0.920359509108314,0.9171349500490588,0.8761892953506871,0.8798476007718627,0.890627726622622,0.890063324425578,0.8960300170058231,0.8778097493036625,0.8625649012121694,0.8973781863017154,0.90453541688677,0.8977390251350446,0.895499929278057,0.8820937220809054,0.9198250351194175,0.9046974531287613
stat_355,-0.38523057304855846,0.11087237882868983,0.6409175007918937,0.7045148284608004,-0.5105522727389986,-0.24359889031496512,-0.512340693595258,-0.5124233349644093,-0.5126520133572547,-0.5115777932924535,-0.5132100296842437,-0.5146295921799273,-0.5153041905096556,-0.5151505386268148,-0.5121310464534864,-0.5083451482770616,-0.5040447845482583,-0.504158315747364,-0.5029588307701256,-0.5081609381503465,-0.5054860571945403,-0.49832776824168773,-0.480668788360713,-0.46148699933712906,-0.4527212614194987,-0.4419388226088306,-0.46220539957016027,-0.4789634884176921,-0.48897748890788023,-0.5010476162892824,-0.5169019028663995,-0.5193461497062183,-0.5431834041368057,-0.5331209724377054,-0.5190868424675625,-0.49777679917450385,-0.4762523919269077,-0.4646893362561444,-0.4889457178342935,-0.5313033856430567,-0.5850543678634827,-0.6212243480626639,-0.612341803063411,-0.570099357012082,-0.5471955542608096,-0.5683213990473783,-0.5449589388023529,-0.4845795506100679,-0.4803200818038607,-0.5266537775080553,-0.5562035836108233,-0.599039689776041,-0.6034897265891173,-0.6434937503125198,-0.6288408021463802,-0.5726854638911163,-0.42523678177989394,-0.32165494423626956,-0.30969093933863145,-0.317513232388042,-0.3870711434155316,-0.44010909149448185,-0.4018862890714567,-0.3492903569290077,-0.34706187987408127,-0.3649073988063852,-0.3659638336370753,-0.379293326856825,-0.37893824371078827,-0.34818001239648777,-0.35213745410160596,-0.25212274644698607,-0.11642952850724214,0.030242973257581917,0.11160685380792942,0.12295488005223536,0.23253905332803973,0.366633859453972,0.4041314869561448,0.4942179245749872,0.6535214425441734,0.8464951110370182,0.9542933838056933,0.8090932610173888,0.6194611534705932,0.4937547772424685,0.40490462370820646,0.34349484912109507,0.32211164093231465,0.09456343558436305,0.28902340316021286,0.2883794683355521,0.26983101922919317,0.2650062752476128,0.2673709463635403,0.24708746763490505,0.2244506450376648,0.20028818264095094,0.19105455132035012,0.17112398498301035,0.16678439938662873,0.1667987422819172,0.16593849736276714,0.16548133825349345,0.16191288038003998,0.15357011310692265,0.15857752060719563,0.15927876198524485,0.1584434221055519,0.14979435310534328,0.13716442963543318,0.12159797281245781,0.12170774937308529,0.11171169235548528,0.10896588150012664,0.10160097855662062,0.0901857385118651,0.08894806748441336
stat_356,-0.23612958919342383,-0.2291587451006395,-0.19285436950782897,-0.14417232198024418,-0.03846766037803233,-0.1669596580444751,-0.03928578836304329,-0.03894415735598739,-0.03890823547037079,-0.03882418271830124,-0.03877300245365299,-0.03961849962660545,-0.04161502149151165,-0.04389941989767111,-0.04268227455637282,-0.04369778272310905,-0.04681911227655719,-0.046888919790936526,-0.0459242642208904,-0.046203594114447126,-0.04788498839011618,-0.049392782929054455,-0.048341260413324504,-0.04479001704605302,-0.04108009441841049,-0.03633143804285668,-0.028160491660300963,-0.014400913734758132,-0.005719745257166817,0.007625323393517202,0.032762962866002644,0.03394280517783068,0.0536031482507534,0.08172949544736106,0.13217007881281687,0.1635359384698431,0.18107077700000507,0.19086146781359348,0.2048995549122459,0.18885623526727408,0.1815176940965676,0.16601947049484683,0.15110993405241746,0.10813046030484325,0.06925593375673599,0.031687376634678244,0.010281537886895958,-0.027657043678067466,-0.04138342178514288,-0.07134610588552086,-0.12911358828610212,-0.16915723138421584,-0.17090549104105038,-0.17415090945754078,-0.18605788711637278,-0.1996226190366624,-0.18957483887551105,-0.19152105413887532,-0.20632662668468457,-0.2182469126897085,-0.2541152956728232,-0.27420917758763,-0.27465463368218357,-0.2735647676414048,-0.27435416634178944,-0.267688084754707,-0.2488548275750492,-0.2205907571636166,-0.2191732192471514,-0.21766218289158396,-0.2302002142020217,-0.24277953015736123,-0.24889749942334588,-0.23786757307188544,-0.2349703368852356,-0.23416501930025962,-0.2254658347755589,-0.22711191962211075,-0.2386707377672509,-0.2648715150123288,-0.2982608835211567,-0.34479834058879566,-0.4256068991926671,-0.4969652569854816,-0.5442000670710527,-0.5481224487331475,-0.5347797707942503,-0.5012368644189146,-0.45354368972918946,-0.35220405730485915,-0.411870709554091,-0.4087768490985769,-0.3626734244524162,-0.3213254853958962,-0.27626346970756055,-0.2541866739507539,-0.2548560488222386,-0.25563550598381507,-0.25641805041485616,-0.26605017796466485,-0.2671741171594656,-0.2651821291513144,-0.2626880681854258,-0.26289955076925453,-0.27202108999310715,-0.2833748604262941,-0.2827704219618154,-0.2824953974886731,-0.28313272967583086,-0.2908943003140704,-0.29743475248024065,-0.30705436525494145,-0.31620220429169366,-0.32656738835302435,-0.3280947370945441,-0.33819427185691137,-0.3382352930830045,-0.34220110961627015
stat_357,-0.06414310462381666,0.09514126219885453,0.2106355712991191,0.35337457834085506,-0.008420956086209805,0.1076527610649961,-0.01120813232301714,-0.011602904527974531,-0.012094065980676545,-0.012396590060609176,-0.013126859916296502,-0.01411911767606765,-0.015195452427336865,-0.01646724593011863,-0.020125540651735635,-0.02384439204216537,-0.03118712284968277,-0.03164257861641532,-0.035565771203426425,-0.03919278968485541,-0.04355955532599779,-0.043885088152343064,-0.04511681780804745,-0.03234065025699826,-0.014010142063816483,0.0028963694055249875,0.006706211993100261,0.02234794230657027,-0.02326516215107476,-0.05542937608991696,-0.06167851521206878,-0.06152252912367573,-0.0546976457141386,-0.05163972045553777,-0.04118913568196994,-0.051589424018146174,-0.0658453180854409,-0.04244956707145455,-0.07514992925453913,-0.0796315034695245,-0.12955985853475893,-0.153542190839063,-0.1623393072477284,-0.18269499986206647,-0.16364034180181095,-0.1416469677042486,-0.12032901642179565,-0.0799547938415354,-0.057682545988672514,0.023875975236541915,0.06157086680393268,0.055728053533035345,0.055311884568732685,0.025523500355419507,0.012089696117559676,0.0462187029211874,0.07186684750185264,0.08592853301971896,0.11495241472052996,0.14200237004858648,0.20623408570406715,0.21339038402899044,0.2312758871695477,0.27346442584495906,0.2799381830480035,0.31820028466631145,0.31600765300343264,0.3127789857556678,0.3110802813287079,0.2781425876074403,0.24892034890649423,0.19024184376273992,0.17169497889110583,0.13058834230608507,0.08954903305187942,0.08142261610133689,0.05165109918014001,0.041335239575567284,0.030200315191602555,0.04771948606154752,0.07090394238850933,0.14589733701799992,0.18835439806852225,0.2382096170112054,0.2747149646861771,0.3158410810712837,0.3481493584258747,0.3457366539592885,0.3333784752278434,0.13782721377461513,0.33845483048773595,0.33822560713470734,0.34167902303731507,0.3354705952666103,0.3071687742805955,0.2992029329874454,0.3081707981084174,0.32642948662002685,0.3340599843955547,0.32531630536937656,0.2955510241410722,0.2686567960194574,0.2598872782626773,0.2598024112546853,0.24166854164548202,0.23954367840156812,0.2181966026148686,0.21726985620199035,0.21409859956946492,0.21774675998431808,0.2059245279351319,0.20173469780224942,0.18883877112887903,0.20991611982707253,0.2098676575368831,0.1881998955720788,0.17434309005512066,0.15666674387168306
stat_358,0.29794483864070104,0.14240790677497386,0.3199373666413985,0.08728709438633214,0.15366605355227186,0.17847427790538523,0.15178891921652538,0.15144235298929482,0.1510072832883817,0.1491229406093739,0.14934045702823498,0.14653574126246255,0.14094843771719565,0.13802214665832338,0.14101562063507994,0.14088499368482424,0.13719713205183626,0.137130684526688,0.13744513822596463,0.13227435680872968,0.13002791829909477,0.1253415201358425,0.12046063765565505,0.12172876893316172,0.11721059505545664,0.10163560905170786,0.09833474695621786,0.08907247584612935,0.08093807097543017,0.06654466781629512,0.08459136347984803,0.08675084064378424,0.13539506389086092,0.21760771486834238,0.2330435261623596,0.15516903203229893,0.08228474385657499,0.08291088705337255,0.07805286672623488,0.1153273026322069,0.15185139813237444,0.1831734883888089,0.16708382687885245,0.1455699842123735,0.16241450816249683,0.19915962972655502,0.22025159140871958,0.26982702857373975,0.2786965451110939,0.2743172504721249,0.3112985162963352,0.33589492719054775,0.3382779817922558,0.33323711820311597,0.30953113002358157,0.3237009854285789,0.3131958202343829,0.310953660133638,0.29473034387217867,0.2871912894555813,0.30848681397382305,0.3373170267867339,0.3083012668771121,0.30515995140832775,0.30483988903379633,0.29464898449931226,0.2688360053882092,0.2703477580009934,0.27140122486630414,0.276801551370981,0.23405664673342672,0.1880679512353092,0.16426808682082944,0.16441400649135102,0.17485122450199297,0.17592024435030967,0.16721122012313688,0.16063603347990124,0.14195683096888528,0.13387940744692345,0.14567087497116418,0.12802292465419035,0.1408055103960389,0.17485574006435617,0.20393943604187761,0.2515319509117707,0.26059062428405105,0.24076297960270757,0.19540212309639848,-0.05744212351073868,0.1377876671550785,0.1348291234613319,0.11195564713323711,0.08680173086797735,0.06151210146364745,0.047350586412377355,0.042137256734227635,0.03267251913388538,0.028869341599290055,0.0030227851955218887,-0.008871912876413337,-0.009950344368271052,-0.008797136061939893,-0.008937552326888283,-0.014453460412219211,-0.01814464401749424,-0.008968167733529415,-0.008246608522935713,-0.0003773107804583564,0.0004127018967855992,-0.0002917685931719178,0.006981917096682487,0.0032398789843832458,-0.017663293578998537,-0.018863617027147055,-0.024163262422016864,-0.02829968049213298,-0.03599276309699462
stat_359,-0.759066346714361,-0.353692177362065,0.028035703793028693,0.07566116782203032,-0.47146521718635953,-0.27022132028125967,-0.475072254197971,-0.4754844459519552,-0.47589178538021004,-0.4767001569303763,-0.4768483956669538,-0.4779518027235261,-0.47998660634208373,-0.4820956339978158,-0.4828977056323016,-0.4864297158432687,-0.491961392757881,-0.49216597955420105,-0.4944034818259479,-0.4988399532247577,-0.5022388619294382,-0.508310814992183,-0.5136530719938172,-0.5176779332350773,-0.5226715203546355,-0.5296424918520168,-0.5347097283721673,-0.5433609119986066,-0.5542705340860226,-0.5723923896068132,-0.5884322011334239,-0.5893794969727063,-0.5998320716258254,-0.6158572487839503,-0.6171520052327153,-0.6224923860260952,-0.6231563338093097,-0.648432404437734,-0.6533277192666543,-0.6473050522093569,-0.621187286995421,-0.5947317768666975,-0.5622305758750418,-0.583598966376311,-0.5764394438277758,-0.5728163485874407,-0.5561681503319597,-0.5378794943336735,-0.5005638178880355,-0.48752276678551604,-0.44485792282448705,-0.3711754778807752,-0.3651335389641504,-0.30715429313900144,-0.26609143595902407,-0.22983800913412863,-0.20259766669731002,-0.1940608297388835,-0.19774962812802263,-0.19740072457550414,-0.20520287919417324,-0.16518919103765706,-0.18921051594747393,-0.14210739445817522,-0.13489826499427518,-0.09351559496390091,-0.05036814443197329,-0.06706156074206461,-0.06905893099543259,-0.08655906789116015,-0.08421486292099857,-0.10678561206131267,-0.15782450318120944,-0.17342566443345306,-0.16819318795449492,-0.16533807717381224,-0.13534629973931037,-0.10596142226476277,-0.0828534410653763,-0.0334215100158175,0.02876380904719798,0.04984542573765784,0.09271572852995714,0.14430667866497213,0.17664132046929357,0.17205835966521224,0.1530479783670563,0.14981201006758826,0.11787168172105326,-0.15937775449716146,0.08124186810594211,0.0776658434276924,0.027381676185675188,-0.013926731330683489,-0.047405627140438694,-0.05881307499970498,-0.06729749241775443,-0.0803974915633345,-0.08707495950211747,-0.10776936409085965,-0.12014181749699578,-0.12290492931676415,-0.13043238302737672,-0.13137203617582163,-0.13666037310498114,-0.14175521710974082,-0.13877835160951874,-0.1388258526080113,-0.13605462607092794,-0.14111109265526084,-0.1378336377764474,-0.12894199075232585,-0.13438879600919995,-0.14555200589248024,-0.1458071498585019,-0.1425090989890098,-0.13415665080427439,-0.14280069277935975
stat_36,-0.7940831933619096,-0.3231913523150515,0.0036955347242207466,0.08990141594815104,-0.32529563594280964,-0.18720050758765644,-0.32837162704218503,-0.32830935829635,-0.32870453081667544,-0.3287016818342129,-0.32894460816989274,-0.330076742904243,-0.3303714901512505,-0.33158759534670607,-0.33492932929955044,-0.3368940592277033,-0.3393093838867527,-0.33954922736577314,-0.34309480915926277,-0.34489359645718287,-0.3454272175751272,-0.34885108250281893,-0.34774242583619436,-0.35468137655243454,-0.3696437367923144,-0.3718778816269047,-0.3846616049696168,-0.41304631770319167,-0.4359161399040207,-0.4390015379558866,-0.4487671052962755,-0.4490272379734282,-0.4567920501167448,-0.47544458892482233,-0.48371613311765005,-0.49630075067040746,-0.4898221501693864,-0.4686293877135903,-0.4901543935733521,-0.5233209744737549,-0.5156782683989732,-0.4210551606386043,-0.455405708064326,-0.473301111604367,-0.47199807606437794,-0.4879686639374515,-0.45111761574198406,-0.371938364090932,-0.29519627966862494,-0.27698891464503006,-0.2756054845737876,-0.32903677362493,-0.3323897784444511,-0.38644197580956025,-0.4004844474379387,-0.3400791149710455,-0.28601279390605494,-0.2843893253937159,-0.2951830615985995,-0.2883860128335532,-0.26988790437046506,-0.18252234593144204,-0.1396703004947226,-0.0928383207248724,-0.08046732442774061,0.01119441857271248,0.014966063192590123,-0.012738316706474743,-0.017166981966335832,-0.05111644081916402,-0.06364193108581015,-0.04820637130120476,-0.09594486325567855,-0.06279054905108138,-0.062125434632620866,-0.0653277351589246,-0.05879923937768112,-0.015898863752328126,0.03483825560801061,-0.004428846056602855,-0.014405513951308528,-0.005203822689215879,0.034721161546045584,0.006300236966288896,0.028301206572209775,0.029512510632087475,-0.01160722773726156,-0.041730378729631534,-0.09670101934417892,0.008389063395863403,-0.08333113794874979,-0.08146488460922943,-0.08247301185420879,-0.03896775924337483,-0.05048959323731729,-0.09676652172362621,-0.08537781839506377,-0.08810667105988233,-0.08864925924040086,-0.10648096618276338,-0.08920896691920414,-0.08729542739509645,-0.09200161189165923,-0.08933952013339425,-0.07668789896613716,-0.0540251125350258,-0.07727789374912475,-0.08075119509456179,-0.08564793024458822,-0.09397793457163041,-0.08625065742385375,-0.11132679218454523,-0.10590394548889344,-0.0743835494133151,-0.06160835547808934,-0.02659289574002516,-0.020691120054486367,0.0016688405795604476
stat_361,-0.3266275685743726,0.11918426102693577,0.5759430819259086,0.5191323812431319,-0.4524424509346244,-0.20470279404883648,-0.45565576258921336,-0.45527569854836963,-0.4553346906897593,-0.4560672469820497,-0.45684157858773156,-0.4596521768434574,-0.4610050067993349,-0.4600552183042081,-0.4637812295423972,-0.46505205082379897,-0.46808309090590255,-0.46827075581646904,-0.4725476067619425,-0.4782225793645368,-0.4846976127641522,-0.49217730038395824,-0.503489429859999,-0.5111030029123613,-0.5110206080696296,-0.5134885308929535,-0.5277490085713574,-0.5345269672522549,-0.5455372127936889,-0.5650779584363583,-0.5678875140823143,-0.5672968937973328,-0.595554238766588,-0.5913976030541693,-0.5441325124857364,-0.5935978266881724,-0.5902970807880202,-0.5707574294552743,-0.5792214770107377,-0.543834498480086,-0.5449064297324753,-0.5305519936667219,-0.5163543562255567,-0.5322585366051461,-0.5323342919706333,-0.47433006920229925,-0.39823749228224475,-0.49624804162804703,-0.5216003065586194,-0.46210526994940987,-0.4485226797545155,-0.45489351188741667,-0.4567204532598838,-0.45416783768666175,-0.4755651634496493,-0.42090896982812354,-0.3499459488052723,-0.28808045259175624,-0.24633135105866721,-0.2546276819341637,-0.27623744062804806,-0.37418869259344706,-0.41675493529248664,-0.3451260627465814,-0.3339967867349121,-0.3202090616654736,-0.34626965595282916,-0.31947408901921875,-0.3237045204456656,-0.22083033730387047,-0.17030560437101488,-0.1559849009525317,-0.11545781338931735,0.02327806603699604,0.07300014084027201,0.08153131671757197,0.13617587731765912,0.2628216616300275,0.3515810055564873,0.3897719080329965,0.3452528050041632,0.33929320786088285,0.3134655946787218,0.27585861892769425,0.23335989360354203,0.2384549695770542,0.29273385304922706,0.21404311541655666,0.13823987803300425,-0.006764516801042693,0.16592664179508163,0.16639629542283463,0.13030985067568068,0.15218819083916582,0.17395901518362,0.15185265733386138,0.13630587443682946,0.10069599062968375,0.10335346428096495,0.10949268279671574,0.08266781620353905,0.09403288087639754,0.07495250632240234,0.06439645623191449,0.012609842595860532,0.009329954042729542,0.010215031468902572,0.01064533576627486,-0.014900252992479528,-0.01364233953232637,0.000776479412741175,0.02388288823538708,0.027328517610686602,0.031867785190502845,0.027694341551722082,0.004566030161914712,0.002432845423818203,-0.01890074574482193
stat_362,1.1259907630276962,0.3818028356072129,-0.5632562147444325,-0.54286557920684,0.7903537145296836,0.2270158697963597,0.8004879636259906,0.801087808707596,0.8006120329944965,0.7981110218496128,0.7973240534021445,0.7969746299838397,0.7968445407330549,0.8019202413208129,0.8104705701339556,0.8180620360851752,0.8227020463168115,0.8231381388050532,0.8171198512989278,0.8418162655807327,0.87125604294294,0.8668497432795512,0.9002227470580665,0.9432527918584622,0.9680315467235459,1.0166801965380323,1.031893511774448,1.0393810012672202,1.1330586008325432,1.1705396025676245,1.2036109262183194,1.2056208566470856,1.2680777648535961,1.2895888668034583,1.3038102823930098,1.236487454032488,1.1784582030569635,1.268410948151882,1.3878489676119796,1.4212163099236352,1.3705507141805127,1.2555533784496402,1.2287497239248464,1.1546359512093574,1.0865916495598813,1.0173790649389782,0.9909958239020041,0.9183159642963419,0.8579238462862832,0.7850694116825154,0.6361576550240601,0.5674376228328112,0.5606445649038033,0.45769336922487774,0.36328573230036587,0.2364741423874312,0.11346777477117506,0.024030385743020695,-0.01833375749051412,-0.03244103077746987,-0.11863402363824191,-0.19408793427248933,-0.2465036087287711,-0.24067926601529396,-0.23882417197051828,-0.22176698889331292,-0.2917326615282198,-0.392683797505554,-0.39831411326900373,-0.4048521855982244,-0.4271254664256923,-0.47012655893126415,-0.5635263378148107,-0.6032492508903704,-0.6669105971985574,-0.6809679660973935,-0.7745482498119923,-0.8164293560327734,-0.7570984451165754,-0.6652944460186485,-0.6450265446004194,-0.6407168791494355,-0.5867019430159066,-0.5716733234205017,-0.5408321582345379,-0.4832044344713878,-0.49515303133052063,-0.49578074265645733,-0.5064592305876569,-0.2688719807554584,-0.5014839717142999,-0.49764505423169614,-0.4520294006358109,-0.4295596110823895,-0.4101597886207661,-0.40247306534713934,-0.39562684118162755,-0.4187786442539198,-0.4345633468994398,-0.4233034607953042,-0.4274633026214023,-0.4404839576891907,-0.4528624286062012,-0.4550198762376549,-0.3973737318340843,-0.3639478447658031,-0.29220452422762805,-0.288689371574263,-0.2640988741299846,-0.2466874648079396,-0.21292636318075375,-0.18110990381151287,-0.1796610327942807,-0.18410530641724634,-0.1796626078996921,-0.18619474495251498,-0.1998901802347331,-0.2273738349592812
stat_363,-0.2404466785023918,-0.10126816342358634,0.0036501194498966215,-0.00276683755020778,-0.10331403351650685,-0.2749296443981418,-0.09876562911953109,-0.09924075965765772,-0.0966914076405915,-0.09576670003383035,-0.09763619387277615,-0.09655733192800506,-0.09168889008615916,-0.08722390418423541,-0.08751377933119493,-0.07932174825054265,-0.07477966709532922,-0.075295376689239,-0.07459107136261527,-0.05420391022464344,-0.06470424520409103,-0.03729856949505325,0.006680459325581028,0.011569198255785439,0.04596970751441024,0.09577570970500882,0.1103531342419866,0.12143820543425092,0.122825614820341,0.1358990397142391,0.1294611489703244,0.1288710415592232,0.13897893782989745,0.19153066925942905,0.17291650931820182,0.1956820851669512,0.253692458353942,0.2426011718949199,0.2626359555464364,0.2709246185111157,0.1869763259781041,0.11601845271134793,0.07084862634883553,0.01954648975015722,-0.017003688159330236,-0.025502011917402166,-0.04435992911208675,-0.04053507918666766,-0.032226730526731466,-0.05181106552367028,-0.06682641129031654,-0.07031415194946254,-0.07409394982526162,-0.13603619805584935,-0.18512383889013515,-0.2354122591767556,-0.23172661476087394,-0.23934975970765504,-0.22862661530436518,-0.23172218997120309,-0.24958635440923474,-0.26171442606517914,-0.2021063024863461,-0.11655493409245359,-0.10588581374095582,-0.10258168065228375,-0.18152703420671343,-0.2310716425304266,-0.23477615037378718,-0.26289239262618075,-0.28533657460245265,-0.2435427783177908,-0.19184022191586547,-0.20852634900482492,-0.2740836235571377,-0.2817347336541944,-0.3410141844537671,-0.29856972885576993,-0.30354964422069625,-0.3520918709431386,-0.36309100596359467,-0.35554892417526396,-0.22432741133597792,-0.0648834459785667,0.06770786007259362,0.27820735889615295,0.3929458131753335,0.47507510084141874,0.49950507772507424,0.06606507448276253,0.4765707472009878,0.48160732371524795,0.5904791007188741,0.5643884870624901,0.49626156744684896,0.4273209077137443,0.353739349515279,0.30306698489620426,0.29023362331009556,0.2282030242760531,0.17020352039324238,0.09514582282483455,0.06554320470208189,0.06255116632106296,0.06317464584953471,0.05953713512767972,0.07578977603614644,0.07545427334077176,0.07518432790962146,0.07273365226896941,0.0864140908103293,0.10640909129977953,0.08835488454234178,0.10477078462444027,0.10965439323716407,0.09825516947252425,0.08390253655528736,0.06579934152088067
stat_366,-0.2159731189817953,-0.19959785107343855,-0.31108218914164,-0.1654344040604404,0.07296470035906125,0.00019119658501972017,0.07123026064526744,0.0702947595247606,0.07066400088658098,0.06892164100441628,0.06643920718839152,0.06962785095875042,0.06786813786308074,0.06986818165808788,0.07071742587461434,0.06836274592968973,0.07649321808128724,0.0774741636773783,0.07518348127777918,0.07723666120632522,0.0878079714118893,0.12777294215222373,0.11881909019408331,0.12257076683987672,0.10443065014064656,0.07791537833045499,0.09359101466716015,0.07754356385013444,0.05899985875330376,0.036868515691042415,0.01303763356344503,0.011415497195071886,-0.007206568091658927,-0.035679208857892566,-0.01463514115358279,-0.044562239382300854,-0.04770167437587739,-0.047540712299747434,-0.023448559118944088,0.014751514072802833,0.05507341161803972,0.0639436150072029,0.04416041971816886,0.009209697305949687,-0.02061132936370242,-0.026725645297804117,-0.004482402298738515,-0.05682111768277431,-0.08959956893420928,-0.0980789970154425,-0.07156601628728182,-0.05568705178703496,-0.0575653087682131,-0.06370224987441184,-0.07807131774970677,-0.07407922964605725,-0.06798900761378916,-0.06080485614181807,-0.058553519988808055,-0.06098791187015928,-0.04335530838763414,0.0443331660566531,0.1653048166853187,0.19292127000209788,0.1903852241886413,0.19285985750731963,0.13651847943050222,0.11607220904373532,0.11642159668119315,0.1260026270275433,0.10325190225239182,0.02575072483258429,-0.002131753992506804,-0.0009014451481082657,0.0005564697987404655,4.5356534159936265e-05,-0.021118620403784285,-2.051312676934576e-05,0.01800495325221886,-0.025302493128683726,-0.01887528021809246,-0.006844981286776708,0.004669703627485648,-0.03530525949633892,-0.01359094330395468,-0.002514253595925001,-0.04801225349789153,-0.048982034110473575,-0.011646234761669575,0.45173072992280044,0.032613131998697496,0.03667941147953689,0.11575656372333334,0.18037712437991027,0.20087930440437654,0.17154832281137475,0.10733690530820553,0.08509224592486228,0.08483974812136202,0.12638625803133502,0.1481839656624456,0.16121866630299445,0.1742299254576742,0.17489903466769735,0.18083573467642539,0.20277945167005604,0.20988487730815297,0.20910809920946818,0.21106906078954346,0.27017332147393713,0.3221899756668476,0.3189607425303931,0.3561072353792782,0.36058855719411687,0.3620774863592857,0.4045007054680113,0.4249002230951549,0.4356311083639083
stat_367,-0.8062454824759354,-0.45104574038002054,-0.05952121272897778,0.034857828006566914,-0.32401388551623445,-0.2351198993173303,-0.32604941811701177,-0.3260860719421454,-0.32640098323681815,-0.3255736142146112,-0.3245012358792826,-0.3246339828901263,-0.32332495277594214,-0.32727864741916657,-0.3285284976473579,-0.3315301507117059,-0.3326230843704501,-0.3327051610883205,-0.33365063136317685,-0.33642357002502604,-0.33916100333657717,-0.34561213682406766,-0.3500727657375696,-0.34357643724817216,-0.33579814122044976,-0.3316368560498829,-0.33337626794038017,-0.3482464292267888,-0.3496605077609708,-0.34525405586996916,-0.3338231466488261,-0.3317600719706776,-0.32554479469629843,-0.32890204637321746,-0.3276779399774284,-0.3572801320270176,-0.3880971332298159,-0.37483933695532384,-0.3690147003155971,-0.34879462209047296,-0.3532139197809232,-0.3700026920411997,-0.31373746711355094,-0.3194683345801338,-0.3487989084442258,-0.35278181524133445,-0.3107223231155029,-0.3044204812376847,-0.3628931821030401,-0.404806606180768,-0.4595759200493395,-0.49642905554297256,-0.4967991131189639,-0.4966443896924974,-0.46570014254322706,-0.42172793806837194,-0.328993405743175,-0.3148815684057969,-0.313295154533423,-0.3077077688545519,-0.2581180926525223,-0.19822641968969468,-0.12680413173485883,-0.1733219563621584,-0.176740957316955,-0.15593704248455845,-0.12715471316373778,-0.1608229289157947,-0.1633593001142913,-0.16720010531177462,-0.12123779565137337,-0.1434201846927356,-0.09748760635173116,-0.10672801493908862,-0.11595507937833772,-0.12235179281446393,-0.15092431638844106,-0.17394925040617712,-0.28590165097313436,-0.35536174018796163,-0.3565222033639598,-0.3408308025823376,-0.3372804153095953,-0.33300736512342133,-0.33371795182270414,-0.3235178473922455,-0.2958635302475674,-0.2798214559108314,-0.262477117395382,-0.13155117863255975,-0.2733766203728092,-0.27435992937863896,-0.2787928370438663,-0.2712113655527451,-0.23961203545004506,-0.21509267702515028,-0.19935623856473195,-0.2148604542074548,-0.22227252396746738,-0.231048276104111,-0.20763658335394808,-0.1796118888000038,-0.15733029483828603,-0.15728902375146284,-0.1580219021674522,-0.15213650057350467,-0.1448909367357914,-0.14493759963153624,-0.17546672479224987,-0.17788675549693445,-0.12711916898294887,-0.10101161757313337,-0.08522361775454804,-0.08567340572397382,-0.08717280969774006,-0.10621907607681963,-0.1043624814010175,-0.11407756315615887
stat_369,-0.5466416985506266,-0.20086259186894595,0.2909419778988174,0.2071624727658424,-0.46530487498159884,-0.29175106590631855,-0.4671176547073344,-0.46718903062289546,-0.46749869783178,-0.46706390450237745,-0.46643075820568547,-0.46554957206948766,-0.4649336356333173,-0.46793283920800066,-0.47135604583632607,-0.474420712191524,-0.47855261949137234,-0.47869505818970504,-0.4797432625436005,-0.48230263970016607,-0.484958769788097,-0.48777735244821696,-0.4908577231319627,-0.4932203586454091,-0.4929693669931941,-0.4950555035191666,-0.49399590061484766,-0.4885603874249413,-0.5000990807403792,-0.5118857717471825,-0.5101352822821827,-0.5098614692382175,-0.5064450173678389,-0.49908185772960123,-0.49852395137706595,-0.4936278163177141,-0.4900402718042985,-0.47238353807344163,-0.4460222452350853,-0.43375522575346265,-0.4126875980495184,-0.37943492928875044,-0.2977219912323249,-0.2360159971521968,-0.24223135059561368,-0.2798879314082753,-0.35959607344671085,-0.43945173434574103,-0.4723609299703464,-0.47060187393436964,-0.46345413315651834,-0.45160925945367036,-0.44970545169425014,-0.4436482742835792,-0.4153425292605024,-0.3850065100072119,-0.3857857583628591,-0.4134418803399866,-0.4750646849461945,-0.49098281375836356,-0.5037984046640456,-0.4816357294425604,-0.44180543154634083,-0.3980621553327392,-0.3893087938394115,-0.283647215884648,-0.17978086360873477,-0.07097246686758323,-0.06302962322852718,0.07034901456680286,0.18448925006331043,0.20764647507992887,0.2964793467416522,0.38523114735470015,0.34364528205411926,0.3375668603114603,0.2915093779349183,0.18875627949966162,0.20023260831636197,0.2518312254555935,0.32117096291551905,0.2720319182547791,0.16382553950348866,0.08525805115168214,0.010261948034682859,-0.0429082083031237,-0.08085376034439817,-0.1247069613147589,-0.16092209120183226,-0.0674896695945202,-0.1913382632880089,-0.1931144297248376,-0.20322379722903341,-0.20169217718450447,-0.18150984668917064,-0.16526021227463353,-0.16425992134726947,-0.16983088776696775,-0.1711537635660433,-0.1770154851939302,-0.17282588821989617,-0.17139545747825372,-0.15832913677657826,-0.15488919326801134,-0.12207987025063473,-0.10432989977385151,-0.08977152488833004,-0.08832531808016819,-0.08380256886027813,-0.07881086799369029,-0.0733085712125898,-0.06962221949039588,-0.06424668942819749,-0.06639230240455654,-0.06537434036057313,-0.047459875162218404,-0.03730342347318797,-0.049645776336751636
stat_37,-0.46776680258961445,-0.19391647247755794,0.12107310006830349,0.08017019224890742,-0.36157715398689905,-0.16467435298477132,-0.36373729353839235,-0.36449504869749205,-0.36569809085102084,-0.36631784323553057,-0.3680159065891386,-0.367466257160478,-0.37079289902962126,-0.3700292144032735,-0.3625262694098131,-0.36512668333506393,-0.37243260926803695,-0.3726127122154671,-0.37834129420178253,-0.38283869457930236,-0.384863373221857,-0.3826295917570877,-0.38569830533931543,-0.38480457258473394,-0.37584589310788463,-0.371268385327834,-0.37306387047216805,-0.35895501265665386,-0.35191493681707114,-0.3560381597340587,-0.38160427036887606,-0.38133479927208486,-0.3748920658669837,-0.3725977179083139,-0.3636067864574693,-0.34467322343595047,-0.3731711407071058,-0.3938449995375088,-0.41854095892125737,-0.4322517430571945,-0.4346797057451592,-0.44172144424246806,-0.4459790155633683,-0.4383217398947119,-0.4281741663071973,-0.3821303786523538,-0.39536824470588117,-0.4227004288555001,-0.42758626705018216,-0.4572853345348343,-0.4188410087100719,-0.4480974796234711,-0.45231707796850246,-0.4787384134415897,-0.4646752583965584,-0.4423908570713003,-0.35554576485555883,-0.2568864543042929,-0.18903703846945044,-0.17305329020937396,-0.14934611642059714,-0.13654264868437083,-0.1266920537429029,-0.08731496378562123,-0.07455945026790148,0.015653908627094648,0.03393201542400627,0.06571873659694352,0.06741547885455997,0.0825055067756528,0.0596557076682611,0.04305768689730439,0.05380595759298803,0.031521897439052225,0.03733172109624163,0.03818731257918235,0.04420898450720968,0.034535859701011425,-0.0312811556053864,-0.035388079424985404,-0.07968272610451997,-0.1862983465182691,-0.2955371205145137,-0.3263334444626573,-0.3248319402711483,-0.2896226178760212,-0.19265850406727442,-0.10283797294080665,-0.02725083567218242,-0.02517431142988916,0.01656438554460099,0.01725752200792436,0.0650917568259066,0.09568123136751563,0.10706781612087937,0.09965613203311274,0.08915917356775042,0.06183000335228851,0.04800017640162496,0.010835053042966189,-0.005741614643365231,-0.03361783869612236,-0.042449196533176525,-0.04407125049592917,-0.038239056659761295,-0.021567044345068856,-0.021136841863299404,-0.018749494716202252,-0.008925637499124624,-0.0033134602924644817,0.01867382199829883,0.004206514476383277,-0.009415902373841102,0.0025007508651887127,0.0018808419898605302,-0.018975363177116258,-0.05474803389930956,-0.03895458337064035
stat_370,-0.1508910171704276,-0.15696048343872354,0.02308741817629929,-0.08160326908616963,-0.06167275254819801,-0.04226485840841162,-0.06425049137367177,-0.06443939245102967,-0.06513975241726991,-0.06521836592413381,-0.06600840171965261,-0.06692041023142206,-0.06766716232008013,-0.07043181032266771,-0.07302140818517772,-0.07667421900919828,-0.08083572322690565,-0.08101692916748085,-0.08336068046463915,-0.08562876916846127,-0.08985157743153323,-0.09493050948857672,-0.09962091655199334,-0.1022224364101699,-0.10767684095436202,-0.11715105277133583,-0.130144658812244,-0.1477302131299393,-0.14765442411010726,-0.14942032390948312,-0.13688160698024177,-0.13621213639621033,-0.12804325631653107,-0.13611169226536549,-0.14899656359390306,-0.13311615661137322,-0.14595412336056507,-0.16708215454949107,-0.1660812726534287,-0.13611525248037962,-0.10018533807071228,-0.06488659647518853,-0.026632808486191158,-0.027721019375552634,-0.08848086349132889,-0.1239108773340619,-0.12261403987563606,-0.09567025638879052,-0.03436980208270696,0.023945176502429152,0.04704025736972648,0.05164512847959213,0.05259232413248129,0.1275447929465184,0.14870272632988407,0.1702025649885399,0.147608516882646,0.1814753310250309,0.18935445940730047,0.19324147910708347,0.17841353640403831,0.12334772482328893,0.07889885306867378,0.05072864859299029,0.04516278860741899,-0.04243265074727163,-0.06219768921292869,-0.09044819398316077,-0.09079284482972487,-0.09157093006602267,-0.11401954769377827,-0.15878431265106696,-0.19634792415771513,-0.22809609422924226,-0.2065058643957007,-0.1979781417678782,-0.13169535033144916,-0.13023863437276914,-0.13139645736333802,-0.12036818722190451,-0.061525021620958936,-0.0058876197642150005,0.058928655636439876,0.07851316484924116,0.11288469446503777,0.09687441986850061,0.02551535356549477,-0.023437497628049083,-0.05715392950238385,0.04983439201999327,-0.08413979885227404,-0.08636436744560314,-0.11877412635233559,-0.14117397791704459,-0.1390784274280392,-0.12742470993804064,-0.14001215275451417,-0.12720725578279599,-0.12508902971833785,-0.12807153158144724,-0.12418755266397599,-0.10675678347325289,-0.1022573678263149,-0.10326323860593019,-0.08817770833487132,-0.09134716416298656,-0.08802986065737851,-0.08867112819893061,-0.09133537036424397,-0.07714443911459314,-0.05038918744992803,-0.03774590309829312,-0.046718811873706564,-0.059097990296269685,-0.062498319919714405,-0.05611891973632961,-0.008789495034886805,0.038245165306641835
stat_371,0.7216338616756123,0.19567843848305091,-0.4864212305797044,-0.4265678555599659,0.4139586592731651,0.3386244330514702,0.4117812304507866,0.4115066865503282,0.4111312170962568,0.4109686380896042,0.41088202765971255,0.41079052766782986,0.4109554633907685,0.4090167274939466,0.4059486363791111,0.40264360787656456,0.3983890574123343,0.3982221184263622,0.396059359399396,0.3938966637813175,0.39264853176226433,0.387813378393267,0.3821557264655838,0.3794771013029298,0.3803077274722946,0.37545396459015556,0.36591131492187473,0.3552831306776833,0.3501382404874805,0.33733425263138817,0.32990464757413174,0.32920362551352933,0.31769920199923307,0.31799243644653963,0.3142127098787127,0.32274290802619293,0.3602626740703913,0.38668310646154475,0.42899337787828445,0.4997409702225873,0.5116156075630747,0.46948661867034297,0.4065411246079024,0.38282189667565447,0.4163487672529152,0.4650611477448981,0.5066420738669007,0.48779686711300957,0.38983822391826856,0.30216015947277397,0.2821215118943281,0.27870554355381955,0.2792512505345186,0.35349007964322876,0.48441533901368955,0.5196023632867606,0.585972340352091,0.7164631486941166,0.8024542185076133,0.8209127845221386,0.8694117076350619,0.8501844984797166,0.7746141672245277,0.6868073950676281,0.6688796311819556,0.5209989232467331,0.3837955505391067,0.2662756223499336,0.25716175775480205,0.13397606301848122,0.030368761420925695,-0.04258324438861413,-0.12239268827745522,-0.17643438856341326,-0.22265647813798295,-0.2290513217867337,-0.2873719512539617,-0.3232270819088824,-0.36641176155740324,-0.3596890523212105,-0.33892176053628875,-0.3331350936129653,-0.28560197441342083,-0.2152143690367825,-0.170002853401868,-0.149635436004924,-0.13588161893649936,-0.11403116665923306,-0.08981187145410678,0.03743404981693469,-0.09626414896987513,-0.09668987018245545,-0.10279517630049412,-0.09395231123452104,-0.07781121038295893,-0.06757634869055543,-0.06046034981050382,-0.059216387681437874,-0.06347997452658538,-0.06690655971184332,-0.0628611752369693,-0.06125724195939599,-0.05072741325406488,-0.046599421214570856,-0.029715678836987336,-0.039400421867061754,-0.036415521490094555,-0.0360414285706811,-0.030432156796466034,-0.015463171180643442,-0.01771628292819791,-0.021771599776457234,-0.013054126888275345,0.003829103129420026,0.008900477353159271,0.02769209444948252,0.009663556051239095,0.024989171868350035
stat_373,-1.2584122545736778,-0.7279529447822797,-0.2562930433464855,-0.17071395043706628,-0.518255549076236,-0.48242234474508944,-0.5213210684114757,-0.5220144222764035,-0.522155410294474,-0.523482145530137,-0.5246730059188742,-0.5242027846874069,-0.5256001344196441,-0.5295257473853776,-0.5309998527336528,-0.534084249683382,-0.5386826465665107,-0.5390520884223418,-0.543303158425838,-0.5461867509300493,-0.5484863302087931,-0.5535651856028339,-0.5599500966092174,-0.5642178805025234,-0.5707597861616268,-0.5767925533836097,-0.5866993439803778,-0.5940323027892476,-0.6188061181599808,-0.6216108362033308,-0.6041192962826909,-0.6029677711900034,-0.6008022070645271,-0.615879116924356,-0.626482388696782,-0.6279830573539374,-0.5887553934578126,-0.5236083779883043,-0.4990442497101922,-0.5353450087567816,-0.514499039777961,-0.5211332238094085,-0.5125142341749501,-0.4911546522117242,-0.4976413277511171,-0.509171178398483,-0.5053978828687061,-0.48925920995213035,-0.4844192039746155,-0.4755679411316338,-0.49974094174085343,-0.46413481847263005,-0.45840048556563556,-0.40844132982344744,-0.4340679403760056,-0.46873353250585903,-0.4945748573349953,-0.4841017426970589,-0.5231701326315398,-0.5369799800040395,-0.5249880765218777,-0.5049795946735387,-0.4926850036821893,-0.4982115753353036,-0.49832217064286716,-0.5551829187918573,-0.5539816798957038,-0.5432111054473726,-0.5453959635425791,-0.5504373410593313,-0.5460439658750116,-0.5290687739180443,-0.4878296922513276,-0.5034425558396838,-0.5270940706530465,-0.5355853587531573,-0.523880323038865,-0.486036829214429,-0.46279529328338836,-0.383329291031689,-0.34477758116768553,-0.29246143509987854,-0.23590019474312707,-0.23421967677225702,-0.2624809464831033,-0.23467293780509307,-0.19623915627312374,-0.18603089157017966,-0.193921466066143,-0.35518278284045923,-0.18625983041395452,-0.18764076902547427,-0.23920257066671066,-0.26573297551726016,-0.2339161157682831,-0.22192256074688607,-0.21339692548704253,-0.2207864649586484,-0.21526194785144465,-0.21349511799720108,-0.25336555826181195,-0.2931028958736949,-0.3047712693320482,-0.3039418781576156,-0.30031710544031015,-0.30602483500565864,-0.31527598557853814,-0.3160935192881741,-0.29969038671503045,-0.30197254147639585,-0.3037942188323774,-0.3031790737720806,-0.29546620042688204,-0.28595371757394644,-0.2850641544929162,-0.30443859153297587,-0.306709035881778,-0.31246845060791917
stat_374,-0.9261608364230157,-0.39075801477280214,0.19291594539771434,0.22375853530505488,-0.4276993477051143,-0.28035248594214085,-0.4339416687934834,-0.43517424114860054,-0.4355458389978531,-0.43614819782004893,-0.43815222574942186,-0.44100828873245407,-0.4432327629360246,-0.44301526987902373,-0.44838602065490807,-0.45259440232002984,-0.4615565102877678,-0.46213874398250493,-0.4719327661865448,-0.48100215084581344,-0.48602133772559336,-0.4975422585770276,-0.5080842124929565,-0.5124524673137996,-0.517359383507615,-0.5262083109996757,-0.5469326644672279,-0.5598587568702182,-0.5895667413036912,-0.6218664858818895,-0.639810347101596,-0.6405481466572411,-0.6596338943789656,-0.6631955337748062,-0.6700288578864992,-0.6739747827702934,-0.6778333540555465,-0.6366047264115724,-0.5901140808841793,-0.6241188567422271,-0.6449804958852774,-0.6272571690360358,-0.6314617626774783,-0.597743925327963,-0.5677155105234662,-0.5147199189282066,-0.4838186239888038,-0.4527800170529387,-0.3840370463160812,-0.37909901150025493,-0.2978375217093981,-0.24571333102851184,-0.24721139326495128,-0.2830741006049985,-0.3434077088662771,-0.33514446700940476,-0.28211418095693785,-0.19087008897957755,-0.11651527141051769,-0.10387575820383779,-0.07928287679937417,-0.08714840139712335,-0.12144864076152345,-0.15344553405789346,-0.15719538403893427,-0.19045690871017482,-0.24368341728514367,-0.24391809782711443,-0.2438922859537106,-0.26588662178794503,-0.27292462487895863,-0.30076210322028957,-0.3247364612488957,-0.35001901746839337,-0.36979922132833143,-0.3678115274480367,-0.36193088346560626,-0.3193385494447596,-0.24900559225057428,-0.19438952375934002,-0.24181454821010048,-0.19977168572847412,-0.1378898181298312,-0.08515989314746093,-0.11551772610851052,-0.17894769038119024,-0.183711880876111,-0.13655808325602845,-0.11135219046414929,-0.07768264897402123,-0.0554724140829165,-0.05547373176542679,-0.046442033478862145,-0.03269444706117185,-0.03873285333561703,0.008678570445022184,0.028090662366359195,0.014446178378296076,0.015372387175412443,0.030259746362180113,0.0423402188860718,0.056058915313191994,0.057396939092379765,0.06096785548303559,0.10095345095953005,0.11351698076563126,0.14771467327859547,0.15016953130962526,0.1678808723929833,0.09762181535027793,0.04077006926485379,0.03767504538491558,0.03678712136815758,0.026701926435307378,0.02406627253008727,-0.004120370948059272,-0.019376968613434065,-0.04924956479325299
stat_376,0.32689033759118646,0.5862322037716199,0.6354256612503638,0.7326444947538401,-0.17372080234287837,0.21095425681500976,-0.17445705458994534,-0.17386178814020062,-0.17254453730001937,-0.17172038857661437,-0.1740056140664986,-0.17485780752738042,-0.1807933357703412,-0.17914817557277224,-0.177614590196722,-0.18246123420752905,-0.17952365094686648,-0.17980523756131805,-0.17813893757582552,-0.1823798270674672,-0.18917883895708285,-0.19458565690059398,-0.19851970593994098,-0.19485412401326357,-0.19968234590765188,-0.20384594400493117,-0.20239706103063157,-0.2039927303874592,-0.22573161889485988,-0.21901646093235658,-0.23242502512478883,-0.23283094932046589,-0.243022728614734,-0.2554791569720987,-0.24465166437183372,-0.2449214653952914,-0.26462941609120577,-0.27573009577854657,-0.2882385438455031,-0.28400118008758524,-0.3120841909070377,-0.3334685557913548,-0.37293784960067866,-0.2886279328267701,-0.19264266423411142,-0.12585460069048818,-0.025386448077180428,-0.00038126582316204926,0.00504827069435689,0.015150011445769917,-0.029539797224630657,0.001658615989956297,0.004883382738146368,0.002182126184930956,-0.10712730217206286,-0.1933065001203407,-0.23450860246596847,-0.20740739116261883,-0.2483960621870347,-0.2853126233749742,-0.27137261520418615,-0.21529351867586982,-0.28646578214040874,-0.2977037771330805,-0.29426774752388907,-0.23047697527401206,-0.11322832304275852,-0.13282479910637715,-0.13025534094429045,-0.10344410290551069,-0.015430954061018022,0.0675019538818295,0.12618554540374077,0.13247587379956707,0.24416859373705987,0.25897047058751316,0.4530219147123405,0.649694009699035,0.7788923336366481,0.9998234849424953,1.2142436754920287,1.276710883712282,1.3443837114219794,1.3191403852797308,1.3989392893538901,1.4192681451266098,1.3679481726953397,1.2874345568206536,1.184658538515793,0.7095158947073148,1.064328393055549,1.0550861366487758,0.9333048732042748,0.8637420586145759,0.8228254088079745,0.7965788937227394,0.7814281114572545,0.7740611529854607,0.7770239994273229,0.7757610498454062,0.761715523134532,0.7316624007414179,0.7023753284625835,0.6995608716531414,0.6820548541184261,0.6784678578922321,0.6403474375408612,0.6384796009114979,0.6080020136977534,0.5957826713496177,0.6059011219049452,0.6431963074537327,0.6930337633605328,0.6902485345660601,0.685717146599173,0.6513388124454614,0.630922420388203,0.6712308240135475
stat_378,0.5118681907164191,0.19878031889861025,-0.47161943529339995,-0.31714360759753274,0.3646360881095291,0.3551228757103503,0.3653493836550275,0.3636204190160292,0.3632291058719099,0.36430293818590365,0.3661744529567697,0.3673979297709782,0.36663630918010476,0.36505980696883805,0.36759911209124363,0.36454904095420354,0.3628773585217587,0.3630644710101557,0.36471314102999197,0.3659281344635813,0.3663819363829315,0.3656470716024378,0.36182931859029815,0.35569922330252,0.3542984358607749,0.33544791506190286,0.32843527776611,0.3243291843000158,0.30638568612791295,0.3057062612438604,0.323954230694034,0.32526531516922175,0.3374308130050155,0.3227002998648622,0.3262019644085568,0.3235371444618094,0.3302103921701441,0.3261017847978564,0.32076007465236567,0.34111358487944893,0.3981075339150151,0.3794369451594548,0.3307987553784818,0.2913437733174921,0.27942124407954017,0.2527600454264177,0.2725062356826426,0.32867646076368573,0.35385254015883966,0.37711715470944324,0.41052806530030567,0.42667495877606343,0.428501469209904,0.4541316288163538,0.449323046135875,0.4297621425356895,0.382409001053496,0.33512759620593613,0.3444297728414566,0.3473537392153169,0.36392145428486267,0.41372690248634497,0.4495718473822324,0.4725829406514639,0.4723330346697905,0.4580132202157105,0.4748915805434341,0.4828961468812426,0.4845823740964503,0.5106079537294415,0.5467445443471042,0.5680507251065482,0.5649913250405864,0.6029852729719947,0.5961956890200107,0.5881815577661387,0.49006718065323773,0.4081136584132779,0.37071808207025336,0.2864331089603532,0.1640381930539294,0.05893648632342507,-0.02152539846744108,-0.048625600448679335,0.011711767289649821,0.019918058657990963,0.010221515906909602,-0.016735461407140936,0.010116394785922057,0.379237316582519,0.08007962981230705,0.08553651965975925,0.13473246366770655,0.20858432523858902,0.2910291120806843,0.3869420362275253,0.4424996929261724,0.4650368377937764,0.47567328075972204,0.47028019068311183,0.4600124446256772,0.43860616927429863,0.438617634929822,0.43832224491967037,0.40405248904331303,0.3849866051885002,0.3513369553651555,0.34960306849129097,0.3624633742746281,0.3390162952081642,0.3542592194926467,0.338464842012931,0.342120102423036,0.3691929423826485,0.36852408540908627,0.3496245163849974,0.37294885838660063,0.3974585662218521
stat_380,0.9789672893059708,0.440482930891915,-0.156973394554878,-0.12386201245631288,0.5608963999578815,0.13373802570647092,0.5687160510911691,0.5695756478782144,0.5695819089247021,0.570541698619366,0.5763742548057619,0.5801672360233152,0.5912834192176082,0.5914447172712007,0.586899122119741,0.5858201690345215,0.6071788458790952,0.6089289710810438,0.6200263798899349,0.6301529706984871,0.6331968634529712,0.6525221295144518,0.6445395975740512,0.6452227395018539,0.6835078526384503,0.7025025316551059,0.7527320211316395,0.8384358632613776,0.8991834580305332,0.9770615268781275,1.0739654106891428,1.0778026838139425,1.1361283136551845,1.1427947670965664,1.0986857753937156,1.0493880100446442,0.9988217639620316,0.9538125691489492,0.9385969613914259,0.9305056965627313,0.8529991419572442,0.8058610553607293,0.7936153978985705,0.8329549066083158,0.8688213565567692,0.8032180242057332,0.7507932022356381,0.7605468186902787,0.6952359458718329,0.5857242646329477,0.41050438316123933,0.3046534038330852,0.2977241367095849,0.18647969519473206,0.10220618255422781,0.051393023160393646,-0.01863913471914715,-0.09650767512236381,-0.15454314278499265,-0.17739280561972115,-0.20404791198675157,-0.1852261574097126,-0.15878197647084655,-0.10585023121090356,-0.10139434376436297,-0.09552429840862897,-0.0532443391682252,-0.023252440348254164,-0.022911032390477995,-0.06343895771077619,-0.10975498853242763,-0.15882487217691268,-0.12044684295131114,-0.1391927591773165,-0.16826227647547254,-0.1714701702711894,-0.21172724932388068,-0.20874134127446115,-0.1728325065318645,-0.16322611778997306,-0.14879252196732526,-0.1326467551591866,-0.11945113874695804,-0.10729944205436635,-0.10085530589776481,-0.11275954811856784,-0.11450869271776286,-0.13389372136426417,-0.13456728489746766,-0.0668108197843137,-0.12035752360469701,-0.11625299644425299,-0.08989667647815643,-0.07255569006513436,-0.03961648412257708,-0.03551576289898509,-0.020885808705874635,-0.032990409668353184,-0.039086182514758414,-0.05842548644359523,-0.07885700158330378,-0.09192709089472538,-0.088747041014707,-0.09044676246540531,-0.08937662501279521,-0.07899339419824265,-0.06543311331797239,-0.06486881515519931,-0.052454219354124795,-0.0370036014681397,-0.032463052246683125,-0.017924429247733183,-0.03152482294598406,-0.051996499147670586,-0.054170465393420485,-0.06551597895690112,-0.07424780030836611,-0.06849800214276622
stat_381,-0.8279178380725342,-0.5851146584276196,-0.08116024374323706,-0.17756729072927882,-0.271986932403649,0.011522797690169645,-0.2765920882628,-0.2772489344442928,-0.27791559331109517,-0.2796478255316421,-0.2803935829798544,-0.28356329572077266,-0.28466795505505854,-0.28707559766886587,-0.2861564953723103,-0.28627199249309687,-0.2891826811197606,-0.2893525944819434,-0.29546899666483506,-0.29945995903286177,-0.3020074962641307,-0.30678532872925407,-0.3086659811135916,-0.3115432302291116,-0.31781272815226147,-0.3202324969851888,-0.3275658784415587,-0.3438769267800801,-0.3447593418737451,-0.3501905765139439,-0.38939909918650323,-0.39099697232591973,-0.40389859844117354,-0.4069514072835479,-0.3983232532326746,-0.42744333362919096,-0.4233073631926588,-0.44458693342551686,-0.45760417017511784,-0.47070609662383966,-0.4730391285802096,-0.496299702132736,-0.50474994196497,-0.5033913727858946,-0.5401169112514173,-0.5635080000899086,-0.5891276715387987,-0.5983469493253127,-0.5545584618839403,-0.5034269022585622,-0.44640219009105847,-0.4040689382778207,-0.40105421522563117,-0.39866706584961226,-0.3957315138637752,-0.37179339706194925,-0.3109938974110285,-0.2485543930130888,-0.24244916283865087,-0.2331360561761884,-0.15715126940552002,-0.11724010241906846,-0.11141330848764715,-0.08805398894750763,-0.08366510343766888,-0.03940612287167956,-0.06253493456442126,-0.010421971613791804,-0.0056693069119435075,0.02555034215796627,0.012224847238470829,0.013447095070076673,-0.009981271764632439,-0.022843250864181076,0.050568859553397995,0.05886806632534151,0.04247645076850459,0.0004237749411913918,-0.025565502286127046,-0.007308307727073266,-0.003033099498717284,0.05022254204497299,0.14751123744441605,0.2750907670327403,0.36754870535224454,0.5051704983170956,0.5582086323469073,0.5896164787673324,0.6274072238612056,0.2543405379552846,0.5518237361689818,0.5479198874260217,0.5256951470452039,0.5015380487717376,0.45271186563923177,0.3924929883212971,0.365599993218245,0.3651253716869236,0.3687375236063446,0.39506816432610037,0.3825503096086294,0.3677036154479586,0.34899260005218435,0.3440954846355907,0.31290886538303775,0.30196930905575375,0.27479962136882236,0.27324839491841363,0.2560807249381248,0.25128747554714953,0.2554363104943294,0.2630056526874845,0.29941765934474623,0.25639841673101277,0.24585117942702822,0.2671554319738044,0.23512294808249368,0.21385843341901958
stat_383,1.0657632898068412,0.484880777043795,-0.22233181408191724,-0.14663449109094362,0.5975009525389721,0.1671835970014642,0.6114837927635686,0.6125026459547884,0.6128884839048357,0.6160454729513243,0.6154108192027923,0.621763430222934,0.6334060918539645,0.6342386316966314,0.6576069093308221,0.6753268838777298,0.6848971529905904,0.6853313334456971,0.6851893907147698,0.6837421776325517,0.70827818426642,0.7441159093964776,0.768719687560106,0.8078110883920732,0.8218160909270702,0.8489071201109856,0.8809656601032072,0.8926454700726569,0.9113666878275357,0.9303366916969003,0.9890806548614236,0.994465906146392,1.072332694967819,1.1552508624680646,1.2113952582184948,1.2946241264250933,1.248292349450623,1.0744018176009689,0.881709554252987,0.7520002434299944,0.641209064663372,0.4659969164515076,0.3459659908422223,0.29517300830302357,0.25078401338948214,0.1629538729794947,0.11273779695060052,0.04887063787313998,0.037908391488172655,-0.001563904814482956,-0.09378535649542943,-0.18159797620390028,-0.18876369899760467,-0.27196704400960237,-0.28801374268012664,-0.24451674601891238,-0.22579188992068966,-0.21866621490923252,-0.21433618958766906,-0.2259658316490651,-0.22034894613749545,-0.14401953667089956,-0.07436280687917712,-0.06546609652207569,-0.06296464281511836,-0.06017037744958661,-0.03446228161946297,0.017570520449709033,0.017047878643432123,0.006079297342326712,-0.03596080802964982,-0.026560413607001718,0.012768235464909251,0.04697081188541167,0.02716271259519538,0.022885089037824782,-0.044104648751570795,-0.06398225904227059,-0.04002557978976899,-0.02599875018723605,-0.08952578991503052,-0.12960074286683118,-0.17779724163683408,-0.23820600828824154,-0.26667820381106505,-0.2947466295456423,-0.3148072043688731,-0.3244488545400426,-0.29407134507085403,-0.1029662303588553,-0.2790243054917796,-0.27645761835015764,-0.23237904345947732,-0.19872625104213948,-0.15856838324594383,-0.10456085625386743,-0.04240277723208991,-0.02897955283042387,-0.032471137741775825,-0.027905304946204346,-0.0515522027352018,-0.09290172873239651,-0.10776334122703321,-0.10817040918197207,-0.07590067557694913,-0.057222796808675445,-0.042775362555357514,-0.04310552058205413,-0.046550261670058705,-0.050563346372576645,-0.056257061036646495,-0.05644537371245072,-0.0649353370864394,-0.08109254045238527,-0.08327653005889128,-0.09675593759994944,-0.10378986591649512,-0.10011976589279814
stat_43,-0.9764719874685228,-0.27405776044657765,0.30395521378927026,0.41242301989915,-0.6500166861095834,-0.36724050391244506,-0.6547049318561842,-0.6552264322049006,-0.655883231081929,-0.6564439231531874,-0.6568696449332869,-0.6578524354893055,-0.6621137220765649,-0.6639304715080585,-0.6636040145930237,-0.6644906068654737,-0.6640258578887119,-0.6639747398191571,-0.6650289856327347,-0.670258775757233,-0.6751851930213882,-0.6837776652223053,-0.6903124298780238,-0.6927162281487507,-0.7003454080942705,-0.7098660435678794,-0.7178994361607796,-0.725137511065991,-0.7363345262983498,-0.7466583052851852,-0.7550905890360868,-0.7566420347932276,-0.767665545775192,-0.7860071620957065,-0.8044022962455252,-0.8064346316714623,-0.7945628895702314,-0.842097368109328,-0.8979857743862522,-0.9374014068950138,-0.9517098377306339,-0.9210311553271766,-0.8847365516497808,-0.8724626875595711,-0.8251037902961444,-0.7264541342097994,-0.6520638561296935,-0.6171524164642771,-0.6363059235347834,-0.6695868712241939,-0.7350604601159961,-0.737370685657628,-0.7369652318540403,-0.7715181478980612,-0.7295829821626472,-0.6524804001085492,-0.5388893709639634,-0.4502218447775822,-0.4125429438410131,-0.4055610396766903,-0.3913276588328271,-0.36017358257302834,-0.26653959130743254,-0.2571112546516474,-0.2594626617538126,-0.24235902143109112,-0.1679598991871649,-0.10041991528885198,-0.09707121495166146,-0.07138317470365825,-0.12310038578497291,-0.13993343673667702,-0.11070797057049737,-0.048926275235474985,-0.02488230176666751,-0.024725544612236784,-0.07033926000157421,-0.14241417161852715,-0.17812822712191476,-0.1931312150752081,-0.16987345065090445,-0.12965438898284273,-0.09467255907838111,-0.10953425610677481,-0.14374109973844618,-0.18215175463786906,-0.20824393565323965,-0.25544838753416366,-0.2506258807162289,-0.15994115828243147,-0.21754008652196427,-0.21606316201308,-0.19368162425625865,-0.1851602609624875,-0.1325008841490682,-0.14626109039106688,-0.16735812956499604,-0.16455256662316112,-0.16182702105782937,-0.14891653185700207,-0.14891445579873558,-0.15315806077185715,-0.132406753562796,-0.12791906032587227,-0.12962623313884367,-0.14482566178539463,-0.16817951598077896,-0.17019326953737074,-0.1836580548717565,-0.19089826391902867,-0.20667382046185057,-0.21002777094782332,-0.20226685910786077,-0.18764509923930764,-0.1852190836970452,-0.16146160717724153,-0.14286639391753644,-0.1470687120634848
stat_46,0.42524919574397646,-0.03002647728970478,-0.4817588462851939,-0.3909523349084504,0.48973331201435,0.098752110185306,0.49579495113334754,0.4975885715451377,0.5005460149423488,0.502653204139673,0.5066925514417684,0.5101963922970965,0.5109617701087134,0.5157716065797894,0.5249258106383762,0.530656943277858,0.5488149567918039,0.5506303193866658,0.5617207784903657,0.5605629215602773,0.5716684687262019,0.5783525076905539,0.5806583421527035,0.5932243445383696,0.6135275510652326,0.6598633592014338,0.7212467212494734,0.7827303626528337,0.8536184886609787,0.911882824236897,0.9288556071526504,0.927827366620839,0.9009460140899487,0.8532982002289139,0.803822034881852,0.7303094953672029,0.6655944359252243,0.6485588341777229,0.644883774789104,0.584538201662357,0.5044608240647567,0.48833101857834915,0.4814432134978834,0.47214485568107467,0.48322452453746073,0.4729776688537014,0.37841771504900057,0.26615784711712287,0.1625038843543154,0.11468035334435832,0.11486486650303773,0.11524668666589523,0.11528911112367259,0.07283991694441246,0.016948067018849718,-0.02806896065809851,-0.08415782997392288,-0.12173915938147438,-0.1372185809260813,-0.1396365477955054,-0.12822271039330857,-0.12962318825585376,-0.09779219062307201,-0.06758058265862399,-0.06507310996577348,-0.056335036141355876,-0.07619365721833048,-0.07863553377646461,-0.0787855590163767,-0.0710932809553137,-0.07206141441353459,-0.1138105363754847,-0.17429652679665772,-0.22000113534262228,-0.24159377253932765,-0.24299436210888656,-0.23795960340623398,-0.22861333491414015,-0.23740079430083952,-0.2534072304467418,-0.2770486023517371,-0.2992614802174062,-0.3177336602112975,-0.3135043682862158,-0.3292413193424399,-0.33354522874304415,-0.33909069018752847,-0.3311001017450905,-0.3081535827182411,-0.1544219571256601,-0.28302288573638623,-0.28093203132665706,-0.25026144901131203,-0.22592373583104577,-0.20036888402208192,-0.18216518863179063,-0.1604896144213417,-0.13734730782987456,-0.13125314973901664,-0.10770718922735667,-0.09676162424953567,-0.09187716073520323,-0.09682939250367588,-0.09895499808356954,-0.12100500112890904,-0.1358427589729125,-0.14586105995074375,-0.14646454120495375,-0.15647650161956747,-0.16199612360196156,-0.1581010320647671,-0.15224596915706537,-0.14695136263913358,-0.1553141604865075,-0.15662601656941816,-0.15991705584416835,-0.1534761958253006,-0.1547855511199171
stat_48,0.5655167017318553,0.38685052783445284,0.0038851636630196627,0.12072472516321903,0.23158264079443008,0.20448951482742203,0.22838341380626234,0.22801770436611263,0.22696195327040256,0.22544741899233428,0.22363510024797026,0.22160872028288472,0.21798372698019308,0.21643243985656838,0.21785517419644926,0.2192596001921617,0.2183687628314455,0.2182226793971283,0.2187803039275518,0.21635472623737279,0.21183285447584976,0.20782127617089738,0.2028827989211816,0.20416326680611338,0.19372355483670334,0.18339535510286556,0.19269028487807988,0.20308987863079728,0.1990141666054379,0.20251290099301128,0.19521579272296463,0.19653016557325367,0.21924308569282802,0.23468822861995597,0.2572504467905385,0.27631483158937276,0.2751851157823792,0.2600585466270894,0.2576066014749493,0.27008957917855164,0.2715792056032083,0.2651181793512498,0.23358903621800683,0.22691005979801168,0.26415991136947603,0.3345768106395387,0.29083384213302443,0.18950968065802717,0.21144523089335107,0.2762518475254062,0.371081398426364,0.4548976915782826,0.45928806117866683,0.4894709815152322,0.4923229241367776,0.4655639166202991,0.3677123026739291,0.32867438512325914,0.3195268024000578,0.3151891300525038,0.2991030649372485,0.2694585385537995,0.18177265981522361,0.17092273197412483,0.16689821757823123,0.15224685598221832,0.13913839102878486,0.16980865116830102,0.17353831022673785,0.23264863747984846,0.2651707176333401,0.2658780525839219,0.20170791365836754,0.13722967185244986,0.11850239772893112,0.12153288137050548,0.12940100283004624,0.1662278725433331,0.12696473919060802,0.07788603941432601,0.045923343684392305,0.017434692976431857,0.03661395329563705,0.09927860226719255,0.09533415014471534,0.06420425698902309,0.04886507705227759,0.07117840198796972,0.05959521774424976,0.2122013981920322,0.07602792668110162,0.07862945492583424,0.10494341968163348,0.11509693223748493,0.10421248954445128,0.11665583196565338,0.10870722255689985,0.11316538877543891,0.10951736382667486,0.08630996418356235,0.07614423415625333,0.07265966109669232,0.08827262714874508,0.09182850989910153,0.09959665883999537,0.10702839821179008,0.10661059791587663,0.10460349694318725,0.07578609254914975,0.09151490992964509,0.10351796221338937,0.08500451856300865,0.09091901742093803,0.09899478759151359,0.09843516502364899,0.136240042655368,0.1603361788894971,0.176402979954844
stat_49,0.3839547996205928,0.19565309405764728,-0.12919430368713394,-0.04676442667240536,0.1516174703190456,0.16892295960901707,0.1522530505936835,0.1520858936639604,0.15110185305891982,0.1525100806546695,0.1523293557642421,0.15104058047367888,0.15121801367191767,0.1503937198827902,0.1460080058524818,0.1471479325267833,0.14547604611493917,0.14532921949628247,0.14291900045156763,0.14344106441404558,0.14579388123949036,0.1396727710071957,0.1454161593068346,0.14451317128848257,0.14688505393414972,0.15983476923184706,0.1493008884025706,0.1555859727171651,0.17392621041001816,0.17979580584970223,0.17191883671765001,0.17170952866434533,0.17748181344017613,0.22965654559233295,0.25519110913520443,0.2690195926104764,0.25006747438013216,0.23049992036004147,0.24311607093396995,0.23509682311769176,0.28531397710177947,0.27199440870913094,0.2796511906386051,0.2565947360403347,0.1759759203159679,0.16829195561087873,0.18188414240650513,0.27479702365023223,0.3323225177863179,0.2873449982149443,0.25393573844403666,0.232113677170141,0.23152266077150627,0.224767299843576,0.20905750441968274,0.18645100254574154,0.203438508803479,0.18984606571921758,0.15266600552180756,0.1602639432974796,0.2025244919407266,0.22107981400866275,0.27582256528730587,0.2956951248462388,0.29207687441638197,0.28999500315979815,0.3554719988218306,0.34974349671262484,0.34781390054720085,0.3297378513899552,0.3044514549937809,0.24552354159597015,0.24245863857721472,0.1997704570588569,0.20801970437780543,0.21067042923842555,0.18915680561094259,0.13333733084827282,0.0903108497040395,0.05383791101912641,-0.014080470532682831,0.002796883809466649,0.0019203006231992834,0.013013954688293888,0.010197689476252254,-0.0005342329759264806,0.015507522160804258,0.04700947321066498,0.05740034450052262,0.2919301807319629,0.053841803433272994,0.05317697913988151,0.050030324210550606,0.05044868546769696,0.05068831840962894,0.038084955618277266,0.00890900497460078,0.010167792766467251,0.018337229208412447,0.05157495124600456,0.06619580737782817,0.06582587424519806,0.07763941328402647,0.07631281697589463,0.07651551600505357,0.10392274441812642,0.12056585493447497,0.12251703874602733,0.1481264985559426,0.1384731007852294,0.13925660349165342,0.13885936035628718,0.20994175980096724,0.2570617923236946,0.2635473065398894,0.2780763717146441,0.24902296136802943,0.27963548555370243
stat_5,-1.1275141829710245,-0.5098514759871465,0.06503100167547822,0.18421882436811882,-0.5242490734361143,-0.45553654373334207,-0.5264716060612841,-0.52760380965687,-0.5279343968197394,-0.5291547842487495,-0.5316550737607149,-0.5336734237726609,-0.5365068904247554,-0.5369500564722529,-0.5337394459761745,-0.5344734262523988,-0.5381823568687351,-0.5384561152254509,-0.5436301733483635,-0.5443401284533862,-0.5446113914235036,-0.5467774781529008,-0.5513454981382466,-0.5507564307183945,-0.5503995995246621,-0.5548260905130912,-0.5545361201361065,-0.5463948621899439,-0.5451426108052536,-0.5329925585460211,-0.5146456626653454,-0.514534728143942,-0.500495786614629,-0.4791540322483717,-0.44239191810320355,-0.43762573915996517,-0.4355201531699883,-0.39505783040708836,-0.3526160212863008,-0.3513968032401193,-0.4262147916799219,-0.42129284030969516,-0.3498463073796289,-0.2914368753803011,-0.31965411721194875,-0.3779530909315942,-0.40146102777261694,-0.3835069495218535,-0.4619495203668166,-0.5580093584268347,-0.601426813487459,-0.6088666400365151,-0.6098731117858273,-0.603660235947829,-0.5505080253453125,-0.5688420095457336,-0.5829770776787709,-0.5608035232571271,-0.5518433489960953,-0.5478619324711053,-0.5395020962000913,-0.5436435779748688,-0.56659816464553,-0.6186614049038508,-0.6236599721464765,-0.6255920165660395,-0.6175427707392364,-0.618375173758365,-0.6195489704610887,-0.6301504399356194,-0.6546134567052267,-0.6599188449872495,-0.625951486219852,-0.5902072883829134,-0.5274467028488905,-0.5161433667660167,-0.44849742673803755,-0.4669290394901318,-0.4369934197573609,-0.36945458042579704,-0.3030034108629987,-0.289641752628101,-0.30506837745322823,-0.31238746629635966,-0.30683982159717493,-0.2831983930043553,-0.22226981609661506,-0.14419182881076212,-0.13166356704650778,-0.10397562428259988,-0.13560371380571667,-0.1329352064463951,-0.07956527148956623,-0.05131274985030074,-0.03859717879372051,-0.04321421233073028,-0.10004360025121459,-0.15322388159531522,-0.17313679105118016,-0.23814390563942753,-0.2377666905067767,-0.24578966255093534,-0.2693562251316316,-0.2683799592760056,-0.25723088552755224,-0.21403265368205454,-0.17001278190383132,-0.16426592855434763,-0.1245319763385019,-0.08067866399285019,-0.10830791254695352,-0.11563244243581187,-0.07521614737683209,-0.04928258647125738,-0.05161615592106872,-0.06348464012004677,-0.08489926077210176,-0.10177046541679244
stat_51,-0.926386615745308,-0.3852040847727073,0.11888817255234073,0.1894427406043932,-0.45734469121139915,-0.42342904433793666,-0.42511432527792103,-0.43180159654380706,-0.43478613125596594,-0.4317315725913742,-0.449844623903962,-0.4676083947414023,-0.471797566637049,-0.46839456016123604,-0.45513384145309516,-0.43459540985167056,-0.4123069454775613,-0.41296774702257016,-0.4274354482828072,-0.42956685589991456,-0.407433666362906,-0.4384738598680534,-0.4739727230999293,-0.490970769682168,-0.5054087672291299,-0.5165332322720979,-0.5286449463647487,-0.5468734760367888,-0.5656531499925044,-0.562870499695704,-0.5414144545133609,-0.5426649385976725,-0.5074436931233246,-0.47342966587585966,-0.4588777742891314,-0.46461388674982684,-0.4167262862083088,-0.37269937739093406,-0.48142355180268265,-0.46292954784618207,-0.34326140826928614,-0.2771131721237889,-0.2062351631992974,-0.16660208343740857,-0.21389542452530028,-0.31246562433618597,-0.34751217729968414,-0.34835541918478036,-0.3692600854286056,-0.4069130108721451,-0.4264967317168037,-0.5037938565954302,-0.5084245190210757,-0.5148907011896555,-0.514389842135847,-0.545527493116909,-0.5945132718462027,-0.5576890734203074,-0.5590026756966412,-0.5495824779838152,-0.5620188651342629,-0.5584108257853693,-0.5972098455011602,-0.5483793497200805,-0.543130048733615,-0.5019516153628544,-0.4901421877466701,-0.5334965213276457,-0.5395224803650607,-0.5678313352757635,-0.5893591017880536,-0.4963360115799406,-0.470644649629438,-0.45582647989906405,-0.47634053819043204,-0.49179955032775624,-0.586933826388297,-0.5238399633390288,-0.46728982819833703,-0.5169081596873447,-0.5452941798697546,-0.6076077172071147,-0.5888039641846293,-0.6564621806370087,-0.68611379192657,-0.6636106123874783,-0.658327780502938,-0.6272582936228152,-0.5616882596079321,-0.566444824963335,-0.5502539415709169,-0.5553133781762539,-0.5490654762610322,-0.6035303874779353,-0.6303772153535628,-0.6344936707168202,-0.6225575589140573,-0.5774911151725285,-0.5588569986970072,-0.4962752344964887,-0.48797177775510314,-0.5104180771464089,-0.4950154055759474,-0.49570494241111945,-0.47729313015235075,-0.5514266068634327,-0.5406842917560489,-0.5368139641123618,-0.5027303168668626,-0.5113252507479428,-0.49911203635917817,-0.5223401905213019,-0.5236791653273952,-0.5593577453546844,-0.5644853294749947,-0.5621352282655145,-0.5678920097265511,-0.566421627265816
stat_53,-0.5577238486921624,-0.5372202732263397,-0.3166870996919825,-0.3677726109228697,-0.07720264722917553,-0.11130852533218968,-0.08082109904051236,-0.08086161654058738,-0.08072478744259481,-0.0803073613180517,-0.07954103641006664,-0.079272201201568,-0.08027429532839733,-0.08181370234262214,-0.08615065695618637,-0.08988668852684563,-0.09555995737198711,-0.09581778219240016,-0.09870240981474562,-0.099857985383765,-0.10279651254205786,-0.10683693384418375,-0.10909640223172702,-0.10778249205206361,-0.11200662056546107,-0.12168447922042094,-0.13116089070912373,-0.13396547025021519,-0.13161218755793888,-0.1305902852689879,-0.12137443218828114,-0.12061718484495061,-0.11428852770290741,-0.12907259939642682,-0.11919455877602765,-0.08891138155779596,-0.0951562802498973,-0.10588690481646705,-0.09553015763017156,-0.09977618762809055,-0.12434901123689795,-0.127904921163468,-0.1315267366136,-0.11681940588567025,-0.11385401237043413,-0.08749391653640748,-0.03173076504294121,0.01828856982655132,0.0199297994334783,0.009008710308283964,0.01932959176861005,0.005530026132484318,0.003945098495057793,-0.047012773762447876,-0.08147360536996572,-0.06479195948552278,-0.030834906965910246,-0.03584411281344269,-0.054560957317724465,-0.053660433221092076,-0.03018767049828515,-0.020152096206172,-0.03475457622621854,-0.04102581069012398,-0.04015784725533208,-0.04573801035134303,-0.0770110109215854,-0.10995917751294601,-0.11105428764227415,-0.12205020627462701,-0.08048571838138298,-0.05809071089187402,-0.07002936971921449,-0.07426319849182308,-0.0931743952846996,-0.09909861526006003,-0.15811075674241923,-0.21527484673517205,-0.26257618615784867,-0.32703395248990247,-0.40567849475049506,-0.4992559479243737,-0.5936050550493587,-0.6595990501756513,-0.6899354216388948,-0.66784274598309,-0.6303834556344529,-0.5834828868827018,-0.5301676784583459,-0.23759978480017993,-0.4869175806542328,-0.48462831716657134,-0.44149072710410975,-0.4228598503474539,-0.42054469049259,-0.4228407186612405,-0.4372722511954607,-0.42447781235524207,-0.4170871148832733,-0.39045064459224516,-0.36515317488181953,-0.3410673142146295,-0.3033147621705131,-0.2982823911152256,-0.2676222920960393,-0.23300840851390664,-0.20471340518091022,-0.2028455167152575,-0.18625677378934952,-0.16557300906236924,-0.1496601551638978,-0.14293314637485763,-0.1477989870803186,-0.1685850085952097,-0.17143454690548743,-0.19393673233518072,-0.21385540624979907,-0.22643462947518045
stat_55,1.4316634564357715,0.6104687015733079,-0.01174063863461208,-0.1586714224712954,0.744650171456234,0.3711467212443246,0.7452386293523627,0.7445459599106342,0.74342992300654,0.7427739045067062,0.7419374843268932,0.7418601784161281,0.7408136947199949,0.7385362289983995,0.7422241192637388,0.744862326589539,0.7459306432961684,0.7456390550565765,0.7464560863045484,0.745269603519856,0.7377898462746543,0.7447975821645978,0.7505312179295913,0.7583148350224858,0.768108548841658,0.7662079205090015,0.8041121616558652,0.8582708921526265,0.9048600840528521,0.9073608213576048,0.8788011269542942,0.8766756404791981,0.8358537671318615,0.8607989009756872,0.8422688270002143,0.8421246049272753,0.8425378609968439,0.8430399797501303,0.8242849098361723,0.8652581292512348,0.9747073283393909,1.0671255013681458,1.1396214884891187,1.1684444252833577,1.1733808974040987,1.1323666193302402,1.044871431700056,0.9500616644970706,0.8730328162340477,0.7858707549638531,0.6954975537274749,0.6013328238846921,0.5951520811503324,0.5228057084214515,0.4590291290530222,0.3467176810160921,0.27784180656185326,0.21859717655474842,0.20385057109475027,0.20241059412221252,0.20408150998224137,0.1889338313680453,0.1722171007002106,0.15677830741304227,0.14992751946520383,0.09430747194438031,0.029416692296367355,0.003015022540520178,0.0018798148880664774,-0.00959051179982346,-0.01656770453849603,-0.02874360810631387,-0.06835428108983084,-0.09469508211450747,-0.0893408135491476,-0.0915671958369168,-0.12189753745650762,-0.14324624628471952,-0.18643628032652937,-0.1977207334889786,-0.1921954028972659,-0.20258661957144683,-0.2520783947123542,-0.2645268551875796,-0.27335170659807406,-0.280234696028882,-0.29555812445976926,-0.3089326331601687,-0.3025762438221743,-0.19634457551259735,-0.2788552483232707,-0.27763556546589135,-0.2515978274539887,-0.2407110283865204,-0.22796756876638377,-0.22164619199410565,-0.22145256083574774,-0.20290433293188034,-0.19609885561362592,-0.18185367886297538,-0.17841120749573328,-0.17741401511333857,-0.1629450766800253,-0.15890894204075312,-0.14092745778530227,-0.14005690696302478,-0.14498114353840535,-0.14520157894306562,-0.1458516341700479,-0.14366034866722469,-0.13663145065933846,-0.14653471757263095,-0.1466639633165741,-0.15179523503891496,-0.15375112806821364,-0.1627416891343734,-0.16768154470506316,-0.182210490811411
stat_58,0.00973117059202254,-0.10627677914730677,-0.6077480899408391,-0.3491925991057639,0.23851150801410326,0.12476338220541866,0.23439741092042032,0.23356170651073746,0.23368045395485268,0.2333793457361258,0.23297992380550386,0.23217465616432803,0.22965990744971176,0.22777929527212065,0.22771448287282597,0.2270580066879607,0.22576658962339904,0.22553821921466427,0.22184268764229467,0.21867666044129772,0.21442921318645847,0.2054314381124367,0.19533942545279098,0.18158644303295335,0.17425131421467793,0.15910544381309605,0.14516752478308007,0.13140405907781735,0.11757297768244168,0.10675865689971724,0.10210462412946729,0.10192143009504288,0.1040499032425798,0.10938003832284382,0.10440350467131261,0.11313590779225217,0.10182256363406496,0.08640107174097814,0.1116232211770697,0.13287711568151814,0.1486708510622569,0.18134172282509986,0.21386954024122504,0.255351387789469,0.3220106629159619,0.3865635079900498,0.426926276315507,0.4396225015605491,0.42246098934406184,0.4160502187111995,0.4385705916460361,0.40066614412366897,0.3966863840076851,0.3198744557969675,0.26637030657956173,0.23810019143448172,0.15487114867491417,0.09750357442902445,0.09713904546332,0.09791008244277474,0.11449910121867604,0.11534097385866278,0.09471562159651319,0.0749076585320826,0.07252671099665448,0.06830359168717734,0.08244785307487858,0.06374272253500217,0.06390740825930757,0.07869971197394579,0.08613962036650642,0.058357568113522176,0.0653218675131212,0.0777746238183647,0.01734879372704057,0.007888174346332225,-0.05577206706489792,-0.06977143700008809,-0.06550038973464144,-0.1347616246533911,-0.21425263922726007,-0.2706051650275662,-0.3055730356577331,-0.32080476255820545,-0.3380474675152101,-0.3667272228760235,-0.3900534765330549,-0.4414405293799807,-0.5189500639388069,-0.2605237288136273,-0.560909149094099,-0.5625265508165126,-0.5693878445635103,-0.5382483023755327,-0.5007954886315319,-0.4561056785242192,-0.40760206074386557,-0.39628989253634583,-0.3948847691700998,-0.3588203030313476,-0.3092811369766407,-0.27387301215540544,-0.23271614248389674,-0.22861273390487358,-0.21546127834642528,-0.19671578722671945,-0.18789022596050842,-0.18530008297382683,-0.14323373221476302,-0.10372141395636897,-0.07796613420675008,-0.0890319075782804,-0.12462281949548121,-0.14882777773664624,-0.15050167251164404,-0.18293651093888214,-0.22507935313502664,-0.2483321275068529
stat_59,-0.4957006718966987,-0.10790404474822295,0.24004987365759053,0.2727159363871516,-0.28835674251702936,-0.19204458392863538,-0.2922430971673455,-0.2930935844805738,-0.29241234906098884,-0.2933905489354272,-0.2943554622840191,-0.2942597870038647,-0.2938835747062613,-0.30168390390629923,-0.31075890875843865,-0.3033907331408752,-0.30212348980023224,-0.30176142395358746,-0.2904441664767786,-0.29006070450646315,-0.29802804251018894,-0.2746768856340008,-0.2732983978857386,-0.30342066638046905,-0.3267835909988679,-0.3396386493400348,-0.31097671629609536,-0.31334754962565703,-0.30226058261518257,-0.25219741062726464,-0.269112361989059,-0.2693682579044444,-0.31952640481321865,-0.32671010219294755,-0.36298947437279117,-0.3621881284969677,-0.2910075585650794,-0.2758624731729708,-0.3011981056080291,-0.31200366876838065,-0.32281739071066823,-0.3126251954576857,-0.29203631628356885,-0.2952545746461573,-0.3250212212266846,-0.3884330420521119,-0.4090424125640038,-0.398982476396648,-0.3757878143752153,-0.3520224368551831,-0.34971194600361893,-0.3284406171233335,-0.32721467823100653,-0.27101606950907425,-0.22168395045162695,-0.15933316913560838,-0.20222839569142054,-0.15743809441043347,-0.15282571806259707,-0.15702623804243168,-0.18307176828274818,-0.19444634932312696,-0.20933572504622075,-0.1812747942374813,-0.17659741366888598,-0.16853653894896448,-0.19348008084548426,-0.2172339659367408,-0.21850717667266947,-0.23130254717726145,-0.22118895096832647,-0.20567898038790286,-0.19807995223519878,-0.23575014455253326,-0.2543469388963906,-0.2547172207687447,-0.193401334180839,-0.213297996377782,-0.1838425629517639,-0.1434627789123519,-0.20980280053660513,-0.3133771192195678,-0.36501166810094327,-0.3900640083603209,-0.33560859654842834,-0.28144689900638253,-0.313227753227661,-0.34222484395942215,-0.32893571248168507,-0.25775445595703994,-0.29286301382313384,-0.2919051280537901,-0.3271238310056966,-0.34576546989735857,-0.32332500470867315,-0.3043668254825222,-0.3106711722473741,-0.28016190160412985,-0.2698886667692662,-0.22717509113224973,-0.17856231441599568,-0.15891764838641215,-0.1517993963543559,-0.14963872707874198,-0.14024524313951875,-0.16911523295205103,-0.19399076002336996,-0.19516352321032046,-0.19542721476334615,-0.20314569794304937,-0.21663982466540885,-0.21212536208587984,-0.2074601715923329,-0.207207928662165,-0.2113025238074104,-0.22515750245758293,-0.22847574682970612,-0.243169318772576
stat_6,0.414252368515115,-0.010557649734646082,-0.24049077737207636,-0.4422668016310726,0.35563818040884315,0.13783035468797403,0.35552196669590774,0.35465446663388617,0.35332511145154144,0.3512287534927282,0.3496227850867222,0.3485057498523862,0.3455717541375852,0.3451877599661541,0.34771896252665146,0.34638336733788344,0.3555048292907571,0.3557767039025433,0.3570914992355287,0.3587708382361688,0.3512837536533304,0.35103516423816505,0.3509460123773967,0.35388764128335226,0.3485088474963827,0.3478437200895672,0.351188648930643,0.362287098385759,0.372668227531157,0.39678754785763665,0.3978553167959282,0.39678363690224766,0.3812924842131462,0.37881944514204474,0.38562293659825775,0.41730707436478176,0.44172971928092736,0.4586070205123201,0.46762589500675344,0.48224061778290717,0.46192945198909774,0.4573928928619043,0.47342082302790367,0.45111448466827037,0.4562452955138524,0.5331361352194025,0.6144589581264355,0.6434441965059027,0.6250982091322063,0.5849472841919435,0.47212079274611074,0.3535234587890456,0.3473467756269163,0.26767864490631504,0.19032569698670893,0.19320296483197863,0.22788794448949015,0.2507025378373798,0.27772490864695076,0.28466062835772443,0.30333989981036147,0.34040095494384315,0.33200638575402003,0.3233299973292004,0.32086105734863196,0.2787453888448464,0.2005889707001772,0.09953958300894734,0.09205225902890446,-0.024532525602934334,-0.13035925404705032,-0.2595805031708089,-0.3537566113017633,-0.4069311716896054,-0.4534863869239834,-0.4626149885671713,-0.5318866973806933,-0.5750970162777246,-0.5595207272754528,-0.544674070442624,-0.5334903432774107,-0.4920453836737409,-0.4599426991000574,-0.4596739173947654,-0.4557112231659103,-0.46799508952672425,-0.47103178671858986,-0.4613752192576222,-0.4186230436141279,-0.2700522260622052,-0.3772128723298354,-0.37567565533291114,-0.34318498489242294,-0.3441174766094084,-0.37232487556012267,-0.36752999456059,-0.32583889446889286,-0.304175460428338,-0.30371728677654314,-0.3090383688920364,-0.2851432639941734,-0.27192994904160417,-0.271679855928189,-0.2699972444896758,-0.257415553007148,-0.24562161399852786,-0.23865658597307457,-0.23804475419139084,-0.22423453319212336,-0.22302808779752709,-0.23079528852633835,-0.22650628771395143,-0.21960931951270096,-0.22161608202954935,-0.22131677185940044,-0.2306458338195164,-0.22577125120554115,-0.2543849674678387
stat_64,0.022182343463034118,-0.21075418247606348,-0.010211291254807188,-0.31668668015855295,0.19944600288792885,-0.25624871937971805,0.20529729482628115,0.20594205691634176,0.20715824321453294,0.2081827320778238,0.2099103468499629,0.21256068818329268,0.21462005628607417,0.21430022239831095,0.21548588968602062,0.21840522494047723,0.22185979494768912,0.22199173902305047,0.2258439282156227,0.23579844502009228,0.24379160420675872,0.2609511748742578,0.26959018574598564,0.27724727448344066,0.31662352796330767,0.3484110870852362,0.3784243010567723,0.39031974090126875,0.42474089695001116,0.46025024299621764,0.5411911205742722,0.5527062071149457,0.7308184525224533,0.844136289445059,0.8897659756413571,0.9575850776143188,0.8495610862540199,0.7316724728831603,0.6063286754540866,0.4510944946817659,0.3622412302731416,0.2683503926821045,0.1885398858794327,0.09219913531750774,0.07807515069752655,0.02033718941772753,-0.05228925908916645,-0.11462185548320891,-0.20069968048453757,-0.23601426462545913,-0.2739256797827979,-0.3365099520915914,-0.33868320249172673,-0.35482027165652497,-0.38440261749256077,-0.4331993207315533,-0.3809958360433669,-0.4204033660353413,-0.4658378077426469,-0.47512356940087574,-0.48026031709767286,-0.4718624530663265,-0.4468312583203057,-0.49216540670875697,-0.5099257859672709,-0.5271976526800652,-0.5160467887004455,-0.49547796799833616,-0.4950181808566503,-0.49730048505418567,-0.5206458823212974,-0.49332494382571374,-0.46907439351184504,-0.4748827305133747,-0.41726038496504797,-0.4126548910084531,-0.47356607042703547,-0.5718672822892061,-0.6409840107526539,-0.6883990169128509,-0.7053481830035985,-0.670334063736189,-0.6244417657348712,-0.6015210305286885,-0.5897634655161818,-0.5897080087239407,-0.6314432910167743,-0.6664551048334509,-0.6514168524100363,-0.3492195739809462,-0.6263171606559055,-0.6252934785374046,-0.6221001493015889,-0.6177695888945108,-0.6183896264438866,-0.584892278178484,-0.5893983198289205,-0.5779159257454622,-0.5838261591278335,-0.6073476165479332,-0.5803190536466334,-0.5490834255252391,-0.5110546119420851,-0.4983483911926674,-0.4509323258779982,-0.44671715628210745,-0.3930601115844481,-0.38998338060399296,-0.3639125891223341,-0.36710813341480436,-0.33992242396026295,-0.288204484011356,-0.29855711520381584,-0.3014482482523449,-0.30507698941589245,-0.31051976140427134,-0.3289986797385388,-0.3563163693615512
stat_7,0.5810804442998041,0.14935138288036034,0.0034807963906217133,-0.2313054975839056,0.3609632246270683,0.18226144126755695,0.35934607860611445,0.3590951459631641,0.3587553677430678,0.3586605369495353,0.35902544341976445,0.35881751312030646,0.3590294398954131,0.35720328957761655,0.35534270624535635,0.35243572960199454,0.3500342480080889,0.3499707506651746,0.3504612198360349,0.3498316384337159,0.34801707288942596,0.3458052415991725,0.3440150457160448,0.3407384141805962,0.34215434338133766,0.34378510020831454,0.34210699348719836,0.3322364326203168,0.3305904820365423,0.33042119297136097,0.32570777844686755,0.3250187290927136,0.3129463631705311,0.2981291338172742,0.2843543890160495,0.29820780384042833,0.30805929183741443,0.31004049593976757,0.33982229571441913,0.3768875978225596,0.45338672903283334,0.5121478374878848,0.5495805954776269,0.6114774448300897,0.6025951289606991,0.5282841177075996,0.4194742140922118,0.320063686306793,0.2767112526343531,0.2380477359515678,0.21742244174102635,0.2732576022389201,0.28073293241568814,0.3899103631128961,0.43940524699986766,0.5060659478018671,0.5985146676109598,0.6909148076731279,0.7106056758933672,0.6945239202361906,0.6286326764219564,0.514167117102588,0.3804254758872983,0.3059033457435179,0.2935917493200068,0.1452927668908137,-0.010242593654524016,-0.09082496970025875,-0.09703791981672345,-0.1488434450264584,-0.15772410054136013,-0.1989851206251841,-0.22680524574165273,-0.265448935232011,-0.31911424222320584,-0.3221188473789312,-0.3374926536189782,-0.3594173136726122,-0.3955677483918906,-0.4078533014748473,-0.40804598800761754,-0.4207156517343308,-0.40179647053468837,-0.3532420337065643,-0.33570521116811136,-0.3217265810576993,-0.3313599429522069,-0.3429019736730461,-0.33764282343253804,-0.09516709469361583,-0.31651046409070854,-0.31439168865132466,-0.281145485818525,-0.262331526494965,-0.26180901332380185,-0.2637529890093064,-0.26797884489045015,-0.2645611023146635,-0.26608719661353414,-0.2866318830391467,-0.2780335453025981,-0.2707952552373502,-0.2530095099142591,-0.24957909907704118,-0.23090990081454965,-0.22022795944821513,-0.22630059223431753,-0.22653857379044665,-0.22870234643229592,-0.18784622754519864,-0.17505864139001123,-0.1884583206879432,-0.18438965246499114,-0.16758447462902573,-0.16710833921096996,-0.15091779070960507,-0.12555429216757505,-0.11557355321043855
stat_70,0.5345169217717877,0.22777098212279995,-0.09996814792128306,-0.13188977897235474,0.31351316028164716,0.07453891835342927,0.31711768808967966,0.3176048120521576,0.31831915897497887,0.31966902028976296,0.3206427272311934,0.322360622456141,0.3242078714329783,0.3272198676377982,0.32780271358328694,0.3311489166259189,0.33434905595164693,0.33422558367355176,0.3320378705795529,0.3432260915894505,0.3482567981744262,0.3566315071770329,0.3552510895230284,0.370824389652172,0.3860765582121067,0.3861557602564587,0.42041494460776196,0.4819453668119087,0.5781726262514091,0.639112996048296,0.6906302107709851,0.691598697030106,0.8054878020312678,0.9555020880317966,0.9777942004013495,0.8668490124635742,0.7922107949693261,0.7626109110199037,0.6333417085551227,0.5889754231646659,0.5401620237115283,0.4719718753713179,0.3990080063124467,0.40832395118204545,0.39158279360186843,0.30321953453000716,0.2695866536923436,0.2506360729397986,0.1698129080021568,0.09733989663271965,0.04165162188455324,-0.04657187683670089,-0.050563670357867505,-0.04750549819095849,0.006696895663365717,-0.006953475901228871,-0.0334792846153738,-0.019144785749420606,0.0018006912070456364,0.020727626766910475,0.04390036882255443,0.029853620050508924,-0.04216499259931378,-0.05065027117285065,-0.049713516619286816,-0.04271927938870097,-0.11488121828036793,-0.14244751476845058,-0.14435484184678224,-0.19312815318792045,-0.2114189337120526,-0.17969475654807768,-0.18830392954649977,-0.20319265716279566,-0.21854273513356623,-0.22347198159478046,-0.25709089239663596,-0.26054979481937773,-0.25439842240066873,-0.21572411934664532,-0.20740683453504968,-0.2532615870880286,-0.28720756311820395,-0.28729332080006126,-0.17681683460180325,-0.08315379245812025,-0.06261063015142464,-0.02322618294582659,-0.017135385208848865,-0.00787331898362107,-0.08681107454140752,-0.08931088550643022,-0.07834870323882921,-0.05784942643415585,-0.07292129948919815,-0.09633228391374873,-0.09893315749928745,-0.09674246993543127,-0.095430046105032,-0.08773742010622317,-0.08653439410410092,-0.09193780456695358,-0.08058351509208415,-0.07641579727006524,-0.06265889439634625,-0.06342829577738701,-0.046285831825347463,-0.04673418087070807,-0.05024340612221684,-0.06091300054018107,-0.04321820111158719,-0.022213329826625626,-0.018143610312080463,-0.011632824698050135,-0.012924706841940404,-0.026519065309910397,0.0015418277779189883,0.016090014801064555
stat_71,-1.6440755611405216,-0.7662411472082521,-0.036569899131086624,0.17109096177282085,-0.6982288148739059,-0.7332306217721234,-0.6997930718347166,-0.6994427972604716,-0.6987266642971677,-0.6984745767530927,-0.6984379318266797,-0.6982460906525659,-0.6998729423597051,-0.7005904960298314,-0.6971882857851341,-0.6952894878603844,-0.6957198151824197,-0.6954336726952863,-0.6874340098092424,-0.6760032852261993,-0.6799509896058783,-0.6918028681591606,-0.6937688589981128,-0.6905887946156346,-0.694864005404438,-0.7057063044913986,-0.7118927787798017,-0.7142920609384799,-0.7164489369718307,-0.690867579790915,-0.6740217818809496,-0.6732140015370102,-0.6624958956102771,-0.6445288261934357,-0.6016396103620966,-0.5673444915748087,-0.5628481660902013,-0.5849370698678873,-0.6004908127840584,-0.6343668266557615,-0.6757538304509086,-0.6834046467353995,-0.660703751340246,-0.6427907175006874,-0.6445710192497535,-0.6415419482444649,-0.664341526840864,-0.6540790853442597,-0.6455570126677596,-0.6477470095554178,-0.6481874026956238,-0.641656382827669,-0.6399897800345791,-0.6322359612769062,-0.675226649003083,-0.7390624947094284,-0.7932837287719271,-0.8051088555719607,-0.7973021417339278,-0.7966213632189013,-0.8086495340215092,-0.8456529708567576,-0.8752309958342924,-0.8827564649890156,-0.8792778062601031,-0.8433407342202829,-0.8198997262772818,-0.7931598801396403,-0.7891534026981046,-0.7644734182982277,-0.7632696402030651,-0.7703266887798117,-0.7744512717694382,-0.8069430177021576,-0.8404900923062133,-0.8446285199658454,-0.8434250614420741,-0.811520289994102,-0.7674863726971074,-0.7692235137298155,-0.8028760729986643,-0.8221573559642557,-0.7991040475264855,-0.7749866553754243,-0.7778127519743895,-0.7337424142120109,-0.6572863762199038,-0.6636462076484353,-0.7329058928844321,-0.456294256829426,-0.7728699491052418,-0.7738063833231154,-0.7635610062101583,-0.7031961770694267,-0.6327416942480752,-0.5874055504008622,-0.5416871499854191,-0.5139970475017777,-0.5019635014632423,-0.44416042849460624,-0.3674141392712041,-0.2826319244724363,-0.22298797593926192,-0.21163004187788614,-0.15143734998636818,-0.14966002592004019,-0.16165883109143472,-0.16397261506093916,-0.19980598128905494,-0.23745487413512165,-0.263843822405382,-0.2752042016794977,-0.29467835703529094,-0.32913766694305935,-0.335011404497689,-0.3656856784423515,-0.39863863540559047,-0.42182025746537327
stat_73,0.19737832179857276,0.08197463377037276,0.1744525688178315,-0.05331045211391661,0.10212714080430568,0.11493791279537285,0.10115303900766127,0.10211405905825326,0.10349768205308676,0.10641874559768448,0.10859479991177975,0.11191468329598091,0.117378726184504,0.12733777574261185,0.12873222596484662,0.12056088209705262,0.11992878430986975,0.11935534042353631,0.11745046781381184,0.12154644290561387,0.11581615314461001,0.11719776099764703,0.10130081694899201,0.09758905323716956,0.09753988252624009,0.09865775284741542,0.10336228435081925,0.10583687364132185,0.12172097181612354,0.13183902115928214,0.11172929433655601,0.11092653984941382,0.10084573106259248,0.09829669535823331,0.06921998259908438,0.05696954567997289,0.0714883171921164,0.04001348890260088,-0.0015579616925483566,-0.009528115862644704,0.027725793679444596,0.047280385014704406,0.062433953183851865,0.07341174833988735,0.05536646123172732,0.09615660965675119,0.14763617622327985,0.1678330596942037,0.16301764063988175,0.1654365359359854,0.18872979234917647,0.2349905292992547,0.23559055559260236,0.19763877003774705,0.1731096917936715,0.16706101539203014,0.19744215319079447,0.19384440246897644,0.1699987069706371,0.1661083687618615,0.16970091208044288,0.1726150613017269,0.15992818256890992,0.18237015583906446,0.18572585622832707,0.20449820295404061,0.2103770708265025,0.22255852814310542,0.22100759987411597,0.17747395679492162,0.17383759940613092,0.17323897980504627,0.13479334743551025,0.11562332632863014,0.07800938996238906,0.07029631577484872,0.035826090112353506,0.034303386975492074,-0.008729586144640871,-0.04761834195456064,-0.04824229234404295,-0.08170664687612014,-0.12288308161571089,-0.13579680533884386,-0.13088574816946644,-0.14902464425575476,-0.1567253622401761,-0.1739274683163865,-0.2056813122281469,-0.08072527643750343,-0.20915609156066492,-0.20911481368848897,-0.2061519067116392,-0.1986899515006602,-0.19081446533880342,-0.18638335954272567,-0.184970927010881,-0.18141202731806128,-0.17801675260790245,-0.1658688954101961,-0.17018307078217454,-0.14426759408768744,-0.12656692210731285,-0.122557246633826,-0.09115563039204586,-0.04961792119530957,-0.015513815902673669,-0.012716016935766645,0.007092670423964348,-0.011394244837138587,-0.01943344599417393,-0.013901124186088937,-0.01860500826930842,-0.027935945001151027,-0.02970048118388092,-0.028276838785480516,-0.029045703188008528,-0.06554513740138174
stat_77,-0.30274270033092815,-0.2441174337003675,-0.16696003193260273,-0.038579302169262496,-0.12043076793047323,-0.027774622127062675,-0.12421918468093691,-0.12441009987091264,-0.12513029487798272,-0.12577389768663905,-0.1267901305905529,-0.12710179240782388,-0.1290900634749823,-0.13209674385983505,-0.13481092805164732,-0.1389096564992162,-0.14433486566792428,-0.14457491117530508,-0.14725660265880702,-0.14970119823262548,-0.15253261090751147,-0.15822326289891592,-0.1642407916730509,-0.16950798447568236,-0.17409375773554553,-0.18499483871988848,-0.19899789924738248,-0.20905126226259346,-0.22444418699041566,-0.24021201231718298,-0.262147005729527,-0.26347727056403436,-0.27967713968435276,-0.30672351368770373,-0.32496626157640496,-0.3367957019993588,-0.36469125078025283,-0.3949915416682678,-0.4064435792026339,-0.4115687735338744,-0.4205046880230517,-0.4215214692034113,-0.3887145117941822,-0.37428822094039865,-0.3454081222492094,-0.29106580533013615,-0.27136075572678425,-0.23735513706695605,-0.1502064661218956,-0.07691878761774706,0.008628155039278645,0.11000464291070534,0.11754292910411548,0.20245357595906394,0.23941957654855386,0.23913270860879465,0.20243401785328133,0.15755882058592577,0.13633612534825573,0.12941895778894896,0.13238536422069463,0.10281162150256336,0.0748059042054154,0.05180383859463577,0.04348081995932668,-0.04783159059903627,-0.11202268157955905,-0.12300206880275721,-0.12417396369035552,-0.13473974007434716,-0.05720991814674833,0.0033386033780675077,-0.004788444485043359,0.009262433882945913,0.04961325519559468,0.055081335311740975,0.13297958534357288,0.1024234241224922,0.07069633588274322,0.09771487915930391,0.08306457984645588,0.06616875856961679,0.0946937178599086,0.14312064286142434,0.16848388720512872,0.14809910451571404,0.12014407468452619,0.1377356437368969,0.13362474888263234,0.04171058792032883,0.10634615546338494,0.10402214823004056,0.06050130731350138,0.04428990632490272,0.04229560212579196,0.03184291100700295,0.03915856217844111,0.040104770785683946,0.03636000327151212,0.018987153857873515,0.019112299451085793,0.022638638910995386,0.030427964371618134,0.032420788525321355,0.02242802292680713,-0.0039664123172642035,-0.008210522584975719,-0.008379337112617163,-0.02150065361509019,-0.01828397359317815,-0.029664950075632444,-0.0270708063169382,-0.012440174068534919,0.011482138885187045,0.01642120169770122,0.047791344187082446,0.03599405696829797,0.03316624426399386
stat_80,1.2206268116457255,0.81345228689691,0.05134533312562169,0.36554936695084483,0.611333132011365,0.5664535633455641,0.6122383901532699,0.6122185931361044,0.6125347835426532,0.6125326239359895,0.612835845382456,0.6134562751571694,0.6138406715497261,0.6146292574608507,0.6128870635294716,0.6120870444457803,0.61195764799397,0.6119933690149033,0.6095036722889909,0.6116225624511669,0.614285802851839,0.6146436872911427,0.6311043369764013,0.635698775721817,0.6454427635626718,0.6498394310955191,0.6483229418127342,0.6661886896975333,0.6764559948495816,0.688947646745617,0.6878920537283394,0.688171934962522,0.6907632978680871,0.7031751085365,0.7084950528984226,0.7583571915308366,0.8249879436978823,0.8339450983053249,0.8188312132563079,0.7963750746959868,0.8074957313305438,0.7167265280107639,0.653758796120341,0.5922796892703412,0.5376298502397149,0.5012821607707107,0.44683363763193357,0.3406241536133361,0.2792648182748953,0.29785143082471766,0.2798337479949015,0.25932684293224245,0.2589461310916358,0.2686252256149268,0.3002360092587014,0.3206201022223108,0.29174341972223183,0.31452862162131784,0.305566341308591,0.3190514648511121,0.3842205929635463,0.40005322873153204,0.4426798831040132,0.47417699444589984,0.4819543892822355,0.508723185145803,0.505740357996253,0.49691589986331464,0.49571334740870276,0.4565996045267136,0.4330602486246396,0.4117998377676088,0.41252124194441014,0.37159149391625224,0.34936066542561606,0.3481525243204928,0.32159259457310535,0.2689342231423602,0.29556299671613073,0.29025699990321635,0.2938446146678862,0.3784753438242412,0.5189369256682521,0.5258858310299026,0.5349732728646782,0.6304596978624687,0.7621434719112506,0.8016193248645249,0.7870229007748444,0.5424346885745944,0.7967887897446769,0.8025952596503003,0.7982811199876052,0.8207439135804098,0.7797761438537609,0.7833517691571958,0.823458159310561,0.819793202168381,0.8059826928359375,0.7490474546563372,0.708512710310652,0.6905250137057813,0.655166224103883,0.6499468292514513,0.6094441899613705,0.5913010963830689,0.5831545011266865,0.5805486623020666,0.5810957476360256,0.565147348073754,0.5486604877907568,0.5333501340497242,0.5483006944709685,0.5503806444188165,0.5480089477388953,0.5417650096853774,0.5397349457358945,0.5335421991036987
stat_84,-0.17643837751496655,-0.08989135880180393,0.11278468196442808,-0.04721954351753451,-0.19315943220540743,-0.16883173514563066,-0.19672636859035122,-0.197350806545307,-0.19734825947843873,-0.19729364821399537,-0.19871872007183672,-0.20063444518769294,-0.20150454942771695,-0.20058664450210933,-0.2016651013183896,-0.20506357199260658,-0.20799279151966116,-0.2081994496568665,-0.21428812189964783,-0.2218183811647837,-0.2229909903274146,-0.22946176078508954,-0.24379369117637917,-0.25994183482090844,-0.2630240847295471,-0.2715121255307039,-0.2866749290819897,-0.3003909126012139,-0.3262674314716754,-0.3490757445294178,-0.36964205649494614,-0.37116583064155984,-0.39087009673832007,-0.4180297413880192,-0.44657256846527527,-0.4767548673466027,-0.513914118147235,-0.5076519521412602,-0.4966633303064357,-0.4929900450984234,-0.4611352364065506,-0.4423004012592082,-0.41900913010917307,-0.3868602402633334,-0.3663569326030158,-0.3063479234954751,-0.18990129527960944,-0.1275950146839847,-0.07982737473856719,0.017021154769488362,0.010349521221257268,-0.022593135192057738,-0.023876657382092995,0.04972511179514852,0.10088450537589429,0.10925976602072249,0.13705167543884902,0.14125188455157275,0.0680884861710555,0.04381848587595568,-0.0096734836055434,-0.05618493204798843,-0.09055115222738927,-0.11807196049977003,-0.11875926251702651,-0.13406074488839176,-0.16001349161229944,-0.23723337487646376,-0.24186898723978706,-0.2719702410465494,-0.33628264335980257,-0.3950652356670554,-0.3797252297660335,-0.4308789572664182,-0.5489859030441049,-0.5596228571592788,-0.6136466552670811,-0.6133197120670629,-0.5862705786616639,-0.5664690585851783,-0.46448256789542286,-0.38532973591060027,-0.35733384474917407,-0.42931346954439364,-0.3772812206842527,-0.30721997244712035,-0.2818749865511121,-0.2605152012508884,-0.257000979742465,-0.28845127375619745,-0.28748264490270503,-0.2903726333107175,-0.3064202320097749,-0.29577976134617595,-0.22247159281720547,-0.2198837037969567,-0.22927976323914034,-0.2286254765084488,-0.2292856369684535,-0.20952805677525987,-0.18713092960533836,-0.24006270120470877,-0.23532938870146924,-0.24076818161299418,-0.24489361526905226,-0.21295620290574532,-0.17289849484417982,-0.17193733286211463,-0.154528835738019,-0.19502512663457464,-0.20902803564290343,-0.176723568133406,-0.1748527557387754,-0.1720887619908967,-0.16965935197478776,-0.16964649561036912,-0.18335507958307498,-0.22885025899588923
stat_86,0.7959473895571827,0.30352038474074394,0.024598166017286722,-0.13872620590323573,0.3254790820035313,0.41747956306583933,0.3237042400169654,0.32336308984278866,0.32368192492856573,0.3229120873773895,0.3228266351917989,0.32299357558084835,0.31977024424551004,0.32090385668170274,0.32247465299442385,0.3219518866913387,0.32029593828106856,0.32029395659026355,0.31691781793832474,0.32076030154848817,0.32001480880671296,0.3191323677635144,0.31253825606558344,0.3106217868073827,0.31241231137208486,0.31343827409379066,0.3139458420682417,0.32016524276265645,0.3247545292851853,0.3345034212859418,0.32325136984843883,0.32353024945199343,0.33073185750961526,0.35148748303735056,0.3652040502106063,0.35969417296606504,0.34734291211039997,0.32829646790200334,0.3547984226510343,0.3601843409585303,0.3684226760467101,0.36571857110189576,0.353606283163971,0.33425870145891395,0.3559490130798921,0.37661134038813043,0.3754895442686609,0.3573052430992039,0.3648203280345379,0.3698655866625415,0.37879008983133905,0.3851681828436668,0.38857768220417604,0.42504946655029374,0.41652600606326384,0.3933940370853314,0.398468949217326,0.4076437349867744,0.3745314654122977,0.3766753944367569,0.3633356448213569,0.3154088431024262,0.3041665519953645,0.34209981235621784,0.3490012467291799,0.40019714807472273,0.40964335523372974,0.42201592242537206,0.4240469167617944,0.49128643315897275,0.5248754083098015,0.6088543592341538,0.6366232106915536,0.6676895866388834,0.7031920929398778,0.7041715069703369,0.7577543561145043,0.7878974962592209,0.7501475980293849,0.7016374629142451,0.6831538061547371,0.6706782683301951,0.6706597800191914,0.668679326249768,0.6884999701985515,0.6810545798380292,0.724689486226416,0.7179561059656944,0.698393261984022,0.49003928997371443,0.6839943737666939,0.6826752915191627,0.667893695883454,0.6524819050615881,0.6472337022044059,0.6732831913066442,0.6698217720340637,0.6403154080854369,0.6289012869475904,0.5840378452651659,0.5462835499207752,0.5098363054721151,0.4843119494091136,0.48039867189834773,0.45833907765082715,0.451442504328278,0.4432977510696139,0.44287416687814857,0.4460634123018868,0.4405894020496865,0.4445136725718302,0.44410851689025016,0.45324472815288624,0.49625459401112426,0.49865035183937767,0.5086598547301083,0.5109559905560702,0.49808183577731546
stat_89,-0.1675235347104748,-0.10852781498342315,-0.16488505967927508,-0.03831020533759309,-0.18174811047093464,0.1485012294151366,-0.18746833231730312,-0.18880606414697815,-0.18904773978637016,-0.1895430628301044,-0.18995358408479796,-0.1905697847474534,-0.19250692989250356,-0.19309256275711556,-0.19367616632647358,-0.1962333933954043,-0.19895008122883207,-0.19906871640523563,-0.20098533663613313,-0.20772187898141786,-0.21362372474287866,-0.22314407407092346,-0.23522967059273833,-0.24378813377585062,-0.24912924001792833,-0.2576284652183597,-0.27529144541437717,-0.2913371211308515,-0.317317857167035,-0.3259529532176756,-0.35029370425445766,-0.3519057436681355,-0.37897470537642364,-0.406410231982468,-0.4235302442629989,-0.43225210339887876,-0.43935806948163025,-0.4275029559108478,-0.41121786040666086,-0.3937967244314315,-0.35897816828618667,-0.32109657121705865,-0.27027095800390843,-0.22578751505701733,-0.21799737268501423,-0.21501132411302512,-0.19182518711246377,-0.15989876404008224,-0.07556489230553137,-0.015131813199567542,0.0513686927450308,0.07720519997449797,0.07947492951538705,0.0980827197803611,0.11641968492193058,0.0759795763534106,0.0457052346954508,0.05405828476345572,0.08345796209345975,0.0953007480956965,0.12386948023039154,0.11939595324774423,0.16661040199530983,0.22694253550338211,0.23842107295292334,0.3057910436552888,0.35612362562057076,0.4130404836463493,0.41591851186205764,0.4666283526211919,0.5214651942128598,0.5626567938832736,0.6003967499337641,0.617050606479078,0.6224715370295436,0.6200108719756694,0.614747547718702,0.5984813443391143,0.5568288756058554,0.5092516255839756,0.45446377074595834,0.40755776477881384,0.34903451604154856,0.3053014714278741,0.24730080203994098,0.2160597824249215,0.2009269956548212,0.1923240216933647,0.1820286860106338,0.1661519447343095,0.16837486459834392,0.16778932340329172,0.16849272173021546,0.16728378606935315,0.16647756312496192,0.1606770004984529,0.1614201503467783,0.16828231881675876,0.17040778767351042,0.16948705446201817,0.15591859590400595,0.15517310971941506,0.1620641130730328,0.16374295438404435,0.16762320013672688,0.15613503150783398,0.14150452698770946,0.14063906232833925,0.13365417883870648,0.13083434117799397,0.13849330281796535,0.14434963172529178,0.14305725715273435,0.14590890754822253,0.14649025445506536,0.15156342694400837,0.16294891050591506,0.16697698026466537
stat_9,-0.8336077087193561,-0.7910067611900136,-0.6435032435040667,-0.4917659257183063,-0.06046399296134458,-0.18219022743511257,-0.062483732783255135,-0.0627821120078271,-0.06277651320855057,-0.06253806348671932,-0.06149501745554359,-0.0614646787858598,-0.06284119252851789,-0.06493507383477555,-0.06667050246520657,-0.06846365934181393,-0.06990118022897819,-0.0695849801923072,-0.07090251720911861,-0.07117097654306866,-0.07137675079339854,-0.07165529173936934,-0.07003519207202943,-0.06863735242424053,-0.06463143760709628,-0.05800634659501772,-0.05291839999602181,-0.05542887485246082,-0.05465405136178345,-0.04559839715996671,-0.044758776245756325,-0.043989060463170256,-0.028378392376891087,-0.010951025572554543,0.012376751278392486,0.029481830975605944,0.024792438190125967,0.022364853929240303,0.043694784566079545,0.059417133556268736,0.051124080006204824,0.05127730297408689,0.056887860273108735,0.022929374592060455,0.023358516428063567,0.04847266355988525,0.046566007758967944,0.013629703825170217,-0.03617998923653837,-0.06970202542442927,-0.08631774716291093,-0.09860312421225945,-0.09992489645034469,-0.13355922789637417,-0.1803889510753075,-0.23398050005657975,-0.26856380756508413,-0.31067358682918417,-0.3127413078580599,-0.3097051221932392,-0.30619437577329356,-0.31669814496751353,-0.3268483703422963,-0.32570553713008166,-0.3265547945533133,-0.33755363973131564,-0.36058234197600036,-0.3964916640413425,-0.3990912313930265,-0.4262417712784881,-0.457532710458266,-0.468952719322875,-0.49756073953436936,-0.5059337397880096,-0.5112106216679562,-0.5122537412297379,-0.5378643724392179,-0.5487702996800309,-0.5292845133803776,-0.5049365256574261,-0.45937308370645097,-0.4311690246673897,-0.3991045315689835,-0.37324060992307867,-0.3718276286792905,-0.3464752386367135,-0.33935609791279614,-0.3570052466130879,-0.3474927091515769,-0.4041552858989619,-0.3395746509949775,-0.3396308368509547,-0.3561043040963191,-0.36265640821880096,-0.3918156866040137,-0.4395805319189441,-0.523322354929361,-0.5695951525771838,-0.5739556964429184,-0.525953930491713,-0.4901465736638559,-0.4697226808390916,-0.434218906296868,-0.42858755042250246,-0.4004316482798176,-0.3865048481102463,-0.371399294554796,-0.3711622774358917,-0.379988689174573,-0.4055190136291823,-0.4357925612307673,-0.49103781529351104,-0.5383812000563031,-0.5495216905283287,-0.5494638365455559,-0.5394635227510615,-0.5154138330119914,-0.4599136963063498
stat_91,1.6906003514575434,0.83803695805717,0.02224041685823396,-0.06255818764366415,0.7999659193664513,0.4596174654819362,0.8036717378569108,0.8038885613828597,0.8037277828288324,0.8030311819953392,0.8048713486467031,0.8062284341449297,0.8065791434145237,0.8082601640958651,0.810516355666274,0.813316299261824,0.8200806151790804,0.8206283151750327,0.8286955451131508,0.8503297930135137,0.856473999773218,0.8671766509460633,0.9076405388907469,0.9435697916960993,0.9773293683115541,1.0612302566692702,1.1163780555350662,1.1231963832761152,1.1371690921945465,1.1469984877208885,1.1580047971314602,1.1593769978123667,1.1811375023707618,1.1382550502894446,1.1164290742518261,1.0491652382871985,0.99980279960491,0.9598448145102428,0.9303683249062213,0.9381178538976569,0.9454560023990035,0.9771258780542196,1.035930840673409,1.0171746141633546,0.915290449890018,0.8352698032957844,0.8549668867649218,0.8467842000339423,0.9126756420953902,0.9352892832614562,0.9334923798402529,0.8706748341247049,0.8655653210109974,0.7950311083229783,0.8074487652298789,0.8111271906423501,0.79795283628629,0.7024705699797269,0.6063271994099285,0.5772742101329338,0.4548574917509652,0.33357878291560245,0.20975805630406907,0.14900557183092955,0.1378720408735369,0.07961402873284461,0.008992385475016627,-0.05595561412628282,-0.060697560531756706,-0.11252396925346482,-0.12338106628951162,-0.10339234748489408,-0.1340568347920666,-0.16685718812259195,-0.15960553578351647,-0.15762324009282933,-0.181991998690724,-0.22666112950030579,-0.23014216790217337,-0.22563941448116462,-0.19607519635935078,-0.1813226873114763,-0.17359283841033835,-0.16180064885701342,-0.14310188521024336,-0.12121049269311727,-0.11718615663512956,-0.12631427957458774,-0.12572800017978747,-0.07898983642386918,-0.08596416913694899,-0.08320737097803797,-0.06398792666517654,-0.05425104163725376,-0.03862566109920563,-0.03009301429048815,-0.029330318396527784,-0.02279759047023086,-0.023373668195622924,-0.03183659610079689,-0.03901363337116073,-0.04045642970492133,-0.03710320000842859,-0.03654753208460054,-0.04900090124158631,-0.05670353862249633,-0.06192561483799639,-0.06223989186700413,-0.06880236853322234,-0.05801495424601321,-0.05482443928511737,-0.05654549612574547,-0.056007621142283144,-0.07360642253492118,-0.07705820961911335,-0.0777736524025258,-0.07608041287570853,-0.07809447107937889
stat_94,0.1017443293170203,-0.06968966260014832,-0.5265725879112756,-0.34562348871014825,0.27938146908334544,0.39294549491473896,0.2749808422961386,0.2740328615185575,0.27280381489563305,0.2712338623341984,0.2697251507663053,0.26688225090454976,0.2622892284270067,0.25856059608189597,0.25832364722536105,0.2562418207397032,0.2551315636745125,0.2552271022437075,0.2542373733452489,0.24913953637761543,0.2500195460582716,0.24375118912850685,0.24446686206030732,0.23935264659875422,0.23948801024882901,0.23195427338702046,0.21601690848768398,0.18896175101062107,0.15055633574063282,0.10851790900306162,0.06950181498313644,0.06650861506501549,0.029666349720504397,0.00673792947338672,-0.014278853392152924,-0.03432145971328824,-0.021544407884467372,-0.019814575433476134,-0.0063486307302944535,0.027782960052446147,0.06712748510927491,0.12193225225583422,0.1796606560315533,0.2143364707671061,0.233949772465461,0.25303854720589064,0.2891466585470474,0.29692144346229926,0.30005118135437336,0.3433670925991569,0.35625210196214835,0.3636418411512635,0.3642571403972993,0.3803973843257865,0.39969155196493267,0.3916434155520839,0.36268455856638615,0.367008522026219,0.3740243067643558,0.37248984322508677,0.3554709239609049,0.3352086424252545,0.31731629965821934,0.30290564811781423,0.3025968729703253,0.33014536994869964,0.337116510304572,0.3554223870656966,0.3549656722348264,0.37222079444031825,0.39774917201804255,0.40042458226285543,0.4059479874802445,0.4168967758160527,0.4299699408725167,0.4319681844300527,0.4161809491210347,0.4198866781785017,0.37975569784180674,0.3259455634763884,0.2745854976356463,0.22886091961371322,0.20648274063518185,0.2127408739656164,0.20767425680788765,0.1862616433825544,0.18122479887884616,0.20216261847065004,0.2401096756997079,0.18854613846995247,0.2712674076463129,0.2736711755713364,0.2941346408914317,0.293553202384245,0.29527381420131404,0.3011750088833577,0.2928042986560358,0.2867788529394668,0.2899944053761405,0.2948886170792663,0.28414581896027935,0.28588290500558045,0.29281570165965604,0.2941080058202447,0.28040472652528353,0.2499012173504369,0.22998323751914787,0.22880331586399438,0.2230880106407457,0.22362616721508422,0.22021960478875285,0.21839688702360202,0.23353556316441987,0.2414448461315669,0.24123422350688112,0.2285266310872467,0.21140782856027784,0.19824703067205304
stat_95,-0.634153338837272,-0.02654436972127912,0.42547566443026963,0.5628030695156424,-0.4916931997934003,-0.13839357100902397,-0.4976483135030017,-0.4979248494153436,-0.49832799560991997,-0.4986736467177275,-0.4988490361521559,-0.503193571549711,-0.5031383928201837,-0.505442868190679,-0.5081018257748174,-0.5148164181985222,-0.5183447717047056,-0.518556805849026,-0.5218788869103774,-0.5296833252384057,-0.5360220864269899,-0.5464575580911643,-0.5626632821776282,-0.5699176658589077,-0.5759669506220361,-0.5885989734189229,-0.5998303731065224,-0.6059039134167995,-0.6271004725057675,-0.6518218117111819,-0.6675903993497112,-0.6679790429280399,-0.6778573457327991,-0.6925858068529255,-0.718355540699875,-0.7340461516862703,-0.7370713254346964,-0.7716449419899324,-0.7928510206243345,-0.806017939534784,-0.8268855996809299,-0.8414039952686685,-0.8200290162124692,-0.7863533166277277,-0.7368124058803899,-0.7252470655109389,-0.7690339116749048,-0.7464274457508521,-0.731348229489189,-0.6999609475525412,-0.6333040024487364,-0.6400145917155913,-0.6408898609131153,-0.5831518789334669,-0.5338744153986974,-0.4922392237290979,-0.43889875905393383,-0.40564489725351616,-0.395693709409493,-0.38333908332779554,-0.3690141813710242,-0.2989001352657073,-0.25905969362938136,-0.22897012732412186,-0.21877194773543698,-0.1806973363772233,-0.22212069516255706,-0.22614847322908516,-0.22628747291756246,-0.2145343200404428,-0.1409133342443357,-0.11703289888405047,-0.22456396280678756,-0.2396441061236374,-0.1510180311963187,-0.13006729452043128,-0.045403936794139794,0.02179698214139609,0.034904545344008324,0.08095992254490303,0.13843009612450644,0.2500419759453589,0.33086989979602616,0.49400763966054007,0.6455365128158018,0.697277715248746,0.6674433197678302,0.7837532800140901,0.8162896277875185,0.20272584187334572,0.7842036961844009,0.7760268875795545,0.6584214184618695,0.6749311908793267,0.6666197458925933,0.6874139415774522,0.6361771686697075,0.6039453828714474,0.6023940729481646,0.5422585309335012,0.46559121920989704,0.42325899050737886,0.38611998268149533,0.3910728424281258,0.37222017248993394,0.34326652203508545,0.2848725697734683,0.2839967962560325,0.2723117561949816,0.2771604774492551,0.25143970536134097,0.2153009557799268,0.20127915957804,0.20739880662182375,0.20764380750018363,0.1974074519651023,0.2052332156960642,0.20127622585701732
stat_96,0.0295047505680556,-0.021515890861842843,-0.07458408310679181,-0.0977443310263913,0.12084951418295681,0.02895609329561333,0.12217281859317762,0.12047042677150194,0.12053695917526454,0.11904043532214745,0.11589998938943559,0.11200365821064795,0.10273988380848985,0.10633048223325196,0.10625570138808621,0.08896209269812701,0.08145635386118723,0.08178494616794725,0.07995932934917448,0.08478288013904249,0.07697297977887191,0.0830192650752316,0.0894345171219096,0.06827176937911053,0.04873837048165806,0.04991921514288036,0.048675530107798466,0.08003010170745258,0.04026507901934048,0.09570866862395491,0.1616020954528881,0.16350436750916808,0.1922494637440813,0.29792284592028795,0.3207614912817888,0.37181612750408133,0.4561423719595831,0.520506728499297,0.5882165124209113,0.5227147348357737,0.3578478596632694,0.2936621392004889,0.32600527913520616,0.34363952092780176,0.3168877694164096,0.2974482779882371,0.2271011983328487,0.123779662630449,0.04784862858827213,-0.041794044696839575,-0.09957272409741673,-0.12907836516219282,-0.13377650378438502,-0.1993479196392192,-0.20463511919432842,-0.13008220250169528,-0.11257570895858084,-0.16784828874583374,-0.20812514299461468,-0.22100187374201533,-0.26184884947240855,-0.19446153023551924,-0.21469116855205372,-0.25235688077688095,-0.26313328577511613,-0.2936752022248907,-0.2792507173188125,-0.29121917926938046,-0.2903162695578006,-0.29478100123227474,-0.274541272340069,-0.194168382453918,-0.11561285582249979,-0.12183952736886305,-0.12666334636612445,-0.11006154127491971,-0.035217033191139696,-0.001301922583106317,0.01379307664085318,0.055524558647828376,0.09494424547676206,0.10882726938106144,0.08602521981314296,0.0682301540973079,0.054247578213068165,0.03568464075741679,0.019701236827405384,0.018693108070456408,0.013041313752491552,0.03310261815783934,0.040765699419986354,0.04234394969004472,0.0701169705840823,0.0758222547347303,0.08213504977053401,0.08816418554983559,0.07505836473846636,0.04833689407058352,0.036515166324474574,0.028048993618088873,0.022114036329582223,0.015186997187849759,0.02760063871568211,0.031445228317009244,0.03732395537233981,0.031265884987343326,0.015579832175843014,0.014568149175330574,0.0013184205736210095,0.004293767040022549,0.016379437728210985,0.04037014406447266,-0.011027449375346585,0.004172920595582076,0.0030344410852910413,-0.008332779443174787,-0.035167918681281767,0.006861167097233022
stat_97,-0.0658708064509379,0.15722506645822149,0.08082078181086699,0.3132587231705599,-0.10108821731561861,0.05008739206031894,-0.10539061913892597,-0.10643368158119121,-0.1068649048121025,-0.10782348525882217,-0.10882674449865778,-0.11037499303121012,-0.11358498727925874,-0.11592130695415019,-0.11646767896697104,-0.11738283852075833,-0.11872567791596232,-0.11881885456927088,-0.120919790587368,-0.1230534306611775,-0.12547190323640667,-0.1307729959141218,-0.1351118461354947,-0.13538702880680364,-0.138454509294206,-0.14516790776311558,-0.15176408097674185,-0.1596152017360472,-0.16695292329340888,-0.16666456125287246,-0.17157647303732204,-0.17277271998392593,-0.1800729558817055,-0.17706118472870294,-0.17422681598219827,-0.16540813802439203,-0.17045522237500882,-0.16774882365649818,-0.1614195874845714,-0.14340436593592504,-0.07559083072899542,-0.06915884315367044,-0.09839709954741549,-0.09223835650613064,-0.10777145610000813,-0.08738484209022594,-0.06050416787812166,0.03942626068936679,0.07210095374569084,0.10544076574840379,0.10643839042072814,0.02868383705254971,0.01942797572997831,-0.12313707106090019,-0.19730694026591156,-0.21298419279059602,-0.14151130418425792,-0.05384149390605296,0.015387176952428186,0.027541845386474428,0.029879489825869177,0.047899207696866494,0.09133090284860358,0.13895982562306783,0.14603369047877637,0.15454693694529803,0.14297593043638707,0.1254189874593452,0.1261385257263042,0.15763941939725304,0.20591994206869163,0.29876494048059243,0.40731784202156296,0.3800348969708812,0.32026308583131613,0.30869164167407953,0.23392626040284495,0.17698883726889753,0.14505030778769745,0.09977498178313475,0.09973452042704394,0.13275067073824887,0.15925132331059966,0.1738232615140303,0.16794171775057512,0.1494309965562013,0.12980566749539318,0.11284635360881894,0.0901219768715356,0.03557542942669639,0.07025409690949994,0.0686411227607623,0.06325990474191097,0.057511541246304754,0.05343676049228121,0.04771629569781334,0.04598892410359392,0.05502535209655748,0.05847429599753428,0.06462414793734478,0.05791442164543402,0.044889794672581584,0.03861957025571872,0.03852089588486223,0.03339290805049203,0.023460169046683854,0.01541161994812324,0.014958956394690439,0.0061764049172182214,0.0016152706272256345,0.003545038691236206,0.006672743801678096,0.00797364123815734,0.008340892558180163,0.009962598085817424,0.029781445213309755,0.039965356888087264,0.04096107252573138
stat_98,0.34245687116660756,0.189401346553592,0.4249144462816187,0.047054605659227026,0.12206269224421332,-0.1949786979950699,0.12262809413829194,0.1231673178650631,0.12353254859351848,0.12393663291849433,0.12531157966753625,0.13030315378743987,0.14480358649567357,0.13820830196327144,0.12099893204942441,0.11463438049630727,0.10953972815091403,0.10932691876838052,0.10657430594361694,0.10620192306909884,0.11151321898692734,0.1082924358926945,0.10540640521088186,0.10121329321702885,0.09655897147476081,0.09365757339213902,0.10371111270014914,0.12269053724320875,0.12362928465992422,0.08448265311297085,0.060054623549069236,0.05884220323739767,0.03685453622064046,0.03481287467288094,0.03611871742666068,0.0637249446107195,0.08760705746140564,0.11910428349423043,0.15757484868813001,0.19684809406357157,0.266130012852909,0.3475312540283721,0.43341050521143387,0.4653448720039171,0.5648141168201577,0.6462239417373068,0.6699796631740399,0.6128755321178593,0.49481546215498406,0.32933744008996885,0.21716149736337195,0.1182346001866042,0.10946560393755565,-0.001571938720947595,-0.12603536297379253,-0.21155642551309228,-0.3252449422517206,-0.4106677463086894,-0.5023980990993187,-0.5259260911558911,-0.571674390970517,-0.5523427016684356,-0.5462111803345007,-0.536278986825094,-0.5257547651864516,-0.49910091215864133,-0.4688325947422332,-0.4419530107580321,-0.44056352947009475,-0.39939416270365435,-0.36954576277295675,-0.3476832119634396,-0.33490507247673107,-0.3616695970620718,-0.3693763898485562,-0.36900788338512897,-0.3655774027615414,-0.3509738248775425,-0.3400862537076176,-0.35144414321680534,-0.37195776309478074,-0.43507943950000505,-0.5448507335136331,-0.6488367457882298,-0.6888079710889689,-0.7113501307764624,-0.6987356202653948,-0.6639829378491424,-0.6191253746480468,-0.4444994454198142,-0.5931593641563403,-0.5932099135368908,-0.557473127372433,-0.5121146067179048,-0.4852968165962856,-0.442283845812148,-0.4317535980026485,-0.43115164048471843,-0.42488303635673613,-0.4279136531880997,-0.4363927813679197,-0.4282595196784384,-0.4334298811602457,-0.4314919872951531,-0.4217900173956116,-0.41717384510653316,-0.411850675574586,-0.41260722867988575,-0.42283357089383106,-0.42806973547601107,-0.41862586956413245,-0.3981421251753012,-0.38675356964352814,-0.3814183438539262,-0.38427341371363705,-0.4160188979804035,-0.4013008529751788,-0.40242060704709237
