stat_id,0.01,0.010722672,0.01149757,0.012328467,0.013219411,0.014174742,0.015199111,0.016297508,0.017475284,0.018738174,0.02,0.02009233,0.021544347,0.023101297,0.024770764,0.026560878,0.028480359,0.030538555,0.032745492,0.035111917,0.037649358,0.040370173,0.043287613,0.046415888,0.049770236,0.05,0.053366992,0.057223677,0.061359073,0.065793322,0.070548023,0.075646333,0.081113083,0.0869749,0.093260335,0.1,0.107226722,0.1149757,0.123284674,0.132194115,0.141747416,0.151991108,0.162975083,0.17475284,0.187381742,0.2,0.2009233,0.215443469,0.23101297,0.247707636,0.265608778,0.284803587,0.3,0.305385551,0.327454916,0.351119173,0.376493581,0.4,0.403701726,0.432876128,0.464158883,0.497702356,0.5,0.533669923,0.572236766,0.613590727,0.657933225,0.705480231,0.75,0.756463328,0.811130831,0.869749003,0.932603347,1,1.072267222,1.149756995,1.232846739,1.321941148,1.417474163,1.519911083,1.629750835,1.7475284,1.873817423,2,2.009233003,2.15443469,2.3101297,2.477076356,2.656087783,2.848035868,3,3.053855509,3.274549163,3.511191734,3.764935807,4,4.037017259,4.328761281,4.641588834,4.977023564,5,5.336699231,5.722367659,6.135907273,6.579332247,7.054802311,7.5,7.564633276,8.111308308,8.697490026,9.326033469,10
1,0,0,0,0,0,0,0,0,0,0,0,0,0,0,0,0,0,0,0,0,0,0,0,0,0,0,0,0,0,0,0,0,0,0,0,0,0,0,0,0,0,0,0,0,0,0,0,0,0,0,0,0,0,0,0,0,0,0,0,0,0,0,0,0,0,0,0,0,0,0,0,0,0,0,0,0,0,0,0,0,0,0,0,0,0,0,0,0,0,0,0,0,0,0,0,0,0,0,0,0,0,0,0,0,0,0,0,0,0,0,0,0
3,0,0,0,0,0,0,0,0,0,0,0,0,0,0,0,0,0,0,0,0,0,0,0,0,0,0,0,0,0,0,0,0,0,0,0,0,-0.00509681,-0.010561952,-0.016422045,-0.02270563,-0.029443312,-0.036667908,-0.044414606,-0.052721136,-0.061627956,-0.070527269,-0.071178447,-0.081419126,-0.092399869,-0.104174161,-0.104174161,-0.1095695,-0.114918234,-0.118978831,-0.12311558,-0.125841871,-0.128569089,-0.130813282,-0.132393291,-0.133940171,-0.135393108,-0.136708863,-0.138235757,-0.1391865,-0.139290179,-0.140032099,-0.141263739,-0.142129325,-0.142259359,-0.142239543,-0.141209587,-0.13977841,-0.137711058,-0.136581881,-0.135434331,-0.133330731,-0.130933721,-0.12823824,-0.126458308,-0.124170413,-0.122265182,-0.120768867,-0.11983603,-0.118340879,-0.116863349,-0.116016938,-0.114891037,-0.113545979,-0.11196717,-0.110669166,-0.109249619,-0.107296081,-0.105175107,-0.103309536,-0.10164191,-0.099724287,-0.098137195,-0.096894506,-0.095671127,-0.094502405,-0.093284001,-0.092472438,-0.091367705,-0.090245153,-0.089477761,-0.089674859,-0.089948301,-0.090943536,-0.090943536,-0.090943536,-0.090943536,-0.090943536
5,0,0,0,0,0,0,0,0,0,0,0,0,0,0,0,0,0,0,0,0,0,0,0,0,0,0,0,0,0,0,0,0,0,0,0,0,0,0,0,0,0,0,0,0,0,0,0,0,0,0,0,0,0,0,0,0,0,0,0,0,0,0,0,0,0,0,0,0,0,0,0,0,0,0,0,0,0,0,0,0,0,0,0,0,0,0,0,0,0,0,0,0,0,0,0,0,0,0,0,0,0,0,0,0,0,0,0,0,0,0,0,0
6,0,0,0,0,0,0,0,0,0,0,0,0,0,0,0,0,0,0,0,0,0,0,0,0,0,0,0,0,0,0,0,0,0,0,0,0,0,0,0,0,0,0,0,0,0,0,0,0,0,0,0,0,0,0,0,0,0,0,0,0,0,0,0,-0.033422116,-0.071705111,-0.112754711,-0.156770853,-0.203967918,-0.248160027,-0.254575785,-0.308840941,-0.308840941,-0.319926105,-0.32514171,-0.324214596,-0.320841014,-0.31156308,-0.299598272,-0.285774188,-0.273122349,-0.258341193,-0.244758556,-0.233531132,-0.22386216,-0.215919338,-0.206708366,-0.198560058,-0.191723466,-0.184866606,-0.177743123,-0.170020136,-0.162727676,-0.155869853,-0.149465168,-0.14397753,-0.141143411,-0.138753548,-0.136336214,-0.134939596,-0.133475991,-0.13263454,-0.131539892,-0.130105665,-0.12874603,-0.12725803,-0.12578714,-0.124288193,-0.12404838,-0.12404838,-0.12404838,-0.12404838,-0.12404838
7,0,0,0,0,0,0,0,0,0,0,0,0,0,0,0,0,0,0,0,0,0,0,0,0,0,0,0,0,0,0,0,0,0,0,0,0,0,0,0,0,0,0,0,0,0,0,0,0,0,0,0,0,0,0,0,0,0,0,0,0,0,0,0,0,0,0,0,0,0,0,0,0,0,0,0,0,0,0,0,0,0,0,0,0,0,0,0,0,0,0,0,0,0,0,0,0,0,0,0,0,0,0,0,0,0,0,0,0,0,0,0,0
9,0,0,0,0,0,0,0,0,0,0,0,0,0,0,0,0,0,0,0,0,0,0,0,0,0,0,0,0,0,0,0,0,0,0,0,0,0,0,0,0,0,0,0,0,0,0,0,0,0,0,0,0,0,0,0,0,0,0,0,0,0,0,0,0,0,0,0,0,0,0,0,0,0,0,0,0,0,0,0,0,0,0,0,0,0,0,0,0,0,0,0,0,0,0,0,0,0,0,0,0,0,0,0,0,0,0,0,0,0,0,0,0
14,0,0,0,0,0,0,0,0,0,0,0,0,0,0,0,0,0,0,0,0,0,0,0,0,0,0,0,0,0,0,0,0,0,0,0,0,0,0,0,0,0,0,0,0,0,0,0,0,0,0,0,0,0,0.00364881,0.018601212,0.034634182,0.051825811,0.067751843,0.070259831,0.090026026,0.090026026,0.095062474,0.099835734,0.103338787,0.107008393,0.109686287,0.111907098,0.112731925,0.112536546,0.110594878,0.106155059,0.099026944,0.090641628,0.071522182,0.061184763,0.050100288,0.038214768,0.025470315,0.011804856,0,0,0,0,0,0,0,0,0,0,0,0,0,0,0,0,0,0,0,0,0,0,0,0,0,0,0,0,0,0,0,0,0
16,0,0,0,0,0,0,0,0,0,0,0,0,0,0,0,0,0,0,0,0,0,0,0,0,0,0,0,0,0,0,0,0,0,0,0,0,-0.00042911,-0.00088923,-0.001382602,-0.001911629,-0.002478887,-0.003087139,-0.003739348,-0.00443869,-0.005188571,-0.005937821,-0.005992645,-0.006854826,-0.007779315,-0.008770615,-0.008770615,-0.009224858,-0.009675178,-0.010017047,-0.010365328,-0.010594859,-0.010824469,-0.011013412,-0.011146435,-0.01127667,-0.011398996,-0.011509771,-0.011638323,-0.011718368,-0.011727097,-0.011789561,-0.011893255,-0.01196613,-0.011977078,-0.01197541,-0.011888696,-0.011768202,-0.011594148,-0.011499081,-0.011402466,-0.01122536,-0.011023552,-0.010796614,-0.010646758,-0.010454136,-0.010293731,-0.010167754,-0.010089216,-0.009963337,-0.009838941,-0.00976768,-0.009672888,-0.009559646,-0.009426723,-0.009317441,-0.009197927,-0.009033455,-0.008854886,-0.00869782,-0.00855742,-0.008395972,-0.008262352,-0.008157727,-0.008054729,-0.007956332,-0.007853752,-0.007785425,-0.007692416,-0.007597906,-0.007533298,-0.007549892,-0.007572913,-0.007656704,-0.007656704,-0.007656704,-0.007656704,-0.007656704
17,0.244615207,0.244448818,0.244050219,0.243971907,0.243923446,0.243650943,0.243139249,0.243170354,0.24073739,0.239161245,0.236151747,0.236082096,0.236676488,0.237118891,0.235909018,0.233032668,0.233000533,0.235209304,0.237399726,0.241925488,0.243941808,0.24644046,0.249129227,0.245743522,0.240097105,0.240437099,0.243314998,0.246980485,0.252696124,0.256755228,0.248724745,0.246903976,0.246178917,0.247311576,0.253143713,0.245216778,0.244379003,0.253177752,0.260292264,0.269880479,0.28507326,0.304434646,0.321011091,0.301998782,0.320364107,0.349543959,0.351218863,0.374212473,0.38415704,0.380919291,0.37084033,0.342671824,0.320059465,0.314990753,0.295688836,0.274040601,0.272921651,0.259667948,0.257547444,0.250761757,0.244745795,0.238972625,0.237790943,0.214792062,0.203364167,0.189898118,0.164587019,0.147251993,0.163209633,0.165434003,0.176541308,0.162079909,0.151207583,0.166941998,0.17248729,0.169566273,0.174405646,0.183277462,0.190997368,0.180514112,0.163914868,0.149481224,0.146244191,0.13577952,0.134151567,0.109858315,0.092031537,0.08871753,0.096891027,0.1059112,0.112384952,0.112843858,0.104948381,0.100651411,0.097574771,0.100246594,0.099971068,0.099860128,0.106114213,0.119242173,0.119717271,0.120615727,0.119049613,0.122834552,0.136437945,0.153276205,0.164056641,0.166687786,0.180567767,0.192168375,0.204845126,0.220455135
18,0,0,0,0,0,0,0,0,0,0,0,0,0,0,0,0,0,0,0,0,0,0,0,0,0,0,0,0,0,0,0,0,0,0,0,0,-0.007256958,-0.015038358,-0.023382097,-0.032328815,-0.041922087,-0.052208638,-0.06323857,-0.075065605,-0.087747346,-0.100418398,-0.101345562,-0.115926483,-0.131561126,-0.148325642,-0.148325642,-0.156007654,-0.163623307,-0.169404883,-0.175294883,-0.179176641,-0.183059719,-0.186255054,-0.188504709,-0.190707193,-0.192775919,-0.194649323,-0.19682335,-0.19817704,-0.198324662,-0.199381024,-0.201134663,-0.202367105,-0.202552251,-0.202524035,-0.201057559,-0.199019816,-0.196076271,-0.194468523,-0.192834613,-0.189839458,-0.186426538,-0.182588649,-0.180054339,-0.176796779,-0.174084067,-0.171953578,-0.170625382,-0.168496552,-0.166392809,-0.165187669,-0.163584584,-0.161669459,-0.159421513,-0.157573385,-0.155552199,-0.152770705,-0.149750813,-0.147094568,-0.144720163,-0.141989806,-0.139730066,-0.137960697,-0.13621882,-0.134554766,-0.132819974,-0.131664451,-0.130091506,-0.12849319,-0.12740056,-0.127681191,-0.128070525,-0.129487565,-0.129487565,-0.129487565,-0.129487565,-0.129487565
20,0,0,0,0,0,0,0,0,0,0,0,0,0,0,0,0,0,0,0,0,0,0,0,0,0,0,0,0,0,0,0,0,0,0,0,0,0,0,0,0,0,0,0,0,0,0,0,0,0,0,0,0,0,0,0,0,0,0,0,0,0,0,0,0,0,0,0,0,0,0,0,0,0,0,0,0,0,0,0,0,0,0,0,0,0,0,0,0,0,0,0,0,0,0,0,0,0,0,0,0,0,0,0,0,0,0,0,0,0,0,0,0
21,0,0,0,0,0,0,0,0,0,0,0,0,0,0,0,0,0,0,0,0,0,0,0,0,0,0,0,0,0,0,0,0,0,0,0,0,0,0,0,0,0,0,0,0,0,0,0,0,0,0,0,0,0,0.004923752,0.025100719,0.04673582,0.069934429,0.091425226,0.094809538,0.121482301,0.121482301,0.128278549,0.13471965,0.139446715,0.14439853,0.148012116,0.151008906,0.152121939,0.151858292,0.14923818,0.14324703,0.133628258,0.122313003,0.096512971,0.082563523,0.067605986,0.05156751,0.034369978,0.015929627,0,0,0,0,0,0,0,0,0,0,0,0,0,0,0,0,0,0,0,0,0,0,0,0,0,0,0,0,0,0,0,0,0
22,0,0,0,0,0,0,0,0,0,0,0,0,0,0,0,0,0,0,0,0,0,0,0,0,0,0,0,0,0,0,0,0,0,0,0,0,0,0,0,0,0,0,0,0,0,0,0,0,0,0,0,0,0,0,0,0,0,0,0,0,0,0,0,0,0,0,0,0,0,0,0,0,0,0,0,0,0,0,0,0,0,0,0,0,0,0,0,0,0,0,0,0,0,0,0,0,0,0,0,0,0,0,0,0,0,0,0,0,0,0,0,0
23,0,0,0,0,0,0,0,0,0,0,0,0,0,0,0,0,0,0,0,0,0,0,0,0,0,0,0,0,0,0,0,0,0,0,0,0,0,0,0,0,0,0,0,0,0,0,0,0,0,0,0,0,0,0,0,0,0,0,0,0,0,0,0,0,0,0,0,0,0,0,0,0,0,0,0,0,0,0,0,0,0,0,0,0,0,0,0,0,0,0,0,0,0,0,0,0,0,0,0,0,0,0,0,0,0,0,0,0,0,0,0,0
24,0,0,0,0,0,0,0,0,0,0,0,0,0,0,0,0,0,0,0,0,0,0,0,0,0,0,0,0,0,0,0,0,0,0,0,0,0,0,0,0,0,0,0,0,0,0,0,0,0,0,0,0,0,0,0,0,0,0,0,0,0,0,0,0,0,0,0,0,0,0,0,0,0,0,0,0,0,0,0,0,0,0,0,0,0,0,0,0,0,0,0,0,0,0,0,0,0,0,0,0,0,0,0,0,0,0,0,0,0,0,0,0
26,0,0,0,0,0,0,0,0,0,0,0,0,0,0,0,0,0,0,0,0,0,0,0,0,0,0,0,0,0,0,0,0,0,0,0,0,0,0,0,0,0,0,0,0,0,0,0,0,0,0,0,0,0,0,0,0,0,0,0,0,0,0,0,0,0,0,0,0,0,0,0,0,0,0,0,0,0,0,0,0,0,0,0,0,0,0,0,0,0,0,0,0,0,0,0,0,0,0,0,0,0,0,0,0,0,0,0,0,0,0,0,0
27,0,0,0,0,0,0,0,0,0,0,0,0,0,0,0,0,0,0,0,0,0,0,0,0,0,0,0,0,0,0,0,0,0,0,0,0,0,0,0,0,0,0,0,0,0,0,0,0,0,0,0,0,0,0,0,0,0,0,0,0,0,0,0,0,0,0,0,0,0,0,0,0,0,0,0,0,0,0,0,0,0,0,0,0,0,0,0,0,0,0,0,0,0,0,0,0,0,0,0,0,0,0,0,0,0,0,0,0,0,0,0,0
28,0,0,0,0,0,0,0,0,0,0,0,0,0,0,0,0,0,0,0,0,0,0,0,0,0,0,0,0,0,0,0,0,0,0,0,0,0,0,0,0,0,0,0,0,0,0,0,0,0,0,0,0,0,0,0,0,0,0,0,0,0,0,0,0,0,0,0,0,0,0,0,0,0,0,0,0,0,0,0,0,0,0,0,0,0,0,0,0,0,0,0,0,0,0,0,0,0,0,0,0,0,0,0,0,0,0,0,0,0,0,0,0
29,0,0,0,0,0,0,0,0,0,0,0,0,0,0,0,0,0,0,0,0,0,0,0,0,0,0,0,0,0,0,0,0,0,0,0,0,0,0,0,0,0,0,0,0,0,0,0,0,0,0,0,0,0,0.007991717,0.040740846,0.075856665,0.113510208,0.148391809,0.153884867,0.19717729,0.19717729,0.208208246,0.218662763,0.226335238,0.234372502,0.240237694,0.245101769,0.246908328,0.246480404,0.242227713,0.232503508,0.21689133,0.198525598,0.156649701,0.134008424,0.109730924,0.083698957,0.055785732,0.025855295,0,0,0,0,0,0,0,0,0,0,0,0,0,0,0,0,0,0,0,0,0,0,0,0,0,0,0,0,0,0,0,0,0
30,0,0,0,0,0,0,0,0,0,0,0,0,0,0,0,0,0,0,0,0,0,0,0,0,0,0,0,0,0,0,0,0,0,0,0,0,0,0,0,0,0,0,0,0,0,0,0,0,0,0,0,0,0,0,0,0,0,0,0,0,0,0,0,0,0,0,0,0,0,0,0,0,0,0,0,0,0,0,0,0,0,0,0,0,0,0,0,0,0,0,0,0,0,0,0,0,0,0,0,0,0,0,0,0,0,0,0,0,0,0,0,0
31,0,0,0,0,0,0,0,0,0,0,0,0,0,0,0,0,0,0,0,0,0,0,0,0,0,0,0,0,0,0,0,0,0,0,0,0,-0.00539242,-0.011174535,-0.017374508,-0.024022535,-0.031150996,-0.038794612,-0.046990611,-0.055778912,-0.065202319,-0.074617783,-0.075306729,-0.086141358,-0.097758974,-0.110216164,-0.110216164,-0.115924427,-0.121583382,-0.12587949,-0.130256166,-0.13314058,-0.136025974,-0.138400328,-0.140071976,-0.141708573,-0.14324578,-0.144637848,-0.1462533,-0.147259184,-0.147368877,-0.148153828,-0.149456902,-0.150372691,-0.150510267,-0.150489301,-0.149399608,-0.147885425,-0.145698168,-0.144503501,-0.143289393,-0.141063787,-0.138527752,-0.135675937,-0.13379277,-0.131372179,-0.129356447,-0.127773347,-0.126786406,-0.125204538,-0.123641312,-0.122745811,-0.121554608,-0.120131538,-0.118461159,-0.117087873,-0.115585993,-0.113519152,-0.111275163,-0.109301391,-0.107537044,-0.105508201,-0.103829059,-0.102514295,-0.101219961,-0.099983455,-0.098694384,-0.097835752,-0.096666945,-0.095479286,-0.094667387,-0.094875915,-0.095165217,-0.096218175,-0.096218175,-0.096218175,-0.096218175,-0.096218175
32,0,0,0,0,0,0,0,0,0,0,0,0,0,0,0,0,0,0,0,0,0,0,0,0,0,0,0,0,0,0,0,0,0,0,0,0,0,0,0,0,0,0,0,0,0,0,0,0,0,0,0,0,0,0.000574987,0.002931218,0.005457728,0.008166821,0.010676479,0.011071693,0.014186491,0.014186491,0.014980145,0.015732326,0.016284344,0.016862609,0.017284597,0.017634557,0.017764535,0.017733747,0.017427775,0.016728138,0.015604875,0.014283499,0.011270617,0.009641624,0.007894909,0.006021964,0.004013666,0.001860234,0,0,0,0,0,0,0,0,0,0,0,0,0,0,0,0,0,0,0,0,0,0,0,0,0,0,0,0,0,0,0,0,0
34,0,0,0,0,0,0,0,0,0,0,0,0,0,0,0,0,0,0,0,0,0,0,0,0,0,0,0,0,0,0,0,0,0,0,0,0,0,0,0,0,0,0,0,0,0,0,0,0,0,0,0,0,0,0,0,0,0,0,0,0,0,0,0,0.015727316,0.033741997,0.053058548,0.073771054,0.095980394,0.116775704,0.119794742,0.145330087,0.145330087,0.164493819,0.183515451,0.301619359,0.321639035,0.340853412,0.358111136,0.373624887,0.391111266,0.384853966,0.374388528,0.364524613,0.355126634,0.34902837,0.344010306,0.337451274,0.331121613,0.325296691,0.318972551,0.311072846,0.305544082,0.300732834,0.294528899,0.2880452,0.281859751,0.277550112,0.272766342,0.268556162,0.264482706,0.26199195,0.259674284,0.257403339,0.256732727,0.254168093,0.2510954,0.248013172,0.246624399,0.246624399,0.246624399,0.246624399,0.246624399
35,0,0,0,0,0,0,0,0,0,0,0,0,0,0,0,0,0,0,0,0,0,0,0,0,0,0,0,0,0,0,0,0,0,0,0,0,0,0,0,0,0,0,0,0,0,0,0,0,0,0,0,0,0,0,0,0,0,0,0,0,0,0,0,0,0,0,0,0,0,0,0,0,0,0,0,0,0,0,0,0,0,0,0,0,0,0,0,0,0,0,0,0,0,0,0,0,0,0,0,0,0,0,0,0,0,0,0,0,0,0,0,0
36,0,0,0,0,0,0,0,0,0,0,0,0,0,0,0,0,0,0,0,0,0,0,0,0,0,0,0,0,0,0,0,0,0,0,0,0,0,0,0,0,0,0,0,0,0,0,0,0,0,0,0,0,0,0,0,0,0,0,0,0,0,0,0,0,0,0,0,0,0,0,0,0,0,0,0,0,0,0,0,0,0,0,0,0,0,0,0,0,0,0,0,0,0,0,0,0,0,0,0,0,0,0,0,0,0,0,0,0,0,0,0,0
37,0,0,0,0,0,0,0,0,0,0,0,0,0,0,0,0,0,0,0,0,0,0,0,0,0,0,0,0,0,0,0,0,0,0,0,0,0,0,0,0,0,0,0,0,0,0,0,0,0,0,0,0,0,0,0,0,0,0,0,0,0,0,0,0,0,0,0,0,0,0,0,0,0,0,0,0,0,0,0,0,0,0,0,0,0,0,0,0,0,0,0,0,0,0,0,0,0,0,0,0,0,0,0,0,0,0,0,0,0,0,0,0
43,0,0,0,0,0,0,0,0,0,0,0,0,0,0,0,0,0,0,0,0,0,0,0,0,0,0,0,0,0,0,0,0,0,0,0,0,0,0,0,0,0,0,0,0,0,0,0,0,0,0,0,0,0,0,0,0,0,0,0,0,0,0,0,0,0,0,0,0,0,0,0,0,0,0,0,0,0,0,0,0,0,0,0,0,0,0,0,0,0,0,0,0,0,0,0,0,0,0,0,0,0,0,0,0,0,0,0,0,0,0,0,0
46,0,0,0,0,0,0,0,0,0,0,0,0,0,0,0,0,0,0,0,0,0,0,0,0,0,0,0,0,0,0,0,0,0,0,0,0,0,0,0,0,0,0,0,0,0,0,0,0,0,0,0,0,0,0.006494669,0.03310907,0.061646821,0.092246917,0.120594324,0.125058395,0.160241068,0.160241068,0.169205651,0.177701776,0.183937005,0.19046869,0.195235185,0.199188098,0.200656243,0.200308479,0.196852424,0.188949805,0.176262177,0.161336804,0.127305307,0.108905305,0.089175587,0.068020056,0.045335674,0.021011954,0,0,0,0,0,0,0,0,0,0,0,0,0,0,0,0,0,0,0,0,0,0,0,0,0,0,0,0,0,0,0,0,0
48,0,0,0,0,0,0,0,0,0,0,0,0,0,0,0,0,0,0,0,0,0,0,0,0,0,0,0,0,0,0,0,0,0,0,0,0,0,0,0,0,0,0,0,0,0,0,0,0,0,0,0,0,0,0,0,0,0,0,0,0,0,0,0,0,0,0,0,0,0,0,0,0,0,0,0,0,0,0,0,0,0,0,0,0,0,0,0,0,0,0,0,0,0,0,0,0,0,0,0,0,0,0,0,0,0,0,0,0,0,0,0,0
49,0.244615207,0.244448818,0.244050219,0.243971907,0.243923446,0.243650943,0.243139249,0.243170354,0.24073739,0.239161245,0.236151747,0.236082096,0.236676488,0.237118891,0.235909018,0.233032668,0.233000533,0.235209304,0.237399726,0.241925488,0.243941808,0.24644046,0.249129227,0.245743522,0.240097105,0.240437099,0.243314998,0.246980485,0.252696124,0.256755228,0.248724745,0.246903976,0.246178917,0.247311576,0.253143713,0.245216778,0.244379003,0.253177752,0.260292264,0.269880479,0.28507326,0.304434646,0.321011091,0.301998782,0.320364107,0.349543959,0.351218863,0.374212473,0.38415704,0.380919291,0.37084033,0.342671824,0.320059465,0.314990753,0.295688836,0.274040601,0.272921651,0.259667948,0.257547444,0.250761757,0.244745795,0.238972625,0.237790943,0.214792062,0.203364167,0.189898118,0.164587019,0.147251993,0.163209633,0.165434003,0.176541308,0.162079909,0.151207583,0.166941998,0.17248729,0.169566273,0.174405646,0.183277462,0.190997368,0.180514112,0.163914868,0.149481224,0.146244191,0.13577952,0.134151567,0.109858315,0.092031537,0.08871753,0.096891027,0.1059112,0.112384952,0.112843858,0.104948381,0.100651411,0.097574771,0.100246594,0.099971068,0.099860128,0.106114213,0.119242173,0.119717271,0.120615727,0.119049613,0.122834552,0.136437945,0.153276205,0.164056641,0.166687786,0.180567767,0.192168375,0.204845126,0.220455135
51,0,0,0,0,0,0,0,0,0,0,0,0,0,0,0,0,0,0,0,0,0,0,0,0,0,0,0,0,0,0,0,0,0,0,0,0,-0.016728736,-0.034666413,-0.053900394,-0.074524362,-0.096638766,-0.120351317,-0.145777508,-0.173041181,-0.202275122,-0.231484424,-0.23362172,-0.267233649,-0.303274619,-0.341920171,-0.341920171,-0.359628737,-0.377184337,-0.390512021,-0.404089646,-0.413037872,-0.42198914,-0.429355024,-0.434540927,-0.439618092,-0.444386919,-0.448705488,-0.453717054,-0.456837579,-0.457177877,-0.459613003,-0.46365549,-0.466496514,-0.466923312,-0.46685827,-0.46347775,-0.458780346,-0.451994887,-0.448288708,-0.444522219,-0.437617791,-0.429750329,-0.420903231,-0.415061141,-0.407551816,-0.401298475,-0.396387272,-0.393325516,-0.388418137,-0.383568591,-0.380790504,-0.377095071,-0.372680328,-0.367498363,-0.36323806,-0.358578825,-0.352166927,-0.345205472,-0.339082299,-0.333608822,-0.327314804,-0.322105655,-0.318026905,-0.314011531,-0.310175557,-0.306176513,-0.303512804,-0.299886852,-0.296202414,-0.293683684,-0.294330596,-0.295228088,-0.298494646,-0.298494646,-0.298494646,-0.298494646,-0.298494646
53,0,0,0,0,0,0,0,0,0,0,0,0,0,0,0,0,0,0,0,0,0,0,0,0,0,0,0,0,0,0,0,0,0,0,0,0,0,0,0,0,0,0,0,0,0,0,0,0,0,0,0,0,0,0,0,0,0,0,0,0,0,0,0,0,0,0,0,0,0,0,0,0,0,0,0,0,0,0,0,0,0,0,0,0,0,0,0,0,0,0,0,0,0,0,0,0,0,0,0,0,0,0,0,0,0,0,0,0,0,0,0,0
55,0,0,0,0,0,0,0,0,0,0,0,0,0,0,0,0,0,0,0,0,0,0,0,0,0,0,0,0,0,0,0,0,0,0,0,0,0,0,0,0,0,0,0,0,0,0,0,0,0,0,0,0,0,0.001529025,0.007794795,0.014513374,0.021717486,0.028391253,0.02944222,0.037725198,0.037725198,0.03983571,0.041835934,0.04330388,0.04484162,0.045963785,0.046894411,0.047240053,0.04715818,0.046344528,0.044484032,0.041497012,0.037983165,0.029971205,0.025639334,0.02099441,0.01601381,0.010673277,0.004946798,0,0,0,0,0,0,0,0,0,0,0,0,0,0,0,0,0,0,0,0,0,0,0,0,0,0,0,0,0,0,0,0,0
58,0,0,0,0,0,0,0,0,0,0,0,0,0,0,0,0,0,0,0,0,0,0,0,0,0,0,0,0,0,0,0,0,0,0,0,0,0,0,0,0,0,0,0,0,0,0,0,0,0,0,0,0,0,0,0,0,0,0,0,0,0,0,0,0,0,0,0,0,0,0,0,0,0,0,0,0,0,0,0,0,0,0,0,0,0,0,0,0,0,0,0,0,0,0,0,0,0,0,0,0,0,0,0,0,0,0,0,0,0,0,0,0
59,0,0,0,0,0,0,0,0,0,0,0,0,0,0,0,0,0,0,0,0,0,0,0,0,0,0,0,0,0,0,0,0,0,0,0,0,0,0,0,0,0,0,0,0,0,0,0,0,0,0,0,0,0,0.001392498,0.007098794,0.013217469,0.019778323,0.025856186,0.026813311,0.034356699,0.034356699,0.036278763,0.038100386,0.039437258,0.040837693,0.041859659,0.042707189,0.043021969,0.042947406,0.042206406,0.040512034,0.037791726,0.034591632,0.027295064,0.023349987,0.01911981,0.014583931,0.009720255,0.004505096,0,0,0,0,0,0,0,0,0,0,0,0,0,0,0,0,0,0,0,0,0,0,0,0,0,0,0,0,0,0,0,0,0
64,0,0,0,0,0,0,0,0,0,0,0,0,0,0,0,0,0,0,0,0,0,0,0,0,0,0,0,0,0,0,0,0,0,0,0,0,-0.009177757,-0.019018765,-0.029570955,-0.040885722,-0.053018176,-0.066027409,-0.079976784,-0.094934241,-0.110972631,-0.126997504,-0.128170072,-0.146610324,-0.166383202,-0.187585011,-0.187585011,-0.197300324,-0.206931717,-0.214243581,-0.221692568,-0.226601764,-0.231512628,-0.235553716,-0.238398818,-0.241184263,-0.243800548,-0.246169811,-0.248919268,-0.250631257,-0.250817952,-0.252153916,-0.254371715,-0.255930364,-0.256164515,-0.256128831,-0.254274203,-0.251697102,-0.247974448,-0.245941156,-0.243874777,-0.240086854,-0.23577059,-0.230916874,-0.227711774,-0.223591991,-0.220161269,-0.217466874,-0.215787127,-0.213094829,-0.210434261,-0.20891014,-0.206882744,-0.204460717,-0.201617776,-0.199280479,-0.196724319,-0.193206609,-0.1893874,-0.186028091,-0.18302522,-0.179572182,-0.176714327,-0.174476634,-0.17227371,-0.170169209,-0.167975245,-0.166513875,-0.164524597,-0.162503233,-0.161121401,-0.161476312,-0.161968696,-0.163760802,-0.163760802,-0.163760802,-0.163760802,-0.163760802
70,0,0,0,0,0,0,0,0,0,0,0,0,0,0,0,0,0,0,0,0,0,0,0,0,0,0,0,0,0,0,0,0,0,0,0,0,0,0,0,0,0,0,0,0,0,0,0,0,0,0,0,0,0,0,0,0,0,0,0,0,0,0,0,-0.039508278,-0.0847626,-0.133287326,-0.1853188,-0.241110443,-0.293349926,-0.300933994,-0.365080826,-0.365080826,-0.379911702,-0.388128599,-0.389312217,-0.387670119,-0.379425748,-0.368011495,-0.354363165,-0.342214202,-0.325244681,-0.309160626,-0.295739336,-0.284087069,-0.27468373,-0.26399269,-0.254314564,-0.246108451,-0.237932466,-0.229410196,-0.220062177,-0.211436087,-0.203364477,-0.195648277,-0.188915411,-0.1851431,-0.182056373,-0.178889999,-0.176910176,-0.174870621,-0.173682561,-0.172232974,-0.170413344,-0.168842528,-0.166932984,-0.164989482,-0.163014013,-0.162604799,-0.162604799,-0.162604799,-0.162604799,-0.162604799
71,0,0,0,0,0,0,0,0,0,0,0,0,0,0,0,0,0,0,0,0,0,0,0,0,0,0,0,0,0,0,0,0,0,0,0,0,0,0,0,0,0,0,0,0,0,0,0,0,0,0,0,0,0,0,0,0,0,0,0,0,0,0,0,0,0,0,0,0,0,0,0,0,0,0,0,0,0,0,0,0,0,0,0,0,0,0,0,0,0,0,0,0,0,0,0,0,0,0,0,0,0,0,0,0,0,0,0,0,0,0,0,0
73,0,0,0,0,0,0,0,0,0,0,0,0,0,0,0,0,0,0,0,0,0,0,0,0,0,0,0,0,0,0,0,0,0,0,0,0,0,0,0,0,0,0,0,0,0,0,0,0,0,0,0,0,0,0.002338472,0.011921261,0.022196572,0.033214451,0.043421227,0.045028562,0.057696445,0.057696445,0.060924235,0.063983353,0.066228411,0.068580211,0.070296437,0.071719724,0.072248345,0.072123129,0.07087874,0.068033321,0.06346501,0.058090976,0.045837586,0.039212476,0.032108587,0.024491321,0.016323576,0.00756557,0,0,0,0,0,0,0,0,0,0,0,0,0,0,0,0,0,0,0,0,0,0,0,0,0,0,0,0,0,0,0,0,0
77,0.244615207,0.244448818,0.244050219,0.243971907,0.243923446,0.243650943,0.243139249,0.243170354,0.24073739,0.239161245,0.236151747,0.236082096,0.236676488,0.237118891,0.235909018,0.233032668,0.233000533,0.235209304,0.237399726,0.241925488,0.243941808,0.24644046,0.249129227,0.245743522,0.240097105,0.240437099,0.243314998,0.246980485,0.252696124,0.256755228,0.248724745,0.246903976,0.246178917,0.247311576,0.253143713,0.245216778,0.244379003,0.253177752,0.260292264,0.269880479,0.28507326,0.304434646,0.321011091,0.301998782,0.320364107,0.349543959,0.351218863,0.374212473,0.38415704,0.380919291,0.37084033,0.342671824,0.320059465,0.314990753,0.295688836,0.274040601,0.272921651,0.259667948,0.257547444,0.250761757,0.244745795,0.238972625,0.237790943,0.214792062,0.203364167,0.189898118,0.164587019,0.147251993,0.163209633,0.165434003,0.176541308,0.162079909,0.151207583,0.166941998,0.17248729,0.169566273,0.174405646,0.183277462,0.190997368,0.180514112,0.163914868,0.149481224,0.146244191,0.13577952,0.134151567,0.109858315,0.092031537,0.08871753,0.096891027,0.1059112,0.112384952,0.112843858,0.104948381,0.100651411,0.097574771,0.100246594,0.099971068,0.099860128,0.106114213,0.119242173,0.119717271,0.120615727,0.119049613,0.122834552,0.136437945,0.153276205,0.164056641,0.166687786,0.180567767,0.192168375,0.204845126,0.220455135
80,0,0,0,0,0,0,0,0,0,0,0,0,0,0,0,0,0,0,0,0,0,0,0,0,0,0,0,0,0,0,0,0,0,0,0,0,0,0,0,0,0,0,0,0,0,0,0,0,0,0,0,0,0,0,0,0,0,0,0,0,0,0,0,0.015727316,0.033741997,0.053058548,0.073771054,0.095980394,0.116775704,0.119794742,0.145330087,0.145330087,0.164493819,0.183515451,0.301619359,0.321639035,0.340853412,0.358111136,0.373624887,0.391111266,0.384853966,0.374388528,0.364524613,0.355126634,0.34902837,0.344010306,0.337451274,0.331121613,0.325296691,0.318972551,0.311072846,0.305544082,0.300732834,0.294528899,0.2880452,0.281859751,0.277550112,0.272766342,0.268556162,0.264482706,0.26199195,0.259674284,0.257403339,0.256732727,0.254168093,0.2510954,0.248013172,0.246624399,0.246624399,0.246624399,0.246624399,0.246624399
84,0,0,0,0,0,0,0,0,0,0,0,0,0,0,0,0,0,0,0,0,0,0,0,0,0,0,0,0,0,0,0,0,0,0,0,0,-0.005420335,-0.011232382,-0.01746445,-0.024146892,-0.031312255,-0.038995439,-0.047233866,-0.056067662,-0.06553985,-0.075004055,-0.075696568,-0.086587284,-0.098265041,-0.110786717,-0.110786717,-0.11652453,-0.12221278,-0.126531128,-0.13093046,-0.133829806,-0.136730136,-0.139116782,-0.140797083,-0.142442153,-0.143987317,-0.145386591,-0.147010406,-0.148021498,-0.148131758,-0.148920772,-0.150230592,-0.151151122,-0.15128941,-0.151268336,-0.150173002,-0.14865098,-0.1464524,-0.145251549,-0.144031156,-0.141794029,-0.139244866,-0.136378287,-0.134485372,-0.13205225,-0.130026083,-0.128434788,-0.127442738,-0.125852681,-0.124281364,-0.123381226,-0.122183856,-0.12075342,-0.119074394,-0.117693999,-0.116184344,-0.114106803,-0.111851199,-0.109867209,-0.108093729,-0.106054383,-0.104366548,-0.103044979,-0.101743944,-0.100501037,-0.099205293,-0.098342216,-0.097167359,-0.095973551,-0.095157449,-0.095367057,-0.095657857,-0.096716265,-0.096716265,-0.096716265,-0.096716265,-0.096716265
86,0,0,0,0,0,0,0,0,0,0,0,0,0,0,0,0,0,0,0,0,0,0,0,0,0,0,0,0,0,0,0,0,0,0,0,0,0,0,0,0,0,0,0,0,0,0,0,0,0,0,0,0,0,0,0,0,0,0,0,0,0,0,0,0.015727316,0.033741997,0.053058548,0.073771054,0.095980394,0.116775704,0.119794742,0.145330087,0.145330087,0.164493819,0.183515451,0.236521738,0.254809931,0.272990744,0.289697913,0.30503591,0.322019412,0.317950478,0.309986458,0.302316409,0.294901725,0.290263978,0.286725982,0.281696769,0.276736627,0.272230831,0.267305478,0.261030805,0.256835671,0.25323821,0.248345791,0.243107319,0.237860062,0.234247288,0.230212558,0.226585583,0.223088077,0.220943928,0.218981203,0.21709566,0.216636229,0.214493139,0.211893058,0.209287352,0.20806798,0.20806798,0.20806798,0.20806798,0.20806798
89,0,0,0,0,0,0,0,0,0,0,0,0,0,0,0,0,0,0,0,0,0,0,0,0,0,0,0,0,0,0,0,0,0,0,0,0,0,0,0,0,0,0,0,0,0,0,0,0,0,0,0,0,0,0.007152178,0.036460974,0.067887836,0.101585832,0.13280308,0.137719086,0.17646359,0.17646359,0.186335732,0.19569199,0.202558463,0.209751403,0.215000451,0.219353549,0.220970327,0.220587356,0.216781416,0.208078749,0.194106648,0.177670257,0.140193472,0.119930686,0.098203565,0.074906286,0.049925377,0.023139167,0,0,0,0,0,0,0,0,0,0,0,0,0,0,0,0,0,0,0,0,0,0,0,0,0,0,0,0,0,0,0,0,0
91,0,0,0,0,0,0,0,0,0,0,0,0,0,0,0,0,0,0,0,0,0,0,0,0,0,0,0,0,0,0,0,0,0,0,0,0,-0.008145257,-0.01687915,-0.026244215,-0.036286069,-0.047053619,-0.05859931,-0.070979377,-0.084254117,-0.098488184,-0.112710255,-0.113750909,-0.130116628,-0.147665052,-0.166481653,-0.166481653,-0.175103992,-0.18365185,-0.190141127,-0.196752102,-0.201109012,-0.205467403,-0.209053868,-0.211578895,-0.214050977,-0.216372929,-0.218475649,-0.220915792,-0.222435182,-0.222600873,-0.223786541,-0.225754837,-0.227138138,-0.227345947,-0.227314277,-0.225668295,-0.223381119,-0.220077265,-0.218272718,-0.216438807,-0.213077026,-0.209246343,-0.204938672,-0.202094146,-0.19843784,-0.195393075,-0.1930018,-0.191511024,-0.189121611,-0.186760357,-0.1854077,-0.183608386,-0.181458838,-0.178935729,-0.176861378,-0.174592787,-0.17147082,-0.168081273,-0.165099887,-0.16243484,-0.159370269,-0.156833923,-0.154847971,-0.152892878,-0.151025133,-0.149077991,-0.147781025,-0.146015541,-0.144221581,-0.142995206,-0.143310189,-0.143747179,-0.145337674,-0.145337674,-0.145337674,-0.145337674,-0.145337674
94,0,0,0,0,0,0,0,0,0,0,0,0,0,0,0,0,0,0,0,0,0,0,0,0,0,0,0,0,0,0,0,0,0,0,0,0,0,0,0,0,0,0,0,0,0,0,0,0,0,0,0,0,0,0.007125865,0.036326837,0.067638082,0.101212105,0.132314508,0.137212429,0.175814395,0.175814395,0.185650218,0.194972055,0.201813267,0.208979745,0.214209481,0.218546565,0.220157394,0.219775833,0.215983894,0.207313244,0.193392545,0.177016623,0.139677711,0.119489471,0.097842282,0.074630712,0.049741706,0.02305404,0,0,0,0,0,0,0,0,0,0,0,0,0,0,0,0,0,0,0,0,0,0,0,0,0,0,0,0,0,0,0,0,0
95,0,0,0,0,0,0,0,0,0,0,0,0,0,0,0,0,0,0,0,0,0,0,0,0,0,0,0,0,0,0,0,0,0,0,0,0,0,0,0,0,0,0,0,0,0,0,0,0,0,0,0,0,0,0,0,0,0,0,0,0,0,0,0,0.015727316,0.033741997,0.053058548,0.073771054,0.095980394,0.116775704,0.119794742,0.145330087,0.145330087,0.164493819,0.183515451,0.301619359,0.321639035,0.340853412,0.358111136,0.373624887,0.391111266,0.384853966,0.374388528,0.364524613,0.355126634,0.34902837,0.344010306,0.337451274,0.331121613,0.325296691,0.318972551,0.311072846,0.305544082,0.300732834,0.294528899,0.2880452,0.281859751,0.277550112,0.272766342,0.268556162,0.264482706,0.26199195,0.259674284,0.257403339,0.256732727,0.254168093,0.2510954,0.248013172,0.246624399,0.246624399,0.246624399,0.246624399,0.246624399
96,0,0,0,0,0,0,0,0,0,0,0,0,0,0,0,0,0,0,0,0,0,0,0,0,0,0,0,0,0,0,0,0,0,0,0,0,0,0,0,0,0,0,0,0,0,0,0,0,0,0,0,0,0,0,0,0,0,0,0,0,0,0,0,0.015727316,0.033741997,0.053058548,0.073771054,0.095980394,0.116775704,0.119794742,0.145330087,0.145330087,0.164493819,0.183515451,0.301619359,0.321639035,0.340853412,0.358111136,0.373624887,0.391111266,0.384853966,0.374388528,0.364524613,0.355126634,0.34902837,0.344010306,0.337451274,0.331121613,0.325296691,0.318972551,0.311072846,0.305544082,0.300732834,0.294528899,0.2880452,0.281859751,0.277550112,0.272766342,0.268556162,0.264482706,0.26199195,0.259674284,0.257403339,0.256732727,0.254168093,0.2510954,0.248013172,0.246624399,0.246624399,0.246624399,0.246624399,0.246624399
97,0,0,0,0,0,0,0,0,0,0,0,0,0,0,0,0,0,0,0,0,0,0,0,0,0,0,0,0,0,0,0,0,0,0,0,0,0,0,0,0,0,0,0,0,0,0,0,0,0,0,0,0,0,0,0,0,0,0,0,0,0,0,0,0,0,0,0,0,0,0,0,0,0,0,0,0,0,0,0,0,0,0,0,0,0,0,0,0,0,0,0,0,0,0,0,0,0,0,0,0,0,0,0,0,0,0,0,0,0,0,0,0
98,0,0,0,0,0,0,0,0,0,0,0,0,0,0,0,0,0,0,0,0,0,0,0,0,0,0,0,0,0,0,0,0,0,0,0,0,-0.008779195,-0.01819284,-0.028286781,-0.039110184,-0.050715763,-0.063160046,-0.076503642,-0.090811544,-0.106153437,-0.1214824,-0.122604047,-0.140243497,-0.1591577,-0.179438781,-0.179438781,-0.188732189,-0.197945321,-0.204939653,-0.212065154,-0.216761159,-0.22145876,-0.225324356,-0.228045904,-0.230710386,-0.233213054,-0.235479427,-0.238109483,-0.239747127,-0.239925714,-0.241203661,-0.243325148,-0.24481611,-0.245040092,-0.245005958,-0.24323187,-0.240766686,-0.237205695,-0.235260702,-0.233284059,-0.229660634,-0.225531811,-0.220888878,-0.217822965,-0.213882092,-0.210600355,-0.208022969,-0.206416168,-0.203840788,-0.20129576,-0.199837827,-0.197898474,-0.195581629,-0.192862148,-0.190626352,-0.188181198,-0.184816251,-0.181162899,-0.177949474,-0.175077008,-0.171773924,-0.169040177,-0.16689966,-0.164792403,-0.162779294,-0.160680606,-0.159282699,-0.157379809,-0.155446226,-0.154124403,-0.154463901,-0.154934902,-0.156649184,-0.156649184,-0.156649184,-0.156649184,-0.156649184
102,0,0,0,0,0,0,0,0,0,0,0,0,0,0,0,0,0,0,0,0,0,0,0,0,0,0,0,0,0,0,0,0,0,0,0,0,0,0,0,0,0,0,0,0,0,0,0,0,0,0,0,0,0,0,0,0,0,0,0,0,0,0,0,0.01010995,0.02169028,0.034107489,0.047422055,0.061698828,0.075066622,0.077007343,0.093422162,0.093422162,0.1091287,0.12538022,0.141404623,0.157162866,0.173833494,0.189736221,0.204817414,0.221066141,0.220194728,0.215885645,0.211421154,0.206904353,0.204400635,0.203025233,0.200231309,0.197272234,0.194693873,0.191812352,0.187912087,0.185665582,0.18384164,0.180865536,0.177446523,0.173570102,0.170975548,0.168035275,0.165260447,0.162604489,0.160966785,0.159522678,0.158200264,0.1580494,0.156522248,0.154612722,0.152703283,0.151731431,0.151731431,0.151731431,0.151731431,0.151731431
103,0,0,0,0,0,0,0,0,0,0,0,0,0,0,0,0,0,0,0,0,0,0,0,0,0,0,0,0,0,0,0,0,0,0,0,0,0,0,0,0,0,0,0,0,0,0,0,0,0,0,0,0,0,0,0,0,0,0,0,0,0,0,0,0,0,0,0,0,0,0,0,0,0,0,0,0,0,0,0,0,0,0,0,0,0,0,0,0,0,0,0,0,0,0,0,0,0,0,0,0,0,0,0,0,0,0,0,0,0,0,0,0
106,0,0,0,0,0,0,0,0,0,0,0,0,0,0,0,0,0,0,0,0,0,0,0,0,0,0,0,0,0,0,0,0,0,0,0,0,0,0,0,0,0,0,0,0,0,0,0,0,0,0,0,0,0,0,0,0,0,0,0,0,0,0,0,0.015727316,0.033741997,0.053058548,0.073771054,0.095980394,0.116775704,0.119794742,0.145330087,0.145330087,0.164493819,0.183515451,0.301619359,0.321639035,0.340853412,0.358111136,0.373624887,0.391111266,0.384853966,0.374388528,0.364524613,0.355126634,0.34902837,0.344010306,0.337451274,0.331121613,0.325296691,0.318972551,0.311072846,0.305544082,0.300732834,0.294528899,0.2880452,0.281859751,0.277550112,0.272766342,0.268556162,0.264482706,0.26199195,0.259674284,0.257403339,0.256732727,0.254168093,0.2510954,0.248013172,0.246624399,0.246624399,0.246624399,0.246624399,0.246624399
107,0,0,0,0,0,0,0,0,0,0,0,0,0,0,0,0,0,0,0,0,0,0,0,0,0,0,0,0,0,0,0,0,0,0,0,0,0,0,0,0,0,0,0,0,0,0,0,0,0,0,0,0,0,0,0,0,0,0,0,0,0,0,0,0.015727316,0.033741997,0.053058548,0.073771054,0.095980394,0.116775704,0.119794742,0.145330087,0.145330087,0.164493819,0.183515451,0.301619359,0.321639035,0.340853412,0.358111136,0.373624887,0.391111266,0.384853966,0.374388528,0.364524613,0.355126634,0.34902837,0.344010306,0.337451274,0.331121613,0.325296691,0.318972551,0.311072846,0.305544082,0.300732834,0.294528899,0.2880452,0.281859751,0.277550112,0.272766342,0.268556162,0.264482706,0.26199195,0.259674284,0.257403339,0.256732727,0.254168093,0.2510954,0.248013172,0.246624399,0.246624399,0.246624399,0.246624399,0.246624399
109,0,0,0,0,0,0,0,0,0,0,0,0,0,0,0,0,0,0,0,0,0,0,0,0,0,0,0,0,0,0,0,0,0,0,0,0,0,0,0,0,0,0,0,0,0,0,0,0,0,0,0,0,0,0,0,0,0,0,0,0,0,0,0,0,0,0,0,0,0,0,0,0,0,0,0,0,0,0,0,0,0,0,0,0,0,0,0,0,0,0,0,0,0,0,0,0,0,0,0,0,0,0,0,0,0,0,0,0,0,0,0,0
110,0,0,0,0,0,0,0,0,0,0,0,0,0,0,0,0,0,0,0,0,0,0,0,0,0,0,0,0,0,0,0,0,0,0,0,0,0,0,0,0,0,0,0,0,0,0,0,0,0,0,0,0,0,0,0,0,0,0,0,0,0,0,0,0,0,0,0,0,0,0,0,0,0,0,0,0,0,0,0,0,0,0,0,0,0,0,0,0,0,0,0,0,0,0,0,0,0,0,0,0,0,0,0,0,0,0,0,0,0,0,0,0
113,0,0,0,0,0,0,0,0,0,0,0,0,0,0,0,0,0,0,0,0,0,0,0,0,0,0,0,0,0,0,0,0,0,0,0,0,0,0,0,0,0,0,0,0,0,0,0,0,0,0,0,0,0,0.002644102,0.013479326,0.025097582,0.037555458,0.049096222,0.050913629,0.065237158,0.065237158,0.068886809,0.072345742,0.074884221,0.077543393,0.079483923,0.081093228,0.081690938,0.081549356,0.080142331,0.076925026,0.071759654,0.065683253,0.051828389,0.044337402,0.036305062,0.027692246,0.018457007,0.008554362,0,0,0,0,0,0,0,0,0,0,0,0,0,0,0,0,0,0,0,0,0,0,0,0,0,0,0,0,0,0,0,0,0
115,0,0,0,0,0,0,0,0,0,0,0,0,0,0,0,0,0,0,0,0,0,0,0,0,0,0,0,0,0,0,0,0,0,0,0,0,0,0,0,0,0,0,0,0,0,0,0,0,0,0,0,0,0,1.98E-05,0.000100769,0.000187625,0.000280758,0.000367035,0.000380621,0.000487702,0.000487702,0.000514986,0.000540844,0.000559821,0.000579701,0.000594208,0.000606239,0.000610707,0.000609649,0.00059913,0.000575078,0.000536463,0.000491036,0.00038746,0.000331459,0.00027141,0.000207022,0.000137981,6.40E-05,0,0,0,0,0,0,0,0,0,0,0,0,0,0,0,0,0,0,0,0,0,0,0,0,0,0,0,0,0,0,0,0,0
118,0,0,0,0,0,0,0,0,0,0,0,0,0,0,0,0,0,0,0,0,0,0,0,0,0,0,0,0,0,0,0,0,0,0,0,0,0,0,0,0,0,0,0,0,0,0,0,0,0,0,0,0,0,0,0,0,0,0,0,0,0,0,0,-0.021538301,-0.04620911,-0.07266281,-0.101028246,-0.131443573,-0.159922407,-0.164056931,-0.199027166,-0.199027166,-0.202798465,-0.202153761,-0.197105239,-0.19035077,-0.179054705,-0.166014884,-0.151847622,-0.138213869,-0.127705707,-0.119007329,-0.11206364,-0.106267241,-0.101176219,-0.09485522,-0.089694032,-0.085531558,-0.081250419,-0.076858201,-0.072308244,-0.067619826,-0.063132037,-0.059288213,-0.056232001,-0.055229792,-0.054200625,-0.053245864,-0.052988008,-0.052649003,-0.052484336,-0.052082742,-0.05140105,-0.050453767,-0.049788873,-0.049240802,-0.04867231,-0.04876327,-0.04876327,-0.04876327,-0.04876327,-0.04876327
119,0,0,0,0,0,0,0,0,0,0,0,0,0,0,0,0,0,0,0,0,0,0,0,0,0,0,0,0,0,0,0,0,0,0,0,0,0,0,0,0,0,0,0,0,0,0,0,0,0,0,0,0,0,7.94E-05,0.00040471,0.000753542,0.001127584,0.001474089,0.001528656,0.001958713,0.001958713,0.002068292,0.002172145,0.002248361,0.002328202,0.002386465,0.002434784,0.00245273,0.002448479,0.002406233,0.002309635,0.002154548,0.001972107,0.001556121,0.001331208,0.001090041,0.000831446,0.000554162,0.00025684,0,0,0,0,0,0,0,0,0,0,0,0,0,0,0,0,0,0,0,0,0,0,0,0,0,0,0,0,0,0,0,0,0
121,0,0,0,0,0,0,0,0,0,0,0,0,0,0,0,0,0,0,0,0,0,0,0,0,0,0,0,0,0,0,0,0,0,0,0,0,0,0,0,0,0,0,0,0,0,0,0,0,0,0,0,0,0,0.000433988,0.002212423,0.00411938,0.006164147,0.008058385,0.008356685,0.01070767,0.01070767,0.011306704,0.011874434,0.012291086,0.012727548,0.013046056,0.013310199,0.013408304,0.013385065,0.013154124,0.012626053,0.011778237,0.01078089,0.008506828,0.007277299,0.005958914,0.004545254,0.003029432,0.001404066,0,0,0,0,0,0,0,0,0,0,0,0,0,0,0,0,0,0,0,0,0,0,0,0,0,0,0,0,0,0,0,0,0
124,0,0,0,0,0,0,0,0,0,0,0,0,0,0,0,0,0,0,0,0,0,0,0,0,0,0,0,0,0,0,0,0,0,0,0,0,0,0,0,0,0,0,0,0,0,0,0,0,0,0,0,0,0,0,0,0,0,0,0,0,0,0,0,0.015727316,0.033741997,0.053058548,0.073771054,0.095980394,0.116775704,0.119794742,0.145330087,0.145330087,0.164493819,0.183515451,0.301619359,0.321639035,0.340853412,0.358111136,0.373624887,0.391111266,0.384853966,0.374388528,0.364524613,0.355126634,0.34902837,0.344010306,0.337451274,0.331121613,0.325296691,0.318972551,0.311072846,0.305544082,0.300732834,0.294528899,0.2880452,0.281859751,0.277550112,0.272766342,0.268556162,0.264482706,0.26199195,0.259674284,0.257403339,0.256732727,0.254168093,0.2510954,0.248013172,0.246624399,0.246624399,0.246624399,0.246624399,0.246624399
127,0,0,0,0,0,0,0,0,0,0,0,0,0,0,0,0,0,0,0,0,0,0,0,0,0,0,0,0,0,0,0,0,0,0,0,0,0,0,0,0,0,0,0,0,0,0,0,0,0,0,0,0,0,0.007672658,0.039114324,0.072828191,0.108978468,0.142467468,0.147741223,0.189305255,0.189305255,0.199895815,0.20993295,0.217299112,0.225015499,0.230646532,0.235316415,0.23705085,0.236640009,0.232557102,0.223221122,0.208232239,0.190599734,0.150395675,0.12865832,0.105350067,0.08035739,0.053558563,0.024823058,0,0,0,0,0,0,0,0,0,0,0,0,0,0,0,0,0,0,0,0,0,0,0,0,0,0,0,0,0,0,0,0,0
130,0,0,0,0,0,0,0,0,0,0,0,0,0,0,0,0,0,0,0,0,0,0,0,0,0,0,0,0,0,0,0,0,0,0,0,0,-0.010132091,-0.020996401,-0.032645843,-0.045137159,-0.058531187,-0.072893164,-0.088293042,-0.104805827,-0.122511944,-0.140203137,-0.141497633,-0.161855365,-0.183684294,-0.207090739,-0.207090739,-0.217816284,-0.228449182,-0.236521358,-0.244744916,-0.250164587,-0.2555861,-0.260047394,-0.263188339,-0.266263425,-0.26915176,-0.271767387,-0.274802741,-0.27669275,-0.276898857,-0.27837374,-0.280822152,-0.282542875,-0.282801374,-0.282761979,-0.280714501,-0.277869425,-0.273759677,-0.271514956,-0.269233707,-0.265051903,-0.260286819,-0.254928398,-0.25139002,-0.246841849,-0.243054388,-0.240079821,-0.238225407,-0.235253156,-0.232315932,-0.230633328,-0.228395116,-0.225721239,-0.22258268,-0.220002342,-0.217180384,-0.213296891,-0.209080547,-0.205371926,-0.202056806,-0.198244709,-0.195089684,-0.192619308,-0.190187318,-0.187863984,-0.185441884,-0.183828555,-0.181632425,-0.179400872,-0.177875354,-0.178267169,-0.178810752,-0.180789209,-0.180789209,-0.180789209,-0.180789209,-0.180789209
131,0,0,0,0,0,0,0,0,0,0,0,0,0,0,0,0,0,0,0,0,0,0,0,0,0,0,0,0,0,0,0,0,0,0,0,0,0,0,0,0,0,0,0,0,0,0,0,0,0,0,0,0,0,0.000181105,0.000923251,0.00171903,0.002572318,0.00336279,0.003487271,0.004468345,0.004468345,0.004718323,0.004955239,0.005129109,0.005311246,0.00544416,0.005554388,0.005595327,0.00558563,0.005489257,0.005268892,0.004915095,0.004498899,0.003549926,0.00303684,0.002486674,0.001896749,0.001264192,0.000585921,0,0,0,0,0,0,0,0,0,0,0,0,0,0,0,0,0,0,0,0,0,0,0,0,0,0,0,0,0,0,0,0,0
132,0,0,0,0,0,0,0,0,0,0,0,0,0,0,0,0,0,0,0,0,0,0,0,0,0,0,0,0,0,0,0,0,0,0,0,0,0,0,0,0,0,0,0,0,0,0,0,0,0,0,0,0,0,0,0,0,0,0,0,0,0,0,0,0,0,0,0,0,0,0,0,0,0,0,0,0,0,0,0,0,0,0,0,0,0,0,0,0,0,0,0,0,0,0,0,0,0,0,0,0,0,0,0,0,0,0,0,0,0,0,0,0
133,0,0,0,0,0,0,0,0,0,0,0,0,0,0,0,0,0,0,0,0,0,0,0,0,0,0,0,0,0,0,0,0,0,0,0,0,-0.011011283,-0.022818322,-0.035478621,-0.049053846,-0.063610113,-0.079218323,-0.095954494,-0.113900142,-0.133142672,-0.152368984,-0.153775806,-0.17590004,-0.199623131,-0.225060624,-0.225060624,-0.236716856,-0.248272402,-0.257045025,-0.265982166,-0.271872118,-0.277764072,-0.282612486,-0.28602598,-0.2893679,-0.292506865,-0.295349457,-0.298648199,-0.300702209,-0.300926201,-0.302529063,-0.305189932,-0.307059967,-0.307340897,-0.307298084,-0.305072939,-0.301980988,-0.297514624,-0.295075122,-0.292595923,-0.288051251,-0.282872686,-0.277049299,-0.273203886,-0.268261056,-0.264144946,-0.260912266,-0.25889694,-0.255666777,-0.252474682,-0.250646074,-0.248213645,-0.245307748,-0.241896846,-0.239092605,-0.236025777,-0.231805301,-0.227223093,-0.223192664,-0.219589881,-0.215446997,-0.212018201,-0.209333463,-0.206690442,-0.204165505,-0.201533232,-0.19977991,-0.197393215,-0.194968024,-0.193310131,-0.193735945,-0.194326697,-0.19647683,-0.19647683,-0.19647683,-0.19647683,-0.19647683
136,0,0,0,0,0,0,0,0,0,0,0,0,0,0,0,0,0,0,0,0,0,0,0,0,0,0,0,0,0,0,0,0,0,0,0,0,0,0,0,0,0,0,0,0,0,0,0,0,0,0,0,0,0,0,0,0,0,0,0,0,0,0,0,0.015727316,0.033741997,0.053058548,0.073771054,0.095980394,0.116775704,0.119794742,0.145330087,0.145330087,0.164493819,0.183515451,0.301619359,0.321639035,0.340853412,0.358111136,0.373624887,0.391111266,0.384853966,0.374388528,0.364524613,0.355126634,0.34902837,0.344010306,0.337451274,0.331121613,0.325296691,0.318972551,0.311072846,0.305544082,0.300732834,0.294528899,0.2880452,0.281859751,0.277550112,0.272766342,0.268556162,0.264482706,0.26199195,0.259674284,0.257403339,0.256732727,0.254168093,0.2510954,0.248013172,0.246624399,0.246624399,0.246624399,0.246624399,0.246624399
137,0,0,0,0,0,0,0,0,0,0,0,0,0,0,0,0,0,0,0,0,0,0,0,0,0,0,0,0,0,0,0,0,0,0,0,0,0,0,0,0,0,0,0,0,0,0,0,0,0,0,0,0,0,0,0,0,0,0,0,0,0,0,0,0,0,0,0,0,0,0,0,0,0,0,0,0,0,0,0,0,0,0,0,0,0,0,0,0,0,0,0,0,0,0,0,0,0,0,0,0,0,0,0,0,0,0,0,0,0,0,0,0
138,0,0,0,0,0,0,0,0,0,0,0,0,0,0,0,0,0,0,0,0,0,0,0,0,0,0,0,0,0,0,0,0,0,0,0,0,0,0,0,0,0,0,0,0,0,0,0,0,0,0,0,0,0,0,0,0,0,0,0,0,0,0,0,0,0,0,0,0,0,0,0,0,0,0,0,0,0,0,0,0,0,0,0,0,0,0,0,0,0,0,0,0,0,0,0,0,0,0,0,0,0,0,0,0,0,0,0,0,0,0,0,0
140,0,0,0,0,0,0,0,0,0,0,0,0,0,0,0,0,0,0,0,0,0,0,0,0,0,0,0,0,0,0,0,0,0,0,0,0,0,0,0,0,0,0,0,0,0,0,0,0,0,0,0,0,0,0,0,0,0,0,0,0,0,0,0,0,0,0,0,0,0,0,0,0,0,0,0,0,0,0,0,0,0,0,0,0,0,0,0,0,0,0,0,0,0,0,0,0,0,0,0,0,0,0,0,0,0,0,0,0,0,0,0,0
143,0,0,0,0,0,0,0,0,0,0,0,0,0,0,0,0,0,0,0,0,0,0,0,0,0,0,0,0,0,0,0,0,0,0,0,0,0,0,0,0,0,0,0,0,0,0,0,0,0,0,0,0,0,0.005626697,0.028684252,0.053408113,0.079918699,0.104477655,0.108345131,0.138825862,0.138825862,0.146592385,0.153953057,0.159354987,0.165013753,0.169143237,0.172567868,0.173839804,0.173538517,0.170544342,0.163697858,0.152705851,0.13977516,0.110291757,0.0943508,0.077257833,0.058929605,0.039276847,0.018203839,0,0,0,0,0,0,0,0,0,0,0,0,0,0,0,0,0,0,0,0,0,0,0,0,0,0,0,0,0,0,0,0,0
144,0,0,0,0,0,0,0,0,0,0,0,0,0,0,0,0,0,0,0,0,0,0,0,0,0,0,0,0,0,0,0,0,0,0,0,0,0,0,0,0,0,0,0,0,0,0,0,0,0,0,0,0,0,0,0,0,0,0,0,0,0,0,0,0,0,0,0,0,0,0,0,0,0,0,0,0,0,0,0,0,0,0,0,0,0,0,0,0,0,0,0,0,0,0,0,0,0,0,0,0,0,0,0,0,0,0,0,0,0,0,0,0
145,0,0,0,0,0,0,0,0,0,0,0,0,0,0,0,0,0,0,0,0,0,0,0,0,0,0,0,0,0,0,0,0,0,0,0,0,0,0,0,0,0,0,0,0,0,0,0,0,0,0,0,0,0,0.002934204,0.014958233,0.027851205,0.041675917,0.054482895,0.056499703,0.072394761,0.072394761,0.07644484,0.080283275,0.083100268,0.086051195,0.088204633,0.089990506,0.090653794,0.09049668,0.08893528,0.085364983,0.079632883,0.0728898,0.057514827,0.049201954,0.040288332,0.030730547,0.020482048,0.009492919,0,0,0,0,0,0,0,0,0,0,0,0,0,0,0,0,0,0,0,0,0,0,0,0,0,0,0,0,0,0,0,0,0
146,0,0,0,0,0,0,0,0,0,0,0,0,0,0,0,0,0,0,0,0,0,0,0,0,0,0,0,0,0,0,0,0,0,0,0,0,0,0,0,0,0,0,0,0,0,0,0,0,0,0,0,0,0,0,0,0,0,0,0,0,0,0,0,0,0,0,0,0,0,0,0,0,0,0,0,0,0,0,0,0,0,0,0,0,0,0,0,0,0,0,0,0,0,0,0,0,0,0,0,0,0,0,0,0,0,0,0,0,0,0,0,0
147,0,0,0,0,0,0,0,0,0,0,0,0,0,0,0,0,0,0,0,0,0,0,0,0,0,0,0,0,0,0,0,0,0,0,0,0,0,0,0,0,0,0,0,0,0,0,0,0,0,0,0,0,0,0,0,0,0,0,0,0,0,0,0,0,0,0,0,0,0,0,0,0,0,0,0,0,0,0,0,0,0,0,0,0,0,0,0,0,0,0,0,0,0,0,0,0,0,0,0,0,0,0,0,0,0,0,0,0,0,0,0,0
149,0,0,0,0,0,0,0,0,0,0,0,0,0,0,0,0,0,0,0,0,0,0,0,0,0,0,0,0,0,0,0,0,0,0,0,0,0,0,0,0,0,0,0,0,0,0,0,0,0,0,0,0,0,0,0,0,0,0,0,0,0,0,0,0,0,0,0,0,0,0,0,0,0,0,0,0,0,0,0,0,0,0,0,0,0,0,0,0,0,0,0,0,0,0,0,0,0,0,0,0,0,0,0,0,0,0,0,0,0,0,0,0
150,0,0,0,0,0,0,0,0,0,0,0,0,0,0,0,0,0,0,0,0,0,0,0,0,0,0,0,0,0,0,0,0,0,0,0,0,-0.003946911,-0.008179054,-0.012717042,-0.017582979,-0.022800562,-0.028395207,-0.03439416,-0.040826642,-0.04772398,-0.054615506,-0.055119771,-0.063050035,-0.071553396,-0.080671273,-0.080671273,-0.084849361,-0.088991358,-0.092135839,-0.095339289,-0.097450498,-0.099562424,-0.101300301,-0.102523842,-0.103721728,-0.104846866,-0.105865772,-0.10704818,-0.107784425,-0.107864713,-0.108439247,-0.109393015,-0.110063315,-0.110164012,-0.110148666,-0.10935108,-0.108242793,-0.106641859,-0.105767438,-0.104878788,-0.103249785,-0.101393568,-0.099306219,-0.097927859,-0.09615614,-0.094680751,-0.093522022,-0.092799643,-0.091641816,-0.090497634,-0.089842183,-0.088970297,-0.087928701,-0.086706089,-0.08570093,-0.084601649,-0.083088851,-0.081446393,-0.080001717,-0.078710326,-0.077225341,-0.075996315,-0.075033991,-0.07408662,-0.073181576,-0.072238057,-0.071609593,-0.0707541,-0.069884809,-0.069290549,-0.069443179,-0.06965493,-0.070425629,-0.070425629,-0.070425629,-0.070425629,-0.070425629
151,0,0,0,0,0,0,0,0,0,0,0,0,0,0,0,0,0,0,0,0,0,0,0,0,0,0,0,0,0,0,0,0,0,0,0,0,0,0,0,0,0,0,0,0,0,0,0,0,0,0,0,0,0,0,0,0,0,0,0,0,0,0,0,-0.002867468,-0.006151977,-0.009673848,-0.013450236,-0.017499532,-0.021291016,-0.02184146,-0.026497167,-0.026497167,-0.018777548,-0.008925629,0.002598096,0.014664327,0.029131107,0.043859894,0.058566328,0.073742781,0.077537581,0.078562229,0.078775681,0.078487824,0.079098342,0.080878862,0.081346945,0.081308073,0.081542462,0.081643549,0.081208311,0.081805483,0.082569677,0.082390096,0.081626259,0.079750328,0.078641687,0.07729858,0.075767308,0.07433944,0.073440801,0.072753527,0.0722529,0.072552333,0.071924033,0.071022248,0.070128889,0.069518249,0.069518249,0.069518249,0.069518249,0.069518249
154,0,0,0,0,0,0,0,0,0,0,0,0,0,0,0,0,0,0,0,0,0,0,0,0,0,0,0,0,0,0,0,0,0,0,0,0,0,0,0,0,0,0,0,0,0,0,0,0,0,0,0,0,0,0,0,0,0,0,0,0,0,0,0,0,0,0,0,0,0,0,0,0,0,0,0,0,0,0,0,0,0,0,0,0,0,0,0,0,0,0,0,0,0,0,0,0,0,0,0,0,0,0,0,0,0,0,0,0,0,0,0,0
155,0,0,0,0,0,0,0,0,0,0,0,0,0,0,0,0,0,0,0,0,0,0,0,0,0,0,0,0,0,0,0,0,0,0,0,0,0,0,0,0,0,0,0,0,0,0,0,0,0,0,0,0,0,0,0,0,0,0,0,0,0,0,0,0.015727316,0.033741997,0.053058548,0.073771054,0.095980394,0.116775704,0.119794742,0.145330087,0.145330087,0.164493819,0.183515451,0.236521738,0.254809931,0.272990744,0.289697913,0.30503591,0.322019412,0.317950478,0.309986458,0.302316409,0.294901725,0.290263978,0.286725982,0.281696769,0.276736627,0.272230831,0.267305478,0.261030805,0.256835671,0.25323821,0.248345791,0.243107319,0.237860062,0.234247288,0.230212558,0.226585583,0.223088077,0.220943928,0.218981203,0.21709566,0.216636229,0.214493139,0.211893058,0.209287352,0.20806798,0.20806798,0.20806798,0.20806798,0.20806798
156,0,0,0,0,0,0,0,0,0,0,0,0,0,0,0,0,0,0,0,0,0,0,0,0,0,0,0,0,0,0,0,0,0,0,0,0,-0.004477123,-0.009277796,-0.014425399,-0.019945006,-0.025863499,-0.032209705,-0.039014534,-0.046311129,-0.054135029,-0.061952335,-0.06252434,-0.071519924,-0.081165593,-0.091508329,-0.091508329,-0.096247685,-0.100946102,-0.104512999,-0.108146788,-0.110541608,-0.112937242,-0.114908578,-0.116296485,-0.11765529,-0.118931574,-0.120087356,-0.121428605,-0.122263753,-0.122354827,-0.123006542,-0.124088435,-0.124848781,-0.124963005,-0.124945597,-0.124040867,-0.122783697,-0.1209677,-0.119975813,-0.118967785,-0.117119948,-0.115014374,-0.112646619,-0.111083097,-0.109073371,-0.107399785,-0.106085396,-0.105265976,-0.103952611,-0.102654724,-0.101911223,-0.100922211,-0.099740691,-0.098353838,-0.09721365,-0.095966696,-0.094250675,-0.092387576,-0.090748827,-0.089283957,-0.087599484,-0.086205356,-0.085113758,-0.084039121,-0.083012496,-0.081942229,-0.081229339,-0.080258923,-0.079272854,-0.078598765,-0.078771898,-0.079012095,-0.079886326,-0.079886326,-0.079886326,-0.079886326,-0.079886326
160,0,0,0,0,0,0,0,0,0,0,0,0,0,0,0,0,0,0,0,0,0,0,0,0,0,0,0,0,0,0,0,0,0,0,0,0,0,0,0,0,0,0,0,0,0,0,0,0,0,0,0,0,0,0,0,0,0,0,0,0,0,0,0,0.015727316,0.033741997,0.053058548,0.073771054,0.095980394,0.116775704,0.119794742,0.145330087,0.145330087,0.164493819,0.183515451,0.301619359,0.321639035,0.340853412,0.358111136,0.373624887,0.391111266,0.384853966,0.374388528,0.364524613,0.355126634,0.34902837,0.344010306,0.337451274,0.331121613,0.325296691,0.318972551,0.311072846,0.305544082,0.300732834,0.294528899,0.2880452,0.281859751,0.277550112,0.272766342,0.268556162,0.264482706,0.26199195,0.259674284,0.257403339,0.256732727,0.254168093,0.2510954,0.248013172,0.246624399,0.246624399,0.246624399,0.246624399,0.246624399
161,0,0,0,0,0,0,0,0,0,0,0,0,0,0,0,0,0,0,0,0,0,0,0,0,0,0,0,0,0,0,0,0,0,0,0,0,0,0,0,0,0,0,0,0,0,0,0,0,0,0,0,0,0,0,0,0,0,0,0,0,0,0,0,0,0,0,0,0,0,0,0,0,0,0,0,0,0,0,0,0,0,0,0,0,0,0,0,0,0,0,0,0,0,0,0,0,0,0,0,0,0,0,0,0,0,0,0,0,0,0,0,0
162,0,0,0,0,0,0,0,0,0,0,0,0,0,0,0,0,0,0,0,0,0,0,0,0,0,0,0,0,0,0,0,0,0,0,0,0,0,0,0,0,0,0,0,0,0,0,0,0,0,0,0,0,0,0,0,0,0,0,0,0,0,0,0,0.015727316,0.033741997,0.053058548,0.073771054,0.095980394,0.116775704,0.119794742,0.145330087,0.145330087,0.164493819,0.183515451,0.301619359,0.321639035,0.340853412,0.358111136,0.373624887,0.391111266,0.384853966,0.374388528,0.364524613,0.355126634,0.34902837,0.344010306,0.337451274,0.331121613,0.325296691,0.318972551,0.311072846,0.305544082,0.300732834,0.294528899,0.2880452,0.281859751,0.277550112,0.272766342,0.268556162,0.264482706,0.26199195,0.259674284,0.257403339,0.256732727,0.254168093,0.2510954,0.248013172,0.246624399,0.246624399,0.246624399,0.246624399,0.246624399
163,0,0,0,0,0,0,0,0,0,0,0,0,0,0,0,0,0,0,0,0,0,0,0,0,0,0,0,0,0,0,0,0,0,0,0,0,0,0,0,0,0,0,0,0,0,0,0,0,0,0,0,0,0,0,0,0,0,0,0,0,0,0,0,-0.034890143,-0.074854674,-0.117707329,-0.163656829,-0.212926969,-0.259060164,-0.265757727,-0.322406416,-0.322406416,-0.334395073,-0.340334612,-0.339916623,-0.336960687,-0.327932056,-0.316100046,-0.302318355,-0.289787813,-0.274478808,-0.260292811,-0.24853621,-0.238388852,-0.230093743,-0.220525767,-0.212008456,-0.204841525,-0.197666483,-0.190205602,-0.182090645,-0.174476504,-0.167325906,-0.160604875,-0.154816878,-0.151756461,-0.149198509,-0.146600501,-0.145063209,-0.143460681,-0.142535625,-0.141355363,-0.139828175,-0.138417601,-0.136827922,-0.135243034,-0.133629146,-0.133348473,-0.133348473,-0.133348473,-0.133348473,-0.133348473
165,0,0,0,0,0,0,0,0,0,0,0,0,0,0,0,0,0,0,0,0,0,0,0,0,0,0,0,0,0,0,0,0,0,0,0,0,0,0,0,0,0,0,0,0,0,0,0,0,0,0,0,0,0,0,0,0,0,0,0,0,0,0,0,0.015727316,0.033741997,0.053058548,0.073771054,0.095980394,0.116775704,0.119794742,0.145330087,0.145330087,0.164493819,0.183515451,0.301619359,0.321639035,0.340853412,0.358111136,0.373624887,0.391111266,0.384853966,0.374388528,0.364524613,0.355126634,0.34902837,0.344010306,0.337451274,0.331121613,0.325296691,0.318972551,0.311072846,0.305544082,0.300732834,0.294528899,0.2880452,0.281859751,0.277550112,0.272766342,0.268556162,0.264482706,0.26199195,0.259674284,0.257403339,0.256732727,0.254168093,0.2510954,0.248013172,0.246624399,0.246624399,0.246624399,0.246624399,0.246624399
166,0,0,0,0,0,0,0,0,0,0,0,0,0,0,0,0,0,0,0,0,0,0,0,0,0,0,0,0,0,0,0,0,0,0,0,0,-0.001647882,-0.003414853,-0.005309517,-0.007341104,-0.009519507,-0.011855338,-0.014359973,-0.017045611,-0.019925332,-0.022802626,-0.023013163,-0.026324143,-0.029874398,-0.03368122,-0.03368122,-0.035425622,-0.037154956,-0.038467814,-0.039805292,-0.040686747,-0.041568502,-0.042294086,-0.042804929,-0.043305061,-0.043774819,-0.044200225,-0.044693895,-0.045001285,-0.045034807,-0.045274681,-0.045672891,-0.045952749,-0.045994791,-0.045988384,-0.045655383,-0.04519266,-0.044524251,-0.044159169,-0.043788147,-0.043108019,-0.042333026,-0.041461533,-0.040886052,-0.040146337,-0.039530345,-0.039046562,-0.03874496,-0.038261553,-0.037783843,-0.037510185,-0.037146162,-0.036711283,-0.036200828,-0.035781162,-0.035322199,-0.034690588,-0.034004842,-0.033401673,-0.032862502,-0.032242503,-0.03172937,-0.031327588,-0.030932049,-0.030554182,-0.030160252,-0.029897861,-0.029540682,-0.029177743,-0.028929632,-0.028993357,-0.029081766,-0.029403542,-0.029403542,-0.029403542,-0.029403542,-0.029403542
167,0,0,0,0,0,0,0,0,0,0,0,0,0,0,0,0,0,0,0,0,0,0,0,0,0,0,0,0,0,0,0,0,0,0,0,0,0,0,0,0,0,0,0,0,0,0,0,0,0,0,0,0,0,0,0,0,0,0,0,0,0,0,0,0,0,0,0,0,0,0,0,0,0,0,0,0,0,0,0,0,0,0,0,0,0,0,0,0,0,0,0,0,0,0,0,0,0,0,0,0,0,0,0,0,0,0,0,0,0,0,0,0
168,0,0,0,0,0,0,0,0,0,0,0,0,0,0,0,0,0,0,0,0,0,0,0,0,0,0,0,0,0,0,0,0,0,0,0,0,0,0,0,0,0,0,0,0,0,0,0,0,0,0,0,0,0,0,0,0,0,0,0,0,0,0,0,0,0,0,0,0,0,0,0,0,0,0,0,0,0,0,0,0,0,0,0,0,0,0,0,0,0,0,0,0,0,0,0,0,0,0,0,0,0,0,0,0,0,0,0,0,0,0,0,0
169,0,0,0,0,0,0,0,0,0,0,0,0,0,0,0,0,0,0,0,0,0,0,0,0,0,0,0,0,0,0,0,0,0,0,0,0,0,0,0,0,0,0,0,0,0,0,0,0,0,0,0,0,0,0.007192515,0.036666608,0.068270712,0.102158759,0.133552067,0.138495799,0.177458816,0.177458816,0.187386635,0.196795661,0.203700859,0.210934367,0.216213018,0.220590667,0.222216563,0.221831433,0.218004027,0.209252279,0.195201378,0.178672288,0.14098414,0.120607075,0.098757417,0.075328745,0.050206948,0.023269668,0,0,0,0,0,0,0,0,0,0,0,0,0,0,0,0,0,0,0,0,0,0,0,0,0,0,0,0,0,0,0,0,0
170,0,0,0,0,0,0,0,0,0,0,0,0,0,0,0,0,0,0,0,0,0,0,0,0,0,0,0,0,0,0,0,0,0,0,0,0,0,0,0,0,0,0,0,0,0,0,0,0,0,0,0,0,0,0.000991799,0.005056077,0.009414069,0.014087001,0.018415926,0.019097633,0.02447037,0.02447037,0.025839349,0.02713679,0.02808897,0.029086422,0.029814312,0.03041796,0.03064216,0.030589053,0.03006128,0.028854473,0.026916949,0.024637699,0.019440759,0.016630899,0.01361798,0.010387324,0.006923198,0.00320873,0,0,0,0,0,0,0,0,0,0,0,0,0,0,0,0,0,0,0,0,0,0,0,0,0,0,0,0,0,0,0,0,0
174,0,0,0,0,0,0,0,0,0,0,0,0,0,0,0,0,0,0,0,0,0,0,0,0,0,0,0,0,0,0,0,0,0,0,0,0,0,0,0,0,0,0,0,0,0,0,0,0,0,0,0,0,0,0.005103459,0.026016843,0.048441579,0.07248689,0.094762056,0.098269888,0.125916151,0.125916151,0.132960448,0.139636636,0.144536229,0.149668774,0.153414248,0.156520416,0.157674072,0.157400803,0.154685062,0.148475247,0.13850541,0.126777172,0.100035493,0.085576919,0.070073463,0.053449616,0.03562441,0.016511026,0,0,0,0,0,0,0,0,0,0,0,0,0,0,0,0,0,0,0,0,0,0,0,0,0,0,0,0,0,0,0,0,0
175,0,0,0,0,0,0,0,0,0,0,0,0,0,0,0,0,0,0,0,0,0,0,0,0,0,0,0,0,0,0,0,0,0,0,0,0,-0.003208581,-0.006649037,-0.010338125,-0.014293813,-0.018535367,-0.023083447,-0.027960205,-0.033189392,-0.038796477,-0.044398837,-0.044808772,-0.051255558,-0.058168235,-0.065580473,-0.065580473,-0.068976986,-0.072344159,-0.074900416,-0.077504612,-0.079220887,-0.080937745,-0.082350525,-0.083345184,-0.084318987,-0.085233651,-0.086061954,-0.087023176,-0.087621694,-0.087686963,-0.088154022,-0.088929373,-0.089474283,-0.089556143,-0.089543668,-0.088895282,-0.087994318,-0.086692863,-0.085982016,-0.085259601,-0.083935328,-0.082426345,-0.080729467,-0.079608951,-0.078168658,-0.076969264,-0.076027293,-0.075440046,-0.074498808,-0.073568663,-0.073035824,-0.072327038,-0.071480288,-0.070486384,-0.069669256,-0.068775612,-0.067545806,-0.066210596,-0.065036168,-0.063986352,-0.062779156,-0.061780038,-0.060997732,-0.060227581,-0.059491839,-0.05872482,-0.058213919,-0.05751846,-0.056811783,-0.056328689,-0.056452767,-0.056624906,-0.057251434,-0.057251434,-0.057251434,-0.057251434,-0.057251434
176,0,0,0,0,0,0,0,0,0,0,0,0,0,0,0,0,0,0,0,0,0,0,0,0,0,0,0,0,0,0,0,0,0,0,0,0,0,0,0,0,0,0,0,0,0,0,0,0,0,0,0,0,0,0,0,0,0,0,0,0,0,0,0,0,0,0,0,0,0,0,0,0,0,0,0,0,0,0,0,0,0,0,0,0,0,0,0,0,0,0,0,0,0,0,0,0,0,0,0,0,0,0,0,0,0,0,0,0,0,0,0,0
179,0,0,0,0,0,0,0,0,0,0,0,0,0,0,0,0,0,0,0,0,0,0,0,0,0,0,0,0,0,0,0,0,0,0,0,0,0,0,0,0,0,0,0,0,0,0,0,0,0,0,0,0,0,0,0,0,0,0,0,0,0,0,0,0,0,0,0,0,0,0,0,0,0,0,0,0,0,0,0,0,0,0,0,0,0,0,0,0,0,0,0,0,0,0,0,0,0,0,0,0,0,0,0,0,0,0,0,0,0,0,0,0
180,0,0,0,0,0,0,0,0,0,0,0,0,0,0,0,0,0,0,0,0,0,0,0,0,0,0,0,0,0,0,0,0,0,0,0,0,-0.016728736,-0.034666413,-0.053900394,-0.074524362,-0.096638766,-0.120351317,-0.145777508,-0.173041181,-0.202275122,-0.231484424,-0.23362172,-0.267233649,-0.303274619,-0.341920171,-0.341920171,-0.359628737,-0.377184337,-0.390512021,-0.404089646,-0.413037872,-0.42198914,-0.429355024,-0.434540927,-0.439618092,-0.444386919,-0.448705488,-0.453717054,-0.456837579,-0.457177877,-0.459613003,-0.46365549,-0.466496514,-0.466923312,-0.46685827,-0.46347775,-0.458780346,-0.451994887,-0.448288708,-0.444522219,-0.437617791,-0.429750329,-0.420903231,-0.415061141,-0.407551816,-0.401298475,-0.396387272,-0.393325516,-0.388418137,-0.383568591,-0.380790504,-0.377095071,-0.372680328,-0.367498363,-0.36323806,-0.358578825,-0.352166927,-0.345205472,-0.339082299,-0.333608822,-0.327314804,-0.322105655,-0.318026905,-0.314011531,-0.310175557,-0.306176513,-0.303512804,-0.299886852,-0.296202414,-0.293683684,-0.294330596,-0.295228088,-0.298494646,-0.298494646,-0.298494646,-0.298494646,-0.298494646
182,0,0,0,0,0,0,0,0,0,0,0,0,0,0,0,0,0,0,0,0,0,0,0,0,0,0,0,0,0,0,0,0,0,0,0,0,-0.006783572,-0.014057375,-0.021856834,-0.030219939,-0.039187422,-0.048802961,-0.059113387,-0.07016892,-0.082023405,-0.093867899,-0.094734581,-0.108364359,-0.122979122,-0.138650054,-0.138650054,-0.145830952,-0.152949821,-0.158354252,-0.163860036,-0.167488579,-0.171118355,-0.174105252,-0.176208157,-0.178266969,-0.180200748,-0.181951945,-0.183984157,-0.185249543,-0.185387535,-0.186374988,-0.188014234,-0.189166281,-0.189339349,-0.189312974,-0.187942159,-0.186037343,-0.183285811,-0.181782939,-0.180255613,-0.177455838,-0.17426555,-0.170678014,-0.168309023,-0.16526396,-0.162728204,-0.160736691,-0.159495136,-0.157505173,-0.155538662,-0.154412137,-0.152913623,-0.151123426,-0.149022118,-0.147294547,-0.145405208,-0.142805157,-0.139982258,-0.137499286,-0.135279768,-0.132727517,-0.130615186,-0.128961235,-0.127332985,-0.125777481,-0.124155852,-0.123075707,-0.121605368,-0.120111313,-0.119089958,-0.119352283,-0.11971622,-0.121040823,-0.121040823,-0.121040823,-0.121040823,-0.121040823
184,0,0,0,0,0,0,0,0,0,0,0,0,0,0,0,0,0,0,0,0,0,0,0,0,0,0,0,0,0,0,0,0,0,0,0,0,0,0,0,0,0,0,0,0,0,0,0,0,0,0,0,0,0,0.00102327,0.005216511,0.009712786,0.014533995,0.019000281,0.019703619,0.025246837,0.025246837,0.026659255,0.027997865,0.028980259,0.030009361,0.030760348,0.03138315,0.031614464,0.031559672,0.031015152,0.029770052,0.027771049,0.025419476,0.020057632,0.017158613,0.014050091,0.010716924,0.007142878,0.003310546,0,0,0,0,0,0,0,0,0,0,0,0,0,0,0,0,0,0,0,0,0,0,0,0,0,0,0,0,0,0,0,0,0
187,0,0,0,0,0,0,0,0,0,0,0,0,0,0,0,0,0,0,0,0,0,0,0,0,0,0,0,0,0,0,0,0,0,0,0,0,0,0,0,0,0,0,0,0,0,0,0,0,0,0,0,0,0,0,0,0,0,0,0,0,0,0,0,0,0,0,0,0,0,0,0,0,0,0,0,0,0,0,0,0,0,0,0,0,0,0,0,0,0,0,0,0,0,0,0,0,0,0,0,0,0,0,0,0,0,0,0,0,0,0,0,0
189,0,0,0,0,0,0,0,0,0,0,0,0,0,0,0,0,0,0,0,0,0,0,0,0,0,0,0,0,0,0,0,0,0,0,0,0,0,0,0,0,0,0,0,0,0,0,0,0,0,0,0,0,0,0.008018961,0.040879734,0.076115264,0.11389717,0.148897684,0.154409468,0.197849477,0.197849477,0.208918038,0.219408195,0.227106826,0.235171489,0.241056676,0.245937333,0.247750051,0.247320667,0.243053479,0.233296124,0.217630723,0.199202381,0.157183728,0.134465265,0.110105002,0.083984291,0.055975908,0.025943437,0,0,0,0,0,0,0,0,0,0,0,0,0,0,0,0,0,0,0,0,0,0,0,0,0,0,0,0,0,0,0,0,0
191,0,0,0,0,0,0,0,0,0,0,0,0,0,0,0,0,0,0,0,0,0,0,0,0,0,0,0,0,0,0,0,0,0,0,0,0,0,0,0,0,0,0,0,0,0,0,0,0,0,0,0,0,0,0.002475326,0.012618927,0.023495579,0.035158255,0.045962361,0.047663761,0.061073005,0.061073005,0.064489695,0.067727841,0.070104286,0.07259372,0.074410384,0.075916966,0.076476523,0.076343979,0.075026766,0.072014825,0.067179163,0.061490625,0.048520131,0.041507301,0.033987673,0.025924623,0.017278878,0.008008329,0,0,0,0,0,0,0,0,0,0,0,0,0,0,0,0,0,0,0,0,0,0,0,0,0,0,0,0,0,0,0,0,0
192,0,0,0,0,0,0,0,0,0,0,0,0,0,0,0,0,0,0,0,0,0,0,0,0,0,0,0,0,0,0,0,0,0,0,0,0,0,0,0,0,0,0,0,0,0,0,0,0,0,0,0,0,0,0.001968044,0.010032862,0.018680501,0.027953082,0.036543042,0.037895766,0.04855698,0.04855698,0.051273468,0.053848003,0.055737431,0.057716692,0.059161057,0.060358886,0.06080377,0.06069839,0.05965112,0.057256432,0.053411769,0.048889015,0.038576635,0.033000983,0.027022393,0.020611748,0.013737823,0.006367138,0,0,0,0,0,0,0,0,0,0,0,0,0,0,0,0,0,0,0,0,0,0,0,0,0,0,0,0,0,0,0,0,0
193,0,0,0,0,0,0,0,0,0,0,0,0,0,0,0,0,0,0,0,0,0,0,0,0,0,0,0,0,0,0,0,0,0,0,0,0,0,0,0,0,0,0,0,0,0,0,0,0,0,0,0,0,0,0.003182499,0.016224013,0.030208,0.045202572,0.059093288,0.06128076,0.078520873,0.078520873,0.082913673,0.08707692,0.09013229,0.093332927,0.095668592,0.097605587,0.098325003,0.098154593,0.096461066,0.092588647,0.086371492,0.079057803,0.062381785,0.053365469,0.043697568,0.033330995,0.022215258,0.010296218,0,0,0,0,0,0,0,0,0,0,0,0,0,0,0,0,0,0,0,0,0,0,0,0,0,0,0,0,0,0,0,0,0
196,0,0,0,0,0,0,0,0,0,0,0,0,0,0,0,0,0,0,0,0,0,0,0,0,0,0,0,0,0,0,0,0,0,0,0,0,0,0,0,0,0,0,0,0,0,0,0,0,0,0,0,0,0,0,0,0,0,0,0,0,0,0,0,0,0,0,0,0,0,0,0,0,0,0,0,0,0,0,0,0,0,0,0,0,0,0,0,0,0,0,0,0,0,0,0,0,0,0,0,0,0,0,0,0,0,0,0,0,0,0,0,0
197,0.244615207,0.244448818,0.244050219,0.243971907,0.243923446,0.243650943,0.243139249,0.243170354,0.24073739,0.239161245,0.236151747,0.236082096,0.236676488,0.237118891,0.235909018,0.233032668,0.233000533,0.235209304,0.237399726,0.241925488,0.243941808,0.24644046,0.249129227,0.245743522,0.240097105,0.240437099,0.243314998,0.246980485,0.252696124,0.256755228,0.248724745,0.246903976,0.246178917,0.247311576,0.253143713,0.245216778,0.244379003,0.253177752,0.260292264,0.269880479,0.28507326,0.304434646,0.321011091,0.301998782,0.320364107,0.349543959,0.351218863,0.374212473,0.38415704,0.380919291,0.37084033,0.342671824,0.320059465,0.314990753,0.295688836,0.274040601,0.272921651,0.259667948,0.257547444,0.250761757,0.244745795,0.238972625,0.237790943,0.214792062,0.203364167,0.189898118,0.164587019,0.147251993,0.163209633,0.165434003,0.176541308,0.162079909,0.151207583,0.166941998,0.17248729,0.169566273,0.174405646,0.183277462,0.190997368,0.180514112,0.163914868,0.149481224,0.146244191,0.13577952,0.134151567,0.109858315,0.092031537,0.08871753,0.096891027,0.1059112,0.112384952,0.112843858,0.104948381,0.100651411,0.097574771,0.100246594,0.099971068,0.099860128,0.106114213,0.119242173,0.119717271,0.120615727,0.119049613,0.122834552,0.136437945,0.153276205,0.164056641,0.166687786,0.180567767,0.192168375,0.204845126,0.220455135
199,0,0,0,0,0,0,0,0,0,0,0,0,0,0,0,0,0,0,0,0,0,0,0,0,0,0,0,0,0,0,0,0,0,0,0,0,0,0,0,0,0,0,0,0,0,0,0,0,0,0,0,0,0,0,0,0,0,0,0,0,0,0,0,0.015727316,0.033741997,0.053058548,0.073771054,0.095980394,0.116775704,0.119794742,0.145330087,0.145330087,0.164493819,0.183515451,0.301619359,0.321639035,0.340853412,0.358111136,0.373624887,0.391111266,0.384853966,0.374388528,0.364524613,0.355126634,0.34902837,0.344010306,0.337451274,0.331121613,0.325296691,0.318972551,0.311072846,0.305544082,0.300732834,0.294528899,0.2880452,0.281859751,0.277550112,0.272766342,0.268556162,0.264482706,0.26199195,0.259674284,0.257403339,0.256732727,0.254168093,0.2510954,0.248013172,0.246624399,0.246624399,0.246624399,0.246624399,0.246624399
200,0,0,0,0,0,0,0,0,0,0,0,0,0,0,0,0,0,0,0,0,0,0,0,0,0,0,0,0,0,0,0,0,0,0,0,0,0,0,0,0,0,0,0,0,0,0,0,0,0,0,0,0,0,0,0,0,0,0,0,0,0,0,0,0.0097419,0.020900653,0.032865817,0.045695671,0.059452703,0.072333848,0.074203917,0.090021161,0.090021161,0.105501183,0.121571206,0.137467967,0.153121501,0.169729626,0.18559906,0.200669624,0.216887941,0.216148865,0.21199105,0.20765923,0.203262364,0.200846968,0.19956107,0.196859659,0.193983404,0.191484815,0.188687882,0.184885888,0.182720032,0.180969491,0.178072699,0.174728989,0.170909303,0.168356891,0.165461915,0.162722355,0.160101226,0.158484483,0.15706184,0.155762733,0.155624639,0.154122979,0.152242033,0.150361412,0.149399804,0.149399804,0.149399804,0.149399804,0.149399804
201,0,0,0,0,0,0,0,0,0,0,0,0,0,0,0,0,0,0,0,0,0,0,0,0,0,0,0,0,0,0,0,0,0,0,0,0,-0.004023891,-0.008338577,-0.012965074,-0.017925914,-0.023245261,-0.028949022,-0.035064979,-0.041622918,-0.048654782,-0.055680718,-0.056194818,-0.064279753,-0.072948963,-0.082244673,-0.082244673,-0.08650425,-0.090727032,-0.093932842,-0.097198772,-0.099351157,-0.101504274,-0.103276046,-0.104523451,-0.1057447,-0.106891783,-0.107930561,-0.109136032,-0.109886635,-0.10996849,-0.110554229,-0.111526599,-0.112209973,-0.112312634,-0.112296989,-0.111483846,-0.110353944,-0.108721786,-0.10783031,-0.106924328,-0.105263553,-0.103371132,-0.101243072,-0.099837829,-0.098031554,-0.09652739,-0.095346061,-0.094609593,-0.093429184,-0.092262685,-0.091594451,-0.09070556,-0.089643648,-0.088397191,-0.087372427,-0.086251706,-0.084709403,-0.083034911,-0.081562058,-0.08024548,-0.078731532,-0.077478536,-0.076497443,-0.075531594,-0.074608898,-0.073646977,-0.073006255,-0.072134077,-0.071247831,-0.070641982,-0.070797588,-0.071013469,-0.071799199,-0.071799199,-0.071799199,-0.071799199,-0.071799199
202,0,0,0,0,0,0,0,0,0,0,0,0,0,0,0,0,0,0,0,0,0,0,0,0,0,0,0,0,0,0,0,0,0,0,0,0,0,0,0,0,0,0,0,0,0,0,0,0,0,0,0,0,0,0.004145937,0.021135507,0.039352866,0.058886744,0.076982595,0.07983228,0.102291492,0.102291492,0.108014123,0.11343771,0.117418031,0.121587597,0.124630337,0.127153719,0.128090924,0.127868926,0.125662718,0.120618002,0.112518727,0.102990966,0.081266619,0.069520793,0.05692613,0.043421284,0.028940482,0.013413191,0,0,0,0,0,0,0,0,0,0,0,0,0,0,0,0,0,0,0,0,0,0,0,0,0,0,0,0,0,0,0,0,0
203,0,0,0,0,0,0,0,0,0,0,0,0,0,0,0,0,0,0,0,0,0,0,0,0,0,0,0,0,0,0,0,0,0,0,0,0,0,0,0,0,0,0,0,0,0,0,0,0,0,0,0,0,0,0.00184636,0.009412531,0.017525488,0.026224747,0.034283591,0.035552676,0.045554709,0.045554709,0.048103238,0.050518589,0.052291194,0.054148077,0.055503137,0.056626905,0.057044282,0.056945417,0.0559629,0.053716275,0.050109327,0.045866214,0.036191447,0.030960537,0.025351603,0.019337326,0.012888415,0.005973459,0,0,0,0,0,0,0,0,0,0,0,0,0,0,0,0,0,0,0,0,0,0,0,0,0,0,0,0,0,0,0,0,0
204,0.244615207,0.244448818,0.244050219,0.243971907,0.243923446,0.243650943,0.243139249,0.243170354,0.24073739,0.239161245,0.236151747,0.236082096,0.236676488,0.237118891,0.235909018,0.233032668,0.233000533,0.235209304,0.237399726,0.241925488,0.243941808,0.24644046,0.249129227,0.245743522,0.240097105,0.240437099,0.243314998,0.246980485,0.252696124,0.256755228,0.248724745,0.246903976,0.246178917,0.247311576,0.253143713,0.245216778,0.244379003,0.253177752,0.260292264,0.269880479,0.28507326,0.304434646,0.321011091,0.301998782,0.320364107,0.349543959,0.351218863,0.374212473,0.38415704,0.380919291,0.37084033,0.342671824,0.320059465,0.314990753,0.295688836,0.274040601,0.272921651,0.259667948,0.257547444,0.250761757,0.244745795,0.238972625,0.237790943,0.214792062,0.203364167,0.189898118,0.164587019,0.147251993,0.163209633,0.165434003,0.176541308,0.162079909,0.151207583,0.166941998,0.17248729,0.169566273,0.174405646,0.183277462,0.190997368,0.180514112,0.163914868,0.149481224,0.146244191,0.13577952,0.134151567,0.109858315,0.092031537,0.08871753,0.096891027,0.1059112,0.112384952,0.112843858,0.104948381,0.100651411,0.097574771,0.100246594,0.099971068,0.099860128,0.106114213,0.119242173,0.119717271,0.120615727,0.119049613,0.122834552,0.136437945,0.153276205,0.164056641,0.166687786,0.180567767,0.192168375,0.204845126,0.220455135
206,0,0,0,0,0,0,0,0,0,0,0,0,0,0,0,0,0,0,0,0,0,0,0,0,0,0,0,0,0,0,0,0,0,0,0,0,0,0,0,0,0,0,0,0,0,0,0,0,0,0,0,0,0,0,0,0,0,0,0,0,0,0,0,0,0,0,0,0,0,0,0,0,0,0,0,0,0,0,0,0,0,0,0,0,0,0,0,0,0,0,0,0,0,0,0,0,0,0,0,0,0,0,0,0,0,0,0,0,0,0,0,0
207,0,0,0,0,0,0,0,0,0,0,0,0,0,0,0,0,0,0,0,0,0,0,0,0,0,0,0,0,0,0,0,0,0,0,0,0,-0.016728736,-0.034666413,-0.053900394,-0.074524362,-0.096638766,-0.120351317,-0.145777508,-0.173041181,-0.202275122,-0.231484424,-0.23362172,-0.267233649,-0.303274619,-0.341920171,-0.341920171,-0.359628737,-0.377184337,-0.390512021,-0.404089646,-0.413037872,-0.42198914,-0.429355024,-0.434540927,-0.439618092,-0.444386919,-0.448705488,-0.453717054,-0.456837579,-0.457177877,-0.459613003,-0.46365549,-0.466496514,-0.466923312,-0.46685827,-0.46347775,-0.458780346,-0.451994887,-0.448288708,-0.444522219,-0.437617791,-0.429750329,-0.420903231,-0.415061141,-0.407551816,-0.401298475,-0.396387272,-0.393325516,-0.388418137,-0.383568591,-0.380790504,-0.377095071,-0.372680328,-0.367498363,-0.36323806,-0.358578825,-0.352166927,-0.345205472,-0.339082299,-0.333608822,-0.327314804,-0.322105655,-0.318026905,-0.314011531,-0.310175557,-0.306176513,-0.303512804,-0.299886852,-0.296202414,-0.293683684,-0.294330596,-0.295228088,-0.298494646,-0.298494646,-0.298494646,-0.298494646,-0.298494646
208,0,0,0,0,0,0,0,0,0,0,0,0,0,0,0,0,0,0,0,0,0,0,0,0,0,0,0,0,0,0,0,0,0,0,0,0,0,0,0,0,0,0,0,0,0,0,0,0,0,0,0,0,0,0.001710226,0.008718532,0.016233309,0.024291159,0.031755814,0.032931327,0.042195895,0.042195895,0.044556518,0.046793782,0.04843569,0.050155662,0.051410812,0.052451723,0.052838326,0.052746751,0.051836676,0.049755698,0.046414695,0.042484433,0.033523001,0.028677772,0.023482393,0.017911558,0.011938134,0.005533027,0,0,0,0,0,0,0,0,0,0,0,0,0,0,0,0,0,0,0,0,0,0,0,0,0,0,0,0,0,0,0,0,0
209,0,0,0,0,0,0,0,0,0,0,0,0,0,0,0,0,0,0,0,0,0,0,0,0,0,0,0,0,0,0,0,0,0,0,0,0,0,0,0,0,0,0,0,0,0,0,0,0,0,0,0,0,0,0,0,0,0,0,0,0,0,0,0,0.015727316,0.033741997,0.053058548,0.073771054,0.095980394,0.116775704,0.119794742,0.145330087,0.145330087,0.164493819,0.183515451,0.236521738,0.254809931,0.272990744,0.289697913,0.30503591,0.322019412,0.317950478,0.309986458,0.302316409,0.294901725,0.290263978,0.286725982,0.281696769,0.276736627,0.272230831,0.267305478,0.261030805,0.256835671,0.25323821,0.248345791,0.243107319,0.237860062,0.234247288,0.230212558,0.226585583,0.223088077,0.220943928,0.218981203,0.21709566,0.216636229,0.214493139,0.211893058,0.209287352,0.20806798,0.20806798,0.20806798,0.20806798,0.20806798
210,0,0,0,0,0,0,0,0,0,0,0,0,0,0,0,0,0,0,0,0,0,0,0,0,0,0,0,0,0,0,0,0,0,0,0,0,0,0,0,0,0,0,0,0,0,0,0,0,0,0,0,0,0,0,0,0,0,0,0,0,0,0,0,-0.039508278,-0.0847626,-0.133287326,-0.1853188,-0.241110443,-0.293349926,-0.300933994,-0.365080826,-0.365080826,-0.379911702,-0.388128599,-0.389312217,-0.387670119,-0.379425748,-0.368011495,-0.354363165,-0.342214202,-0.325244681,-0.309160626,-0.295739336,-0.284087069,-0.27468373,-0.26399269,-0.254314564,-0.246108451,-0.237932466,-0.229410196,-0.220062177,-0.211436087,-0.203364477,-0.195648277,-0.188915411,-0.1851431,-0.182056373,-0.178889999,-0.176910176,-0.174870621,-0.173682561,-0.172232974,-0.170413344,-0.168842528,-0.166932984,-0.164989482,-0.163014013,-0.162604799,-0.162604799,-0.162604799,-0.162604799,-0.162604799
211,0,0,0,0,0,0,0,0,0,0,0,0,0,0,0,0,0,0,0,0,0,0,0,0,0,0,0,0,0,0,0,0,0,0,0,0,-0.008622424,-0.017867968,-0.027781661,-0.038411789,-0.049810126,-0.06203219,-0.075137508,-0.089189912,-0.104257843,-0.119313075,-0.120414693,-0.137739153,-0.156315603,-0.176234522,-0.176234522,-0.185361977,-0.194410588,-0.201280022,-0.208278282,-0.21289043,-0.217504146,-0.221300713,-0.223973662,-0.226590564,-0.229048541,-0.231274444,-0.233857535,-0.235465935,-0.235641333,-0.23689646,-0.238980063,-0.2404444,-0.240664383,-0.240630858,-0.238888451,-0.236467287,-0.232969886,-0.231059625,-0.229118279,-0.225559557,-0.221504464,-0.21694444,-0.213933275,-0.210062775,-0.20683964,-0.204308279,-0.20273017,-0.20020078,-0.197701198,-0.1962693,-0.194364578,-0.192089105,-0.189418186,-0.187222315,-0.184820825,-0.181515966,-0.177927852,-0.17477181,-0.171950638,-0.168706538,-0.166021607,-0.163919314,-0.161849686,-0.159872525,-0.157811314,-0.15643837,-0.15456946,-0.152670405,-0.151372186,-0.151705622,-0.152168212,-0.153851881,-0.153851881,-0.153851881,-0.153851881,-0.153851881
215,0,0,0,0,0,0,0,0,0,0,0,0,0,0,0,0,0,0,0,0,0,0,0,0,0,0,0,0,0,0,0,0,0,0,0,0,0,0,0,0,0,0,0,0,0,0,0,0,0,0,0,0,0,0,0,0,0,0,0,0,0,0,0,0,0,0,0,0,0,0,0,0,0,0,0,0,0,0,0,0,0,0,0,0,0,0,0,0,0,0,0,0,0,0,0,0,0,0,0,0,0,0,0,0,0,0,0,0,0,0,0,0
216,0,0,0,0,0,0,0,0,0,0,0,0,0,0,0,0,0,0,0,0,0,0,0,0,0,0,0,0,0,0,0,0,0,0,0,0,0,0,0,0,0,0,0,0,0,0,0,0,0,0,0,0,0,0,0,0,0,0,0,0,0,0,0,0.015727316,0.033741997,0.053058548,0.073771054,0.095980394,0.116775704,0.119794742,0.145330087,0.145330087,0.164493819,0.183515451,0.301619359,0.321639035,0.340853412,0.358111136,0.373624887,0.391111266,0.384853966,0.374388528,0.364524613,0.355126634,0.34902837,0.344010306,0.337451274,0.331121613,0.325296691,0.318972551,0.311072846,0.305544082,0.300732834,0.294528899,0.2880452,0.281859751,0.277550112,0.272766342,0.268556162,0.264482706,0.26199195,0.259674284,0.257403339,0.256732727,0.254168093,0.2510954,0.248013172,0.246624399,0.246624399,0.246624399,0.246624399,0.246624399
218,0,0,0,0,0,0,0,0,0,0,0,0,0,0,0,0,0,0,0,0,0,0,0,0,0,0,0,0,0,0,0,0,0,0,0,0,0,0,0,0,0,0,0,0,0,0,0,0,0,0,0,0,0,0,0,0,0,0,0,0,0,0,0,0,0,0,0,0,0,0,0,0,0,0,0,0,0,0,0,0,0,0,0,0,0,0,0,0,0,0,0,0,0,0,0,0,0,0,0,0,0,0,0,0,0,0,0,0,0,0,0,0
222,0,0,0,0,0,0,0,0,0,0,0,0,0,0,0,0,0,0,0,0,0,0,0,0,0,0,0,0,0,0,0,0,0,0,0,0,0,0,0,0,0,0,0,0,0,0,0,0,0,0,0,0,0,0,0,0,0,0,0,0,0,0,0,0.015727316,0.033741997,0.053058548,0.073771054,0.095980394,0.116775704,0.119794742,0.145330087,0.145330087,0.164493819,0.183515451,0.301619359,0.321639035,0.340853412,0.358111136,0.373624887,0.391111266,0.384853966,0.374388528,0.364524613,0.355126634,0.34902837,0.344010306,0.337451274,0.331121613,0.325296691,0.318972551,0.311072846,0.305544082,0.300732834,0.294528899,0.2880452,0.281859751,0.277550112,0.272766342,0.268556162,0.264482706,0.26199195,0.259674284,0.257403339,0.256732727,0.254168093,0.2510954,0.248013172,0.246624399,0.246624399,0.246624399,0.246624399,0.246624399
224,0,0,0,0,0,0,0,0,0,0,0,0,0,0,0,0,0,0,0,0,0,0,0,0,0,0,0,0,0,0,0,0,0,0,0,0,-0.000568027,-0.001177103,-0.001830196,-0.002530486,-0.003281384,-0.004086548,-0.004949898,-0.00587564,-0.006868283,-0.00786009,-0.007932662,-0.00907396,-0.010297737,-0.011609953,-0.011609953,-0.01221125,-0.012807353,-0.013259896,-0.013720927,-0.014024765,-0.014328707,-0.014578817,-0.014754905,-0.014927301,-0.015089227,-0.015235865,-0.015406033,-0.015511991,-0.015523546,-0.015606231,-0.015743494,-0.015839962,-0.015854454,-0.015852245,-0.015737459,-0.015577958,-0.015347557,-0.015221713,-0.015093821,-0.01485938,-0.014592239,-0.014291835,-0.014093466,-0.013838485,-0.013626152,-0.013459392,-0.013355429,-0.013188798,-0.013024131,-0.012929801,-0.012804322,-0.012654419,-0.012478464,-0.012333805,-0.0121756,-0.011957883,-0.011721506,-0.011513592,-0.011327739,-0.011114025,-0.010937148,-0.010798653,-0.01066231,-0.010532059,-0.010396271,-0.010305825,-0.010182705,-0.010057599,-0.009972075,-0.009994041,-0.010024516,-0.010135432,-0.010135432,-0.010135432,-0.010135432,-0.010135432
225,0,0,0,0,0,0,0,0,0,0,0,0,0,0,0,0,0,0,0,0,0,0,0,0,0,0,0,0,0,0,0,0,0,0,0,0,0,0,0,0,0,0,0,0,0,0,0,0,0,0,0,0,0,0,0,0,0,0,0,0,0,0,0,0.015727316,0.033741997,0.053058548,0.073771054,0.095980394,0.116775704,0.119794742,0.145330087,0.145330087,0.164493819,0.183515451,0.301619359,0.321639035,0.340853412,0.358111136,0.373624887,0.391111266,0.384853966,0.374388528,0.364524613,0.355126634,0.34902837,0.344010306,0.337451274,0.331121613,0.325296691,0.318972551,0.311072846,0.305544082,0.300732834,0.294528899,0.2880452,0.281859751,0.277550112,0.272766342,0.268556162,0.264482706,0.26199195,0.259674284,0.257403339,0.256732727,0.254168093,0.2510954,0.248013172,0.246624399,0.246624399,0.246624399,0.246624399,0.246624399
226,0,0,0,0,0,0,0,0,0,0,0,0,0,0,0,0,0,0,0,0,0,0,0,0,0,0,0,0,0,0,0,0,0,0,0,0,0,0,0,0,0,0,0,0,0,0,0,0,0,0,0,0,0,0.008663873,0.044167421,0.082236712,0.123057167,0.16087254,0.166827601,0.213761202,0.213761202,0.225719935,0.237053746,0.245371526,0.254084778,0.260443271,0.265716447,0.267674949,0.267211034,0.262600664,0.252058589,0.235133323,0.215222912,0.169824976,0.145279417,0.11896002,0.090738592,0.060477681,0.028029897,0,0,0,0,0,0,0,0,0,0,0,0,0,0,0,0,0,0,0,0,0,0,0,0,0,0,0,0,0,0,0,0,0
228,0,0,0,0,0,0,0,0,0,0,0,0,0,0,0,0,0,0,0,0,0,0,0,0,0,0,0,0,0,0,0,0,0,0,0,0,0,0,0,0,0,0,0,0,0,0,0,0,0,0,0,0,0,0,0,0,0,0,0,0,0,0,0,-0.039508278,-0.0847626,-0.133287326,-0.1853188,-0.241110443,-0.293349926,-0.300933994,-0.365080826,-0.365080826,-0.379911702,-0.388128599,-0.389312217,-0.387670119,-0.379425748,-0.368011495,-0.354363165,-0.342214202,-0.325244681,-0.309160626,-0.295739336,-0.284087069,-0.27468373,-0.26399269,-0.254314564,-0.246108451,-0.237932466,-0.229410196,-0.220062177,-0.211436087,-0.203364477,-0.195648277,-0.188915411,-0.1851431,-0.182056373,-0.178889999,-0.176910176,-0.174870621,-0.173682561,-0.172232974,-0.170413344,-0.168842528,-0.166932984,-0.164989482,-0.163014013,-0.162604799,-0.162604799,-0.162604799,-0.162604799,-0.162604799
229,0,0,0,0,0,0,0,0,0,0,0,0,0,0,0,0,0,0,0,0,0,0,0,0,0,0,0,0,0,0,0,0,0,0,0,0,0,0,0,0,0,0,0,0,0,0,0,0,0,0,0,0,0,0,0,0,0,0,0,0,0,0,0,-0.008505513,-0.018248059,-0.028694671,-0.039896231,-0.051907297,-0.063153639,-0.06478637,-0.078596177,-0.078596177,-0.074346479,-0.067274869,-0.057706466,-0.047244231,-0.033734915,-0.019516146,-0.004972526,0.009738077,0.015560115,0.018902005,0.021147792,0.022697202,0.024660701,0.027812313,0.029697576,0.030927388,0.032383777,0.03378066,0.034850805,0.036683413,0.038572024,0.039607393,0.039997099,0.038990282,0.038527197,0.037877979,0.036886971,0.035992647,0.035415096,0.035056628,0.034913026,0.035408091,0.035170298,0.034706327,0.034254404,0.033800692,0.033800692,0.033800692,0.033800692,0.033800692
230,0,0,0,0,0,0,0,0,0,0,0,0,0,0,0,0,0,0,0,0,0,0,0,0,0,0,0,0,0,0,0,0,0,0,0,0,0,0,0,0,0,0,0,0,0,0,0,0,0,0,0,0,0,0,0,0,0,0,0,0,0,0,0,0,0,0,0,0,0,0,0,0,0,0,0,0,0,0,0,0,0,0,0,0,0,0,0,0,0,0,0,0,0,0,0,0,0,0,0,0,0,0,0,0,0,0,0,0,0,0,0,0
232,0,0,0,0,0,0,0,0,0,0,0,0,0,0,0,0,0,0,0,0,0,0,0,0,0,0,0,0,0,0,0,0,0,0,0,0,0,0,0,0,0,0,0,0,0,0,0,0,0,0,0,0,0,0.002449914,0.012489376,0.023254363,0.034797306,0.045490492,0.047174425,0.060446004,0.060446004,0.063827616,0.067032518,0.069384566,0.071848442,0.073646456,0.07513757,0.075691383,0.0755602,0.074256509,0.07127549,0.066489473,0.060859337,0.048022003,0.04108117,0.033638741,0.02565847,0.017101486,0.007926112,0,0,0,0,0,0,0,0,0,0,0,0,0,0,0,0,0,0,0,0,0,0,0,0,0,0,0,0,0,0,0,0,0
235,0,0,0,0,0,0,0,0,0,0,0,0,0,0,0,0,0,0,0,0,0,0,0,0,0,0,0,0,0,0,0,0,0,0,0,0,0,0,0,0,0,0,0,0,0,0,0,0,0,0,0,0,0,0,0,0,0,0,0,0,0,0,0,0.000632387,0.001356748,0.002133457,0.002966296,0.003859322,0.004695491,0.004816885,0.005843648,0.005843648,0.015717244,0.027295059,0.040032564,0.053094486,0.068155617,0.083201002,0.098008505,0.113474137,0.116010515,0.115596719,0.114548586,0.113120233,0.112890878,0.113820284,0.113408642,0.112582226,0.11205805,0.111354763,0.109985049,0.109815314,0.109881519,0.108947749,0.107467843,0.105052404,0.10354303,0.101769186,0.099902542,0.098143473,0.097045517,0.096154134,0.095431881,0.095609874,0.094739164,0.093565603,0.09239822,0.091690165,0.091690165,0.091690165,0.091690165,0.091690165
236,0,0,0,0,0,0,0,0,0,0,0,0,0,0,0,0,0,0,0,0,0,0,0,0,0,0,0,0,0,0,0,0,0,0,0,0,0,0,0,0,0,0,0,0,0,0,0,0,0,0,0,0,0,0,0,0,0,0,0,0,0,0,0,0.015727316,0.033741997,0.053058548,0.073771054,0.095980394,0.116775704,0.119794742,0.145330087,0.145330087,0.164493819,0.183515451,0.301619359,0.321639035,0.340853412,0.358111136,0.373624887,0.391111266,0.384853966,0.374388528,0.364524613,0.355126634,0.34902837,0.344010306,0.337451274,0.331121613,0.325296691,0.318972551,0.311072846,0.305544082,0.300732834,0.294528899,0.2880452,0.281859751,0.277550112,0.272766342,0.268556162,0.264482706,0.26199195,0.259674284,0.257403339,0.256732727,0.254168093,0.2510954,0.248013172,0.246624399,0.246624399,0.246624399,0.246624399,0.246624399
237,0,0,0,0,0,0,0,0,0,0,0,0,0,0,0,0,0,0,0,0,0,0,0,0,0,0,0,0,0,0,0,0,0,0,0,0,0,0,0,0,0,0,0,0,0,0,0,0,0,0,0,0,0,0,0,0,0,0,0,0,0,0,0,0.000632387,0.001356748,0.002133457,0.002966296,0.003859322,0.004695491,0.004816885,0.005843648,0.005843648,0.015717244,0.027295059,0.040032564,0.053094486,0.068155617,0.083201002,0.098008505,0.113474137,0.116010515,0.115596719,0.114548586,0.113120233,0.112890878,0.113820284,0.113408642,0.112582226,0.11205805,0.111354763,0.109985049,0.109815314,0.109881519,0.108947749,0.107467843,0.105052404,0.10354303,0.101769186,0.099902542,0.098143473,0.097045517,0.096154134,0.095431881,0.095609874,0.094739164,0.093565603,0.09239822,0.091690165,0.091690165,0.091690165,0.091690165,0.091690165
238,0,0,0,0,0,0,0,0,0,0,0,0,0,0,0,0,0,0,0,0,0,0,0,0,0,0,0,0,0,0,0,0,0,0,0,0,0,0,0,0,0,0,0,0,0,0,0,0,0,0,0,0,0,0,0,0,0,0,0,0,0,0,0,-0.039508278,-0.0847626,-0.133287326,-0.1853188,-0.241110443,-0.293349926,-0.300933994,-0.365080826,-0.365080826,-0.379911702,-0.388128599,-0.389312217,-0.387670119,-0.379425748,-0.368011495,-0.354363165,-0.342214202,-0.325244681,-0.309160626,-0.295739336,-0.284087069,-0.27468373,-0.26399269,-0.254314564,-0.246108451,-0.237932466,-0.229410196,-0.220062177,-0.211436087,-0.203364477,-0.195648277,-0.188915411,-0.1851431,-0.182056373,-0.178889999,-0.176910176,-0.174870621,-0.173682561,-0.172232974,-0.170413344,-0.168842528,-0.166932984,-0.164989482,-0.163014013,-0.162604799,-0.162604799,-0.162604799,-0.162604799,-0.162604799
239,0,0,0,0,0,0,0,0,0,0,0,0,0,0,0,0,0,0,0,0,0,0,0,0,0,0,0,0,0,0,0,0,0,0,0,0,0,0,0,0,0,0,0,0,0,0,0,0,0,0,0,0,0,0,0,0,0,0,0,0,0,0,0,-0.039508278,-0.0847626,-0.133287326,-0.1853188,-0.241110443,-0.293349926,-0.300933994,-0.365080826,-0.365080826,-0.379911702,-0.388128599,-0.389312217,-0.387670119,-0.379425748,-0.368011495,-0.354363165,-0.342214202,-0.325244681,-0.309160626,-0.295739336,-0.284087069,-0.27468373,-0.26399269,-0.254314564,-0.246108451,-0.237932466,-0.229410196,-0.220062177,-0.211436087,-0.203364477,-0.195648277,-0.188915411,-0.1851431,-0.182056373,-0.178889999,-0.176910176,-0.174870621,-0.173682561,-0.172232974,-0.170413344,-0.168842528,-0.166932984,-0.164989482,-0.163014013,-0.162604799,-0.162604799,-0.162604799,-0.162604799,-0.162604799
241,0,0,0,0,0,0,0,0,0,0,0,0,0,0,0,0,0,0,0,0,0,0,0,0,0,0,0,0,0,0,0,0,0,0,0,0,-0.014445849,-0.029935661,-0.046544876,-0.064354394,-0.083450956,-0.103927574,-0.12588398,-0.149427115,-0.174671647,-0.199894901,-0.20174053,-0.230765608,-0.261888246,-0.295260033,-0.295260033,-0.310552,-0.325711875,-0.337220795,-0.34894555,-0.356672656,-0.364402389,-0.370763088,-0.375241297,-0.379625606,-0.383743655,-0.38747289,-0.391800554,-0.394495236,-0.394789095,-0.396891912,-0.400382741,-0.402836065,-0.40320462,-0.403148453,-0.400229256,-0.396172884,-0.390313402,-0.387112986,-0.383860492,-0.377898276,-0.371104448,-0.363464669,-0.35841982,-0.351935255,-0.346535276,-0.342294281,-0.339650347,-0.335412653,-0.331224901,-0.328825925,-0.32563479,-0.321822505,-0.317347697,-0.313668776,-0.309645363,-0.304108465,-0.298097005,-0.292809431,-0.288082892,-0.282647787,-0.278149504,-0.274627361,-0.271159946,-0.267847447,-0.264394133,-0.262093927,-0.258962791,-0.25578115,-0.253606138,-0.254164769,-0.254939785,-0.257760573,-0.257760573,-0.257760573,-0.257760573,-0.257760573
242,0,0,0,0,0,0,0,0,0,0,0,0,0,0,0,0,0,0,0,0,0,0,0,0,0,0,0,0,0,0,0,0,0,0,0,0,0,0,0,0,0,0,0,0,0,0,0,0,0,0,0,0,0,0,0,0,0,0,0,0,0,0,0,0,0,0,0,0,0,0,0,0,0,0,0,0,0,0,0,0,0,0,0,0,0,0,0,0,0,0,0,0,0,0,0,0,0,0,0,0,0,0,0,0,0,0,0,0,0,0,0,0
244,0,0,0,0,0,0,0,0,0,0,0,0,0,0,0,0,0,0,0,0,0,0,0,0,0,0,0,0,0,0,0,0,0,0,0,0,0,0,0,0,0,0,0,0,0,0,0,0,0,0,0,0,0,0,0,0,0,0,0,0,0,0,0,0,0,0,0,0,0,0,0,0,0,0,0,0,0,0,0,0,0,0,0,0,0,0,0,0,0,0,0,0,0,0,0,0,0,0,0,0,0,0,0,0,0,0,0,0,0,0,0,0
246,0,0,0,0,0,0,0,0,0,0,0,0,0,0,0,0,0,0,0,0,0,0,0,0,0,0,0,0,0,0,0,0,0,0,0,0,-0.009685018,-0.020069947,-0.031205364,-0.043145508,-0.055948531,-0.069676795,-0.084397162,-0.100181329,-0.117106173,-0.134016753,-0.13525413,-0.154713589,-0.175579329,-0.197952978,-0.197952978,-0.208205264,-0.218368991,-0.226084987,-0.233945685,-0.239126217,-0.244308508,-0.248572951,-0.251575303,-0.254514702,-0.257275591,-0.259775805,-0.262677226,-0.264483839,-0.264680852,-0.266090656,-0.268431034,-0.270075831,-0.270322923,-0.270285267,-0.268328132,-0.265608594,-0.261680186,-0.259534512,-0.257353922,-0.253356638,-0.24880181,-0.243679827,-0.240297578,-0.235950092,-0.232329751,-0.229486435,-0.227713846,-0.224872743,-0.222065123,-0.220456763,-0.218317311,-0.215761418,-0.212761345,-0.210294864,-0.207597423,-0.203885286,-0.199854987,-0.196310006,-0.193141164,-0.189497274,-0.186481463,-0.184120091,-0.18179541,-0.179574592,-0.177259366,-0.175717225,-0.173617998,-0.171484911,-0.170026704,-0.170401231,-0.170920829,-0.172811987,-0.172811987,-0.172811987,-0.172811987,-0.172811987
247,0,0,0,0,0,0,0,0,0,0,0,0,0,0,0,0,0,0,0,0,0,0,0,0,0,0,0,0,0,0,0,0,0,0,0,0,0,0,0,0,0,0,0,0,0,0,0,0,0,0,0,0,0,0.004953658,0.025253175,0.047019683,0.070359196,0.091980523,0.09538539,0.122220157,0.122220157,0.129057685,0.135537908,0.140293684,0.145275575,0.148911109,0.151926101,0.153045895,0.152780646,0.15014462,0.144117081,0.134439886,0.123055905,0.09709917,0.083064995,0.06801661,0.05188072,0.034578733,0.016026381,0,0,0,0,0,0,0,0,0,0,0,0,0,0,0,0,0,0,0,0,0,0,0,0,0,0,0,0,0,0,0,0,0
248,0,0,0,0,0,0,0,0,0,0,0,0,0,0,0,0,0,0,0,0,0,0,0,0,0,0,0,0,0,0,0,0,0,0,0,0,0,0,0,0,0,0,0,0,0,0,0,0,0,0,0,0,0,0,0,0,0,0,0,0,0,0,0,0,0,0,0,0,0,0,0,0,0,0,0,0,0,0,0,0,0,0,0,0,0,0,0,0,0,0,0,0,0,0,0,0,0,0,0,0,0,0,0,0,0,0,0,0,0,0,0,0
249,0,0,0,0,0,0,0,0,0,0,0,0,0,0,0,0,0,0,0,0,0,0,0,0,0,0,0,0,0,0,0,0,0,0,0,0,-0.002468606,-0.005115613,-0.00795391,-0.010997323,-0.014260676,-0.017759862,-0.021511924,-0.025535138,-0.029849098,-0.034159422,-0.034474816,-0.039434821,-0.044753273,-0.050456074,-0.050456074,-0.053069271,-0.055659895,-0.057626619,-0.059630226,-0.060950688,-0.062271598,-0.063358558,-0.064123825,-0.064873046,-0.065576767,-0.066214044,-0.066953585,-0.067414071,-0.067464288,-0.067823632,-0.068420169,-0.06883941,-0.068902391,-0.068892793,-0.06839394,-0.067700759,-0.066699451,-0.066152542,-0.065596733,-0.064577868,-0.063416892,-0.062111354,-0.061249255,-0.060141128,-0.059218342,-0.058493611,-0.058041798,-0.057317631,-0.056601999,-0.056192046,-0.055646723,-0.054995253,-0.054230567,-0.053601887,-0.052914339,-0.051968155,-0.050940876,-0.050037299,-0.049229595,-0.048300807,-0.047532109,-0.046930221,-0.046337685,-0.045771622,-0.045181496,-0.044788421,-0.044253351,-0.04370965,-0.043337969,-0.043433432,-0.043565872,-0.044047907,-0.044047907,-0.044047907,-0.044047907,-0.044047907
251,0,0,0,0,0,0,0,0,0,0,0,0,0,0,0,0,0,0,0,0,0,0,0,0,0,0,0,0,0,0,0,0,0,0,0,0,-0.001513506,-0.00313639,-0.004876554,-0.006742475,-0.008743242,-0.010888598,-0.013188993,-0.015655631,-0.018300526,-0.020943192,-0.021136561,-0.024177547,-0.027438298,-0.030934694,-0.030934694,-0.032536849,-0.034125164,-0.035330966,-0.03655938,-0.037368957,-0.038178809,-0.038845226,-0.039314412,-0.039773761,-0.040205213,-0.040595929,-0.041049342,-0.041331667,-0.041362455,-0.041582769,-0.041948507,-0.042205544,-0.042244158,-0.042238273,-0.041932426,-0.041507436,-0.040893532,-0.040558221,-0.040217454,-0.039592787,-0.03888099,-0.038080563,-0.037552009,-0.036872615,-0.036306853,-0.03586252,-0.035585512,-0.035141525,-0.03470277,-0.034451427,-0.034117088,-0.033717671,-0.033248841,-0.032863397,-0.03244186,-0.031861753,-0.031231926,-0.030677942,-0.030182738,-0.029613296,-0.029142006,-0.028772988,-0.028409703,-0.028062649,-0.027700842,-0.027459847,-0.027131795,-0.026798451,-0.026570573,-0.026629101,-0.026710301,-0.027005837,-0.027005837,-0.027005837,-0.027005837,-0.027005837
253,0,0,0,0,0,0,0,0,0,0,0,0,0,0,0,0,0,0,0,0,0,0,0,0,0,0,0,0,0,0,0,0,0,0,0,0,0,0,0,0,0,0,0,0,0,0,0,0,0,0,0,0,0,0,0,0,0,0,0,0,0,0,0,-0.039508278,-0.0847626,-0.133287326,-0.1853188,-0.241110443,-0.293349926,-0.300933994,-0.365080826,-0.365080826,-0.379911702,-0.388128599,-0.389312217,-0.387670119,-0.379425748,-0.368011495,-0.354363165,-0.342214202,-0.325244681,-0.309160626,-0.295739336,-0.284087069,-0.27468373,-0.26399269,-0.254314564,-0.246108451,-0.237932466,-0.229410196,-0.220062177,-0.211436087,-0.203364477,-0.195648277,-0.188915411,-0.1851431,-0.182056373,-0.178889999,-0.176910176,-0.174870621,-0.173682561,-0.172232974,-0.170413344,-0.168842528,-0.166932984,-0.164989482,-0.163014013,-0.162604799,-0.162604799,-0.162604799,-0.162604799,-0.162604799
255,0,0,0,0,0,0,0,0,0,0,0,0,0,0,0,0,0,0,0,0,0,0,0,0,0,0,0,0,0,0,0,0,0,0,0,0,0,0,0,0,0,0,0,0,0,0,0,0,0,0,0,0,0,0,0,0,0,0,0,0,0,0,0,0.015727316,0.033741997,0.053058548,0.073771054,0.095980394,0.116775704,0.119794742,0.145330087,0.145330087,0.164493819,0.183515451,0.269845813,0.289020368,0.307730273,0.324719276,0.340147243,0.357388172,0.352198993,0.342954474,0.334161365,0.325731414,0.320346015,0.316050358,0.310238017,0.304576805,0.299395736,0.293754331,0.286647789,0.281769958,0.277551148,0.271987352,0.266111436,0.260383911,0.256414405,0.251996234,0.248070711,0.244278371,0.241956791,0.239812368,0.237729534,0.237161998,0.234803116,0.231961101,0.229111458,0.227805368,0.227805368,0.227805368,0.227805368,0.227805368
257,0,0,0,0,0,0,0,0,0,0,0,0,0,0,0,0,0,0,0,0,0,0,0,0,0,0,0,0,0,0,0,0,0,0,0,0,0,0,0,0,0,0,0,0,0,0,0,0,0,0,0,0,0,0,0,0,0,0,0,0,0,0,0,0,0,0,0,0,0,0,0,0,0,0,0,0,0,0,0,0,0,0,0,0,0,0,0,0,0,0,0,0,0,0,0,0,0,0,0,0,0,0,0,0,0,0,0,0,0,0,0,0
258,0.244615207,0.244448818,0.244050219,0.243971907,0.243923446,0.243650943,0.243139249,0.243170354,0.24073739,0.239161245,0.236151747,0.236082096,0.236676488,0.237118891,0.235909018,0.233032668,0.233000533,0.235209304,0.237399726,0.241925488,0.243941808,0.24644046,0.249129227,0.245743522,0.240097105,0.240437099,0.243314998,0.246980485,0.252696124,0.256755228,0.248724745,0.246903976,0.246178917,0.247311576,0.253143713,0.245216778,0.244379003,0.253177752,0.260292264,0.269880479,0.28507326,0.304434646,0.321011091,0.301998782,0.320364107,0.349543959,0.351218863,0.374212473,0.38415704,0.380919291,0.37084033,0.342671824,0.320059465,0.314990753,0.295688836,0.274040601,0.272921651,0.259667948,0.257547444,0.250761757,0.244745795,0.238972625,0.237790943,0.214792062,0.203364167,0.189898118,0.164587019,0.147251993,0.163209633,0.165434003,0.176541308,0.162079909,0.151207583,0.166941998,0.17248729,0.169566273,0.174405646,0.183277462,0.190997368,0.180514112,0.163914868,0.149481224,0.146244191,0.13577952,0.134151567,0.109858315,0.092031537,0.08871753,0.096891027,0.1059112,0.112384952,0.112843858,0.104948381,0.100651411,0.097574771,0.100246594,0.099971068,0.099860128,0.106114213,0.119242173,0.119717271,0.120615727,0.119049613,0.122834552,0.136437945,0.153276205,0.164056641,0.166687786,0.180567767,0.192168375,0.204845126,0.220455135
259,0,0,0,0,0,0,0,0,0,0,0,0,0,0,0,0,0,0,0,0,0,0,0,0,0,0,0,0,0,0,0,0,0,0,0,0,0,0,0,0,0,0,0,0,0,0,0,0,0,0,0,0,0,0,0,0,0,0,0,0,0,0,0,-0.025259141,-0.054191947,-0.085215646,-0.118481342,-0.154151056,-0.187549741,-0.192398523,-0.233410027,-0.233410027,-0.239471308,-0.240661476,-0.236903373,-0.231207465,-0.22054328,-0.207840047,-0.193780234,-0.18045392,-0.168607877,-0.158380231,-0.150095298,-0.14308639,-0.137102465,-0.129876611,-0.123780151,-0.118780406,-0.113692805,-0.108445424,-0.102901987,-0.097398239,-0.092168389,-0.087522756,-0.08370526,-0.082129478,-0.080674274,-0.079261579,-0.078647176,-0.077956056,-0.077579487,-0.076960897,-0.076043586,-0.074967194,-0.074044584,-0.073207577,-0.072347758,-0.072335153,-0.072335153,-0.072335153,-0.072335153,-0.072335153
260,0,0,0,0,0,0,0,0,0,0,0,0,0,0,0,0,0,0,0,0,0,0,0,0,0,0,0,0,0,0,0,0,0,0,0,0,0,0,0,0,0,0,0,0,0,0,0,0,0,0,0,0,0,0,0,0,0,0,0,0,0,0,0,0,0,0,0,0,0,0,0,0,0,0,0,0,0,0,0,0,0,0,0,0,0,0,0,0,0,0,0,0,0,0,0,0,0,0,0,0,0,0,0,0,0,0,0,0,0,0,0,0
262,0,0,0,0,0,0,0,0,0,0,0,0,0,0,0,0,0,0,0,0,0,0,0,0,0,0,0,0,0,0,0,0,0,0,0,0,0,0,0,0,0,0,0,0,0,0,0,0,0,0,0,0,0,0,0,0,0,0,0,0,0,0,0,0,0,0,0,0,0,0,0,0,0,0,0,0,0,0,0,0,0,0,0,0,0,0,0,0,0,0,0,0,0,0,0,0,0,0,0,0,0,0,0,0,0,0,0,0,0,0,0,0
269,0,0,0,0,0,0,0,0,0,0,0,0,0,0,0,0,0,0,0,0,0,0,0,0,0,0,0,0,0,0,0,0,0,0,0,0,-0.015269944,-0.031643407,-0.049200132,-0.068025633,-0.0882116,-0.109856352,-0.13306531,-0.157951516,-0.184636178,-0.211298348,-0.213249266,-0.243930143,-0.276828242,-0.312103795,-0.312103795,-0.328268126,-0.34429283,-0.356458303,-0.368851922,-0.377019838,-0.385190531,-0.39191409,-0.396647768,-0.40128219,-0.405635162,-0.40957714,-0.414151684,-0.417000091,-0.417310713,-0.41953349,-0.423223461,-0.42581674,-0.42620632,-0.42614695,-0.423061221,-0.418773443,-0.412579695,-0.409196704,-0.405758664,-0.399456321,-0.392274924,-0.384199316,-0.378866672,-0.372012182,-0.366304148,-0.361821216,-0.359026454,-0.354547011,-0.350120359,-0.347584529,-0.344211348,-0.340181582,-0.335451499,-0.331562706,-0.327309769,-0.321457006,-0.315102609,-0.309513394,-0.304517219,-0.298772057,-0.294017159,-0.290294087,-0.286628866,-0.283127398,-0.279477083,-0.277045656,-0.273735897,-0.270372752,-0.268073662,-0.268664162,-0.26948339,-0.272465096,-0.272465096,-0.272465096,-0.272465096,-0.272465096
270,0,0,0,0,0,0,0,0,0,0,0,0,0,0,0,0,0,0,0,0,0,0,0,0,0,0,0,0,0,0,0,0,0,0,0,0,0,0,0,0,0,0,0,0,0,0,0,0,0,0,0,0,0,0,0,0,0,0,0,0,0,0,0,0,0,0,0,0,0,0,0,0,0,0,0,0,0,0,0,0,0,0,0,0,0,0,0,0,0,0,0,0,0,0,0,0,0,0,0,0,0,0,0,0,0,0,0,0,0,0,0,0
274,0,0,0,0,0,0,0,0,0,0,0,0,0,0,0,0,0,0,0,0,0,0,0,0,0,0,0,0,0,0,0,0,0,0,0,0,0,0,0,0,0,0,0,0,0,0,0,0,0,0,0,0,0,0,0,0,0,0,0,0,0,0,0,0,0,0,0,0,0,0,0,0,0,0,0,0,0,0,0,0,0,0,0,0,0,0,0,0,0,0,0,0,0,0,0,0,0,0,0,0,0,0,0,0,0,0,0,0,0,0,0,0
276,0,0,0,0,0,0,0,0,0,0,0,0,0,0,0,0,0,0,0,0,0,0,0,0,0,0,0,0,0,0,0,0,0,0,0,0,0,0,0,0,0,0,0,0,0,0,0,0,0,0,0,0,0,0,0,0,0,0,0,0,0,0,0,0.012274779,0.026334791,0.04141088,0.057576476,0.074910315,0.091140537,0.093496822,0.113426524,0.113426524,0.130465401,0.147784472,0.164559656,0.180933783,0.197972046,0.214070604,0.229214313,0.245641911,0.243992102,0.238793272,0.23354843,0.228326176,0.225302957,0.223401099,0.220063023,0.216616814,0.213569244,0.210190178,0.205711895,0.202991021,0.200735338,0.197292733,0.193430796,0.189220662,0.186378236,0.183171532,0.180189259,0.177328437,0.175567446,0.173997088,0.172537588,0.172311607,0.170634513,0.16855688,0.166477944,0.165445836,0.165445836,0.165445836,0.165445836,0.165445836
277,0,0,0,0,0,0,0,0,0,0,0,0,0,0,0,0,0,0,0,0,0,0,0,0,0,0,0,0,0,0,0,0,0,0,0,0,0,0,0,0,0,0,0,0,0,0,0,0,0,0,0,0,0,0.000720504,0.003673044,0.006838956,0.01023366,0.013378456,0.013873689,0.017776774,0.017776774,0.018771284,0.019713824,0.020405546,0.021130156,0.02165894,0.022097467,0.02226034,0.02222176,0.021838353,0.020961655,0.019554119,0.017898332,0.014122957,0.012081703,0.009892934,0.007545988,0.005029435,0.002331018,0,0,0,0,0,0,0,0,0,0,0,0,0,0,0,0,0,0,0,0,0,0,0,0,0,0,0,0,0,0,0,0,0
279,0.244615207,0.244448818,0.244050219,0.243971907,0.243923446,0.243650943,0.243139249,0.243170354,0.24073739,0.239161245,0.236151747,0.236082096,0.236676488,0.237118891,0.235909018,0.233032668,0.233000533,0.235209304,0.237399726,0.241925488,0.243941808,0.24644046,0.249129227,0.245743522,0.240097105,0.240437099,0.243314998,0.246980485,0.252696124,0.256755228,0.248724745,0.246903976,0.246178917,0.247311576,0.253143713,0.245216778,0.244379003,0.253177752,0.260292264,0.269880479,0.28507326,0.304434646,0.321011091,0.301998782,0.320364107,0.349543959,0.351218863,0.374212473,0.38415704,0.380919291,0.37084033,0.342671824,0.320059465,0.314990753,0.295688836,0.274040601,0.272921651,0.259667948,0.257547444,0.250761757,0.244745795,0.238972625,0.237790943,0.214792062,0.203364167,0.189898118,0.164587019,0.147251993,0.163209633,0.165434003,0.176541308,0.162079909,0.151207583,0.166941998,0.17248729,0.169566273,0.174405646,0.183277462,0.190997368,0.180514112,0.163914868,0.149481224,0.146244191,0.13577952,0.134151567,0.109858315,0.092031537,0.08871753,0.096891027,0.1059112,0.112384952,0.112843858,0.104948381,0.100651411,0.097574771,0.100246594,0.099971068,0.099860128,0.106114213,0.119242173,0.119717271,0.120615727,0.119049613,0.122834552,0.136437945,0.153276205,0.164056641,0.166687786,0.180567767,0.192168375,0.204845126,0.220455135
280,0,0,0,0,0,0,0,0,0,0,0,0,0,0,0,0,0,0,0,0,0,0,0,0,0,0,0,0,0,0,0,0,0,0,0,0,0,0,0,0,0,0,0,0,0,0,0,0,0,0,0,0,0,0,0,0,0,0,0,0,0,0,0,0,0,0,0,0,0,0,0,0,0,0,0,0,0,0,0,0,0,0,0,0,0,0,0,0,0,0,0,0,0,0,0,0,0,0,0,0,0,0,0,0,0,0,0,0,0,0,0,0
281,0,0,0,0,0,0,0,0,0,0,0,0,0,0,0,0,0,0,0,0,0,0,0,0,0,0,0,0,0,0,0,0,0,0,0,0,0,0,0,0,0,0,0,0,0,0,0,0,0,0,0,0,0,0,0,0,0,0,0,0,0,0,0,0,0,0,0,0,0,0,0,0,0,0,0,0,0,0,0,0,0,0,0,0,0,0,0,0,0,0,0,0,0,0,0,0,0,0,0,0,0,0,0,0,0,0,0,0,0,0,0,0
282,0,0,0,0,0,0,0,0,0,0,0,0,0,0,0,0,0,0,0,0,0,0,0,0,0,0,0,0,0,0,0,0,0,0,0,0,0,0,0,0,0,0,0,0,0,0,0,0,0,0,0,0,0,0,0,0,0,0,0,0,0,0,0,0,0,0,0,0,0,0,0,0,0,0,0,0,0,0,0,0,0,0,0,0,0,0,0,0,0,0,0,0,0,0,0,0,0,0,0,0,0,0,0,0,0,0,0,0,0,0,0,0
283,0,0,0,0,0,0,0,0,0,0,0,0,0,0,0,0,0,0,0,0,0,0,0,0,0,0,0,0,0,0,0,0,0,0,0,0,0,0,0,0,0,0,0,0,0,0,0,0,0,0,0,0,0,0,0,0,0,0,0,0,0,0,0,-0.039508278,-0.0847626,-0.133287326,-0.1853188,-0.241110443,-0.293349926,-0.300933994,-0.365080826,-0.365080826,-0.379911702,-0.388128599,-0.389312217,-0.387670119,-0.379425748,-0.368011495,-0.354363165,-0.342214202,-0.325244681,-0.309160626,-0.295739336,-0.284087069,-0.27468373,-0.26399269,-0.254314564,-0.246108451,-0.237932466,-0.229410196,-0.220062177,-0.211436087,-0.203364477,-0.195648277,-0.188915411,-0.1851431,-0.182056373,-0.178889999,-0.176910176,-0.174870621,-0.173682561,-0.172232974,-0.170413344,-0.168842528,-0.166932984,-0.164989482,-0.163014013,-0.162604799,-0.162604799,-0.162604799,-0.162604799,-0.162604799
285,0,0,0,0,0,0,0,0,0,0,0,0,0,0,0,0,0,0,0,0,0,0,0,0,0,0,0,0,0,0,0,0,0,0,0,0,0,0,0,0,0,0,0,0,0,0,0,0,0,0,0,0,0,0,0,0,0,0,0,0,0,0,0,0,0,0,0,0,0,0,0,0,0,0,0,0,0,0,0,0,0,0,0,0,0,0,0,0,0,0,0,0,0,0,0,0,0,0,0,0,0,0,0,0,0,0,0,0,0,0,0,0
286,0,0,0,0,0,0,0,0,0,0,0,0,0,0,0,0,0,0,0,0,0,0,0,0,0,0,0,0,0,0,0,0,0,0,0,0,0,0,0,0,0,0,0,0,0,0,0,0,0,0,0,0,0,0,0,0,0,0,0,0,0,0,0,0,0,0,0,0,0,0,0,0,0,0,0,0,0,0,0,0,0,0,0,0,0,0,0,0,0,0,0,0,0,0,0,0,0,0,0,0,0,0,0,0,0,0,0,0,0,0,0,0
288,0,0,0,0,0,0,0,0,0,0,0,0,0,0,0,0,0,0,0,0,0,0,0,0,0,0,0,0,0,0,0,0,0,0,0,0,-0.016032984,-0.03322463,-0.051658665,-0.071424879,-0.09261954,-0.115345882,-0.139714593,-0.165844364,-0.19386246,-0.221856941,-0.223905346,-0.256119349,-0.290661368,-0.327699643,-0.327699643,-0.344671707,-0.361497166,-0.374270548,-0.387283477,-0.395859545,-0.404438528,-0.411498064,-0.416468283,-0.421334288,-0.425904779,-0.430043737,-0.434846872,-0.437837614,-0.438163758,-0.440497607,-0.444371966,-0.447094832,-0.447503879,-0.447441542,-0.444201618,-0.439699581,-0.43319633,-0.429644291,-0.426034452,-0.41941718,-0.411876928,-0.403397782,-0.397798666,-0.390601655,-0.384608391,-0.379901447,-0.37696703,-0.372263749,-0.367615897,-0.364953351,-0.361411612,-0.357180479,-0.352214034,-0.348130917,-0.34366546,-0.337520234,-0.330848308,-0.324979799,-0.319733965,-0.313701716,-0.308709216,-0.304800103,-0.300951729,-0.297275294,-0.293442571,-0.290889646,-0.287414498,-0.283883297,-0.281469321,-0.282089328,-0.282949493,-0.286080195,-0.286080195,-0.286080195,-0.286080195,-0.286080195
289,0,0,0,0,0,0,0,0,0,0,0,0,0,0,0,0,0,0,0,0,0,0,0,0,0,0,0,0,0,0,0,0,0,0,0,0,0,0,0,0,0,0,0,0,0,0,0,0,0,0,0,0,0,0,0,0,0,0,0,0,0,0,0,0,0,0,0,0,0,0,0,0,0,0,0,0,0,0,0,0,0,0,0,0,0,0,0,0,0,0,0,0,0,0,0,0,0,0,0,0,0,0,0,0,0,0,0,0,0,0,0,0
290,0,0,0,0,0,0,0,0,0,0,0,0,0,0,0,0,0,0,0,0,0,0,0,0,0,0,0,0,0,0,0,0,0,0,0,0,0,0,0,0,0,0,0,0,0,0,0,0,0,0,0,0,0,0.006252482,0.031874428,0.059348001,0.088807014,0.116097342,0.120394947,0.154265653,0.154265653,0.162895945,0.171075249,0.177077965,0.183366082,0.187954834,0.191760341,0.193173739,0.192838944,0.189511765,0.181903836,0.169689332,0.155320529,0.122558072,0.104844209,0.085850215,0.065483577,0.043645099,0.020228415,0,0,0,0,0,0,0,0,0,0,0,0,0,0,0,0,0,0,0,0,0,0,0,0,0,0,0,0,0,0,0,0,0
291,0,0,0,0,0,0,0,0,0,0,0,0,0,0,0,0,0,0,0,0,0,0,0,0,0,0,0,0,0,0,0,0,0,0,0,0,0,0,0,0,0,0,0,0,0,0,0,0,0,0,0,0,0,0,0,0,0,0,0,0,0,0,0,0,0,0,0,0,0,0,0,0,0,0,0,0,0,0,0,0,0,0,0,0,0,0,0,0,0,0,0,0,0,0,0,0,0,0,0,0,0,0,0,0,0,0,0,0,0,0,0,0
292,0,0,0,0,0,0,0,0,0,0,0,0,0,0,0,0,0,0,0,0,0,0,0,0,0,0,0,0,0,0,0,0,0,0,0,0,0,0,0,0,0,0,0,0,0,0,0,0,0,0,0,0,0,0,0,0,0,0,0,0,0,0,0,0,0,0,0,0,0,0,0,0,0,0,0,0,0,0,0,0,0,0,0,0,0,0,0,0,0,0,0,0,0,0,0,0,0,0,0,0,0,0,0,0,0,0,0,0,0,0,0,0
293,0,0,0,0,0,0,0,0,0,0,0,0,0,0,0,0,0,0,0,0,0,0,0,0,0,0,0,0,0,0,0,0,0,0,0,0,0,0,0,0,0,0,0,0,0,0,0,0,0,0,0,0,0,0,0,0,0,0,0,0,0,0,0,0,0,0,0,0,0,0,0,0,0,0,0,0,0,0,0,0,0,0,0,0,0,0,0,0,0,0,0,0,0,0,0,0,0,0,0,0,0,0,0,0,0,0,0,0,0,0,0,0
294,0,0,0,0,0,0,0,0,0,0,0,0,0,0,0,0,0,0,0,0,0,0,0,0,0,0,0,0,0,0,0,0,0,0,0,0,0,0,0,0,0,0,0,0,0,0,0,0,0,0,0,0,0,0.003720709,0.018967745,0.035316642,0.052847029,0.06908688,0.071644287,0.091799971,0.091799971,0.096935661,0.101802979,0.105375058,0.109116973,0.111847635,0.114112206,0.114953286,0.114754057,0.112774129,0.108246824,0.100978251,0.092427704,0.072931513,0.062390397,0.051087505,0.038967783,0.025972203,0.012037468,0,0,0,0,0,0,0,0,0,0,0,0,0,0,0,0,0,0,0,0,0,0,0,0,0,0,0,0,0,0,0,0,0
295,0,0,0,0,0,0,0,0,0,0,0,0,0,0,0,0,0,0,0,0,0,0,0,0,0,0,0,0,0,0,0,0,0,0,0,0,-0.009093426,-0.01884401,-0.02929924,-0.040510042,-0.052531016,-0.065420713,-0.079241913,-0.094061933,-0.109952953,-0.125830581,-0.126992374,-0.145263187,-0.164854381,-0.185861376,-0.185861376,-0.19548742,-0.205030314,-0.212274992,-0.219655534,-0.224519621,-0.229385362,-0.233389318,-0.236208277,-0.238968129,-0.241560373,-0.243907866,-0.24663206,-0.248328319,-0.248513298,-0.249836986,-0.252034406,-0.253578734,-0.253810733,-0.253775377,-0.25193779,-0.24938437,-0.245695922,-0.243681313,-0.24163392,-0.237880803,-0.233604199,-0.228795082,-0.225619432,-0.221537504,-0.218138305,-0.215468668,-0.213804355,-0.211136796,-0.208500674,-0.206990558,-0.20498179,-0.202582019,-0.199765201,-0.19744938,-0.194916707,-0.19143132,-0.187647204,-0.184318762,-0.181343483,-0.177922173,-0.175090577,-0.172873446,-0.170690764,-0.168605601,-0.166431796,-0.164983854,-0.163012854,-0.161010063,-0.159640929,-0.159992578,-0.160480437,-0.162256077,-0.162256077,-0.162256077,-0.162256077,-0.162256077
296,0,0,0,0,0,0,0,0,0,0,0,0,0,0,0,0,0,0,0,0,0,0,0,0,0,0,0,0,0,0,0,0,0,0,0,0,0,0,0,0,0,0,0,0,0,0,0,0,0,0,0,0,0,0,0,0,0,0,0,0,0,0,0,0,0,0,0,0,0,0,0,0,0,0,0,0,0,0,0,0,0,0,0,0,0,0,0,0,0,0,0,0,0,0,0,0,0,0,0,0,0,0,0,0,0,0,0,0,0,0,0,0
302,0,0,0,0,0,0,0,0,0,0,0,0,0,0,0,0,0,0,0,0,0,0,0,0,0,0,0,0,0,0,0,0,0,0,0,0,0,0,0,0,0,0,0,0,0,0,0,0,0,0,0,0,0,0,0,0,0,0,0,0,0,0,0,0.015727316,0.033741997,0.053058548,0.073771054,0.095980394,0.116775704,0.119794742,0.145330087,0.145330087,0.164493819,0.183515451,0.301619359,0.321639035,0.340853412,0.358111136,0.373624887,0.391111266,0.384853966,0.374388528,0.364524613,0.355126634,0.34902837,0.344010306,0.337451274,0.331121613,0.325296691,0.318972551,0.311072846,0.305544082,0.300732834,0.294528899,0.2880452,0.281859751,0.277550112,0.272766342,0.268556162,0.264482706,0.26199195,0.259674284,0.257403339,0.256732727,0.254168093,0.2510954,0.248013172,0.246624399,0.246624399,0.246624399,0.246624399,0.246624399
304,0,0,0,0,0,0,0,0,0,0,0,0,0,0,0,0,0,0,0,0,0,0,0,0,0,0,0,0,0,0,0,0,0,0,0,0,0,0,0,0,0,0,0,0,0,0,0,0,0,0,0,0,0,0,0,0,0,0,0,0,0,0,0,0.015727316,0.033741997,0.053058548,0.073771054,0.095980394,0.116775704,0.119794742,0.145330087,0.145330087,0.164493819,0.183515451,0.236521738,0.254809931,0.272990744,0.289697913,0.30503591,0.322019412,0.317950478,0.309986458,0.302316409,0.294901725,0.290263978,0.286725982,0.281696769,0.276736627,0.272230831,0.267305478,0.261030805,0.256835671,0.25323821,0.248345791,0.243107319,0.237860062,0.234247288,0.230212558,0.226585583,0.223088077,0.220943928,0.218981203,0.21709566,0.216636229,0.214493139,0.211893058,0.209287352,0.20806798,0.20806798,0.20806798,0.20806798,0.20806798
307,0,0,0,0,0,0,0,0,0,0,0,0,0,0,0,0,0,0,0,0,0,0,0,0,0,0,0,0,0,0,0,0,0,0,0,0,0,0,0,0,0,0,0,0,0,0,0,0,0,0,0,0,0,0,0,0,0,0,0,0,0,0,0,-0.039508278,-0.0847626,-0.133287326,-0.1853188,-0.241110443,-0.293349926,-0.300933994,-0.365080826,-0.365080826,-0.379911702,-0.388128599,-0.389312217,-0.387670119,-0.379425748,-0.368011495,-0.354363165,-0.342214202,-0.325244681,-0.309160626,-0.295739336,-0.284087069,-0.27468373,-0.26399269,-0.254314564,-0.246108451,-0.237932466,-0.229410196,-0.220062177,-0.211436087,-0.203364477,-0.195648277,-0.188915411,-0.1851431,-0.182056373,-0.178889999,-0.176910176,-0.174870621,-0.173682561,-0.172232974,-0.170413344,-0.168842528,-0.166932984,-0.164989482,-0.163014013,-0.162604799,-0.162604799,-0.162604799,-0.162604799,-0.162604799
308,0,0,0,0,0,0,0,0,0,0,0,0,0,0,0,0,0,0,0,0,0,0,0,0,0,0,0,0,0,0,0,0,0,0,0,0,0,0,0,0,0,0,0,0,0,0,0,0,0,0,0,0,0,0,0,0,0,0,0,0,0,0,0,0,0,0,0,0,0,0,0,0,0,0,0,0,0,0,0,0,0,0,0,0,0,0,0,0,0,0,0,0,0,0,0,0,0,0,0,0,0,0,0,0,0,0,0,0,0,0,0,0
309,0,0,0,0,0,0,0,0,0,0,0,0,0,0,0,0,0,0,0,0,0,0,0,0,0,0,0,0,0,0,0,0,0,0,0,0,0,0,0,0,0,0,0,0,0,0,0,0,0,0,0,0,0,0,0,0,0,0,0,0,0,0,0,0,0,0,0,0,0,0,0,0,0,0,0,0,0,0,0,0,0,0,0,0,0,0,0,0,0,0,0,0,0,0,0,0,0,0,0,0,0,0,0,0,0,0,0,0,0,0,0,0
313,0,0,0,0,0,0,0,0,0,0,0,0,0,0,0,0,0,0,0,0,0,0,0,0,0,0,0,0,0,0,0,0,0,0,0,0,0,0,0,0,0,0,0,0,0,0,0,0,0,0,0,0,0,0.000269059,0.001371633,0.002553887,0.003821579,0.004995947,0.005180883,0.006638421,0.006638421,0.007009803,0.007361778,0.00762009,0.007890682,0.008088147,0.008251908,0.008312729,0.008298322,0.008155146,0.007827758,0.007302139,0.006683815,0.005273968,0.004511698,0.003694341,0.002817915,0.001878153,0.000870477,0,0,0,0,0,0,0,0,0,0,0,0,0,0,0,0,0,0,0,0,0,0,0,0,0,0,0,0,0,0,0,0,0
317,0,0,0,0,0,0,0,0,0,0,0,0,0,0,0,0,0,0,0,0,0,0,0,0,0,0,0,0,0,0,0,0,0,0,0,0,0,0,0,0,0,0,0,0,0,0,0,0,0,0,0,0,0,0,0,0,0,0,0,0,0,0,0,0,0,0,0,0,0,0,0,0,0,0,0,0,0,0,0,0,0,0,0,0,0,0,0,0,0,0,0,0,0,0,0,0,0,0,0,0,0,0,0,0,0,0,0,0,0,0,0,0
322,0,0,0,0,0,0,0,0,0,0,0,0,0,0,0,0,0,0,0,0,0,0,0,0,0,0,0,0,0,0,0,0,0,0,0,0,0,0,0,0,0,0,0,0,0,0,0,0,0,0,0,0,0,0.009025194,0.046009396,0.085666343,0.12818919,0.16758163,0.173785043,0.222675981,0.222675981,0.235133445,0.246939926,0.255604594,0.264681226,0.271304897,0.276797988,0.278838168,0.278354905,0.273552263,0.262570537,0.244939413,0.224198651,0.176907422,0.151338206,0.123921174,0.094522789,0.062999865,0.029198866,0,0,0,0,0,0,0,0,0,0,0,0,0,0,0,0,0,0,0,0,0,0,0,0,0,0,0,0,0,0,0,0,0
323,0.244615207,0.244448818,0.244050219,0.243971907,0.243923446,0.243650943,0.243139249,0.243170354,0.24073739,0.239161245,0.236151747,0.236082096,0.236676488,0.237118891,0.235909018,0.233032668,0.233000533,0.235209304,0.237399726,0.241925488,0.243941808,0.24644046,0.249129227,0.245743522,0.240097105,0.240437099,0.243314998,0.246980485,0.252696124,0.256755228,0.248724745,0.246903976,0.246178917,0.247311576,0.253143713,0.245216778,0.244379003,0.253177752,0.260292264,0.269880479,0.28507326,0.304434646,0.321011091,0.301998782,0.320364107,0.349543959,0.351218863,0.374212473,0.38415704,0.380919291,0.37084033,0.342671824,0.320059465,0.314990753,0.295688836,0.274040601,0.272921651,0.259667948,0.257547444,0.250761757,0.244745795,0.238972625,0.237790943,0.214792062,0.203364167,0.189898118,0.164587019,0.147251993,0.163209633,0.165434003,0.176541308,0.162079909,0.151207583,0.166941998,0.17248729,0.169566273,0.174405646,0.183277462,0.190997368,0.180514112,0.163914868,0.149481224,0.146244191,0.13577952,0.134151567,0.109858315,0.092031537,0.08871753,0.096891027,0.1059112,0.112384952,0.112843858,0.104948381,0.100651411,0.097574771,0.100246594,0.099971068,0.099860128,0.106114213,0.119242173,0.119717271,0.120615727,0.119049613,0.122834552,0.136437945,0.153276205,0.164056641,0.166687786,0.180567767,0.192168375,0.204845126,0.220455135
325,0,0,0,0,0,0,0,0,0,0,0,0,0,0,0,0,0,0,0,0,0,0,0,0,0,0,0,0,0,0,0,0,0,0,0,0,0,0,0,0,0,0,0,0,0,0,0,0,0,0,0,0,0,0,0,0,0,0,0,0,0,0,0,0,0,0,0,0,0,0,0,0,0,0,0,0,0,0,0,0,0,0,0,0,0,0,0,0,0,0,0,0,0,0,0,0,0,0,0,0,0,0,0,0,0,0,0,0,0,0,0,0
328,0,0,0,0,0,0,0,0,0,0,0,0,0,0,0,0,0,0,0,0,0,0,0,0,0,0,0,0,0,0,0,0,0,0,0,0,0,0,0,0,0,0,0,0,0,0,0,0,0,0,0,0,0,0.002661332,0.013567162,0.025261126,0.03780018,0.049416147,0.051245397,0.065662263,0.065662263,0.069335695,0.072817168,0.075372188,0.078048688,0.080001863,0.081621655,0.08222326,0.082080756,0.080664562,0.077426292,0.07222726,0.066111264,0.052166118,0.044626317,0.036541636,0.027872697,0.018577278,0.008610105,0,0,0,0,0,0,0,0,0,0,0,0,0,0,0,0,0,0,0,0,0,0,0,0,0,0,0,0,0,0,0,0,0
329,0.244615207,0.244448818,0.244050219,0.243971907,0.243923446,0.243650943,0.243139249,0.243170354,0.24073739,0.239161245,0.236151747,0.236082096,0.236676488,0.237118891,0.235909018,0.233032668,0.233000533,0.235209304,0.237399726,0.241925488,0.243941808,0.24644046,0.249129227,0.245743522,0.240097105,0.240437099,0.243314998,0.246980485,0.252696124,0.256755228,0.248724745,0.246903976,0.246178917,0.247311576,0.253143713,0.245216778,0.244379003,0.253177752,0.260292264,0.269880479,0.28507326,0.304434646,0.321011091,0.301998782,0.320364107,0.349543959,0.351218863,0.374212473,0.38415704,0.380919291,0.37084033,0.342671824,0.320059465,0.314990753,0.295688836,0.274040601,0.272921651,0.259667948,0.257547444,0.250761757,0.244745795,0.238972625,0.237790943,0.214792062,0.203364167,0.189898118,0.164587019,0.147251993,0.163209633,0.165434003,0.176541308,0.162079909,0.151207583,0.166941998,0.17248729,0.169566273,0.174405646,0.183277462,0.190997368,0.180514112,0.163914868,0.149481224,0.146244191,0.13577952,0.134151567,0.109858315,0.092031537,0.08871753,0.096891027,0.1059112,0.112384952,0.112843858,0.104948381,0.100651411,0.097574771,0.100246594,0.099971068,0.099860128,0.106114213,0.119242173,0.119717271,0.120615727,0.119049613,0.122834552,0.136437945,0.153276205,0.164056641,0.166687786,0.180567767,0.192168375,0.204845126,0.220455135
331,0,0,0,0,0,0,0,0,0,0,0,0,0,0,0,0,0,0,0,0,0,0,0,0,0,0,0,0,0,0,0,0,0,0,0,0,0,0,0,0,0,0,0,0,0,0,0,0,0,0,0,0,0,0.000983624,0.005014402,0.009336473,0.013970888,0.018264131,0.018940219,0.02426867,0.02426867,0.025626365,0.026913112,0.027857443,0.028846673,0.029568564,0.030167236,0.030389589,0.030336919,0.029813496,0.028616637,0.026695083,0.02443462,0.019280516,0.016493817,0.013505732,0.010301705,0.006866133,0.003182281,0,0,0,0,0,0,0,0,0,0,0,0,0,0,0,0,0,0,0,0,0,0,0,0,0,0,0,0,0,0,0,0,0
337,0,0,0,0,0,0,0,0,0,0,0,0,0,0,0,0,0,0,0,0,0,0,0,0,0,0,0,0,0,0,0,0,0,0,0,0,0,0,0,0,0,0,0,0,0,0,0,0,0,0,0,0,0,0,0,0,0,0,0,0,0,0,0,0,0,0,0,0,0,0,0,0,0,0,0,0,0,0,0,0,0,0,0,0,0,0,0,0,0,0,0,0,0,0,0,0,0,0,0,0,0,0,0,0,0,0,0,0,0,0,0,0
338,0,0,0,0,0,0,0,0,0,0,0,0,0,0,0,0,0,0,0,0,0,0,0,0,0,0,0,0,0,0,0,0,0,0,0,0,0,0,0,0,0,0,0,0,0,0,0,0,0,0,0,0,0,0,0,0,0,0,0,0,0,0,0,0,0,0,0,0,0,0,0,0,0,0,0,0,0,0,0,0,0,0,0,0,0,0,0,0,0,0,0,0,0,0,0,0,0,0,0,0,0,0,0,0,0,0,0,0,0,0,0,0
339,0,0,0,0,0,0,0,0,0,0,0,0,0,0,0,0,0,0,0,0,0,0,0,0,0,0,0,0,0,0,0,0,0,0,0,0,-0.012844646,-0.026617541,-0.041385763,-0.057221243,-0.07420111,-0.092408064,-0.111930785,-0.132864359,-0.155310743,-0.177738209,-0.179379266,-0.205187154,-0.232860107,-0.262532907,-0.262532907,-0.276129886,-0.289609415,-0.299842667,-0.31026783,-0.317138451,-0.324011407,-0.329667075,-0.333648911,-0.337547257,-0.341208854,-0.344524734,-0.348372712,-0.350768712,-0.351029998,-0.352899735,-0.356003635,-0.358185028,-0.358512732,-0.358462791,-0.355867163,-0.352260405,-0.347050399,-0.344204723,-0.34131274,-0.336011387,-0.329970598,-0.323177625,-0.318691956,-0.312926151,-0.308124715,-0.304353799,-0.302002923,-0.298234943,-0.294511368,-0.292378299,-0.289540875,-0.286151149,-0.282172337,-0.278901194,-0.275323743,-0.270400564,-0.265055425,-0.260353934,-0.256151293,-0.251318625,-0.247318939,-0.244187196,-0.241104115,-0.238158779,-0.235088237,-0.233042989,-0.230258913,-0.227429931,-0.225496001,-0.225992713,-0.226681824,-0.229189951,-0.229189951,-0.229189951,-0.229189951,-0.229189951
342,0.244615207,0.244448818,0.244050219,0.243971907,0.243923446,0.243650943,0.243139249,0.243170354,0.24073739,0.239161245,0.236151747,0.236082096,0.236676488,0.237118891,0.235909018,0.233032668,0.233000533,0.235209304,0.237399726,0.241925488,0.243941808,0.24644046,0.249129227,0.245743522,0.240097105,0.240437099,0.243314998,0.246980485,0.252696124,0.256755228,0.248724745,0.246903976,0.246178917,0.247311576,0.253143713,0.245216778,0.244379003,0.253177752,0.260292264,0.269880479,0.28507326,0.304434646,0.321011091,0.301998782,0.320364107,0.349543959,0.351218863,0.374212473,0.38415704,0.380919291,0.37084033,0.342671824,0.320059465,0.314990753,0.295688836,0.274040601,0.272921651,0.259667948,0.257547444,0.250761757,0.244745795,0.238972625,0.237790943,0.214792062,0.203364167,0.189898118,0.164587019,0.147251993,0.163209633,0.165434003,0.176541308,0.162079909,0.151207583,0.166941998,0.17248729,0.169566273,0.174405646,0.183277462,0.190997368,0.180514112,0.163914868,0.149481224,0.146244191,0.13577952,0.134151567,0.109858315,0.092031537,0.08871753,0.096891027,0.1059112,0.112384952,0.112843858,0.104948381,0.100651411,0.097574771,0.100246594,0.099971068,0.099860128,0.106114213,0.119242173,0.119717271,0.120615727,0.119049613,0.122834552,0.136437945,0.153276205,0.164056641,0.166687786,0.180567767,0.192168375,0.204845126,0.220455135
344,0,0,0,0,0,0,0,0,0,0,0,0,0,0,0,0,0,0,0,0,0,0,0,0,0,0,0,0,0,0,0,0,0,0,0,0,0,0,0,0,0,0,0,0,0,0,0,0,0,0,0,0,0,0,0,0,0,0,0,0,0,0,0,0,0,0,0,0,0,0,0,0,0,0,0,0,0,0,0,0,0,0,0,0,0,0,0,0,0,0,0,0,0,0,0,0,0,0,0,0,0,0,0,0,0,0,0,0,0,0,0,0
346,0,0,0,0,0,0,0,0,0,0,0,0,0,0,0,0,0,0,0,0,0,0,0,0,0,0,0,0,0,0,0,0,0,0,0,0,0,0,0,0,0,0,0,0,0,0,0,0,0,0,0,0,0,0.009025194,0.046009396,0.085666343,0.12818919,0.16758163,0.173785043,0.222675981,0.222675981,0.235133445,0.246939926,0.255604594,0.264681226,0.271304897,0.276797988,0.278838168,0.278354905,0.273552263,0.262570537,0.244939413,0.224198651,0.176907422,0.151338206,0.123921174,0.094522789,0.062999865,0.029198866,0,0,0,0,0,0,0,0,0,0,0,0,0,0,0,0,0,0,0,0,0,0,0,0,0,0,0,0,0,0,0,0,0
348,0,0,0,0,0,0,0,0,0,0,0,0,0,0,0,0,0,0,0,0,0,0,0,0,0,0,0,0,0,0,0,0,0,0,0,0,0,0,0,0,0,0,0,0,0,0,0,0,0,0,0,0,0,0,0,0,0,0,0,0,0,0,0,0.015727316,0.033741997,0.053058548,0.073771054,0.095980394,0.116775704,0.119794742,0.145330087,0.145330087,0.164493819,0.183515451,0.301619359,0.321639035,0.340853412,0.358111136,0.373624887,0.391111266,0.384853966,0.374388528,0.364524613,0.355126634,0.34902837,0.344010306,0.337451274,0.331121613,0.325296691,0.318972551,0.311072846,0.305544082,0.300732834,0.294528899,0.2880452,0.281859751,0.277550112,0.272766342,0.268556162,0.264482706,0.26199195,0.259674284,0.257403339,0.256732727,0.254168093,0.2510954,0.248013172,0.246624399,0.246624399,0.246624399,0.246624399,0.246624399
349,0,0,0,0,0,0,0,0,0,0,0,0,0,0,0,0,0,0,0,0,0,0,0,0,0,0,0,0,0,0,0,0,0,0,0,0,-0.004668583,-0.009674552,-0.015042288,-0.020797936,-0.026969528,-0.033587124,-0.040682955,-0.048291583,-0.056450064,-0.06460167,-0.065198137,-0.074578408,-0.084636566,-0.095421599,-0.095421599,-0.100363629,-0.10526297,-0.108982402,-0.112771587,-0.115268819,-0.1177669,-0.119822539,-0.121269798,-0.122686711,-0.124017575,-0.125222782,-0.126621389,-0.127492251,-0.12758722,-0.128266804,-0.129394964,-0.130187825,-0.130306934,-0.130288782,-0.129345361,-0.12803443,-0.126140774,-0.125106469,-0.124055334,-0.122128476,-0.119932859,-0.117463849,-0.115833464,-0.113737794,-0.111992639,-0.110622042,-0.10976758,-0.10839805,-0.10704466,-0.106269363,-0.105238058,-0.10400601,-0.10255985,-0.101370903,-0.100070624,-0.098281219,-0.096338447,-0.094629618,-0.093102104,-0.091345597,-0.08989185,-0.08875357,-0.087632977,-0.08656245,-0.085446414,-0.084703038,-0.083691123,-0.082662886,-0.081959969,-0.082140507,-0.082390975,-0.083302592,-0.083302592,-0.083302592,-0.083302592,-0.083302592
353,0.244615207,0.244448818,0.244050219,0.243971907,0.243923446,0.243650943,0.243139249,0.243170354,0.24073739,0.239161245,0.236151747,0.236082096,0.236676488,0.237118891,0.235909018,0.233032668,0.233000533,0.235209304,0.237399726,0.241925488,0.243941808,0.24644046,0.249129227,0.245743522,0.240097105,0.240437099,0.243314998,0.246980485,0.252696124,0.256755228,0.248724745,0.246903976,0.246178917,0.247311576,0.253143713,0.245216778,0.244379003,0.253177752,0.260292264,0.269880479,0.28507326,0.304434646,0.321011091,0.301998782,0.320364107,0.349543959,0.351218863,0.374212473,0.38415704,0.380919291,0.37084033,0.342671824,0.320059465,0.314990753,0.295688836,0.274040601,0.272921651,0.259667948,0.257547444,0.250761757,0.244745795,0.238972625,0.237790943,0.214792062,0.203364167,0.189898118,0.164587019,0.147251993,0.163209633,0.165434003,0.176541308,0.162079909,0.151207583,0.166941998,0.17248729,0.169566273,0.174405646,0.183277462,0.190997368,0.180514112,0.163914868,0.149481224,0.146244191,0.13577952,0.134151567,0.109858315,0.092031537,0.08871753,0.096891027,0.1059112,0.112384952,0.112843858,0.104948381,0.100651411,0.097574771,0.100246594,0.099971068,0.099860128,0.106114213,0.119242173,0.119717271,0.120615727,0.119049613,0.122834552,0.136437945,0.153276205,0.164056641,0.166687786,0.180567767,0.192168375,0.204845126,0.220455135
355,0,0,0,0,0,0,0,0,0,0,0,0,0,0,0,0,0,0,0,0,0,0,0,0,0,0,0,0,0,0,0,0,0,0,0,0,0,0,0,0,0,0,0,0,0,0,0,0,0,0,0,0,0,0,0,0,0,0,0,0,0,0,0,0,0,0,0,0,0,0,0,0,0,0,0,0,0,0,0,0,0,0,0,0,0,0,0,0,0,0,0,0,0,0,0,0,0,0,0,0,0,0,0,0,0,0,0,0,0,0,0,0
356,0,0,0,0,0,0,0,0,0,0,0,0,0,0,0,0,0,0,0,0,0,0,0,0,0,0,0,0,0,0,0,0,0,0,0,0,0,0,0,0,0,0,0,0,0,0,0,0,0,0,0,0,0,0,0,0,0,0,0,0,0,0,0,0,0,0,0,0,0,0,0,0,0,0,0,0,0,0,0,0,0,0,0,0,0,0,0,0,0,0,0,0,0,0,0,0,0,0,0,0,0,0,0,0,0,0,0,0,0,0,0,0
357,0,0,0,0,0,0,0,0,0,0,0,0,0,0,0,0,0,0,0,0,0,0,0,0,0,0,0,0,0,0,0,0,0,0,0,0,0,0,0,0,0,0,0,0,0,0,0,0,0,0,0,0,0,0,0,0,0,0,0,0,0,0,0,0.015727316,0.033741997,0.053058548,0.073771054,0.095980394,0.116775704,0.119794742,0.145330087,0.145330087,0.164493819,0.183515451,0.301619359,0.321639035,0.340853412,0.358111136,0.373624887,0.391111266,0.384853966,0.374388528,0.364524613,0.355126634,0.34902837,0.344010306,0.337451274,0.331121613,0.325296691,0.318972551,0.311072846,0.305544082,0.300732834,0.294528899,0.2880452,0.281859751,0.277550112,0.272766342,0.268556162,0.264482706,0.26199195,0.259674284,0.257403339,0.256732727,0.254168093,0.2510954,0.248013172,0.246624399,0.246624399,0.246624399,0.246624399,0.246624399
358,0,0,0,0,0,0,0,0,0,0,0,0,0,0,0,0,0,0,0,0,0,0,0,0,0,0,0,0,0,0,0,0,0,0,0,0,0,0,0,0,0,0,0,0,0,0,0,0,0,0,0,0,0,0.004002836,0.020405994,0.037994562,0.056854209,0.074325464,0.077076789,0.098760798,0.098760798,0.104285907,0.109522294,0.11336523,0.117390879,0.120328596,0.12276488,0.123669737,0.123455401,0.121325343,0.11645475,0.10863503,0.099436129,0.07846162,0.067121213,0.054961267,0.041922555,0.027941572,0.012950222,0,0,0,0,0,0,0,0,0,0,0,0,0,0,0,0,0,0,0,0,0,0,0,0,0,0,0,0,0,0,0,0,0
359,0,0,0,0,0,0,0,0,0,0,0,0,0,0,0,0,0,0,0,0,0,0,0,0,0,0,0,0,0,0,0,0,0,0,0,0,0,0,0,0,0,0,0,0,0,0,0,0,0,0,0,0,0,0,0,0,0,0,0,0,0,0,0,0,0,0,0,0,0,0,0,0,0,0,0,0,0,0,0,0,0,0,0,0,0,0,0,0,0,0,0,0,0,0,0,0,0,0,0,0,0,0,0,0,0,0,0,0,0,0,0,0
361,0,0,0,0,0,0,0,0,0,0,0,0,0,0,0,0,0,0,0,0,0,0,0,0,0,0,0,0,0,0,0,0,0,0,0,0,0,0,0,0,0,0,0,0,0,0,0,0,0,0,0,0,0,0,0,0,0,0,0,0,0,0,0,0.015727316,0.033741997,0.053058548,0.073771054,0.095980394,0.116775704,0.119794742,0.145330087,0.145330087,0.164493819,0.183515451,0.236521738,0.254809931,0.272990744,0.289697913,0.30503591,0.322019412,0.317950478,0.309986458,0.302316409,0.294901725,0.290263978,0.286725982,0.281696769,0.276736627,0.272230831,0.267305478,0.261030805,0.256835671,0.25323821,0.248345791,0.243107319,0.237860062,0.234247288,0.230212558,0.226585583,0.223088077,0.220943928,0.218981203,0.21709566,0.216636229,0.214493139,0.211893058,0.209287352,0.20806798,0.20806798,0.20806798,0.20806798,0.20806798
362,0,0,0,0,0,0,0,0,0,0,0,0,0,0,0,0,0,0,0,0,0,0,0,0,0,0,0,0,0,0,0,0,0,0,0,0,0,0,0,0,0,0,0,0,0,0,0,0,0,0,0,0,0,0,0,0,0,0,0,0,0,0,0,-0.039508278,-0.0847626,-0.133287326,-0.1853188,-0.241110443,-0.293349926,-0.300933994,-0.365080826,-0.365080826,-0.379911702,-0.388128599,-0.389312217,-0.387670119,-0.379425748,-0.368011495,-0.354363165,-0.342214202,-0.325244681,-0.309160626,-0.295739336,-0.284087069,-0.27468373,-0.26399269,-0.254314564,-0.246108451,-0.237932466,-0.229410196,-0.220062177,-0.211436087,-0.203364477,-0.195648277,-0.188915411,-0.1851431,-0.182056373,-0.178889999,-0.176910176,-0.174870621,-0.173682561,-0.172232974,-0.170413344,-0.168842528,-0.166932984,-0.164989482,-0.163014013,-0.162604799,-0.162604799,-0.162604799,-0.162604799,-0.162604799
363,0,0,0,0,0,0,0,0,0,0,0,0,0,0,0,0,0,0,0,0,0,0,0,0,0,0,0,0,0,0,0,0,0,0,0,0,0,0,0,0,0,0,0,0,0,0,0,0,0,0,0,0,0,0,0,0,0,0,0,0,0,0,0,0.015727316,0.033741997,0.053058548,0.073771054,0.095980394,0.116775704,0.119794742,0.145330087,0.145330087,0.164493819,0.183515451,0.301619359,0.321639035,0.340853412,0.358111136,0.373624887,0.391111266,0.384853966,0.374388528,0.364524613,0.355126634,0.34902837,0.344010306,0.337451274,0.331121613,0.325296691,0.318972551,0.311072846,0.305544082,0.300732834,0.294528899,0.2880452,0.281859751,0.277550112,0.272766342,0.268556162,0.264482706,0.26199195,0.259674284,0.257403339,0.256732727,0.254168093,0.2510954,0.248013172,0.246624399,0.246624399,0.246624399,0.246624399,0.246624399
366,0,0,0,0,0,0,0,0,0,0,0,0,0,0,0,0,0,0,0,0,0,0,0,0,0,0,0,0,0,0,0,0,0,0,0,0,0,0,0,0,0,0,0,0,0,0,0,0,0,0,0,0,0,0,0,0,0,0,0,0,0,0,0,0,0,0,0,0,0,0,0,0,0,0,0,0,0,0,0,0,0,0,0,0,0,0,0,0,0,0,0,0,0,0,0,0,0,0,0,0,0,0,0,0,0,0,0,0,0,0,0,0
367,0,0,0,0,0,0,0,0,0,0,0,0,0,0,0,0,0,0,0,0,0,0,0,0,0,0,0,0,0,0,0,0,0,0,0,0,0,0,0,0,0,0,0,0,0,0,0,0,0,0,0,0,0,0,0,0,0,0,0,0,0,0,0,-0.002867468,-0.006151977,-0.009673848,-0.013450236,-0.017499532,-0.021291016,-0.02184146,-0.026497167,-0.026497167,-0.018777548,-0.008925629,0.002598096,0.014664327,0.029131107,0.043859894,0.058566328,0.073742781,0.077537581,0.078562229,0.078775681,0.078487824,0.079098342,0.080878862,0.081346945,0.081308073,0.081542462,0.081643549,0.081208311,0.081805483,0.082569677,0.082390096,0.081626259,0.079750328,0.078641687,0.07729858,0.075767308,0.07433944,0.073440801,0.072753527,0.0722529,0.072552333,0.071924033,0.071022248,0.070128889,0.069518249,0.069518249,0.069518249,0.069518249,0.069518249
369,0,0,0,0,0,0,0,0,0,0,0,0,0,0,0,0,0,0,0,0,0,0,0,0,0,0,0,0,0,0,0,0,0,0,0,0,0,0,0,0,0,0,0,0,0,0,0,0,0,0,0,0,0,0,0,0,0,0,0,0,0,0,0,0,0,0,0,0,0,0,0,0,0,0,0,0,0,0,0,0,0,0,0,0,0,0,0,0,0,0,0,0,0,0,0,0,0,0,0,0,0,0,0,0,0,0,0,0,0,0,0,0
370,0,0,0,0,0,0,0,0,0,0,0,0,0,0,0,0,0,0,0,0,0,0,0,0,0,0,0,0,0,0,0,0,0,0,0,0,0,0,0,0,0,0,0,0,0,0,0,0,0,0,0,0,0,0.000977609,0.004983736,0.009279375,0.013885448,0.018152435,0.018824388,0.024120253,0.024120253,0.025469645,0.026748522,0.027687079,0.028670259,0.029387735,0.029982746,0.030203738,0.030151391,0.029631169,0.028441629,0.026531827,0.024285188,0.019162604,0.016392948,0.013423136,0.010238704,0.006824143,0.00316282,0,0,0,0,0,0,0,0,0,0,0,0,0,0,0,0,0,0,0,0,0,0,0,0,0,0,0,0,0,0,0,0,0
371,0,0,0,0,0,0,0,0,0,0,0,0,0,0,0,0,0,0,0,0,0,0,0,0,0,0,0,0,0,0,0,0,0,0,0,0,0,0,0,0,0,0,0,0,0,0,0,0,0,0,0,0,0,0,0,0,0,0,0,0,0,0,0,-0.039508278,-0.0847626,-0.133287326,-0.1853188,-0.241110443,-0.293349926,-0.300933994,-0.365080826,-0.365080826,-0.379911702,-0.388128599,-0.389312217,-0.387670119,-0.379425748,-0.368011495,-0.354363165,-0.342214202,-0.325244681,-0.309160626,-0.295739336,-0.284087069,-0.27468373,-0.26399269,-0.254314564,-0.246108451,-0.237932466,-0.229410196,-0.220062177,-0.211436087,-0.203364477,-0.195648277,-0.188915411,-0.1851431,-0.182056373,-0.178889999,-0.176910176,-0.174870621,-0.173682561,-0.172232974,-0.170413344,-0.168842528,-0.166932984,-0.164989482,-0.163014013,-0.162604799,-0.162604799,-0.162604799,-0.162604799,-0.162604799
373,0,0,0,0,0,0,0,0,0,0,0,0,0,0,0,0,0,0,0,0,0,0,0,0,0,0,0,0,0,0,0,0,0,0,0,0,0,0,0,0,0,0,0,0,0,0,0,0,0,0,0,0,0,0,0,0,0,0,0,0,0,0,0,-0.039508278,-0.0847626,-0.133287326,-0.1853188,-0.241110443,-0.293349926,-0.300933994,-0.365080826,-0.365080826,-0.379911702,-0.388128599,-0.389312217,-0.387670119,-0.379425748,-0.368011495,-0.354363165,-0.342214202,-0.325244681,-0.309160626,-0.295739336,-0.284087069,-0.27468373,-0.26399269,-0.254314564,-0.246108451,-0.237932466,-0.229410196,-0.220062177,-0.211436087,-0.203364477,-0.195648277,-0.188915411,-0.1851431,-0.182056373,-0.178889999,-0.176910176,-0.174870621,-0.173682561,-0.172232974,-0.170413344,-0.168842528,-0.166932984,-0.164989482,-0.163014013,-0.162604799,-0.162604799,-0.162604799,-0.162604799,-0.162604799
374,0,0,0,0,0,0,0,0,0,0,0,0,0,0,0,0,0,0,0,0,0,0,0,0,0,0,0,0,0,0,0,0,0,0,0,0,0,0,0,0,0,0,0,0,0,0,0,0,0,0,0,0,0,0,0,0,0,0,0,0,0,0,0,-0.007530587,-0.016156416,-0.025405609,-0.035323215,-0.04595754,-0.055914795,-0.057360377,-0.069587266,-0.069587266,-0.064737553,-0.057185175,-0.047278659,-0.036539063,-0.022864184,-0.008557223,0.006014551,0.020805708,0.026277199,0.029218393,0.031112751,0.032344463,0.034074005,0.036988529,0.038628735,0.039639167,0.040884249,0.042057064,0.0428669,0.044485878,0.046180055,0.047005337,0.047195573,0.04603847,0.045463756,0.044694551,0.043610121,0.042623537,0.041990464,0.041575139,0.041369801,0.041831037,0.041525718,0.040986041,0.040457786,0.039976937,0.039976937,0.039976937,0.039976937,0.039976937
376,0,0,0,0,0,0,0,0,0,0,0,0,0,0,0,0,0,0,0,0,0,0,0,0,0,0,0,0,0,0,0,0,0,0,0,0,0,0,0,0,0,0,0,0,0,0,0,0,0,0,0,0,0,0,0,0,0,0,0,0,0,0,0,0,0,0,0,0,0,0,0,0,0,0,0,0,0,0,0,0,0,0,0,0,0,0,0,0,0,0,0,0,0,0,0,0,0,0,0,0,0,0,0,0,0,0,0,0,0,0,0,0
378,0,0,0,0,0,0,0,0,0,0,0,0,0,0,0,0,0,0,0,0,0,0,0,0,0,0,0,0,0,0,0,0,0,0,0,0,0,0,0,0,0,0,0,0,0,0,0,0,0,0,0,0,0,0,0,0,0,0,0,0,0,0,0,0,0,0,0,0,0,0,0,0,0,0,0,0,0,0,0,0,0,0,0,0,0,0,0,0,0,0,0,0,0,0,0,0,0,0,0,0,0,0,0,0,0,0,0,0,0,0,0,0
380,0,0,0,0,0,0,0,0,0,0,0,0,0,0,0,0,0,0,0,0,0,0,0,0,0,0,0,0,0,0,0,0,0,0,0,0,0,0,0,0,0,0,0,0,0,0,0,0,0,0,0,0,0,0,0,0,0,0,0,0,0,0,0,-0.013616749,-0.029213905,-0.045938223,-0.063871162,-0.083100064,-0.101104695,-0.103718586,-0.125827151,-0.125827151,-0.12472315,-0.120172063,-0.11237628,-0.103368168,-0.090726851,-0.076970445,-0.062574426,-0.048286146,-0.040626289,-0.035183677,-0.031095453,-0.027880447,-0.024690387,-0.020295796,-0.01712577,-0.014745819,-0.012181611,-0.009610009,-0.007175141,-0.004222533,-0.001314569,0.000822228,0.002257692,0.002038781,0.002160932,0.002140766,0.001639542,0.001228908,0.000942442,0.000882057,0.001062122,0.001734539,0.001850764,0.001783699,0.001731966,0.001420519,0.001420519,0.001420519,0.001420519,0.001420519
381,0,0,0,0,0,0,0,0,0,0,0,0,0,0,0,0,0,0,0,0,0,0,0,0,0,0,0,0,0,0,0,0,0,0,0,0,0,0,0,0,0,0,0,0,0,0,0,0,0,0,0,0,0,0,0,0,0,0,0,0,0,0,0,0,0,0,0,0,0,0,0,0,0,0,0,0,0,0,0,0,0,0,0,0,0,0,0,0,0,0,0,0,0,0,0,0,0,0,0,0,0,0,0,0,0,0,0,0,0,0,0,0
383,0,0,0,0,0,0,0,0,0,0,0,0,0,0,0,0,0,0,0,0,0,0,0,0,0,0,0,0,0,0,0,0,0,0,0,0,-0.000499698,-0.001035508,-0.001610039,-0.00222609,-0.002886661,-0.00359497,-0.004354467,-0.00516885,-0.006042086,-0.006914586,-0.006978429,-0.007982438,-0.009059005,-0.010213372,-0.010213372,-0.010742338,-0.011266735,-0.011664841,-0.012070414,-0.012337703,-0.012605083,-0.012825107,-0.012980013,-0.013131671,-0.013274119,-0.013403117,-0.013552816,-0.013646028,-0.013656193,-0.013728932,-0.013849683,-0.013934546,-0.013947295,-0.013945352,-0.013844374,-0.01370406,-0.013501374,-0.013390668,-0.01327816,-0.013071921,-0.012836915,-0.012572646,-0.012398139,-0.012173831,-0.01198704,-0.011840339,-0.011748882,-0.011602296,-0.011457437,-0.011374454,-0.011264069,-0.011132197,-0.010977409,-0.010850151,-0.010710977,-0.010519449,-0.010311506,-0.010128603,-0.009965107,-0.009777101,-0.0096215,-0.009499665,-0.009379723,-0.00926514,-0.009145686,-0.00906612,-0.00895781,-0.008847754,-0.008772518,-0.008791841,-0.00881865,-0.008916224,-0.008916224,-0.008916224,-0.008916224,-0.008916224
