stat_id,AI,CAV,Ds575,Ds595,PGA,PGV,pSA_0.010000000000,pSA_0.010722672220,pSA_0.011497569954,pSA_0.012328467394,pSA_0.013219411485,pSA_0.014174741629,pSA_0.015199110830,pSA_0.016297508346,pSA_0.017475284000,pSA_0.018738174229,pSA_0.02,pSA_0.020092330026,pSA_0.021544346900,pSA_0.023101297001,pSA_0.024770763560,pSA_0.026560877829,pSA_0.028480358684,pSA_0.030538555088,pSA_0.032745491629,pSA_0.035111917342,pSA_0.037649358068,pSA_0.040370172586,pSA_0.043287612811,pSA_0.046415888336,pSA_0.049770235643,pSA_0.05,pSA_0.053366992312,pSA_0.057223676594,pSA_0.061359072734,pSA_0.065793322466,pSA_0.070548023107,pSA_0.075646332755,pSA_0.081113083079,pSA_0.086974900262,pSA_0.093260334688,pSA_0.1,pSA_0.107226722201,pSA_0.114975699540,pSA_0.123284673944,pSA_0.132194114847,pSA_0.141747416293,pSA_0.151991108295,pSA_0.162975083462,pSA_0.174752840001,pSA_0.187381742286,pSA_0.2,pSA_0.200923300257,pSA_0.215443469003,pSA_0.231012970008,pSA_0.247707635599,pSA_0.265608778295,pSA_0.284803586844,pSA_0.3,pSA_0.305385550883,pSA_0.327454916288,pSA_0.351119173422,pSA_0.376493580679,pSA_0.4,pSA_0.403701725860,pSA_0.432876128108,pSA_0.464158883361,pSA_0.497702356433,pSA_0.5,pSA_0.533669923121,pSA_0.572236765935,pSA_0.613590727341,pSA_0.657933224658,pSA_0.705480231072,pSA_0.75,pSA_0.756463327555,pSA_0.811130830790,pSA_0.869749002618,pSA_0.932603346883,pSA_1.0,pSA_1.072267222010,pSA_1.149756995398,pSA_1.232846739442,pSA_1.321941148466,pSA_1.417474162927,pSA_1.519911082953,pSA_1.629750834621,pSA_1.747528400008,pSA_1.873817422860,pSA_10.0,pSA_2.0,pSA_2.009233002565,pSA_2.154434690032,pSA_2.310129700083,pSA_2.477076355992,pSA_2.656087782947,pSA_2.848035868436,pSA_3.0,pSA_3.053855508833,pSA_3.274549162878,pSA_3.511191734215,pSA_3.764935806792,pSA_4.0,pSA_4.037017258597,pSA_4.328761281083,pSA_4.641588833613,pSA_4.977023564332,pSA_5.0,pSA_5.336699231206,pSA_5.722367659350,pSA_6.135907273413,pSA_6.579332246576,pSA_7.054802310719,pSA_7.5,pSA_7.564633275546,pSA_8.111308307897,pSA_8.697490026178,pSA_9.326033468832
stat_1,0.22486389968010986,0.09496378193692642,0.14659990886683116,0.10834053895048576,0.1436666886046842,0.13630778873328098,0.14300071136632736,0.14301927614173662,0.1430211231426559,0.1429941434250418,0.14294317966729203,0.1428368596237888,0.14270903150046793,0.14259032970924163,0.14251527358793428,0.14244193747257827,0.14244002739620984,0.14244170059590003,0.14234902458881285,0.142234015056535,0.1421356184550084,0.14215661025522738,0.1424693327654007,0.1425241302392305,0.1430160719456575,0.1432216413448724,0.14312062811412718,0.14318572659591255,0.14333752544080572,0.14333701270375723,0.14375296398041448,0.14376416314960352,0.14416681426211442,0.144925985881783,0.14543535730997945,0.14556263696610044,0.14593581981225964,0.14604144846502426,0.14634343855181745,0.14618709494461632,0.1462934449996451,0.1466709136304063,0.14674802056054811,0.1466562800769689,0.14751474185738056,0.1479336197380077,0.1484649276140376,0.14863540553358037,0.1492622341776426,0.14971057169744756,0.14982586945797924,0.14950889951471807,0.14948794712521282,0.14939036477251158,0.14917267550746766,0.14915123273616984,0.14884717202648384,0.14803191246022873,0.14764966175909788,0.1475135620097707,0.14691561373215095,0.14540759097562123,0.14453596514788464,0.14382106605926873,0.1436691552222151,0.14316155151571494,0.14237645474831276,0.14101449355904294,0.1409089804551496,0.1385350374003018,0.13689302814424942,0.13561090005563498,0.1339449520604374,0.1311980856107517,0.12855841819380553,0.12831372849432499,0.12653034157705456,0.12483300036150762,0.12293128011800816,0.12077261749761092,0.11954788476246625,0.11878326068976312,0.11892057484599992,0.11851631244702952,0.11785136765628784,0.11758956021527328,0.1163993173692142,0.11564591353903103,0.11592349563344763,0.10600471524360014,0.11592581522639854,0.1159513699487802,0.11577666196605264,0.11489534087959373,0.11374183766791543,0.11282021946018204,0.11182950514533196,0.11146129921343813,0.11141087276858201,0.11093363303108177,0.10975586298590409,0.10883509240263323,0.10796582838529972,0.10785210683514711,0.10688226994431681,0.10575322001693263,0.10442664478836025,0.10432870019533379,0.10350636017524535,0.10329947598698215,0.10348565387877269,0.10380910185368605,0.10410803172722903,0.10408769018231676,0.10406720740784724,0.10427238007354332,0.1047403844611916,0.10518153767689083
stat_3,0.12601983883698786,0.05300538636714551,0.08438454091412986,0.0613537944506307,0.0810720163237287,0.07828041331079305,0.08077452886938491,0.08078781899026259,0.08079043674474697,0.08077495428159497,0.08073971229427891,0.08066313275385908,0.08058080016504907,0.08050275923234676,0.0804409126276451,0.08038041366471682,0.08034568840825142,0.08034470273527616,0.08026213634341552,0.08015850564634175,0.0800527822099295,0.07999293084934975,0.08009118776760867,0.08008160912025658,0.08032140348830542,0.08036508638718799,0.08023750057557631,0.08020717773520544,0.08019428125256259,0.0801269169382538,0.08030595602681732,0.08030837474167735,0.08045471434832115,0.08079468673644287,0.08106625422635463,0.08113310068920104,0.08136983591709197,0.08147153502218704,0.08168751375847058,0.08165304338843461,0.08174763654142761,0.08195300838355264,0.08205731705317325,0.08212408526527613,0.08275847298705107,0.08307383815813563,0.08344053255067327,0.08365139983335519,0.08414737155451947,0.08456217511429583,0.08484720476229737,0.08481906899060614,0.08481561831095681,0.08488664565064064,0.08492522906338325,0.08510082659606145,0.0851159628312296,0.08476487649473399,0.08454374477964173,0.08448437533412438,0.08416596919160976,0.08333131636492248,0.08296065300087349,0.08258034125333782,0.0825028245576744,0.08224524214246962,0.08169691218141781,0.08067588964918397,0.08060405915003073,0.07916282640525743,0.07807719343444139,0.07719092221557389,0.07625885368166858,0.07470711736307016,0.07309936004055025,0.0729422709982698,0.07173496451296546,0.07066901952571918,0.06960172649323866,0.06832768710097985,0.06757740679231047,0.06702935852306112,0.06708472688202341,0.06687948202060924,0.06650294246160039,0.06635718131841577,0.06567577707758751,0.06523383898739417,0.06542373012366318,0.06107787353011253,0.06548196555599052,0.06549563142815723,0.06554869709659973,0.06519153981520655,0.06465006395358597,0.06410322507058494,0.06353094267130052,0.06334537070948744,0.06331025426078256,0.06312258006553131,0.06262848805436318,0.06219698183441324,0.06179668373938624,0.061744619456424406,0.061361940057557206,0.060825190703511015,0.06025425798931449,0.06020432171766069,0.05981320104879161,0.05978321346477874,0.05995616489980923,0.06011680275455185,0.06010324399117424,0.06003820601124975,0.06002834122948332,0.06014096403642668,0.06045341716602948,0.06068849342518598
stat_5,0.16969911050318867,0.07123750270836994,0.11360172641572418,0.08282242621632364,0.10930227046454638,0.10501152253637765,0.10885631348925279,0.10887321361214682,0.10887753039089909,0.108858871699937,0.10881582018934294,0.10871819650341212,0.10861042183680097,0.1085071049747888,0.10842735409373168,0.10834988002201976,0.10831325027246977,0.10831228184490767,0.10820685507343165,0.10807557386669094,0.10794894364469947,0.10789597055779632,0.10806613497055945,0.1080638523123707,0.10840029432529587,0.10848193291377789,0.1083294431492253,0.10830747426565566,0.10832647390781568,0.10826134654574951,0.10851058620291228,0.10851396054429699,0.10872729172923898,0.10922452968046426,0.10959391724203812,0.10967535002478776,0.10996959650977643,0.11007252034119636,0.11034860410857322,0.11026680080102755,0.11038056591964576,0.11068117131882166,0.1108127741251923,0.11086807676959719,0.1116833364123251,0.1120984527474962,0.11259654271065278,0.11285343930431731,0.11348681596716792,0.1139945701610021,0.11432145358292874,0.11423677231356039,0.11422919626779889,0.11427088469403299,0.11424102673893358,0.11438924295299072,0.11431523362688749,0.11376032609542618,0.11344471496522435,0.11335615576598458,0.1129220000052876,0.11178863438601742,0.11124791227828623,0.11074829955061835,0.11064258786544885,0.11030189682399268,0.10960762056926879,0.10832992589515877,0.10823761345106368,0.10631679624032908,0.10491297788768855,0.1037973573366867,0.1025380226741459,0.10042488308543195,0.09829860524255941,0.09809372863257647,0.09656225231951246,0.0951597057327325,0.09369674214426355,0.09198348896580487,0.09100261737448669,0.09031965591531396,0.09042500690118846,0.0901633008912245,0.08967657376199153,0.08950687959220029,0.08858334046304098,0.08798334721737482,0.08821619740791203,0.08174177213563134,0.08825389185362041,0.08827181089183304,0.08826877898986168,0.08770205815178275,0.08691172256327145,0.08617369138394955,0.08538915262982742,0.08513494490847251,0.08509528570566066,0.08482298242546044,0.08409437671552895,0.08348877476456965,0.08290958843303499,0.08283524990128799,0.08225177121095487,0.08147433997390874,0.08061957499839074,0.0805493789058239,0.07998720944878981,0.0799126688122938,0.08012056200439852,0.08035173801985077,0.080406071051845,0.08032743293254713,0.08031229102333298,0.08046365697308781,0.0808698453189636,0.08118981211534988
stat_6,0.20123982321815323,0.08498655957336906,0.13090014289757262,0.09678135250293778,0.12854443910709723,0.12249545760282433,0.1279984030943462,0.128016157746041,0.12801697709753557,0.12799042481959083,0.1279398896865324,0.12783843698444336,0.12772041413501536,0.1276119653155581,0.12754049679624102,0.1274700220157579,0.1274564927093961,0.12745754380692526,0.1273672967721835,0.12725387865706145,0.12714688493014142,0.12713329725014816,0.12737019152446585,0.12740567594764418,0.12782994202438916,0.12798550805462336,0.12786956169458435,0.12790279055419412,0.12799352753738968,0.12796131662065513,0.1283187940442989,0.12832814014886282,0.1286622481074571,0.12929465867657458,0.12974516069783681,0.12986534140581746,0.1302241882251817,0.13035377224868255,0.13064447062509185,0.13054257182928664,0.13065504959308252,0.1309723346143288,0.13105885452109856,0.13102426595775857,0.13184758642765695,0.13224025186610674,0.13271778637131518,0.13290502750173158,0.1335080922809625,0.13396702561664792,0.1341301661336045,0.13389333517950197,0.13387752872685146,0.13384672347386595,0.133739667784192,0.13381298262634278,0.13364021252696917,0.13300314950137074,0.13268430054749739,0.13257137079600112,0.1320402248840806,0.13069900347655675,0.1299559374110579,0.12929443422847642,0.12915865147946465,0.1286895355311948,0.127943877744451,0.1266317853082321,0.1265330876610752,0.1243924286012326,0.12286349050090592,0.12163171523888056,0.1201436942963738,0.11771135921446355,0.11530647694367596,0.11508021567858734,0.11337965873301646,0.11182314379634489,0.11014765022113997,0.10820977474186744,0.10707981819132294,0.10633278814998373,0.1064230844394346,0.10604616096937235,0.10542829491487234,0.10516369563318322,0.10410446061034259,0.10343517298052449,0.10370931817092417,0.09549304998622596,0.10375666675465885,0.10378007770488175,0.10370639730899671,0.10301169242970266,0.10204572659754596,0.10122181878711317,0.1003488299990549,0.10002416421452105,0.09997077337066379,0.09956512315170711,0.09857777025064471,0.09777701153958837,0.09704010342760597,0.09694236791904419,0.09614190715229025,0.09518793543845157,0.09408629767722435,0.09400159850601866,0.09330008394696165,0.09314548713720719,0.09333357168630009,0.09360718290797054,0.09380960089215186,0.09378783815458978,0.09377166974162834,0.09395638595034668,0.09438792396623252,0.09478092167295529
stat_7,0.16727648652533164,0.0704843394545347,0.1113047344729376,0.08127989793873192,0.10741173664555462,0.10298665554268824,0.1069645194078378,0.10698055264559,0.10698389724108802,0.10696471381592182,0.1069228268380134,0.10683043617182048,0.10672681601193666,0.10662847198731239,0.10655563914630664,0.10648475827089358,0.10645679440962662,0.10645640731691446,0.10636162696840563,0.10624369256764483,0.10613156329325267,0.1060950801529854,0.1062759440762896,0.10628541340176098,0.1066254538620704,0.10672539059546081,0.10659684683589635,0.10659588982169833,0.1066408168579574,0.10659464547599491,0.10686304639564191,0.10686831355015361,0.10711036220729778,0.10762116161793706,0.10799056053218618,0.10807927259618325,0.10837062074312759,0.10847134561577214,0.10872729333450937,0.10864080907004224,0.10874273829290913,0.10902678553079465,0.109129863066633,0.10914552247105312,0.10989807625334554,0.11027585215339485,0.11073456383886005,0.11095350349693685,0.11153731619420174,0.11200005254473733,0.11227082210297819,0.11215849276318046,0.11214960063095113,0.11217267635492624,0.11212536357821355,0.11224882405148678,0.1121567611546225,0.11160728516568065,0.11130288526600461,0.11121397671320382,0.11078429017274181,0.10966913173883117,0.10912104592677661,0.10862254521075076,0.10851729629873715,0.10817545921051319,0.10750492620684118,0.10628122601412125,0.1061922211969725,0.10432351416767235,0.10296766273094259,0.10189120956653382,0.10065243850210102,0.09858325348444927,0.09651442706167952,0.09631640833634035,0.09483931414152319,0.0934834062427135,0.09205330410802012,0.09038746793257288,0.08943205648019625,0.08877995903659996,0.08887810061238839,0.08860574519149991,0.08811878513660838,0.08793976543120861,0.08703773748915107,0.08645595817109986,0.08668286305934432,0.08016590443859681,0.08671701435387741,0.0867351063851752,0.08671013889560225,0.0861396207021771,0.0853500899742086,0.08463347643130492,0.08387139224708597,0.08361589722794449,0.08357630476919264,0.08329015356942761,0.08254522023592631,0.08193384729032259,0.08135301662169638,0.08127813747969481,0.08068375581378538,0.07991065862592363,0.07905319489048046,0.07898378834595175,0.07842470955084128,0.07834247123568319,0.07853971509133056,0.07876802797580999,0.07884006764432779,0.07877094481028829,0.07875608889772383,0.0789054442265737,0.07929820309951639,0.07961447374339228
stat_9,0.0917119398603445,0.03886218509420497,0.059883429526849434,0.0439306014636287,0.0584878844206942,0.05647952544771877,0.058301014413805904,0.05831058244698392,0.05831013667959592,0.05829533648610396,0.058266336929765045,0.05821185561988361,0.05815331429523217,0.05810066079818119,0.058061951828374286,0.05802315667887378,0.05800150554256914,0.05800136501621923,0.05795029097204405,0.05788473523091528,0.05781188786496554,0.05776506631368478,0.05781951518378994,0.05781860484691145,0.0579918495800752,0.058027505425654526,0.057943468617147144,0.05792828927434187,0.057914743951821494,0.05786156907237307,0.05800782503532268,0.05801142895304588,0.058134000508826625,0.05836473971061139,0.05856378910083971,0.05862775146509361,0.05882343690392979,0.05892779615750252,0.05908392960582024,0.05908598910969714,0.05915791525084147,0.059273612069894455,0.05933154791371635,0.05937160398341754,0.05981158259390492,0.06001122734353475,0.060231463064418504,0.06036146183784963,0.06069236731142275,0.0609783552741296,0.06114099654361823,0.06110204158962544,0.06109905462452944,0.061160564346011165,0.06122400375618073,0.061379254782458,0.06142970405387218,0.061249267859290905,0.061126660548793406,0.061086987175144755,0.06085229916623944,0.06025302140914505,0.05997221218638697,0.05965457902693059,0.05959457483033786,0.05937321891056991,0.05897224339725641,0.05823826245855497,0.058187014287638575,0.05717981698168283,0.05639978998820925,0.05572972799247827,0.05505651967160394,0.053976250541360946,0.052822558592625524,0.052709679084099535,0.05180163090514597,0.05104222945725729,0.05031005045329101,0.04941828133133638,0.04886127104055263,0.04844236572669201,0.048444036378043946,0.04825648887346352,0.047949957270042365,0.04779749357260123,0.047320467426780984,0.04701937055850721,0.04717510301170644,0.044289752314324526,0.047251255867181895,0.04726245521363361,0.04733307838334245,0.04713348730897833,0.04677740142609369,0.04640175081232392,0.04602013089147999,0.04587899817632694,0.04584450616197054,0.04568964277875742,0.0453298921718195,0.045000457831716335,0.0447201679319335,0.044681555775459,0.044411209526620025,0.04405075549891429,0.04366599534808902,0.04363137204868382,0.043359731188773884,0.04333579796576552,0.04345563052814251,0.04356027491834268,0.04355363203044418,0.04353120083205607,0.0435263591109236,0.04361105384311762,0.043828192867959914,0.0440028722366562
stat_14,0.3992907665686814,0.1755246504411547,0.22942499869341537,0.17946874566054855,0.2438113110792825,0.218727866943278,0.242059410093099,0.24206115215889534,0.2420304396998748,0.24196051998712217,0.2419157306456945,0.24191560059731917,0.2418127568773128,0.24175567881357668,0.2418800565564081,0.24199672665438796,0.24238157391801313,0.2424096599715634,0.24264672506463783,0.24294821539055889,0.2433646966898082,0.24417559370514985,0.24546015129400733,0.2460703877552761,0.24734637661784487,0.24858267024527583,0.24932907859098324,0.2503186875109728,0.2517615029922678,0.252566047832086,0.2541545743418722,0.25424277664515643,0.2561594239644608,0.25847403539793684,0.2595809771087076,0.26003147013292854,0.2605704331917715,0.2605064863821677,0.2604021684644247,0.25969918602186076,0.2594558536754334,0.25986053955758015,0.25902217706373204,0.2572770815483337,0.25671958053299593,0.2562396756784019,0.25598232183800884,0.2547896727091083,0.25408047852120824,0.2530274963098076,0.2506879717987261,0.24855889259865654,0.24843996856681808,0.24714587690461137,0.24550094065697886,0.24393981909655543,0.2420107217241181,0.24009485948022613,0.23969920793155838,0.2393360463398717,0.23813458940720475,0.23546258366098494,0.23289660188589986,0.23127477145307096,0.2309301816458178,0.2296586102443481,0.22916869587119962,0.22901144019036204,0.22894232241088291,0.2259988809084901,0.22466390002683936,0.2238047315186988,0.22090278928754092,0.2165076362998513,0.21319156203009457,0.2129621136484435,0.21165772722140813,0.2099366900691238,0.20691970075972108,0.20403769107735248,0.20246729213180348,0.2022433881447414,0.2024199561111712,0.20118659705071926,0.19981038806147564,0.1989959557992411,0.19718506120381515,0.19621521864209474,0.19647456700326468,0.16959236095571548,0.1961323891106801,0.19619356946014258,0.19456232840695312,0.19205791904091438,0.18925336621160396,0.1880800418777634,0.18674388730302546,0.1858485244272132,0.18576688086673693,0.18402925437291565,0.18040265535618255,0.17793350786606976,0.17571056288913212,0.17540611133721165,0.17238658902223522,0.1697859384421422,0.16625135409064326,0.16605105989443145,0.1641459920053029,0.16312075620159697,0.1628991389072502,0.1635559949791805,0.1654718400980178,0.16598043045729713,0.16594356845904398,0.16633136466663753,0.16669407311428616,0.1675715703433529
stat_16,0.1306718853341339,0.05516690566043084,0.08688914048036005,0.06335197532281603,0.08381221742401293,0.08065855244713514,0.08348828796896247,0.08350134803169353,0.08350346671866621,0.08348719849499028,0.08345200033161622,0.08337689397759278,0.08329432474052044,0.0832166745725498,0.08315807329864762,0.08310072569458882,0.08307357457274787,0.08307309977581545,0.08299630753891814,0.08290016164201923,0.08280444125475096,0.08276135789816307,0.08288219320504538,0.08288444923010176,0.08314308568945514,0.08320982652405134,0.08310033610007748,0.08309078795547027,0.08310790126874569,0.08305924240690622,0.08326663634114723,0.08327088269453012,0.0834542150153633,0.08383356480983875,0.08412068164061828,0.08419570835763697,0.08443708160563587,0.08453452921398917,0.0847408935896095,0.08469227859169635,0.08477838009461872,0.08498573747850735,0.08506854232647239,0.08509640201803734,0.08570173650064677,0.08599977087237969,0.08635331419833259,0.08653726499433008,0.08701035202085022,0.08739869105185487,0.08764035493635824,0.08757838700222734,0.08757307910148704,0.087621702913633,0.0876316756202926,0.08777887020974812,0.08776160192362568,0.08737989877232434,0.08715220258776496,0.08708776309219228,0.08675542446838871,0.08589005262560882,0.08548665438329438,0.08509054537835203,0.08500918434461839,0.08473895068673643,0.0841893875739094,0.08317687168612785,0.08310479378212494,0.08163373038784315,0.08054136868783554,0.07965619274592653,0.07869117149356841,0.07708874214190325,0.07545113185427652,0.07529273154635367,0.07408608545674461,0.07300918374613463,0.07190711276827616,0.0706053539177307,0.06984295481888805,0.06930356507848079,0.06936257009386611,0.06914072799299147,0.068748346516018,0.06859253978008609,0.06789183824386558,0.06744075657377234,0.06763093039735228,0.06289626867043856,0.06768067832310153,0.06769510694958,0.06771703614414633,0.0673197020079278,0.06673746282890526,0.06617876700407371,0.06559139525367329,0.06539426915394726,0.06535908452322117,0.06514663811533158,0.06460092365665386,0.06413780759614598,0.06370741241890727,0.06365141720928985,0.06322712083015988,0.0626551433559594,0.06203609391755218,0.06198362448944719,0.061568054657262006,0.06152450673151382,0.06169379724119859,0.06186342320673816,0.06187585298948468,0.06181578293518838,0.06180522452652358,0.061921921272203,0.06223760547918052,0.062482370354992635
stat_17,0.2308021470111579,0.09759985343596117,0.15059422516783036,0.11120326570336254,0.14736901625928026,0.1395301337338811,0.14665726336686122,0.14667558055384358,0.14667775295236485,0.14665121627706923,0.14660167600786084,0.1464967016332312,0.1463679928044635,0.14624807270489842,0.14617453458475554,0.1461030293029585,0.14610918967301603,0.14611127190176829,0.1460221634392666,0.14591249657735975,0.14582487869644506,0.14586802541244187,0.14621582664488803,0.1462827672226997,0.14679880307922344,0.14703118442285773,0.1469484402503218,0.14703590364987654,0.1472256311728324,0.1472491344199135,0.14769288114270893,0.14770550628069193,0.1481459135012745,0.14895955377260892,0.14948756616801562,0.14961835921895214,0.149988264449608,0.1500770548364798,0.15036894860567437,0.150185110787632,0.15028056837119297,0.15067435148242495,0.1507333828599408,0.150598637275636,0.15143200931572373,0.15184222624911173,0.1523768281831591,0.15252376080568186,0.15313471198612835,0.15355626946738002,0.15363497405688498,0.15328224611875663,0.15325909197265372,0.15312799761029802,0.15285766086155606,0.15278697726657803,0.1524236341859756,0.1515383404645887,0.15113306270913587,0.15098894487504472,0.15037405089149497,0.14882337808035306,0.147912621713901,0.14719306879809874,0.14703755869342583,0.14652700381351214,0.1457423069273571,0.14439024663098884,0.14428412777475946,0.1418564737840009,0.14020331733431882,0.13893371523019482,0.13722357573193533,0.13439262553982131,0.13170915493399551,0.1314623304779012,0.12969212350935844,0.12797451237283913,0.12601094307100227,0.12380324104464323,0.12256706109428503,0.1218208417075706,0.12197807815442796,0.12156833004324019,0.12089682975284044,0.12064224127500615,0.11941928486144787,0.11864540630372672,0.11891591045551861,0.10838552877187503,0.11889338702822234,0.11891939723420639,0.11869198089970213,0.11773553947025849,0.11651526835273375,0.1155703862362317,0.1145478607892929,0.11416693375825901,0.11411962654213895,0.11361688422867823,0.1123718732828115,0.11141541787271542,0.11050262378431261,0.11038399579222519,0.10935592282156166,0.10816949810972087,0.10676778259966764,0.10666590120525131,0.10580650210703818,0.10558159219432947,0.10576414897218979,0.10610383072401179,0.10643773799869957,0.10641595456930594,0.10639375801195973,0.10660329975353541,0.10707827576694966,0.10753088494990265
stat_18,0.17664680022330578,0.07436065388436625,0.11613193889361248,0.08543643611901598,0.11326984914046054,0.10859462350919175,0.11282302682575972,0.11284010164713747,0.11284206952922278,0.11281923667159803,0.11277210898632582,0.11267416718894582,0.11256483274329691,0.1124629480614873,0.11238889520724472,0.1123160820247554,0.11228626988470655,0.1122860911862638,0.11218928149266003,0.11206743825418977,0.11194643097492804,0.11189798123502986,0.11206965130335367,0.11207830988920511,0.11243224448441423,0.11253014881736093,0.11238846535411495,0.1123801565558011,0.11240821511124072,0.1123447994088435,0.11262473443970719,0.11263030868450884,0.11287542933162936,0.11338836240177545,0.11377569054841608,0.11387402869871269,0.1141971813815144,0.11432529499555162,0.11460682267532002,0.11453876516704166,0.11465604096577826,0.11494112015970734,0.11505590590219707,0.11509242009551683,0.11590355424760644,0.11629862308547313,0.11676516882845436,0.11699473309399049,0.1176047141439443,0.11809345700150477,0.11835380938038183,0.11822140924028059,0.11821160224915615,0.11824376551704276,0.11822204381915227,0.11837247201237432,0.1183040196080087,0.11778636979342436,0.11749889638662865,0.11740732242149268,0.1169487864511659,0.11577422601751931,0.11517769086145807,0.11460921003461896,0.11449367485215078,0.1140963120807226,0.11339103626455051,0.11211672310315428,0.11202389795400038,0.11008566800907853,0.10866165095680302,0.10750151090763722,0.10619423884843478,0.1040445609009107,0.10186649422796133,0.10165766499441391,0.10006546011622651,0.09863803936215304,0.09715767403374156,0.09541633346422947,0.0943933831227873,0.09367984793759404,0.09375597690821202,0.09344348940952026,0.0929051604632551,0.0926818675268309,0.09174092853315077,0.09113938212249548,0.09139411702391975,0.08473051830914598,0.09145806645201938,0.09147805875395935,0.09148359543952511,0.0909316815481103,0.09012960379457235,0.0893869962898961,0.08860564604472677,0.0883321086655291,0.08828326898082482,0.08797010332453767,0.0871850424851211,0.08652478588663436,0.08591794558113597,0.08583776085190703,0.08521020611483535,0.08441436025447917,0.0835243980529414,0.0834521272985825,0.08286692197974642,0.08277069829418837,0.08296768660541269,0.08319946691231483,0.08329412499592093,0.08324821734636122,0.08323458447130459,0.08339562627382355,0.0837991786834072,0.08413868687112845
stat_20,0.28841302402155056,0.12292353031333912,0.18224245952553955,0.13674402143603276,0.1822624296378013,0.1698738414960367,0.18124882899832293,0.18126554828179947,0.18126227302073955,0.18122587234912763,0.18117415803332124,0.1810800481235488,0.1809432993175245,0.1808224437759583,0.18077940593292458,0.18073698934974336,0.18081991107249354,0.18082725011552825,0.18079138850982163,0.18074935944897608,0.180752822213852,0.1809565455054595,0.18153651405130428,0.18171495326202197,0.18243618291304145,0.18288777258429018,0.18295183999770706,0.18321802195001247,0.18366841984907376,0.18384310304662047,0.18454089814558933,0.1845678794396528,0.18532040095938457,0.1865102885741437,0.1872039459813605,0.18739875926797747,0.18782965665938686,0.18788467679574322,0.188140538664334,0.18782635475955595,0.18786984475799956,0.1883299042878414,0.18824064759058273,0.18779479860993448,0.1884669440146795,0.18876446808532413,0.18922451533882584,0.1891311860081075,0.18955112190602555,0.1897164774652114,0.18931182761007542,0.18854987730146539,0.1885038529668846,0.18809944363565276,0.1874806926885466,0.18705352973132638,0.1862812792932958,0.1850476602148501,0.1845927277628771,0.184384159589644,0.18358284106047024,0.18163767405244027,0.18026921113537875,0.1792964528474597,0.17908516077594006,0.17836812073797506,0.1775904807753211,0.17640099445831817,0.17629395668958714,0.1735206652103548,0.17179082527215278,0.1705119826085853,0.16838059400661787,0.16492380763254683,0.161848920006693,0.16158252713994647,0.1597624660856352,0.15787198038650235,0.15547381628388834,0.15289155294736312,0.15146901092241202,0.15076574566979742,0.15096238243556362,0.1503614374935877,0.14949396686746066,0.1491218831893795,0.14764603383612604,0.1467441733110673,0.14702992828558115,0.13178379895575604,0.1469211121705214,0.14695638311312142,0.1463951642258356,0.14498745739999977,0.1432924749159706,0.1421992555738199,0.14099653245697877,0.14047177889442256,0.14041675526383038,0.13960754393435984,0.137722991899748,0.13634840968222184,0.13505281388580206,0.13488169692501947,0.13330137195437206,0.1316710977439606,0.12963401236606864,0.12949960868262497,0.12831393945749264,0.1278768586391018,0.1279761478336724,0.128425113228612,0.12917038280813448,0.12926426109424136,0.12923579188386486,0.1295036761188215,0.12999365878052332,0.13058298141994884
stat_21,0.0845634643065582,0.03606182128896203,0.05384865385019054,0.039932367306752474,0.05351885671110694,0.05155254499937899,0.05335937531734569,0.05336782825250947,0.053365611395094305,0.05334953115777885,0.053321134483876785,0.05327352659752598,0.05322161346706462,0.053177148050411814,0.053147908261849924,0.05311780586380243,0.0531038883956296,0.053104362457536226,0.05306676132409895,0.05301731020815071,0.05295838492222908,0.05292071698852405,0.052967602019647876,0.05297548335994235,0.05313842953947593,0.05318220422190846,0.05311913731549244,0.053117911873360596,0.05311455640934721,0.05307107814455708,0.05322406442834531,0.05322917861882811,0.05336397246351144,0.053576740368386326,0.053763230829736275,0.05383362978126169,0.054026662213593674,0.05413820818074227,0.05427502861843083,0.054288575958552736,0.054352360438074544,0.05443650554523771,0.05446953431896464,0.054485726606081364,0.054858117563671795,0.05501230252425237,0.05517529604051797,0.05526609408031324,0.05553465437072719,0.0557700256531311,0.055865614152946705,0.05580129087008865,0.055797355986043254,0.05584850072594046,0.055916557204853785,0.05606127934860775,0.0561185832430659,0.05599662954831214,0.05591182748116083,0.055876249065433634,0.05565619439145103,0.05510852848899292,0.05483084480648684,0.05450620946754562,0.054447526331583875,0.05421588582880697,0.053854919573657054,0.05320902682013087,0.053163710621445405,0.05227539654804144,0.0515787927516056,0.05095894940152962,0.05034164378173053,0.04938147590284558,0.04834136681060493,0.0482401930364588,0.04740232155498215,0.04672485438208252,0.04608085178608378,0.04528940794634827,0.044774634676243735,0.04438675447412314,0.04436381941275419,0.04416203664620049,0.04385696095252415,0.043683470680288494,0.04325841930949184,0.042997326097463,0.04314967333827958,0.040572912596127546,0.043237665121580136,0.043248938272061443,0.04332111878515962,0.043165766064033356,0.04285392937655714,0.04252585714391677,0.042199585851932904,0.04206340267721794,0.04202608824660876,0.04186337916931057,0.04151659409811461,0.041194430778548424,0.04093608138514332,0.040898929392809126,0.04064125142943398,0.04032228391535817,0.03997498304497854,0.039943892147738476,0.0396969929225057,0.03966595332963697,0.039765970694872615,0.039855124648223134,0.039867204157652214,0.03986930645310137,0.039866406504897936,0.039946670179999894,0.040135141143516524,0.04029983879111078
stat_22,0.07825461491682406,0.03339212805061654,0.049817712656663085,0.03691068746287604,0.049482044916078535,0.047650104350209166,0.049335744248163185,0.049343539583516415,0.04934134370087102,0.049326268326349884,0.04929985029717871,0.04925598182536719,0.049208096451602165,0.04916726500386606,0.0491406970246591,0.0491132681887201,0.04910079114812223,0.0491012748439302,0.049067195180398364,0.049022244700316596,0.048968179519332265,0.04893328441597786,0.04897557649608135,0.04898323609327297,0.04913384630825861,0.04917437854864434,0.04911626405700784,0.04911512095659831,0.04911073814025498,0.04906935172478167,0.04921116242981192,0.0492159571134434,0.04934030783514413,0.04953414633551525,0.049706454480359125,0.049772493052804366,0.04995338008063185,0.05005975569489006,0.05018731876237247,0.050202957264067725,0.050262857904804954,0.050338034916000536,0.0503682082104249,0.05038395403374016,0.05072795984180012,0.05086873093144245,0.051016467361968486,0.05109896058424772,0.05134531719067368,0.05156150830413906,0.05164656642963834,0.05158538360732745,0.05158167101825272,0.05162836740912358,0.05169095355068505,0.05182357119164471,0.05187521929433461,0.05176255566557141,0.05168521442493557,0.05165209168231317,0.05144812346767696,0.05094146158157157,0.05068225104078769,0.05038101910341799,0.050326584008083555,0.05011167609711519,0.049779242917215506,0.04918544285190451,0.049143721069447324,0.04832463491404392,0.047683009789208294,0.047110983650853255,0.04654007018672362,0.045653903084081925,0.04469420524337658,0.044600954371160684,0.043826918303471234,0.043202228095626405,0.04260901315139777,0.04187971909216977,0.04140334870096391,0.04104412940192763,0.041020523690096275,0.04083142445364079,0.04054741919008822,0.040384634393201196,0.03999237311568865,0.039751921889754044,0.03989364483875212,0.03750109383302926,0.039976581199382494,0.039987084901384244,0.04005441638524577,0.03991243763800478,0.039624434124607144,0.03932270934064478,0.03902333582245586,0.03889650041493017,0.03886151995766038,0.03870833482563544,0.03838416960081786,0.03808370330266406,0.037843326142439994,0.03780868633338959,0.037567194073334365,0.037270684374924264,0.03694588532212502,0.036917020774598026,0.036687038750977605,0.03665630989653958,0.03674733240527537,0.036830318762319895,0.03684549643793123,0.03684904447713718,0.03684635824652594,0.03692074067109317,0.03709373387481411,0.03724649111845964
stat_23,0.07845743969792182,0.03347337066886472,0.050090946621852976,0.037060506150376496,0.049638993871448815,0.047788296237016775,0.049488378134533405,0.04949615910724548,0.04949416252240393,0.049479399826079386,0.049453342810138134,0.049409500237094964,0.04936152828507558,0.04932037488998014,0.0492934415006602,0.04926574969459332,0.049253431609060275,0.04925389291894967,0.04921938497524768,0.0491740682166057,0.049120369571864456,0.04908695352362498,0.04913225537059305,0.04914015099012033,0.049291922057644565,0.049333616991494585,0.04927605860775647,0.049275755236689936,0.049273820031523106,0.0492341479944252,0.0493763637691976,0.04938112427961997,0.04950653663083029,0.04970419184022715,0.04987719949037499,0.04994246086960791,0.05012148883313006,0.050224931019310345,0.05035166949694988,0.05036404681226525,0.05042296755189988,0.050500923467427745,0.050530981342467085,0.05054462174681594,0.050887838919580104,0.0510297930555793,0.05118059403490554,0.05126334967966835,0.05151075839068218,0.05172663149300634,0.051813672549401016,0.05175275248534882,0.051749003620481536,0.051793594469726374,0.05185105734889749,0.051979384641546396,0.052025268556427855,0.05190283325115507,0.05182088799168568,0.051787150143640805,0.05158299670446458,0.05107429319677149,0.050815094958424956,0.0505181512941437,0.05046401581600133,0.05025276163469071,0.0499204442906723,0.04932591287935908,0.049284074946511595,0.04845935154833098,0.04781672424021872,0.047247907097966405,0.046675206746879486,0.045781916449329135,0.044819824716026885,0.044726454290805004,0.043956362962371334,0.04333015578674722,0.042731170933795276,0.04199772121846854,0.04152233389144513,0.04116616652429738,0.04114647266257452,0.040960204404897685,0.04067871183670808,0.04052004634174855,0.04012522649370704,0.0398824981954664,0.040022378590717014,0.037580963354970055,0.04010142336519664,0.040111839235236674,0.0401740315932749,0.040023722418511626,0.03972968992464257,0.03942539893035209,0.039122027331561775,0.03899520056849183,0.03896116024224008,0.03880839384776422,0.03848144949533462,0.038181151448606655,0.03793816914266404,0.037903434107736056,0.03765915532206812,0.0373577097830689,0.03702736356722634,0.036998199605211654,0.03676575949685029,0.036734855106977125,0.03682657845344994,0.036911395651339815,0.03692695207687598,0.036927669102120454,0.03692467317036039,0.03699886843196337,0.03717315957062359,0.037325820851961546
stat_24,0.2547043938078722,0.10793560810076239,0.1642955712225977,0.12206297570901153,0.16208703085729895,0.15258392582887906,0.16126170642640547,0.16127998841057792,0.16128055735335917,0.16125032784809634,0.16119892684940199,0.16109467382096584,0.16096013213021673,0.16083675819018273,0.1607707325309403,0.16070634601342543,0.16073651124093574,0.16074026938987968,0.16066513968324106,0.16057325292952243,0.1605112722706498,0.16060498141420962,0.16103380230258219,0.16113627756890395,0.161728984652519,0.16203386704599937,0.16199226627648075,0.16213505479550433,0.16240742178492498,0.1624760004542326,0.16300635586775708,0.16302341769168938,0.16356646745208756,0.16451455983111968,0.16510671161820134,0.16525888399704886,0.16565674168637468,0.16573704544812434,0.16602848672664228,0.1658000560839314,0.16588366838740076,0.16631099621168735,0.16633026402613235,0.16610129814456304,0.16691289136941373,0.16730238292561203,0.16783117062996994,0.16790939738364347,0.1684782286668536,0.16883058186005354,0.16875826741815897,0.1682655378079368,0.16823443873623928,0.16801126295486948,0.16762036032237326,0.16743024796634204,0.1669229743297976,0.16590263564023203,0.1654722850604935,0.16530361454206097,0.16461355249907805,0.1628986043487466,0.16181526419094738,0.16099558243560666,0.16081807132003698,0.16022724963653462,0.15942941608814679,0.1581045064825925,0.15799586592030482,0.15540170734480688,0.1536873664677339,0.1523866955446904,0.150500320631341,0.14740066770940266,0.1445283863052968,0.14426948931713982,0.14244181555753746,0.14062699596025358,0.13847623197000175,0.13609424447021093,0.13476827774585345,0.1340165458098514,0.13419114388671738,0.13371210695592364,0.132962833000121,0.13266600230031764,0.13133209416975858,0.13049783378128169,0.13077955929032792,0.11846799168584467,0.13072852001756016,0.13075807290909675,0.13041876804061964,0.12929418543541665,0.1278919711940306,0.12687671804302553,0.12577151936065964,0.12533546418440047,0.12528465057692306,0.12467155161251255,0.12318991620186348,0.12207482740578103,0.12101547886707813,0.12087686733665615,0.11964252838756441,0.11828243434683745,0.11663718598281111,0.11652223458802266,0.11553468024647233,0.11523237828723801,0.115389334318814,0.11577297044009716,0.1162550493855281,0.11627264585560831,0.11624789687460779,0.11648143009010017,0.11697058824059009,0.11747868337392064
stat_26,0.1072925288095295,0.04515461334359015,0.07052332245418723,0.051784295516863796,0.06880875592583802,0.0665922134648159,0.06859049117162998,0.06860216911361987,0.06860270542195956,0.06858654058061373,0.0685527398494374,0.06848594825261901,0.06841527028789209,0.06835037335040968,0.06829975433409527,0.06824940830585048,0.0682174628766613,0.06821677932509522,0.06814864278177409,0.06806162444508997,0.06796625492039206,0.06790065345307245,0.06795847553831275,0.06794777948146531,0.06814487888146632,0.06817200722164987,0.06805633534035584,0.06802249241572425,0.06798961174098556,0.0679161824147035,0.06806784128977425,0.06807025957400806,0.06818802255665635,0.0684491014930719,0.06867816404823297,0.06874306562854617,0.06896433197431659,0.06907794062122753,0.06927184961902269,0.0692702734278638,0.06936057280893983,0.06951413876383028,0.06960532420163783,0.06968160139516855,0.07023823117495134,0.07050138784785183,0.07079235151170327,0.07097360561106539,0.07139527801593394,0.07175950597956579,0.07199218855471308,0.07196830423102485,0.07196581085389563,0.07204898711810362,0.0721321483958944,0.07232737568644614,0.07239692192754818,0.07218179252829715,0.07202990875586829,0.07198442301353188,0.07171118338660258,0.07100710410230934,0.07069068782353846,0.07032536800781139,0.07025598090090689,0.07000220033759987,0.06952280151871326,0.06863692785314995,0.06857537504288816,0.06737388928237459,0.0664381448480688,0.06563852263017128,0.06484754447478254,0.06356636853685406,0.06219242525608555,0.06205700715432265,0.06097298850311932,0.06006124976051342,0.059187587152660086,0.05811954133432295,0.05746066075074263,0.05695795101457561,0.0569714806750159,0.05676918430920911,0.05642073053556973,0.05625737567935451,0.055690146431001154,0.05532766898768776,0.055509077841629145,0.05220510183599797,0.05559491965475975,0.055607516324657144,0.05570130361706002,0.0554674018900302,0.055053186282618106,0.05460106264940944,0.05413921738644029,0.05397927933639561,0.05394082796299889,0.05377734350253108,0.05337870254458697,0.053006902774326944,0.05268583046080674,0.05264202923593102,0.05234071934985063,0.05192211563721303,0.05148247408916321,0.05144203263871679,0.05112765219875299,0.05110722505128514,0.051254130260312704,0.051376636332994906,0.0513533566149704,0.05131833599470195,0.051312454915554355,0.051411247408036154,0.05167280574936763,0.051876243748219135
stat_27,0.22416677258782058,0.09465986601208513,0.14628604614794005,0.10805290389818736,0.14325162633388416,0.1359320832509976,0.14258671211838644,0.14260525463130358,0.14260725579767491,0.14258057330667442,0.14252990577603558,0.14242366808368961,0.1422960482846962,0.14217735020253594,0.14210194831133532,0.14202833370363466,0.14202588277890155,0.1420274975815227,0.14193428237461497,0.1418186860889593,0.14171990164835913,0.1417403936828602,0.1420524737699544,0.142106426663923,0.14259662011167443,0.14280079112395713,0.14269910405053282,0.1427631849360092,0.14291414000621125,0.1429134735396568,0.14332702354919288,0.14333807440068372,0.14373830524295303,0.14449561593795557,0.14500328466860568,0.14512940250310083,0.14550037969016644,0.14560435241177155,0.14590561372001667,0.1457486260189584,0.14585462574189478,0.14623256131750675,0.1463106035620564,0.14622019932722882,0.14707808616508358,0.1474978680578696,0.14803069001433292,0.14820298870450022,0.14883101280153904,0.14928060426319328,0.14940089570172893,0.14908799423959324,0.14906724575586247,0.14897094722427448,0.14875371868897214,0.14873307565040178,0.14842995122985145,0.14761375386303782,0.1472300686050034,0.147094410033481,0.14649880940336762,0.14499521754869915,0.14412885901542236,0.14341935222647623,0.1432682940215174,0.1427650961390516,0.14198098384651409,0.1406189204013837,0.14051349135881527,0.13814275952524077,0.13650306006196622,0.1352244441726148,0.13356347818545788,0.13082199822749874,0.12818804774209627,0.12794379807404144,0.1261654464984281,0.12447116374688356,0.12257269884361724,0.12041804006288295,0.11919716879418407,0.11843497929845374,0.11857393756073392,0.11817345127810397,0.11751255436613078,0.11725448830800106,0.11606665673757667,0.11531413764332264,0.1155901160326904,0.10570061304478057,0.11559094155916942,0.1156163320206296,0.11544182078307068,0.11456108089149696,0.11341008061506686,0.11248965891377702,0.11149977596781871,0.11113332262485376,0.11108351683858299,0.11060981339792836,0.10943782103599278,0.10852206350100786,0.10765603325413327,0.10754288243628997,0.10657789903951968,0.10545188336051337,0.10413015032468774,0.10403248297351404,0.10321301520329745,0.10300832039184424,0.10319543201276267,0.10351833176630826,0.1038131583658776,0.10379038940021974,0.1037698426149987,0.10397414021911673,0.10444209327237733,0.10488140195712375
stat_28,0.07581913217753136,0.03240754405859438,0.048005723739810935,0.03564278135518017,0.047849297403948145,0.046033876039030704,0.047708752906507716,0.047716189223087124,0.04771370102893638,0.04769865126151058,0.0476728592817793,0.04763112304704305,0.047585290646030766,0.047546681571390345,0.04752246729509003,0.04749727038442998,0.04748686126619628,0.047487474569659315,0.04745674704332945,0.04741592164121513,0.047365931531988884,0.04733431663933746,0.04737583346408446,0.047385562933659774,0.04753263954005694,0.04757511061536613,0.047522698039398674,0.04752509077633767,0.04752403210033333,0.04748594833046195,0.04762771441616893,0.04763277334997164,0.04775868920868927,0.04794750962040535,0.04811521833333198,0.048181600379853834,0.04835913646729612,0.04846487097692842,0.04858641021714856,0.04860330805041954,0.04866036163366319,0.04872861329702046,0.04875284223464378,0.048762227753457184,0.04908655829094758,0.049215782589149965,0.04935001665347637,0.04942257694169773,0.04965209204586686,0.04985373127756167,0.04992289515658815,0.04985635972157491,0.049852432747307766,0.04989478663354339,0.04995454876517354,0.05008029292315881,0.050129102896212474,0.05002546716848798,0.0499553029436836,0.049923086270290386,0.049724634482843345,0.04923451420569632,0.048978375362986014,0.0486812540546457,0.04862788044273564,0.04841500795474822,0.04809617563722303,0.047530229554833416,0.04749034597890004,0.04670552892421354,0.046090689879803456,0.04553912248061532,0.04498668786478162,0.04413473332752032,0.04321149291902971,0.04312202630317234,0.042375692903568705,0.04177662787674241,0.04120772875915819,0.04050810954311366,0.0400475164098754,0.039701247107619186,0.039674080798175734,0.03948512516540287,0.039205894294700505,0.03904214253361599,0.03866508563473688,0.038435501945403384,0.03857388442204814,0.036249080287406255,0.038656622069003846,0.03866698310875697,0.03873103752845144,0.03859637335997952,0.038318461694604906,0.038030054460439514,0.0377450540258087,0.037620665844755895,0.037585900194776346,0.03743238153934262,0.03711257436970508,0.0368167916437053,0.036582364895385876,0.036548337905929526,0.03631009075557245,0.036023265150625226,0.03570661093514618,0.03567868936500928,0.03545517544331919,0.03542246572898375,0.03550781743587086,0.03558748593850744,0.035608227020862006,0.035616185917249736,0.03561379550024183,0.035686223423494506,0.035850994362620424,0.03599974201603948
stat_29,0.18148468039076165,0.07646109167341508,0.11889377903751813,0.08761489870357422,0.11624594819827737,0.11131701711998819,0.11578343124713603,0.11580067546751159,0.11580222620776116,0.11577833021735066,0.11573011984669945,0.11563133708326222,0.11552024776797744,0.1154172653275996,0.11534398228463676,0.11527179377453471,0.11524497610723895,0.1152450603252436,0.11514984559431589,0.11502988016404178,0.11491113424268956,0.11486803598608258,0.11504974621374495,0.11506349235039691,0.11543053287521647,0.11553881344152195,0.11540159933037013,0.11540075353698638,0.11543890536000162,0.11537997069901211,0.11567533156524704,0.11568171278490205,0.1159439406005728,0.11647732167948353,0.11687689599749601,0.11698058725910361,0.11731310157093967,0.11744466783329885,0.11772893732547926,0.11765737603534772,0.11777469308442376,0.11806346184391332,0.11817260556699803,0.11819688320657613,0.1190117126964109,0.11940538335301468,0.11987140991643977,0.12009258386699811,0.12070087575386908,0.12118477630670216,0.12142472776163069,0.1212717420864448,0.12126080138772992,0.12128299764426041,0.12124984215184838,0.12138989015842158,0.12130681519760356,0.12077442468511577,0.1204846137898918,0.12038935524594042,0.11991631175413847,0.11870968801645404,0.11808414733022574,0.11749305967367651,0.1173731889295105,0.11695813481220667,0.1162437098118602,0.114960446841859,0.114866437165334,0.11289125104589498,0.11144558775240365,0.11026673996841393,0.10892424388831214,0.10672334989924466,0.1045003506155703,0.10428794442616657,0.10266864042824113,0.10121557144113884,0.09970074470761893,0.09792277633757883,0.09687670383095626,0.09615281005405603,0.09622797387829912,0.09589968504915893,0.09534261247105301,0.09510682215350799,0.09414409735786314,0.09353080480121091,0.0937915193465581,0.08686349216195818,0.09385617741080206,0.09387694964414701,0.09387208521911672,0.09329960014405733,0.09247022771030967,0.09171317055696707,0.09091662223231023,0.09063277587602721,0.0905821256523875,0.09025021805127026,0.0894274736475278,0.08873901086050368,0.08810857177098415,0.0880249772716766,0.08736578358683356,0.08654270648450887,0.08561564765658078,0.08554113826340921,0.08493485566454996,0.084827531132429,0.0850226187602096,0.08526121379696344,0.08537615105814055,0.08533715798898686,0.08532328137406416,0.08548927722360462,0.08589778484665457,0.08624816281603401
stat_30,0.15659098028101767,0.0658220745032447,0.10420890438885745,0.0761361808663438,0.10068470830350704,0.09688424922486054,0.10029743338921773,0.10031332204313549,0.10031628148993242,0.10029719240401748,0.10025493011405501,0.1001634478343961,0.1000634098402817,0.09996881063308397,0.09989607560804525,0.09982492582555431,0.0997889118227388,0.09978808044586318,0.09969166582125838,0.09957073958963844,0.09944973250223485,0.09939033802025549,0.09952920963797098,0.09952510936656615,0.09983045744004143,0.0998986774501418,0.09975325611486816,0.09972776029624805,0.09973048895032108,0.0996595475498991,0.099890129049652,0.09989361987650197,0.10008756095221047,0.10052684163410319,0.10086649221216258,0.10094830993517645,0.10123471594894828,0.10134987960535473,0.1016105717200824,0.10155520743965535,0.10166643585469798,0.10192695391187744,0.10204803167841575,0.10211065937978042,0.1028724046596426,0.10325105441572731,0.10369608901036761,0.10393557422019142,0.10452231265843534,0.1050021665352089,0.10530585286776083,0.10523468981714769,0.1052283671240729,0.10528610773107755,0.10529531087048698,0.10546744249226019,0.10544049535268248,0.10498014322570683,0.10470859274933948,0.10463056309494824,0.1042299857252149,0.10318919091018629,0.1026966614577284,0.10221537165826602,0.10211661188589838,0.1017862857229631,0.10113293955604641,0.09993099176862545,0.09984496302490768,0.09808217088457027,0.09677342781997063,0.09571156415134217,0.09455196186119989,0.09262591960961677,0.09065725766639592,0.09046661835779934,0.08901366591471586,0.08771416782608704,0.08638665508490184,0.08481578618381866,0.08389719440391881,0.08324214234779811,0.08331711572004181,0.08305856640616407,0.08259203946033958,0.08241127406790531,0.08156704319634815,0.08102164071669814,0.08124974944859527,0.07555597443383702,0.08130880657743668,0.08132591626537201,0.08135753636248015,0.08088173456558763,0.08018414612718396,0.07951087736086286,0.07880256469695868,0.07856731133246851,0.0785253337114547,0.07827396431641838,0.07762040605451753,0.07706281089029109,0.07654361239539278,0.07647589194370419,0.07595909654735117,0.07526779988628485,0.07451339941865505,0.07445003348081121,0.07394527976077306,0.07388420873402121,0.07407990162625461,0.07428459527798818,0.07431784532659702,0.07425293570063407,0.07424037344779323,0.07438131992254891,0.07475615042069997,0.0750521914077089
stat_31,0.24348219198064291,0.10375526573683508,0.1543509423580153,0.1154364917511966,0.15405250479143132,0.14501197540846134,0.15330929925629502,0.15332650132664338,0.1533231773918893,0.15328856679075903,0.15323422597131106,0.15313721779620723,0.15301126217158392,0.15290052327632242,0.15284845142312223,0.15279623967766354,0.152832456266792,0.15283707773448493,0.15278145565187215,0.1527117976792966,0.15266217140830485,0.1527509236072583,0.15313786202975485,0.15324900910824757,0.1538163769024226,0.15412061539680336,0.1541027469213206,0.154258286511063,0.15452330690562313,0.15459048104585135,0.1551334836267339,0.1551536387060506,0.15571420279203171,0.15660583530315567,0.15717719491759904,0.15735135593001587,0.15776882412293225,0.1578918558689384,0.15815984195314495,0.1579795683446871,0.15805866219757012,0.1584093581785324,0.15838671858439982,0.1581364377719712,0.15885756309436508,0.1591719782167512,0.15959373141127187,0.15962164402958018,0.16010812151763976,0.1604128385294156,0.16026592891026295,0.1597639177453247,0.15973341187935441,0.15953630924890508,0.15922064605261954,0.15908454042466436,0.15866436226863884,0.15780647986513505,0.15745297879724726,0.15729745038167936,0.1566343094730674,0.1550089439614218,0.15396030240565542,0.15311675648994302,0.15294201319467463,0.15232705980152747,0.15155942586924323,0.15030247715883013,0.15020007112185688,0.14778462331829306,0.14616094206812047,0.14487901213573023,0.14308495799434565,0.14019985996988726,0.13748167717904025,0.13723672200645753,0.13544718075957382,0.13374146316479635,0.13175667233454608,0.12953829252632174,0.12825660114938334,0.12751192879009016,0.12761750998109694,0.1270964730748097,0.12632697701653728,0.12596597313577854,0.12472298042472753,0.12396045234330173,0.12425764924676122,0.11291778590592817,0.12426232685218297,0.12429263244370682,0.12401551294831499,0.12303262033246472,0.1217493458603512,0.12081372588562778,0.11981062297624999,0.11938450562306598,0.11932272337810389,0.11870837358661847,0.11729205439376877,0.11620454779759642,0.11521003834780612,0.1150767470948161,0.113912642610507,0.11265975564324865,0.11113716666186839,0.11102999166119461,0.11010752544089022,0.10981860743142875,0.10996217989597323,0.11031044226141794,0.11076963943795026,0.11082006226571291,0.11079975447863179,0.11102647019731109,0.1114804149877868,0.11197019966913872
stat_32,0.09065084245250635,0.03843120956735639,0.05904947359220662,0.043364462454741334,0.05777173282091802,0.05577939252804277,0.05758892414453271,0.05759835921553777,0.05759772869735555,0.05758282750623861,0.05755393677476276,0.05750026636257297,0.05744255992656322,0.057390890778295504,0.057353212119128895,0.057315362077535834,0.05729440070743984,0.05729431524334418,0.05724466498483143,0.05718079802948924,0.05710932607608272,0.057063100023189185,0.05711593987649808,0.05711565585531668,0.057286941000970856,0.05732273379832569,0.05724056554722606,0.05722628215436887,0.05721286348635381,0.05716017086093243,0.05730603459652567,0.05730974018439768,0.05743222523332818,0.057659238141361896,0.05785611031333472,0.05792044297778066,0.05811550674838709,0.0582207744160035,0.05837495603619419,0.05837885633007743,0.0584501127848882,0.058562046111891725,0.058617881437899276,0.05865656383279103,0.05908940609720167,0.05928424183386908,0.0594981622179762,0.05962439841654461,0.059948518411944006,0.060229154165096305,0.06038517332405558,0.06034428126753715,0.060341238016610295,0.06040201005270304,0.060466467940295955,0.060620822198584313,0.06067249865833099,0.060499340072019396,0.060381237413132366,0.060342173199594264,0.06010981276694652,0.05951796647944884,0.05923858171045661,0.05892114490859499,0.05886147666416594,0.05863969690666305,0.058244023510493494,0.0575211675260233,0.057470683528050015,0.05647916522980974,0.055710044766876125,0.05504681753612103,0.05438173097270986,0.053317812563767365,0.052179478778878664,0.052068133479564925,0.05116947167974638,0.050420722725656085,0.049700425241456535,0.048821982305190574,0.04827086879369091,0.04785583014741672,0.047854629842153246,0.04766620343222501,0.04736070425628702,0.047206372240151236,0.04673638720712352,0.046440458000485914,0.04659558538254482,0.04375708722055818,0.046673188724729295,0.046684359596966735,0.046755848358535565,0.046562467129494654,0.04621280837034546,0.045843382403136505,0.04546893355231682,0.04532884076965516,0.045294098104631225,0.04513913294346018,0.04478244681407068,0.04445501156170462,0.04417818719311862,0.04413987620646187,0.043872064108660846,0.04351737110144962,0.04313803342737423,0.043103900171791755,0.042835798538978564,0.04281122168078057,0.042928595868874556,0.04303125496603025,0.04302652551456383,0.04300677182459354,0.04300215654852383,0.043086118414449794,0.04329954847639099,0.043472618481030505
stat_34,0.13163863791655436,0.05546668079798947,0.08690192885461348,0.06365170656874587,0.08441400772615183,0.08139799896385587,0.08411488898032861,0.0841285290538477,0.08412981717936152,0.08411163764383359,0.08407333007393225,0.08399513848968519,0.08391057755785025,0.08383212565277111,0.08377235150256564,0.08371332584689602,0.08368121447254648,0.08368062866793899,0.0836012700120295,0.08350080195639353,0.0833955739251797,0.08333545157806817,0.0834334016970593,0.08342893211543892,0.08368085531530955,0.08373245474758916,0.08360747046348874,0.08358272354089961,0.0835719779425957,0.0835027452264351,0.0837002215887166,0.08370382761747368,0.08386799833213465,0.08421883261123733,0.08450380493611817,0.08458107976249954,0.08483827628836284,0.08495699596079583,0.08518034681401672,0.08515493549825778,0.08525386662078867,0.08545281225928873,0.08555067260230835,0.08561108288459947,0.08625579194057359,0.08656580914986954,0.0869204990220309,0.08712122214796991,0.08761351834907831,0.08802673200418339,0.08828147212527425,0.08822846478936873,0.08822386307474603,0.0882936736104984,0.08834264923669799,0.08852742576401154,0.08855212062151344,0.08822388212569493,0.08801757794484512,0.08795628310705343,0.08761995188375983,0.08675123938746557,0.08634598884656933,0.08591941902721398,0.08583520905650675,0.08554036066964787,0.08497590378919252,0.08393781706768332,0.08386448936462025,0.08239339783093347,0.08127807747565446,0.08034928929448695,0.0793776353663651,0.07778598380930153,0.07612448326919663,0.07596256812310963,0.07469800726390477,0.07360114281795639,0.07251097825462324,0.07120310829559129,0.07041676973959336,0.06984014169975833,0.0698780744534613,0.06964072349562693,0.06922871232578837,0.06904901482773201,0.06834884900235136,0.06790027597241123,0.06810656646170839,0.0636377841778219,0.06818300922936386,0.06819805867219815,0.06826165789695054,0.06791377540562832,0.06736253558287641,0.06680563842925133,0.06622807298883189,0.06602946478661972,0.06598818601787891,0.06577645960131252,0.06524823801841753,0.06478145346483076,0.06436280232964493,0.06430697882201013,0.06389855501322896,0.06334809428877906,0.06275546501808288,0.06270389622447722,0.06229687196566153,0.06225608171396366,0.06242638257966061,0.06258825272700777,0.06259339272059448,0.06254621043282949,0.06253724488328678,0.06265698711749895,0.06297286543143622,0.063222138641238
stat_35,0.1503213662834203,0.06312980559351201,0.1008982353412064,0.07337320497660091,0.09683184562536726,0.09329022701982409,0.09645511724491286,0.09647060187009446,0.09647437868180445,0.0964572794886497,0.09641743734538673,0.09632802180229301,0.09623079874671842,0.0961377738241269,0.09606441970383091,0.09599300846959256,0.09595493532947845,0.09595381103017164,0.09585618239888331,0.09573425733366638,0.09561354744069796,0.09555318183273227,0.09568737789295487,0.09567905701679966,0.09597041337636063,0.09603055535475352,0.09588429054531525,0.09585414171112405,0.09585303945418305,0.09578290015964695,0.09599694981232998,0.09599958395097105,0.09617759459475887,0.09660038291236973,0.0969254424071246,0.09699952023338591,0.09726906076933035,0.09737293165061597,0.09762528600970392,0.09756676411153993,0.09767407437191003,0.09793331253697082,0.09805729270553735,0.0981253661049443,0.09887079334720386,0.09924794201385624,0.09969410651880987,0.09993891129885446,0.10052187502365074,0.10099951610900014,0.10132420521781738,0.10127522300844695,0.10127003723607489,0.10133224958701798,0.1013410424095069,0.10151184448929848,0.10148701685509635,0.10102516616138862,0.10074902151092718,0.10067430022447427,0.10029273749524467,0.09929221137937114,0.09883501890973563,0.09839193958937308,0.09829943685155318,0.09799934008195428,0.09736306259411305,0.0961823790581571,0.0960982948300895,0.09438108170950837,0.09310752736220677,0.09208443518828086,0.0909702193446168,0.0891029850341238,0.08719797325066415,0.08701298301788335,0.08561377847448472,0.08435262582771576,0.08306307967914672,0.08153913777422098,0.08065710567164165,0.08002745404286513,0.08011103398872141,0.07987755100377289,0.07944111047290317,0.07928452637330273,0.07846656860964424,0.0779344196689343,0.07814947963302359,0.07268220214068302,0.07819820300641758,0.07821413102332603,0.07824394373303943,0.0777759316379662,0.07710083457854695,0.0764447567122965,0.07575182990307198,0.07552962691884245,0.07549194828128661,0.07526297030349605,0.07464878414927104,0.07412647537545326,0.07363158076637995,0.07356789525809489,0.07308321210444776,0.07241708817737483,0.0716975237499101,0.07163654201528925,0.07115398386690733,0.07110469705798317,0.07130169314243613,0.07150092015449494,0.07151360454970153,0.071436401069834,0.0714235862158448,0.07155747557575279,0.07192568992500235,0.07220704241186283
stat_36,0.3096935414249112,0.13260593247676913,0.19298648277351282,0.14572110515532424,0.1947129153732873,0.18022444737293247,0.1935629019587632,0.19357782324153294,0.19357145144911245,0.19353091676568845,0.19348052470950136,0.19339766569158579,0.1932626848716045,0.19314710505003055,0.19312481096309353,0.19310233956945058,0.19322857723357648,0.19323879500410646,0.19323769444579858,0.19323994038569586,0.1933005003663376,0.19359532066161209,0.19429257640835154,0.19453289318657097,0.1953467591364457,0.1959156203426449,0.19607258035939276,0.19644184926124655,0.19704013089632083,0.19730661387517204,0.19813488026130588,0.19817008321369778,0.19909102040701832,0.20046550172138225,0.20122957744120878,0.20145726529563238,0.20190319499500411,0.20193180895172652,0.20214490225062023,0.2017609759594602,0.20176529376135294,0.20224041188208258,0.20205386139440337,0.2014236031160999,0.20194772123869037,0.2021543003821974,0.2025408955663423,0.20229972329615367,0.2025788762724124,0.20257884469152898,0.201904083245858,0.20093583505940388,0.20087847903553582,0.2003320720527072,0.19953688192328442,0.1989229887694917,0.19794945119344778,0.19656469988516304,0.19609703503200404,0.195860470544568,0.19498672785310217,0.19289689827376275,0.19132908440101426,0.19025705319246497,0.19002341575558165,0.18922302377049668,0.18847737363144454,0.18742102030090707,0.1873175203131349,0.18445667557886428,0.18275251601206016,0.1815231699870974,0.17923889117947195,0.17556483330805403,0.17239424691144142,0.17212800986800875,0.1703616988505607,0.16845503311444887,0.1659063853081435,0.16321962751064195,0.16175320915547742,0.16111261481650613,0.1613248371138097,0.16063682960615802,0.15969281071323624,0.15926858991901982,0.15770955293692437,0.15677292039691076,0.15705333508288377,0.13972058433239926,0.15689580281197918,0.15693497154751063,0.15619674805235662,0.15458152379821938,0.1526802083648201,0.15154744942519122,0.15029086480607315,0.14970485978468098,0.14964818594569482,0.14869545853239682,0.14652129743530518,0.14496610278599506,0.14350608485583977,0.14331238272801733,0.14148633204279437,0.1396717554379877,0.1373629646832379,0.137215745083011,0.13589652293205073,0.135362759657283,0.13541603447273048,0.1359083170790404,0.13684444451811337,0.13699469190221553,0.1369636836771316,0.13725322640656396,0.13773509551639143,0.1383766453120634
stat_37,0.18189318371121033,0.07645688814851069,0.12039183347014895,0.08831862233124865,0.11685557442596128,0.1119839092651601,0.11637697781678927,0.1163944907697079,0.11639767673867212,0.11637602852125839,0.11632953657403793,0.11622875579832037,0.11611592143877045,0.11600935289924458,0.11593066760529354,0.11585380872363248,0.1158226720236198,0.11582227205670258,0.11571926865943417,0.11559045944872336,0.11546599824233285,0.11542094551089821,0.1156097913412376,0.11561742026839249,0.11598407340643488,0.11608614839015775,0.11593907520492043,0.11593014740749955,0.11596564311793588,0.11590552263384832,0.11618836787957706,0.11619337806578635,0.11644158900669842,0.11698191719721593,0.11738068439580931,0.1174746626429845,0.1177946987720811,0.11790987792348152,0.11819801242566416,0.11811225469586822,0.11822981778576684,0.11853998776874484,0.11866399934071085,0.11870014442112477,0.11953881718026677,0.11995678514603794,0.12045761469620953,0.12070093263587246,0.1213383653383502,0.12184318915131274,0.1221266023101102,0.12199494025635088,0.12198481409730091,0.12200819364793519,0.12196098311514811,0.12209448640366538,0.12199628022113347,0.12141878365933227,0.12110223546103,0.12100548063066083,0.12053454062225127,0.11932075049601587,0.11870894876982044,0.11814580838976813,0.11802866786181955,0.11763788955646269,0.11691622265089853,0.11560749530779443,0.11551179336826624,0.11349760846375387,0.1120321335084636,0.11085747268068767,0.1095089771752831,0.10727028362401426,0.10502432822563329,0.10480936523634896,0.10319398016251073,0.10172056534369672,0.1001734602645607,0.09836527445250247,0.09732050722034724,0.09660138271219204,0.09670048442055286,0.09639764177318999,0.09586062224576157,0.09565530079641064,0.09467717865566122,0.09404782737059113,0.09429944392843077,0.08724654999880621,0.09434524333209085,0.09436519659282191,0.09434797292897659,0.09374269248260957,0.09289287176184548,0.09211808742838791,0.09129653647940887,0.09101711045530998,0.09097169927182543,0.09065533713798395,0.08984052729201139,0.08916576277312524,0.088532001286659,0.08844942535876787,0.08779344149600327,0.08695467313846607,0.08601630950603661,0.08594082783001722,0.08532921616002304,0.08522878557185679,0.08543293354278969,0.08567887125224816,0.08577978812928962,0.08572065562250326,0.08570530260228311,0.08586966325365808,0.0862889801710405,0.08663686825473474
stat_43,0.17734579933984362,0.07454954789277525,0.11834876854480654,0.08637841759803135,0.11406167352302685,0.10937530111165313,0.1135860434113627,0.1136032212893391,0.11360726611004902,0.11358751998546908,0.11354333235906684,0.11344420993485085,0.11333347116827164,0.11322777421920022,0.1131482545191907,0.11307097044192232,0.1130385711000596,0.1130379307392555,0.11293369999124012,0.1128040038304593,0.1126805406642208,0.1126368435401668,0.11282576399606128,0.1128308205375856,0.11318829997042464,0.11328618588517801,0.11314000595042237,0.11312937975165611,0.11316567738292016,0.1131087570240387,0.11338077396823368,0.11338522541797534,0.11362437691191023,0.1141568440811448,0.11454554067355602,0.1146336455136742,0.1149396068304093,0.11504398216186106,0.11532392129205594,0.11523282510823453,0.11534585105167014,0.11565624778010618,0.11578038349471685,0.11581617513398437,0.11663864771012866,0.11705502401724766,0.11755861797110857,0.11780536829616459,0.1184405022679286,0.11894316514764292,0.11924637847901776,0.1191335602335992,0.11912434334263307,0.1191491906958977,0.11909542156853174,0.11922313939362388,0.11911966370581467,0.11852759832848955,0.11820096869155258,0.11810605164501806,0.11764983459730469,0.1164648060842708,0.11588155482871575,0.11535498503895023,0.11524330701041059,0.11488233786683368,0.1141731730354294,0.11287759283803071,0.11278313912613526,0.11079577846913109,0.1093555160741388,0.10821469750485642,0.1068992496870645,0.10469692252729004,0.1024971530542416,0.10228640801909124,0.10071745600165505,0.09927201086042838,0.0977476902255598,0.09597158670115867,0.09495629659960508,0.0942606473672266,0.09437049365215675,0.09408999706618996,0.09357926758023198,0.09339806614531772,0.09243699642511727,0.09181499457501861,0.09205421870856793,0.08511773606944495,0.09208729049208993,0.0921062273278254,0.09208132762287927,0.09147212155770329,0.09063249920521764,0.08986829203285754,0.08905456174079952,0.08878495308958421,0.0887438447031952,0.08844468779294162,0.08765669191274203,0.08700956111847889,0.08639158129349764,0.08631205773791906,0.08567808494748348,0.0848528037241483,0.08393506589985328,0.08386106873930069,0.08326386700764912,0.08317299242664535,0.08337968401929985,0.08362379267470497,0.08370778069982578,0.083634941107644,0.08361898979442901,0.08377759385257469,0.0841936890257214,0.0845299267212802
stat_46,0.10902232385780782,0.04597374629641106,0.07241651014510654,0.05278787295503698,0.06993343747944682,0.06757508575157967,0.06969151068432342,0.06970306223350231,0.0697043633136982,0.06968942710932949,0.06965725785216802,0.06959096543777088,0.06951996748871797,0.06945385146258207,0.06940239712102994,0.06935166030422393,0.0693220342846957,0.069321365576622,0.06925279322994213,0.0691660746854925,0.06907465866426592,0.06901902260461835,0.06909400534398545,0.06908697496834852,0.0692926537027019,0.069329689339786,0.06922072695233518,0.06919521753134206,0.06917893380365626,0.06911658094292644,0.06927657298926973,0.06927933583036687,0.06941023746692981,0.0696942182963768,0.06992930220405053,0.06999363646239457,0.07020954201350578,0.07031214486178869,0.07050011447244041,0.07048387801128692,0.0705682321165216,0.07073103031555952,0.07081552569592237,0.0708735766145309,0.07141816854448513,0.07168077583745468,0.0719801298866965,0.07215631638547162,0.07257732122080988,0.07293491147989367,0.07316971953879096,0.07314258197559852,0.07313968004741726,0.07320976136941343,0.07326404128774676,0.07343439272202916,0.07347103203655556,0.07320338311947314,0.07302833949913308,0.07297909563904127,0.07270295934863046,0.0719847902929727,0.07166354724259726,0.07131770137213395,0.07124937075005357,0.07101292480558204,0.07053388511512834,0.06964538214272561,0.06958323661603766,0.06835049741588625,0.06740986104234081,0.06662647680806306,0.06582240756080926,0.06450073211748433,0.06311246617592797,0.06297649978676052,0.06191215138246297,0.06099311077773307,0.06008900512426386,0.058999941777948206,0.05834392537726821,0.057857033316703395,0.05788746631207664,0.05769409842990774,0.05735413516612219,0.057207969668463275,0.05662616037806884,0.05625205017082545,0.05642510722339584,0.052827359846378256,0.05649207249515645,0.05650441544614402,0.056569369259225885,0.05629118631352115,0.055842774175569786,0.05537829320335963,0.0548976781531894,0.054735224957883105,0.05470075162516731,0.0545332466699277,0.05411147615015871,0.05373448775398432,0.053395980087356944,0.05335103788866738,0.053029150615877735,0.052581172965375386,0.05210658652893573,0.05206430115058188,0.051734014199739095,0.05171025125772591,0.05185975362932431,0.05199272535785966,0.05197587707368146,0.05192837498977114,0.05192090031795986,0.052019414393315505,0.05228709838629093,0.05249156594046591
stat_48,0.22109154144579796,0.09328713611216434,0.14510175315813112,0.10686160452500028,0.14147717459763856,0.13436145446396788,0.14081694585960927,0.14083548317644315,0.14083838876548904,0.14081327409347233,0.14076397069691177,0.14065749843580982,0.14053037460899181,0.14041103424597584,0.14033303549762788,0.14025720937740832,0.14025107063016345,0.14025232504017598,0.1401551014605106,0.1400349420956265,0.13993251940323834,0.13994870697719894,0.140256664075803,0.1403050360188606,0.1407863537404656,0.14098149530194626,0.1408735329631823,0.14093004574793402,0.14107375677164427,0.14107002287272538,0.14146942017875166,0.14147950331759845,0.1418643083743558,0.1426109481445187,0.1431103429158954,0.1432298466505054,0.14359041465994504,0.14368654280308604,0.14398677787578992,0.14382714628434287,0.1439328878055513,0.14431527024855095,0.1444014462181754,0.14432240962911913,0.14518528869761335,0.1456142647534912,0.1461597616555137,0.14634577906781795,0.1469860184816409,0.14744730683549417,0.14759935982353042,0.14730984473945566,0.14729024858362255,0.14720202774002517,0.14698795721840938,0.14697305994907545,0.14667510421655844,0.14585133150991983,0.1454583744228761,0.1453247412085169,0.14473998895241605,0.14325542291423418,0.14241532439796922,0.14173293073070428,0.1415860344362554,0.14110531015225655,0.14032349821948548,0.1389549187973548,0.13884950705071983,0.1364872939314522,0.13485327670981187,0.13358803008941286,0.13194861452826892,0.12922686049922497,0.12661371603085955,0.12637080029179626,0.12461140793126645,0.12292625320190405,0.12103882069430041,0.11889743465437529,0.11769250201710531,0.11693891012483565,0.11708731630795187,0.1167070274934036,0.11606638692467605,0.11582854211844902,0.11464941402753717,0.11389857541463524,0.11416713461870762,0.1044144037647335,0.11416045536819008,0.11418500666925675,0.11401326311478047,0.11313436184633231,0.11199436534583478,0.11107688644437955,0.11008784572452152,0.1097300276169055,0.10968338166817258,0.109228438999829,0.108085693938983,0.10719486836794109,0.10634407575926538,0.106233719403552,0.10529264011190684,0.10417956840579636,0.10287990331029717,0.10278340945784699,0.10197673600530362,0.10178316532213942,0.10197590366106789,0.10229697736404067,0.1025706357918622,0.1025345929489938,0.10251363243393719,0.1027138829014097,0.10318319423741878,0.10361399735360209
stat_49,0.3388336557429813,0.14597289772544658,0.20697076051846297,0.1577285481437389,0.21153274585714246,0.19395462784226858,0.21018750528999555,0.21019938279690997,0.2101879667687041,0.210141095167354,0.2100930991269616,0.2100292146264778,0.20989903733254917,0.20979381676062783,0.2098051463011617,0.20981492319826606,0.21000791505132937,0.21002258050185899,0.21007713093874864,0.21015002040593134,0.21029996477845478,0.210733653028827,0.21160405142055064,0.21193902042649604,0.21288720221484114,0.2136331177461415,0.21393497940982356,0.2144620124173396,0.21528445490612555,0.21569147795551397,0.21671478059476817,0.21676257121490913,0.21793683490197016,0.21958144925389653,0.22044570546035702,0.22072288821887928,0.22118767077313975,0.2211762933154893,0.2213191751334085,0.22083284682240295,0.22077582088926162,0.22126564277098273,0.22092743582796148,0.22001530481120846,0.2202974113657877,0.22035526646251224,0.22061631006925686,0.22014332366854464,0.22019368527535058,0.2199315958353529,0.21883612030769778,0.21755478403840842,0.2174803601068111,0.2167198489353464,0.21566355298735493,0.21476942430210805,0.21349975351805875,0.21190754086768757,0.21143117371589382,0.21115454103814887,0.21017890775248704,0.20789185625545242,0.2060325868880681,0.20481430433618267,0.20454841148416375,0.20362392659158732,0.20293721729374753,0.20210299065832832,0.20200648724354503,0.19905190537498454,0.19741144993623178,0.1962725127376573,0.1937801568762392,0.18982140242019796,0.18654536725969575,0.18628310472677187,0.18462117496938385,0.18271699004712605,0.1799721353414552,0.17716201245055987,0.17564550731603584,0.17510986397830378,0.1753394877941251,0.17451993741946192,0.17346497957956544,0.17295928111357625,0.1712932699887087,0.17031735063873832,0.17058742071912966,0.15025910416273222,0.170359279171368,0.17040417554107434,0.16940178399010594,0.1674902592302328,0.16529604675012075,0.16411917651515748,0.16279916661148172,0.16212449940272405,0.16206494559052936,0.1608984071333557,0.15830073734314035,0.15648225773357596,0.15478644493287783,0.15455998716467492,0.1523762649410931,0.15030252210435416,0.14760569411423158,0.14744069222178544,0.1459329246468479,0.14525608416881558,0.14523692541698213,0.14578840272791307,0.14700832134480218,0.14724723421456232,0.14721299097682417,0.14753284036249703,0.14799488495771518,0.14870980903796127
stat_51,0.43291110896750096,0.19540975491575205,0.2343383596459359,0.18710388700502523,0.25787766227332537,0.22809263798210974,0.2559787317331006,0.2559717638659153,0.2559179933453482,0.2558192868457394,0.25576663946204214,0.25582293765456093,0.25575180021548605,0.25575180397463165,0.2559869101966614,0.2562060620306482,0.2567463457948934,0.25678650376363443,0.25719919890851073,0.2577166631979967,0.25835549142631403,0.2594377511788769,0.2609494651971083,0.2617927552289006,0.26328641585072693,0.26490780852437734,0.266048798981337,0.26743305992008837,0.26934737945155435,0.2704571659082007,0.2725559076934039,0.27268552162016574,0.2752711522394231,0.2780152515806643,0.27929599307632164,0.27996048326265893,0.2806477349788964,0.2806774547349139,0.28032840928202796,0.279580792445567,0.2791823896565645,0.2793245409214626,0.27797346015277424,0.27550473477587994,0.2741113937268053,0.2730509443656696,0.2721640783746038,0.2703209087194628,0.26889685238715044,0.2671893006896032,0.26380597762635327,0.2610467128654904,0.26089699214368495,0.2592835126660862,0.2573760256509112,0.25546537711152256,0.25324156152531097,0.2513811358844144,0.2511749149913438,0.25077053832788765,0.24943386766945166,0.24659300956551142,0.2435608009465302,0.2415802493529329,0.24117971458148835,0.2396025527285054,0.23926198631447596,0.23962471278627065,0.23958098912890033,0.23687392428543538,0.2358472376059405,0.23515069449615067,0.23205939132953055,0.22765273618633958,0.22448670707305657,0.22429680988671868,0.2232260509774848,0.22177978223989134,0.21882844498883686,0.2161422748586289,0.21455864368171637,0.21453391999083565,0.21451243185681235,0.21284790238074058,0.21114736667622308,0.20994706962145412,0.20816265135320497,0.20731309673114098,0.20761892730567236,0.177568674083822,0.20732401009664525,0.20740043995484891,0.20544527084250291,0.20277838258317982,0.19972775782735494,0.1986826490984002,0.19751029193456546,0.19645150321272026,0.19632510148913374,0.19413577712803082,0.1898375533163902,0.1869095000212931,0.18439956379200179,0.18404471147926707,0.18052786561777748,0.1777126335239953,0.17376536058710565,0.17355062443452846,0.17145351857806895,0.17020241618405005,0.16982556435467117,0.17050484850982794,0.1728716911907683,0.1736306226083794,0.17359954474103398,0.1740318850032599,0.17427947838198463,0.17525692088658948
stat_53,0.09287873462677725,0.039346944393094975,0.06064456207193169,0.04449750507274451,0.05924181067165553,0.05721045781506542,0.059052709077511346,0.059062411997118,0.059061978669289916,0.05904700481243425,0.05901762316697309,0.058962368763260345,0.05890302677802777,0.05884962972176353,0.058810307509001694,0.05877090236325296,0.05874880321333731,0.05874864873063116,0.05869672442990003,0.05863007811575285,0.05855601970754221,0.058508255361916665,0.05856312573007054,0.05856193390690974,0.058737200355097836,0.05877286208683609,0.05868723668358089,0.05867136772784448,0.05865704611063976,0.05860278128220959,0.058750318738509895,0.05875391695373125,0.05887724022626032,0.05911048189544665,0.05931193479098223,0.05937645357038798,0.05957450989001457,0.059680095883754905,0.059838617460805224,0.05984074121687037,0.05991382375177743,0.06003142159552021,0.06009080670108754,0.060132339825498024,0.06057920022239501,0.060782184428928104,0.06100602912489839,0.0611384571837183,0.0614744432961453,0.06176482379638128,0.06193041001391111,0.061891361407632475,0.06188835521364774,0.061950921348600606,0.0620154903067259,0.06217307523047256,0.06222448777306969,0.06204197591361997,0.06191781567086967,0.06187766100104379,0.06163996847185379,0.06103298124160573,0.060748676544296304,0.060426850171175564,0.060366063808094804,0.06014173902598512,0.05973551059384107,0.05899182476499714,0.05893990037546498,0.057919584863016065,0.0571291842741419,0.056450130051833004,0.05576825784969675,0.054674003298216686,0.053505090948031256,0.05339069734341473,0.052470404619493725,0.051700784593525125,0.05095900968057239,0.05005534920857829,0.049490984656241195,0.04906628127094839,0.049068122892414606,0.04887848944679256,0.048568176239116544,0.04841395185980988,0.04793068567070967,0.047625568823027715,0.04778335002477529,0.044863681677029706,0.0478605450711682,0.047871879262054245,0.04794384938047626,0.04774196451787002,0.04738155150380183,0.0470008806654978,0.04661413855839973,0.04647131439240274,0.04643639459995427,0.046279921293701246,0.04591608169154286,0.04558265226018612,0.04529894034079899,0.045259854850274686,0.04498630665556722,0.0446213713506708,0.04423188295948639,0.044196820159443595,0.043921749483884415,0.04389753766705738,0.04401891029555581,0.044124859963309254,0.04411807996134578,0.044095370354989435,0.04409047231130093,0.04417626398342712,0.04439624056569531,0.04457317480934366
stat_55,0.14646472104125324,0.061543573906683524,0.09813981763660665,0.07142273515540545,0.09429712129993077,0.0908341017843631,0.0939308607756871,0.09394589109438874,0.09394938103450372,0.0939324823238905,0.09389354383362704,0.09380680265180594,0.09371235835123337,0.09362221369996622,0.09355153292751357,0.09348266949574907,0.09344644022150639,0.09344542087657629,0.0933515084280542,0.09323416546900123,0.09311784764371889,0.09306026003301346,0.09319137571884625,0.09318460077640991,0.09346918465218994,0.09352972159163972,0.09338959280523666,0.09336242648561717,0.09336356149307926,0.09329668401168431,0.09350809207797847,0.09351092361200299,0.09368805438234808,0.09410115752186568,0.09441844435663961,0.09449211244388266,0.09475592566487934,0.09485840665174784,0.0951027388766841,0.09504633768657658,0.09515007523417238,0.09540008038846964,0.09551762333123155,0.0955799835484446,0.09630065805046654,0.09666393869323817,0.09709359236376418,0.09732795985927008,0.0978909890805967,0.09835240397656804,0.09866226710694674,0.09861131893699569,0.0986061332446429,0.09866597193803829,0.09867520747318125,0.0988415936331508,0.09881828836409327,0.09837184347380071,0.09810493334413696,0.09803220722747706,0.09766025774623843,0.09668600856521031,0.09623937237995711,0.0958055553689592,0.09571522376161282,0.09542095431498136,0.09480159847413845,0.093653614391811,0.09357185790437417,0.09190232256151624,0.0906637711386626,0.08966735625415939,0.0885821950817287,0.08676622675098869,0.08491286001528481,0.08473297756321561,0.08337081081535704,0.08214490608085122,0.08089144647034854,0.07941005012432688,0.07855113702682551,0.0779385509719862,0.07801772827116303,0.07778716892099312,0.07735966891222208,0.07720365345149723,0.07640835463589304,0.07589173202128384,0.07610197161624448,0.07077839842225303,0.07615089008474935,0.07616650719831067,0.07619529160149066,0.0757410914224414,0.07508414865935395,0.07444668058155064,0.07377381610646193,0.07355670055506755,0.07351959985732986,0.07329442179596725,0.07269412151694718,0.07218367688313092,0.0717013956637599,0.07163922886676846,0.07116637494380108,0.07051839433944462,0.06981813678543654,0.06975879652425811,0.06928913488737226,0.06924090416259747,0.06943247287542793,0.06962604039873274,0.06963882646828616,0.06956479135405473,0.06955239559291608,0.06968291567400985,0.0700409751788428,0.07031518285956875
stat_58,0.09281433696287976,0.03932084051162068,0.06079802340726112,0.04453531898259227,0.05923145457971597,0.057169547559385504,0.05903601899598348,0.05904563293006435,0.05904547600738451,0.05903102158531985,0.059002351657775266,0.058947527911398574,0.05888840422945283,0.058834867947317376,0.058795375951932134,0.05875594912649216,0.058734530007915405,0.05873436452321609,0.058682358294911904,0.05861588072021447,0.05854321869987344,0.05849860828481703,0.05855850796349376,0.05855815312064822,0.05873485111863474,0.0587729467275112,0.05868937834410858,0.058675673014932934,0.05866623057851275,0.05861554533961281,0.05876392779455022,0.058767526692344974,0.05889313472494083,0.059132138392865796,0.059334041865678,0.05939736172337373,0.05959172008691358,0.05969223381021483,0.05984824390226016,0.05984503248403856,0.05991591675767724,0.060036960903608716,0.060094970437846056,0.06013161391918455,0.0605734891656881,0.060776295817734895,0.06100278055945032,0.06113370906282117,0.06146830789408548,0.06175539699939473,0.06192116400092004,0.061881365962146016,0.061878248393521344,0.06193638989167755,0.06199176756824405,0.062140848200403276,0.0621820346188556,0.06198483389790096,0.06185432718424493,0.061813290495239405,0.061576172531341324,0.060968536473775085,0.06068459003221159,0.060370415348047005,0.06031028188131425,0.060092228730412776,0.05968856752890968,0.058948624996894114,0.05889683074774501,0.05787305865386125,0.05708566604732478,0.05641551288109417,0.05573372899062657,0.054633407378862464,0.05346676121598885,0.05335282707325688,0.05244394432842016,0.05167626240358199,0.05092898999352581,0.0500234954932396,0.04946346453892303,0.049046167808196366,0.049053909259366806,0.048868906219364495,0.048563521694480444,0.04841592683063583,0.04793096920084681,0.04762392718350454,0.04777804447086145,0.044787405012919,0.047848668844719326,0.04785983664118005,0.04792248694165784,0.04770784002459697,0.047338991680944666,0.046956347545717037,0.04656543539984193,0.04642298712104424,0.04638965461604433,0.04623366988249483,0.04586571698418154,0.04553319640048008,0.04524607016856826,0.045206912499370595,0.04492912691891073,0.04455760925941249,0.044160237050311184,0.044124836682783976,0.04384676214598457,0.04382186295109541,0.04394338537967466,0.044051780410869705,0.04404669661886556,0.04402016240159544,0.044014808037850496,0.04409997909318117,0.044320672074585885,0.04449680806361259
stat_59,0.34728201943777454,0.15240746577108874,0.20146142742942563,0.15648260528777236,0.2126855949983116,0.1934317244980322,0.2113724693664259,0.2113801514873108,0.2113533679608316,0.21128642437767503,0.21122778069771667,0.21119222454455736,0.211081215833245,0.2110123079831305,0.21108616076115225,0.2111523542140441,0.2114173941957651,0.2114383744222408,0.21158900336015818,0.21177692658070132,0.21202932228234014,0.2125635838590883,0.2134741338522088,0.2139174540074242,0.21493897922569177,0.21584519424967763,0.21633082653407026,0.21703285909525027,0.21802961819766198,0.21854737552660022,0.21980819973828555,0.21987721569592283,0.22135258491942666,0.22310670664797663,0.22403305801116477,0.2244340423225733,0.22501277038502351,0.22511687972212108,0.22515284189289317,0.22472258930343486,0.2246090191352926,0.2248981280062949,0.2243060278900098,0.223083306195492,0.22295400966641055,0.22269154082215317,0.22256595072785587,0.22176624713094695,0.22143683120364668,0.2208605274482298,0.21922654819283166,0.21765150031110092,0.21756397653083964,0.21670359984468376,0.21563768591993912,0.2146720869330582,0.21338656302659184,0.21201408877723335,0.21171307740535703,0.21143082045602038,0.2104070411113408,0.2081051147733349,0.20604957773383328,0.2046071106922976,0.20431355981984078,0.20319684340268437,0.20258486986916838,0.20201576865907103,0.20193451145728886,0.19923097809551274,0.19777861474058522,0.19667495098966015,0.19415643308407837,0.1903751313925972,0.1872610453752018,0.18702408704790438,0.18542647615773977,0.18371310196402948,0.181148265128238,0.17855395842368807,0.1770338336861567,0.17654732191715364,0.17659630587550915,0.17551368466506842,0.17425789501967237,0.1734794206357651,0.17190036689228658,0.1710437597255479,0.17137300618157636,0.15062985934050405,0.17125189573454752,0.17130560019339644,0.17025744894942052,0.16844770548162283,0.1662694198481941,0.1652189083613218,0.16406987130239026,0.1633227580728816,0.16322560138426506,0.16184240094455962,0.1589955073759635,0.15697484242316154,0.1552063254763575,0.15496015974570915,0.15261219092285752,0.1505425929094751,0.14777131431201396,0.14760628072302182,0.14606536511871415,0.14529442403364962,0.14519294067954072,0.14572055201327824,0.1471289018442864,0.14752497511830456,0.14749848968288515,0.14783754420330827,0.148218429625131,0.14897172398022632
stat_64,0.2545877891539015,0.10800871367434335,0.16399826811879067,0.12187423952781735,0.1618792252962785,0.15229179508731405,0.16104880022045923,0.16106677867127048,0.16106705341423494,0.16103667478411163,0.16098576886001462,0.16088333886579956,0.16075004012062907,0.16062816036751904,0.16056457292954845,0.16050255328122248,0.16053643692388345,0.16054043368676627,0.16046923786200593,0.1603823967882132,0.1603264377749708,0.16042811215007655,0.16086439890143953,0.16097231949297308,0.16156907458978123,0.16188344117787345,0.16185240463317052,0.1620053292862878,0.16229149406510857,0.16236979637554788,0.16291076055988793,0.16292870977848584,0.16348725179703288,0.16444724605503958,0.16504186943947646,0.16519737893431746,0.1655939953405921,0.16567160018582375,0.1659542907683599,0.16572084937367873,0.16579876332916446,0.16622182477871397,0.1662282814883031,0.1659796732018628,0.1667660247109272,0.16714133664987144,0.16765667253125685,0.16771926289590747,0.1682697778126006,0.16860464746665751,0.16851066058913072,0.16800586412086765,0.1679741531854269,0.16774228670101848,0.1673415410717683,0.16714000980178054,0.1666226411536194,0.165597922424844,0.16516868653949493,0.1649992554995979,0.16430905075838517,0.16259561919458196,0.16150726291995215,0.16068772174848384,0.1605100818213393,0.15991892426053028,0.15912739999939596,0.15781787549024823,0.15771009663176142,0.15512590700424717,0.15342421451931693,0.15213598659446476,0.15025154345054537,0.1471570867006083,0.14429769013715207,0.1440406390422783,0.14223058479934492,0.1404282186152891,0.1382815666244095,0.13590956196693707,0.13459038855737662,0.13385044538187316,0.1340245793832213,0.13354116014768527,0.13279079450612033,0.13249131658698748,0.13116091790653062,0.1303304631346093,0.13060968665459347,0.11822992710411666,0.13055514176206398,0.13058480930774594,0.13023328358477923,0.12910020992427057,0.12769177338759824,0.12668078443351882,0.12557937268086647,0.12514164096934588,0.12509112774727363,0.12447132001085948,0.12297862359114976,0.12185872596233131,0.12079518990814582,0.12065602022329387,0.11941399793383167,0.11805054433024004,0.11639903414392404,0.11628400124607127,0.11529465160076181,0.11498935350023183,0.11514360012317613,0.11552766800326736,0.11601625657791413,0.11603591914686139,0.11601110331515332,0.1162443959907671,0.11673070883067425,0.11723860094405203
stat_70,0.28989986369999193,0.1238520940621994,0.18244086629310208,0.1370792762253456,0.18285955139964485,0.1701893352656611,0.1818298852711297,0.18184598074796124,0.1818418028593375,0.18180454421679831,0.18175341862599206,0.18166314730191324,0.18152860559740408,0.1814108651356318,0.18137382196768942,0.1813371436890302,0.18142964363132066,0.18143763527561435,0.18141151415702625,0.18138184940547802,0.18139982011106226,0.18162334366025204,0.1822233332521318,0.1824161340628643,0.18315127746679757,0.18362829276293235,0.1837182591210219,0.18401044788001342,0.1844960422372911,0.18469464370261218,0.18542276178302233,0.18545211182381852,0.1862468878715776,0.1874716699823787,0.18817554524565974,0.18838020889898174,0.18881181466372066,0.18886208979919586,0.1890986878766329,0.18877196633533735,0.18880239762215537,0.18925356184356085,0.18913256337281156,0.18863716316547682,0.1892527323555167,0.1895168525752065,0.1899449433451973,0.1898124319469054,0.19018931358914834,0.19031283168359608,0.1898498676947382,0.1890521799210027,0.1890043296743931,0.18857709263871575,0.18793378505888153,0.1874785721984006,0.18668046480614076,0.18543593957660376,0.18498479398046078,0.18477338585051942,0.18396628710528673,0.18201324375650885,0.18062232127017572,0.17963907468075993,0.1794256671585707,0.17869915111656665,0.1779323147209009,0.17677480216669283,0.17666932613025893,0.1739071750084552,0.17219817966404333,0.1709389862726197,0.16879931144017007,0.16533787138175407,0.16227605222590435,0.1620125253716747,0.16022051658618394,0.1583491809684664,0.1559494426156111,0.15337743242434695,0.15196121845317548,0.15127979858501467,0.15147371459958411,0.1508557893656636,0.1499777847729958,0.1495932796292067,0.14811818485563816,0.14722146390680413,0.1475044276590856,0.13202411746067613,0.1473892842213564,0.14742514560217143,0.14683403601103548,0.14540247682178375,0.1436854752639109,0.1425973734970058,0.14139891318037384,0.14086652128345592,0.14081113848861024,0.13997964356553214,0.13805713901920053,0.13666098460184917,0.1353481523218655,0.13517452656320078,0.13356613828289568,0.13192021946714647,0.12985751569014867,0.12972221639515577,0.12852563153638352,0.1280776366167836,0.12816972715735714,0.12862137901139567,0.12938893360278206,0.12949142049076903,0.12946285181063966,0.129732166164564,0.13021704908246204,0.13081009826336434
stat_71,0.1175840900100896,0.04950637225023209,0.07846159456011281,0.05711084709719088,0.07555565960868103,0.07300491809659805,0.07528771507847858,0.07530020506886309,0.07530217713552015,0.07528691624413342,0.07525301290524863,0.07518117753558516,0.0751042467053005,0.0750319128229665,0.0749748534302413,0.07491882227014254,0.07488591346758995,0.07488504792175815,0.07480882427907419,0.0747127873661626,0.07461303701127897,0.07455358761208296,0.07463836277744355,0.07462914419317448,0.07485115323022175,0.07488984805170093,0.07476982498165477,0.07474027464411326,0.07472322830996792,0.07465663895760341,0.07482487739087963,0.07482737072324028,0.07496399768204465,0.0752739085035898,0.07552699828779794,0.07559247477447317,0.07581960669368727,0.07592289523979297,0.07612623743743946,0.07610225995978435,0.07619271719769372,0.0763767627279843,0.07647282035464613,0.07653829496086814,0.07713189007116221,0.07742287880430838,0.07775748338190129,0.07795362531894402,0.07841537456850728,0.07880518238335203,0.07906930687977311,0.07904436070239015,0.07904133648003489,0.07911449365199355,0.07916453600829533,0.07934156866149768,0.07937155233933398,0.0790652652992731,0.07886761520457107,0.07881364814446334,0.07851641967953663,0.07773980086322496,0.07739551133139866,0.0770316985591016,0.07695877887110052,0.07671133391803714,0.07619537475697559,0.07523554914785799,0.07516830268702807,0.07382908061141179,0.07281228279242548,0.07197324986081356,0.07110470891047482,0.06966754114333061,0.06816620678945379,0.06801919781213053,0.06687798084021677,0.06588263424379404,0.06489677522650807,0.0637134487041523,0.06300834527979218,0.06248769525812115,0.0625298152932653,0.062330526369214524,0.06197167023992333,0.06182518075979598,0.061193073301089126,0.06078458020683409,0.06096706686718243,0.057020927331625344,0.06103125800840931,0.06104426850528984,0.06110688272099599,0.060792617529836064,0.060300057046306005,0.059793715046575775,0.05926699111225028,0.059093250870578984,0.05905817721231089,0.05888194080919205,0.05842711887782134,0.05802402620768317,0.05765623376488515,0.05760790672584277,0.057258527172536246,0.056768152961043934,0.05624872164323462,0.05620270053207366,0.0558432223523794,0.055817733552103954,0.055980076794439386,0.05612636182061759,0.05610817713555845,0.05605147314839222,0.05604287623114682,0.0561485393516391,0.05643948805594118,0.056659288362709906
stat_73,0.1373171388453775,0.05792444237959184,0.0914257974913113,0.06664971654074263,0.08813498035839919,0.08479746228451478,0.08779090118034018,0.08780461520727333,0.08780706980842391,0.08779033586664547,0.08775373887925354,0.08767480842334581,0.08758796943352053,0.08750601987079114,0.08744392287396734,0.08738324182071025,0.08735454593582302,0.08735399838867289,0.0872725235076978,0.08717063595776008,0.08706982474123345,0.08702515685033888,0.08715423205228053,0.08715600861058839,0.08742800361043332,0.08749773584441557,0.08738159861356082,0.08737061626294035,0.08738875489653017,0.08733780544918565,0.087553449464491,0.08755765577813913,0.08774766276976952,0.08814764226397044,0.0884490315279195,0.0885258275997863,0.08877671780146479,0.08887563910572689,0.08909313334018348,0.08903911015723681,0.0891295410879517,0.08935165225350689,0.08944139082694567,0.08947240282261931,0.09011159285670226,0.09042828321294878,0.09080497852332502,0.09100049927112354,0.09150010708618257,0.09190861835275307,0.09216475889231687,0.09209944635689571,0.09209379543761234,0.09214213078692401,0.09214681782561386,0.09229588106455906,0.09227087645893152,0.09186118837066422,0.09161870536418211,0.09155034888677299,0.09120091293599752,0.09029029879362954,0.08986478371056954,0.08945127078702159,0.08936586344026896,0.08908392521259688,0.08850868424450305,0.08744873239247175,0.08737311581064522,0.085825133975483,0.08467876799655309,0.0837531754423889,0.08273830741681848,0.08104963226720673,0.07932856676431586,0.07916219546151723,0.07789919818386758,0.07676688835144843,0.07560416298662903,0.07423294948292948,0.07343322811619717,0.07286912886339172,0.07293531249065113,0.07270600097617656,0.07229700327697301,0.07213801661103429,0.07139976228291547,0.07092371950155335,0.07112150133197265,0.0661016991003747,0.07116985665520466,0.07118489843347614,0.07120337872575462,0.0707784784328654,0.07016172696431171,0.06957271654142189,0.06895219935033221,0.0687453818614794,0.06870932176073623,0.06848684920281575,0.06791102688658292,0.06742425863538115,0.06696940025751477,0.06691039303406264,0.06646064554550958,0.06585492590528842,0.06519792070742213,0.06514251060908294,0.06470297587858306,0.06465527170388596,0.06483199498765131,0.06501177858986223,0.06502900445507873,0.06496514192799553,0.064953824317,0.06507635341376136,0.0654079250614536,0.06566525799916056
stat_77,0.15309191857766935,0.06450465976814862,0.10182668522905261,0.07434320444556887,0.09830446979976268,0.09446796398101402,0.09791385758127696,0.09792898411454612,0.09793179947286534,0.09791341991226654,0.09787326323740966,0.09778617954388741,0.09768987208356528,0.09759884978713099,0.0975302781052075,0.0974633172225556,0.09743293704058148,0.09743238678816006,0.09734245673959796,0.09723005772524679,0.09711983666779447,0.09707378441943212,0.0972229160761721,0.09722602201317258,0.09753093712945927,0.09761103546820886,0.0974829926827818,0.09747197046662344,0.09749533281790346,0.09744060711654373,0.09767979525455195,0.0976842815992947,0.09789476602277013,0.09834402845252835,0.09867989083466656,0.09876303454278063,0.09903880798661402,0.09914400696263694,0.09938645326298601,0.09932164345293966,0.0994217379252372,0.09967454251854486,0.0997764186288011,0.09980989332390906,0.10052108790994327,0.1008748011430354,0.1012969635964969,0.10151183832198049,0.10206381862711751,0.1025106703519635,0.1027839700954303,0.10270054300240729,0.10269359591154126,0.10273674006942682,0.10272681757780729,0.1028755008266216,0.10282927431663147,0.10236033130092162,0.10208953366928687,0.10201158614532636,0.10162008895490059,0.10060262735490291,0.10011640132431235,0.0996532870791462,0.09955721040575483,0.0992400181573419,0.09860912229766487,0.09745139955829758,0.09736819400349844,0.0956499141766382,0.09438503566450256,0.09336736312502987,0.09223468465033392,0.09034955793874552,0.08843882887943574,0.0882546788692709,0.08686259040625176,0.08560634868993248,0.08430654673022123,0.08277858073509736,0.08189118596167286,0.08127029458119209,0.08134850776834625,0.08109462282997501,0.08064120819494129,0.0804672750781411,0.07964338979273446,0.07911212626017143,0.07932925177587358,0.073618128948237,0.0793771206908478,0.07939384562189855,0.0794025036398064,0.07891551249974033,0.07821799112806115,0.07756185857082798,0.07686883964470599,0.0766370923537915,0.0765978426210658,0.07634496040915438,0.07568964385463275,0.07513991906710057,0.07462435249520927,0.07455746710568352,0.07404026692177222,0.0733543513140178,0.07260306691091611,0.07254068376930362,0.07204254387581939,0.07197984442789278,0.07216939520588771,0.0723723685704678,0.07241156809368439,0.07234588112564705,0.07233307256302955,0.07247008777267776,0.07283503379738428,0.07312357516882116
stat_80,0.2972176648981079,0.12731528195890676,0.18451202135648082,0.13951962411833255,0.186748790201895,0.17337742286403876,0.1857038116831834,0.18571931254288798,0.18571184719677702,0.18566969788721455,0.18561546953909167,0.1855295479053241,0.18539644479223308,0.18528399612232413,0.18525930101023527,0.1852336314028512,0.1853429409619683,0.18535238494612624,0.18534528655667243,0.185338118261029,0.18537670386547533,0.18562412550938262,0.1862434687025582,0.18646041090164112,0.1872237591808868,0.18773914328890198,0.18786307224573595,0.18819084244925047,0.18871381217017816,0.18893307615026944,0.1897140922315177,0.18974743341768574,0.1906043638264198,0.19186712205814785,0.19259460870022216,0.19282299361018843,0.1932834226417548,0.19335592542754937,0.19358334888463352,0.1932623355844325,0.1932864036836987,0.19371357830330527,0.19355109515177177,0.1929978020501688,0.19355800213321595,0.19377052768007874,0.19413534526298837,0.19393724899168455,0.1942447286391117,0.1943028684994117,0.19370838722158815,0.19282298640687942,0.19277082559014702,0.19230589501109507,0.1916386039261775,0.19114657449649572,0.19031719526034868,0.18909420821054762,0.18867669151443858,0.18845874072462407,0.18762282570723654,0.18562624000264688,0.18415207001789025,0.18309188261974868,0.1828667137848406,0.18207523474187431,0.18131943896803562,0.1802208983725366,0.1801177680749341,0.17736654024862092,0.17567591864104418,0.1744074332942073,0.17221876849582382,0.168728864629171,0.16564708357216168,0.16538460350503564,0.16357740554967995,0.16171228468429497,0.15930243360879506,0.15672456520049158,0.1552797892608964,0.15459523943716816,0.15475695897822586,0.15407307405674733,0.15313629184463207,0.15268734644078086,0.15120123541560365,0.15031174492410182,0.15061184684382353,0.13467931056041785,0.15051538552614577,0.15055380226605933,0.14993803166781894,0.14849636328307497,0.1467459743604149,0.14566426298104013,0.14447891243684874,0.14392003518901844,0.14385557347966368,0.14295849345282338,0.14093637939941503,0.13946209255397088,0.13810177957181108,0.13791941539938504,0.13623051187771065,0.13454698898586254,0.13241352449119462,0.13227517517223197,0.13104144480094038,0.1305541120718808,0.13062150731565947,0.1310774910500933,0.13192217739829104,0.13207019619822102,0.1320429265695059,0.132322672847989,0.13279368331685865,0.13340921349199952
stat_84,0.41133942609842733,0.18320285874766754,0.2311396832835395,0.1820587270670694,0.24857765839506943,0.22165512146346644,0.2467479061631372,0.2467458033049643,0.2467070106576481,0.24662778399235913,0.24658274070969466,0.2466069456884854,0.2465180620453681,0.24648361814534708,0.24665152581662428,0.24680908272851254,0.2472581968173921,0.24729103103735717,0.2475982258177135,0.2479873067001387,0.2484990950210231,0.2494321426363823,0.25082796856286077,0.251536578073225,0.2529046874474964,0.25430906454940966,0.25522946292179854,0.25639387099015215,0.25805836717924635,0.259011051654887,0.26081883052240745,0.2609247371805396,0.26313920059356155,0.26566633021626274,0.26684681247511344,0.26738292395375574,0.2679614502177542,0.26790803908738575,0.26767952144220014,0.26692888585078595,0.26660534985720763,0.26691187778030884,0.26584525418198723,0.2637684652881538,0.2628304245070296,0.2621067030823383,0.2615992405207419,0.26013522619252444,0.25913022313103473,0.257803555702183,0.25505724619603287,0.2526849085265486,0.2525539523168142,0.25112512720541935,0.24935499039546558,0.24763997849439662,0.24557629791693347,0.24364565958510115,0.24330392275828455,0.24292397495121693,0.24167656179136177,0.23894586815421942,0.23621516018054234,0.23448451259386768,0.23412178770945632,0.23275667792585797,0.23232819237068852,0.23237204660811742,0.2323128282739397,0.22945388525958424,0.22824588413669702,0.22747699188918472,0.2245102226769005,0.22010286928109002,0.2168594783278315,0.21664728958538532,0.21547507621680537,0.21387419380965836,0.21087269452650217,0.20807078076944782,0.2065166434128512,0.20640274093913272,0.20652222770989748,0.20513740413143505,0.20365468021608565,0.20271355884755557,0.20091315383890418,0.19998779582133294,0.20025044846492715,0.17201509591099817,0.19990286786072453,0.1999693153204481,0.19817970428791745,0.19557438932439306,0.1926542303271696,0.19152705187927777,0.1902440928097733,0.18928921617746458,0.18919569910160963,0.18729053021896697,0.1834054125075297,0.18077244582433957,0.17843831157650578,0.17811566982968186,0.17490897798595292,0.17221934222787366,0.16852525018181067,0.1683194001911099,0.16634295385206282,0.16523879115156292,0.16496393092223388,0.16563263952465734,0.16770711706155053,0.16829500917046905,0.16825924327547154,0.16866089355799505,0.16898408508057344,0.16989391474466373
stat_86,0.17130370135270098,0.07203035836087837,0.11316801714185326,0.08306389831189064,0.11000308624461794,0.10559399927354161,0.10957079126959793,0.10958764624836743,0.10959019749370415,0.10956876050218407,0.10952312385132586,0.10942626452701026,0.1093189314312299,0.10921816600221301,0.10914315256522007,0.10906960244416344,0.10903673650915895,0.10903625989281202,0.1089375864683393,0.10881365245011008,0.10869065878495696,0.10863758162516023,0.10880035031434852,0.10880368123530487,0.10914379055296812,0.10923119410084911,0.1090852849238979,0.10906951754254698,0.10908841204996228,0.10902150182241734,0.10928457087631996,0.10928922995449583,0.10951615234326435,0.11000906581322983,0.11038308011620883,0.11047481437392548,0.11078587070134345,0.11090773801314552,0.11118534797947327,0.11111866164236173,0.11123502881086747,0.11151795398061935,0.11163874772423742,0.11168702310048122,0.11249254614498037,0.1128894806781254,0.11335814701249412,0.11359656276474994,0.11420808547866085,0.11470092940871661,0.11498389978887474,0.1148737846146672,0.1148651746008299,0.11490644309963678,0.11489350474380745,0.11505188169468444,0.11499537724387007,0.11448802096722302,0.1142005246460781,0.11411264759313236,0.11367027115355438,0.1125306179721662,0.11196613073567124,0.11142549421571746,0.11131497329815498,0.11093947411256291,0.11024522692096744,0.10898216372337749,0.10889068556339275,0.10699152107809906,0.10559234578738393,0.10445627448246296,0.1031876599563184,0.10109158248023435,0.0989635737271091,0.09875883310945592,0.09720094348925729,0.09580229411022226,0.09435726686662062,0.09265507721796315,0.09165926840027235,0.09096012581432211,0.0910399652190669,0.09074694416854193,0.09023134557346489,0.09002464424254798,0.08910684473256163,0.08851731472848588,0.08876392709020044,0.08236207812971642,0.0888242863643306,0.08884334865349719,0.08885644338134195,0.08832174292244507,0.08754612352371195,0.08681840604458287,0.08605179010153013,0.08578980050932891,0.08574364029245674,0.08545147354635872,0.08470633206193975,0.08407754750787547,0.08349529439948886,0.08341883674118016,0.08282445757558803,0.08205592825979989,0.08120372304847857,0.08113377999973939,0.08057060017152487,0.08048640671303907,0.0806856280392429,0.08091086311343479,0.0809837144776039,0.08092859240442163,0.0809150440695938,0.08107039280008499,0.0814688869364211,0.08179612437004392
stat_89,0.10301778373388293,0.04349931900560725,0.0681321327513417,0.049741445413251095,0.06598118934828634,0.063751049836564,0.06575769963937034,0.06576857917653663,0.0657693611961453,0.06575459101510042,0.06572360615889927,0.0656612944904309,0.06559452540945471,0.06553289021150586,0.06548555939793647,0.06543870644917711,0.06541158346581266,0.0654110705926509,0.0653481410610381,0.06526827827718311,0.06518297054944272,0.06513022713917149,0.065198356187007,0.06519310669761867,0.0653874464857233,0.06542363464533633,0.06532280848944176,0.06530045962623483,0.06528496739190294,0.06522573798756587,0.06538033853620659,0.0653833276854647,0.06551066674509246,0.06577648090504587,0.06599899459095152,0.06606274199624194,0.06627100626784324,0.06637341272711089,0.06655046484034083,0.0665398771655524,0.06661990062223597,0.06676736004702263,0.06684332850668466,0.0668957031919884,0.06740512803214119,0.06764710348237107,0.06792075349296701,0.06808212006279413,0.06847345573109541,0.06880746575748382,0.06901984789114322,0.06899004994952813,0.06898718070476301,0.06905463790559573,0.06911174654294312,0.06927696048699535,0.06931806515690872,0.0690785270240486,0.06892019368449666,0.0688742425239696,0.06861272112793544,0.06793560709783605,0.0676295863391704,0.06729526408951343,0.06723001713453132,0.06700031416295953,0.06654774365745786,0.06571091100969001,0.06565243287116516,0.06449579187887917,0.06360959592559816,0.0628655442020071,0.06210673756166081,0.06086703017273382,0.05955893579894846,0.059430829879016336,0.05842074962740609,0.05755600395748929,0.05671001493140508,0.05568791893926383,0.0550663729719915,0.05460326874065241,0.05462493365107709,0.05443496310759545,0.05410768212871743,0.053960901028899236,0.05341475264674509,0.053065199147755794,0.05323180817197928,0.049877800847512296,0.053301072791266314,0.0533129731696389,0.05337948530198301,0.05312710674571698,0.052709889475290345,0.05227529828150203,0.05182771806754272,0.051672978340777796,0.05163878815386501,0.051476713249689346,0.05107733577146116,0.05071790475439472,0.05039969956264666,0.05035705220099156,0.050053734047459185,0.04963559120837468,0.049192129035755504,0.04915247069089512,0.04884251744212088,0.04881938915076069,0.048959324678167514,0.04908280440189135,0.04906808428300705,0.04902792313067034,0.04902127955412689,0.04911486470508973,0.04936573268090324,0.04955961933340495
stat_91,0.17438954068482151,0.07331916930167608,0.11625968059929105,0.08490003026440057,0.1121394948522554,0.10755085079246471,0.11167432539733393,0.11169124277907827,0.11169510170897887,0.1116754755578287,0.11163175554322663,0.11153417142159236,0.11142524070621836,0.1113214202717244,0.11124337863074575,0.11116747858452077,0.11113547844436354,0.1111348621159303,0.1110325705885877,0.1109052042209124,0.110783541337069,0.1107397266194581,0.11092384939463233,0.11092883372547982,0.1112800006989447,0.1113759268520318,0.11123217539985568,0.11122167679591713,0.11125653023808565,0.11119994202956747,0.11146811058686733,0.11147257868054299,0.11170835877969304,0.11223066761632285,0.11261293915461078,0.11270048135227398,0.1130028156884037,0.11310733249986923,0.11338270952529826,0.1132948339899696,0.11340628338829722,0.11370962737402872,0.11383097337872757,0.11386633192550492,0.11467491155887319,0.11508329248679705,0.11557639539963163,0.11581868166831681,0.11644285289332244,0.11693791007724053,0.11723581240460174,0.11712550935306763,0.11711651882906535,0.11714320834222834,0.11709475458186712,0.1172247138620778,0.11712811883317563,0.11655187643451645,0.116232646740588,0.11613977363938369,0.11569130018301589,0.11452668577774466,0.11395455323240904,0.11343487222896635,0.11332498315689173,0.11296850924091409,0.11226928696265262,0.11099176436718072,0.11089875004190182,0.10894523551528995,0.10752709340388938,0.10640150271896114,0.10510830215993386,0.10294525986124936,0.10078129349111381,0.10057387095435823,0.09902677677359326,0.09760493255295655,0.09610839722422602,0.09436298819514287,0.09336334508668545,0.092676957636271,0.09278263322852477,0.09250482856398058,0.09200059563012589,0.09181947516563112,0.090875439455399,0.09026487015223737,0.09050156489161652,0.08371291173449186,0.09053672225301097,0.0905554102052842,0.09053447520605877,0.08994034874688098,0.08911802117296992,0.08836724486709882,0.0875684960094915,0.08730339038936426,0.08726246661957328,0.08696853539662147,0.08619610043090255,0.08556033259461937,0.08495460262909751,0.08487656231306395,0.08425627071579576,0.08344793222047578,0.08255015367000365,0.08247756957222253,0.08189230634107292,0.08180453046382888,0.08200882140156501,0.08224784707541728,0.08232708977672872,0.08225557413874159,0.08224002214769299,0.0823960362039633,0.08280564455962594,0.08313616350303193
stat_94,0.12668378224931845,0.053209456025916015,0.08413070994683373,0.061524980432980145,0.08148016800239194,0.07874280284624816,0.08119689610826447,0.08121047869545107,0.08121245585138012,0.08119565142049728,0.08115849737032728,0.08108043541039063,0.08099713330210684,0.08091898731840848,0.0808571093418155,0.08079621193178937,0.08075940651130992,0.08075842101052717,0.08067529298909809,0.08057023744334489,0.08046006904669326,0.08039167665508135,0.0804779278903437,0.0804656403123877,0.08070266968806296,0.08073962563055029,0.08060514406222312,0.08056811921743141,0.08054209087131939,0.08046496056464958,0.08064073020911937,0.08064295733657934,0.08078167938504557,0.0811088316662828,0.08138006086136293,0.08144869149550935,0.08169384392286473,0.08180631487697423,0.08203043617083124,0.08200734492062894,0.0821081769783123,0.08230907712523709,0.08241997818823742,0.082501830747506,0.08315510504139535,0.08347505673537688,0.08383963477162595,0.08405670307412183,0.0845595112751281,0.0849846721247193,0.08526937368937033,0.08524130860946637,0.08523802768350963,0.08531972152445202,0.08538148637338404,0.08557865358343453,0.08561943331453159,0.08530548647701017,0.08510031633826777,0.08504286820398302,0.08472128853704737,0.0838842955412704,0.08350970287614222,0.08310619636004078,0.08302636012099605,0.0827493033010315,0.0821929926746219,0.08116073647943133,0.08108838162484135,0.07965096876724884,0.07855355965247836,0.0776408888351351,0.07670414181744757,0.07516079784099704,0.07353988249637308,0.07338089275016307,0.07213935111144376,0.07106323508997303,0.07000388002873797,0.06872711150656476,0.06796258555237464,0.06739343616994664,0.06743550542982041,0.06721868018575954,0.06682835574017403,0.06666508346850308,0.06598487500873863,0.06554576981486462,0.06574566597349547,0.06155731556487377,0.06582039271229963,0.06583452253808582,0.06591105308846916,0.06558365798149501,0.06506050929394372,0.06451533699393643,0.06394949530672024,0.06376261616204873,0.06372365298747867,0.06353504365349837,0.06304969971788807,0.06261405441256628,0.062220414600123924,0.06216826170679029,0.06179405232003024,0.061271453355721435,0.060717503721751956,0.06066819026551163,0.06028268993384754,0.06025367851794031,0.0604263342324229,0.06058128757493604,0.06056487690716785,0.06050990332196803,0.06050116991408478,0.060615937787088535,0.060927790044192624,0.061166118348951894
stat_95,0.4078961149976152,0.18148333975645986,0.2305213310434877,0.1811265395704341,0.24692568568053352,0.22039535873079408,0.24510007328443623,0.2450984472248149,0.24506187878687566,0.24498580610767906,0.24494265912805183,0.24496350479917167,0.2448729625032073,0.24483430757230584,0.24499365598617462,0.2451435623888423,0.24558185903507018,0.245613749279044,0.24590785930474462,0.24628145898865922,0.24677944011747785,0.24769781394421464,0.2490844974760881,0.2497777716322215,0.2511308719226918,0.2525119963480785,0.25340991591748413,0.2545518852123564,0.256194481494186,0.2571349621810712,0.2589105684685601,0.2590138818826117,0.26119056039932637,0.2637003550095351,0.2648686846087193,0.26538913830250305,0.2659488196023325,0.26587842531833716,0.2656568416140235,0.2648985499871245,0.2645789820866662,0.26490604966753745,0.26386731995249646,0.26182679286760724,0.260929799647898,0.2602433094450823,0.2597822053664617,0.2583619458662651,0.2574056843628599,0.25612305613140324,0.25346130880469275,0.25114211824576343,0.25101371298690517,0.24960684284613388,0.24784847799168766,0.24615443776141518,0.24410650165701125,0.24215547894802184,0.24178948966424352,0.2414127366270071,0.24018020008122745,0.23746839061644925,0.23478483237402115,0.23309910452892882,0.23274290169972894,0.23141576955160592,0.23097713904058084,0.23097858385039424,0.23091738677353507,0.22803826489920023,0.2268101836340997,0.22604174199696977,0.22309657354178236,0.21869032470232705,0.2154447244066103,0.2152305063885536,0.21406002033017726,0.21244527043613246,0.20943717700914186,0.20662487319924594,0.2050828870566749,0.20496815951297026,0.20511145993543758,0.2037685551667879,0.20232123780796385,0.20142169161096915,0.19962095072631633,0.19868599361798514,0.19893824339325286,0.17091964595567544,0.19857680104291145,0.1986417012092492,0.1968646213684294,0.1942574053580913,0.19135000173272254,0.19021237848449948,0.1889134162433521,0.18797382646974609,0.18788635429288256,0.18602145967211436,0.18219312570988105,0.17960512978162746,0.1772956170470257,0.17697786650956318,0.17381582251255712,0.17114244385662877,0.1674840444663662,0.1672795121846342,0.16532125810129955,0.16424015436546896,0.16398136109264455,0.1646494353451507,0.16667838105751617,0.16723718528250656,0.16720041942742878,0.16759655200712453,0.1679310980113817,0.16882914976219884
stat_96,0.33494848283956513,0.14506652842522347,0.19960220472623225,0.15366063688244408,0.20757611830590622,0.1902697547469352,0.20634502344181108,0.20635658713474736,0.20633787559360933,0.20628022164440338,0.2062216916681565,0.20616159920633023,0.20603668170767458,0.20594522985942257,0.20597544327339976,0.20600069366101612,0.20620105800824381,0.2062172822069547,0.2062980439634701,0.2063989570919346,0.206556706014345,0.20696962337154615,0.20776907411381354,0.20811600890994567,0.20904605954283972,0.20978866317107647,0.21010752476323866,0.21064276749111885,0.21142986261212937,0.2118094470502241,0.21286458854324197,0.21291717573819874,0.21411724299713808,0.21567534198975294,0.21653206564002941,0.21685450269973752,0.21739376955053416,0.2174861119975721,0.21763173552363493,0.21724467373282066,0.21720316481537294,0.21758025080679538,0.21719773216815821,0.21628437748211887,0.21651206875725307,0.21648245217227743,0.2165978688604289,0.21606481390787172,0.21602881729660223,0.2157287498282175,0.21451131645917745,0.21318956357712898,0.21311466608477467,0.21239732747719473,0.21146784751838274,0.21067003664922343,0.20953448703855498,0.2081881649697247,0.2078343023416006,0.2075707154468577,0.20659595362605224,0.20435804692140755,0.20247956158289246,0.20114898695614464,0.2008745987421673,0.19985477284507985,0.19917458387493583,0.1983869005864494,0.1982950011685181,0.19550474210379645,0.19391684329957432,0.19271374066377403,0.19026478865234486,0.18650252765625552,0.18331395383909443,0.18305905474627077,0.18132088474728553,0.1794862031478696,0.17691167544226855,0.1742414306632109,0.17270550655314998,0.17210749353413676,0.1722111094398239,0.17127998548589263,0.17013166860986148,0.16948049851475966,0.16789345734817882,0.16699379137039969,0.16732005889650672,0.14804856503590175,0.16720642862924961,0.16725480598268597,0.1663717778809223,0.1646734336877915,0.16262115572251348,0.16152571297905086,0.16032644668080795,0.15964076453838297,0.1595548075479656,0.15834496376658722,0.15577216915694042,0.15392434025516677,0.15227702358767048,0.1520503431488649,0.14990643726800587,0.14793858377413205,0.14534725182240277,0.14518857928674037,0.14372819061626338,0.14304397688877205,0.14300057729212817,0.14351292321927678,0.1447466062276875,0.14506020202546382,0.14503296438809535,0.1453575485205347,0.1457804503449745,0.14649932944459754
stat_97,0.1321868754783384,0.05557398809592166,0.08857467257576394,0.06440003168409189,0.0850709582207821,0.08210493217202844,0.08475487301921125,0.0847687553815565,0.0847716441476807,0.08475568111080879,0.0847191235516059,0.08463909029689302,0.0845528651919075,0.08447094806018685,0.08440604014282105,0.08434261503126177,0.08430666719492164,0.08430563166862326,0.08421900298809581,0.08411038783571788,0.08400025889119461,0.08393925521282045,0.0840452900188979,0.08403558316006576,0.0842879478784721,0.08433487725054942,0.08420169537596708,0.0841705735688334,0.08415918066620837,0.08409005961348613,0.08427742643084894,0.08427987028240982,0.08443328875852134,0.08479271568021499,0.08507766315641851,0.08514649754478903,0.08539232715961943,0.08549568158297537,0.08572160382029366,0.08568225419847342,0.08578066067586079,0.08599910036049235,0.08610905221423354,0.08617777407038171,0.08684220816336026,0.08717389095472798,0.08756091017295581,0.08778154106899322,0.08830096699517472,0.08873353486841397,0.08903053609220508,0.08899855835788485,0.08899475688455036,0.08906522786453608,0.08909881911189436,0.08927590194447729,0.0892837756650464,0.08890726570107758,0.08867287016694235,0.08860986129099316,0.08827553230523098,0.08739901798709585,0.08700742711765369,0.08661053098518974,0.0865292128354437,0.086260405624663,0.08568852279065095,0.08462429524211394,0.08454923113579262,0.08303749045362267,0.08190243217905044,0.08097895164740851,0.08000073812129085,0.07836969641115514,0.07668523858584707,0.07652085207248258,0.07526171006078498,0.07414507969879834,0.07302217570824804,0.07168452897448004,0.07089976872140773,0.07032907297729386,0.07039061841339163,0.07017778508660225,0.06978539032252608,0.06963603769366256,0.06892012924918707,0.0684554132543828,0.06865245724442434,0.06404150554743242,0.06870963058716373,0.06872388566217406,0.06877355835777456,0.06839110673951963,0.06781772451347853,0.06724320688418245,0.06664075211237569,0.0664460181429484,0.0664099930296085,0.06621244728263757,0.06568982255115398,0.06523591582142681,0.06481279796208908,0.0647578975920729,0.06435125081093229,0.06378329869436847,0.06317707090185046,0.06312441555036136,0.0627110535454424,0.06267699137041179,0.0628566160875677,0.06302659189035742,0.0630179262563208,0.06294977115461121,0.0629392236140537,0.06305728563775294,0.06338421721735454,0.06363100660842318
stat_98,0.17068402096192076,0.07183008572424558,0.11288549999660011,0.08276839872549163,0.10957458730611792,0.10515893528380692,0.10913968686577724,0.10915638524795407,0.10915902088932666,0.1091379039632998,0.1090928801305325,0.10899688945574486,0.10889025737951565,0.10879003143964901,0.10871562374872562,0.1086427489131164,0.10861102996486532,0.10861059490378003,0.1085129892121373,0.10839058975197076,0.10826995095541767,0.10822025585536897,0.10838642283650382,0.10839136604843154,0.10873189381063147,0.10882234450697079,0.1086804558566248,0.10866827447623521,0.10869273880508899,0.10863009884785392,0.10889563548757014,0.10890053952035039,0.10913212447723815,0.10962889971751671,0.11000257700509075,0.11009468737230965,0.1104032149701668,0.11052233211959238,0.11079542890981021,0.11072576311962858,0.11083922524505742,0.11112087612505712,0.11123682695543567,0.1112773738872817,0.1120712128206266,0.11246303222677084,0.11292803722094483,0.11316157728375122,0.1137668280898087,0.11425341261083682,0.11453290783781371,0.11442188202252815,0.11441320329625633,0.11445117810128147,0.11443220244240429,0.11458442079172185,0.11452162812340363,0.11400684402270048,0.11371647073417487,0.1136283751303662,0.11318806990428604,0.11205244107149967,0.11149052205262089,0.11095714695286069,0.11084753210342256,0.1104779538466284,0.10978768661326702,0.1085312981399983,0.10844024359183767,0.10654623130431097,0.10515468129860953,0.10402896678159676,0.10276526779417607,0.10067380127562604,0.09855617854436845,0.09835265241006258,0.0968089053559412,0.0954181268488562,0.09397608021428623,0.09228085650810401,0.0912919623268939,0.09060121179540957,0.09068349145638208,0.0903930002093229,0.08988162895314844,0.08967893141437942,0.08876395079682765,0.08817601971596281,0.0884194136839024,0.08199408684534999,0.08847553750590405,0.08849446403207263,0.08850067987111222,0.08795984927419283,0.08718160058666871,0.08645616222968451,0.0856908860015368,0.08542966338499232,0.08538450255156828,0.08509246108052257,0.08434628863950099,0.08371987847019899,0.08313753118337124,0.08306129021557059,0.08246641872370408,0.08169681961011671,0.08084326598153077,0.0807733950899851,0.08021071845849684,0.0801267736907631,0.08032567804456212,0.0805515461083221,0.08062437662687269,0.08056690246694875,0.08055312438278439,0.08070747431645416,0.08110494482083132,0.08143036808380416
stat_102,0.4193627165386119,0.18770362538123203,0.23245621696508462,0.18400699930667405,0.2520783088944846,0.22404290429202559,0.25021500610173075,0.2502109772427373,0.25016689741969467,0.2500809780197066,0.2500339178865123,0.2500706465567465,0.24998865038234216,0.2499669304532329,0.25015980190855075,0.25034039007056175,0.2508244447086123,0.2508600077529074,0.2512065637320491,0.2516438262977713,0.2522047055122038,0.25319716255605085,0.2546421577197236,0.2554019353272699,0.25681860903723247,0.25830653743743776,0.25931108472542597,0.2605593690204402,0.26232157450236715,0.26333596723726505,0.2652519434496237,0.26536656801238745,0.2677197278652504,0.2703323686822354,0.2715503367817316,0.2721322480481455,0.2727473284698286,0.27271955000692755,0.27244489864632204,0.2716899692549998,0.2713369060233323,0.27158698790336167,0.27041455183808577,0.26818807425259766,0.2670764769999709,0.26622769724899864,0.2655822345015631,0.26397504369067476,0.2628117856852991,0.2613384877528023,0.25835292335102966,0.2558339157553748,0.2556957543334904,0.2541921577524706,0.252359587434802,0.2505610605416228,0.2484253750850019,0.2465042747672054,0.24620605454956057,0.245815910140678,0.24453559036387093,0.2417626063211082,0.2389191287408959,0.237103221659261,0.23672701282303701,0.23528915423689392,0.23489648506639926,0.23506433180477115,0.23501107875515215,0.23220500660237853,0.2310684243315655,0.23033699280977094,0.2273233145934546,0.22290874803024224,0.21969671325079212,0.21949340285923996,0.21837259543106174,0.21683177702339287,0.21384215299936293,0.2110809279146458,0.2095206846111325,0.20944882246612628,0.2095226227006813,0.20803845212628816,0.20647974905269828,0.20544904968464384,0.20365251125507508,0.20275323787849805,0.20302783354002626,0.174027258112383,0.20269225048754322,0.20276224894554987,0.20089942411578454,0.1982555958195565,0.19527617902804625,0.19417718925393818,0.19293037771487684,0.1919369765156682,0.19183305796023725,0.1898219449253583,0.18577689428036662,0.1830342466143062,0.1806300940962003,0.18029528224099847,0.17696741433054494,0.1742231077553932,0.17042541246515472,0.170215851998572,0.16819095164191195,0.1670313454302151,0.16671880257212449,0.16739415442075753,0.1695793518244981,0.1702266712063034,0.1701921339487679,0.17060457126320303,0.17090055989031738,0.1718347900026857
stat_103,0.11509947455097612,0.048478603315061,0.07683216699794941,0.0559016710797528,0.0739462720463894,0.07143255942234526,0.07368189144993481,0.07369406167133813,0.0736960157215731,0.07368116956272273,0.07364819562263542,0.07357819055592055,0.07350307596904734,0.07343241624128351,0.07337682729816755,0.07332226972021755,0.07329067995161856,0.07328986125476782,0.07321572895235876,0.0731224013479688,0.07302583003302471,0.07296934187725089,0.07305437501211028,0.07304624301627304,0.07326443927736574,0.07330407692776508,0.07318838007931322,0.07316122417297456,0.0731473102421751,0.07308407999266446,0.07325036655326711,0.07325292583859909,0.07338917079627526,0.07369520378372597,0.07394340726515874,0.07400774391597081,0.07422931585094818,0.0743291972853227,0.07452666941489403,0.07450156852136136,0.0745889657319826,0.07476920230930116,0.07486126413679842,0.07492178974143544,0.07549858333802502,0.07578153541281948,0.07610788453058326,0.07629756048075528,0.07674699533432644,0.07712572656613682,0.07738176021024339,0.07735580421418688,0.07735275027397075,0.07742237952994276,0.07746810321230851,0.07763815828051156,0.07766395588946998,0.07735992014198043,0.07716490519006575,0.07711176854755146,0.07682091418199721,0.076060589306094,0.07572316740703268,0.07536906005373291,0.07529784283896832,0.07505728839941987,0.07455334887957059,0.07361599476566168,0.07355027517249625,0.07223928220321665,0.07124591569827236,0.07042803816479337,0.0695779403673625,0.06817001778655273,0.06670220476445314,0.06655860763219842,0.06544611116771278,0.06447360663782617,0.06350766859135334,0.06235000741634184,0.06166150446116128,0.06115492270550712,0.06119736464386403,0.06100267788917058,0.060652272912923536,0.06050999494071167,0.05989117079356688,0.05949127036027401,0.05966882011694038,0.05578012797740311,0.059729776734521775,0.05974249286305516,0.05980016216035659,0.05948848108399347,0.05900346811476981,0.05850782115982043,0.05799166896465572,0.05782141151647972,0.05778747287242555,0.05761413360671946,0.05716643251905909,0.05677142191723021,0.05641000850769261,0.056362614371031274,0.05601867861251509,0.05553656125399361,0.05502540679651502,0.05498025704394088,0.05462740259981548,0.05460207797099572,0.05476090054128256,0.054904803252027526,0.054887849449447156,0.054831461844964895,0.05482291694097511,0.05492616924909259,0.055210948515343305,0.05542588745342715
stat_106,0.35949122116351595,0.15676722105923882,0.21219036775599906,0.16396814592317496,0.22163295400782784,0.20136509629719024,0.2201757814995397,0.22018351435422062,0.22016205364278568,0.22010264366835702,0.2200524762444873,0.2200152326575073,0.21989832671795964,0.2198174009285186,0.21987969372141697,0.21993690193951873,0.22020699220801,0.22022741675352484,0.2203630134037016,0.2205359727975183,0.2207937710890933,0.221367898489036,0.2223730877823701,0.22282073095014304,0.22388785853649365,0.224825674535882,0.22531244684225243,0.2260277444196713,0.22708600663000222,0.22764410972114918,0.22890559357304452,0.22897163824030817,0.2304563118889687,0.23233516096367532,0.2332906593135433,0.23365589483719978,0.2341755822328456,0.23418101409085212,0.23421802533760813,0.2336817407942356,0.2335519692905099,0.23395895143803438,0.23339725565875297,0.23214577505835626,0.23205975534610093,0.2318665256740471,0.23186407743436924,0.2310849440565358,0.23080369340196194,0.2302199264463767,0.22860577279583838,0.22699159485594542,0.22690036372059957,0.2259552147135425,0.22472390586718805,0.22361472791291714,0.2221474211969548,0.2205208770724088,0.22011648667075798,0.21981264393553082,0.2187560821355976,0.21634880014062177,0.21422580806722305,0.21282483791853976,0.21252779824157092,0.211446380555985,0.21083631208487574,0.21027145068008105,0.21018700918524444,0.20730108729212804,0.20579932312561544,0.20474941383194337,0.20212602514378677,0.19808346135418933,0.19483569971963788,0.19458969042013222,0.1930473993089036,0.191247742396502,0.18846989513841214,0.185695461252831,0.18416011074671132,0.183729500835079,0.18389264975546663,0.18287559093158018,0.1816675267296534,0.18099236964389812,0.1793063867046795,0.17836498381341792,0.1786493702624825,0.15625944752155235,0.17841816370332372,0.17847040677384035,0.1772695320347408,0.1752103385102634,0.17283851803204367,0.17169619234799582,0.17041711467975154,0.16965652017343122,0.16957994508592109,0.1681838776958436,0.16521174647517636,0.16314398201661773,0.1612714100706868,0.16101634779442156,0.1585398188273301,0.15631034541366887,0.15334448110170598,0.153168911934308,0.15153374974354583,0.150728404818944,0.15062761633583072,0.15120406752395765,0.15268059348753668,0.15304184645508392,0.15300892320841197,0.15335442393798487,0.15376600915511096,0.15454012264836858
stat_107,0.3927325653313782,0.17190992790532184,0.2282441376968051,0.17777818530733444,0.24085470677938814,0.2166752190499221,0.23913402443967555,0.23913731527996868,0.23911062198208888,0.23904573427541773,0.23900220022180935,0.23899205033212365,0.23888379812343205,0.23881689333728265,0.2389217293774549,0.23902030407677416,0.2393771073341933,0.23940304144828453,0.23960918988476174,0.2398726842200774,0.2402495644259046,0.24101114127562684,0.24225234518687697,0.24282123219190233,0.24405680921666023,0.2452242746785267,0.24590191891614155,0.24682245531161637,0.2481816771604173,0.24893251898484633,0.2504328175162473,0.2505140196557934,0.2523158253039078,0.2545522843169358,0.2556278315952489,0.2560431388285578,0.2565581642365312,0.25648142229486764,0.2564173943576757,0.2557257176804545,0.2555087465945322,0.2559530550634098,0.25520052106966457,0.25358018456355047,0.2531640855163634,0.25278264686644253,0.2526316488325425,0.25155364412602144,0.25097039316298086,0.25003546769301666,0.24788637790197302,0.24587521519715697,0.24576212419071763,0.24452960534987828,0.24293779672211907,0.24144560852392014,0.23957651178320408,0.23765714027944854,0.23722899718650986,0.23687420328642353,0.2356993085204672,0.23306271257461106,0.23058658636459517,0.2290318884092124,0.2286980746644519,0.2274840145965839,0.22696614544506472,0.22671139922194689,0.22663765609073225,0.2236562043215031,0.2222663653703281,0.22137673871553817,0.21851402690382907,0.21413025098512237,0.21079257957506797,0.21055635719878346,0.20920953530494377,0.20744273679404004,0.2044220110721263,0.20151257935974606,0.19994649999245268,0.1996863849852576,0.1998948990871209,0.19873772842483492,0.19741972423743587,0.19667321019358938,0.19486154928672828,0.1938728969922174,0.19412461896490288,0.16787920222120203,0.19377676353758236,0.19383519359105694,0.1922669606338059,0.1897999297883612,0.18704680437068244,0.18585386850502625,0.1844931271020839,0.18362800898898923,0.18355386678795457,0.18189895320058977,0.1783997870048981,0.1760172693721663,0.17385103755783315,0.17355627026514428,0.17063362195682238,0.16807823829924404,0.1646272788713584,0.16443004798848027,0.16256420090056964,0.16158266984460695,0.16139036687838598,0.16204149315923552,0.16387001597927384,0.16433258172726659,0.16429483405087073,0.16467399489832196,0.165057148564279,0.1659150684400116
stat_109,0.2542810893658891,0.10775606434371013,0.16406265728462113,0.12186611832899268,0.16182154041589425,0.15235259847196195,0.16099887207801428,0.16101716501113436,0.16101774238258412,0.1609875376878136,0.16093610594862034,0.1608317858868715,0.1606973203026749,0.16057400757533596,0.1605078388331794,0.16044330580947155,0.1604729461573738,0.16047667312230415,0.16040127105856972,0.1603090177964427,0.16024641058653036,0.16033886210030204,0.1607656853315608,0.16086740915054198,0.16145856421078658,0.1617618502973075,0.1617192620017547,0.16186079847803236,0.16213111203667027,0.16219846089719092,0.16272714983416955,0.16274413198578205,0.16328507065075754,0.16423003691461285,0.16482097546377153,0.16497292034484112,0.16537074336752156,0.1654518515197749,0.16574358180922813,0.16551662728101477,0.1656007037805934,0.1660269524235831,0.16604705336492878,0.16582031571809847,0.1666328241170119,0.16702271092951815,0.16755137507210743,0.16763108911631308,0.1682009760554458,0.16855507311448686,0.16848587549990762,0.16799603412969252,0.16796510281773122,0.167744095889744,0.1673561846153837,0.16716903146896223,0.16666522199826755,0.16564832147089043,0.16521882241222532,0.165050668948147,0.16436194297818366,0.16265001604381085,0.16156988756939678,0.16075160384640452,0.16057446582726356,0.15998481870044845,0.15918692865347278,0.15786094025617825,0.157752319577592,0.15516123311308005,0.15344761546266777,0.15214671545295264,0.15026353009604485,0.1471691510491293,0.14430000857941686,0.14404127910097864,0.1422135814257641,0.14040026556578397,0.1382533647444718,0.1358746907195599,0.13454992841899077,0.13379756038861562,0.13397128636628639,0.13349313434647586,0.13274488753063138,0.13244837222724257,0.13111656094538468,0.13028349326853847,0.1305653363564507,0.1182921885773252,0.1305153938225943,0.13054489479782283,0.13020852102166866,0.12908813913742892,0.12768998436022166,0.1266761832991993,0.1255728871074948,0.12513778257193475,0.1250868815341107,0.12447572260807131,0.1229987393537284,0.12188647751764338,0.12083007565264298,0.1206918363118343,0.11946161201331638,0.11810515490363699,0.11646490299557523,0.11635021147807492,0.11536518870246044,0.11506435559414797,0.1152217948686028,0.11560448253178685,0.11608369745992075,0.11610083274271231,0.11607616264265513,0.11630930852182568,0.11679816833793126,0.11730531849341688
stat_110,0.09640806847513585,0.04064078019171095,0.06313144538371585,0.04639642937384954,0.06172592231397113,0.05975246433130591,0.06153593373228101,0.06154642530786419,0.06154647382897417,0.061531281714504456,0.06150023640620635,0.06144034993227791,0.06137703967613396,0.06131944158302014,0.061275029139864,0.061230667466880224,0.06120244843811774,0.061201932644635304,0.061142256873288725,0.061065746484677406,0.060980581609659655,0.06092065590052164,0.06096894498186183,0.060960334996934935,0.06113702869797417,0.06116188734061417,0.06105945602192053,0.06103022311818771,0.06099962770106102,0.060932697720777036,0.061072093963056844,0.06107463420014628,0.061183644866384085,0.06141481943917827,0.061620927607900076,0.06168237710932333,0.061885981811956564,0.06199428465834681,0.06216827985881527,0.06217242742668776,0.06225418920273954,0.062385255199996006,0.06246356123938806,0.06253052217705624,0.06302666806475346,0.06325747756729476,0.06351008519475845,0.0636689803193586,0.06404295703240127,0.06436832082490744,0.06457085881787264,0.06454743223257388,0.06454518749078672,0.06462293968771446,0.06470568575336676,0.06488803871311773,0.06495969675765204,0.06478116689156721,0.06465159304835,0.06461156541735621,0.06436576711963911,0.06373489798342132,0.06345007170389949,0.06311487521608802,0.06305200879867544,0.06281841778433006,0.06238605666045221,0.06158875788974314,0.061533501742666794,0.06046047402390575,0.05961995864628012,0.05889537235580383,0.05818575904894085,0.057043710662301406,0.0558112721716652,0.05568971035464361,0.05470862509915219,0.05389171214370532,0.0531152235481538,0.05216200730742254,0.05156754207426822,0.05111133840051309,0.05111595620761942,0.05092707796957153,0.05060787551838946,0.050452481956901475,0.049946285398793366,0.049624323176793154,0.049790828807260684,0.04688557754724786,0.04987469555517727,0.0498862443152616,0.04997761149574335,0.049779868237798,0.049415719840748704,0.04901352709091837,0.04860513215043993,0.04846042091668772,0.04842411815736386,0.0482743807541773,0.047917652585511804,0.04758160060860306,0.04729609957401953,0.0472567428513566,0.046989358814478896,0.04661996228468724,0.046232776368938994,0.04619682513959972,0.04591770081561029,0.045900134418684575,0.046031964973490144,0.04613951291484728,0.04611670880033083,0.04608909076197064,0.046084254947684145,0.04617346709872946,0.046407174777997814,0.046590416326263234
stat_113,0.1445668393872105,0.060756193642205754,0.09675780795953456,0.07045176071594159,0.09304957019961613,0.08965134393148749,0.09269157300084693,0.09270644634547634,0.09270972848477371,0.0926927598619449,0.09265395152832875,0.09256816370145346,0.09247487960615217,0.09238604615416772,0.09231646491476796,0.09224859557624257,0.0922125818288988,0.0922115900737573,0.0921191006405918,0.09200339987233888,0.09188806731327755,0.09182978514703471,0.09195662458960516,0.09194971808093498,0.09222992215460511,0.09228874161436212,0.09214984259355823,0.0921223535386213,0.09212142518420875,0.09205390652486434,0.09226272201630017,0.0922655753805517,0.0924400554063804,0.09284505155066676,0.09315806446834703,0.09323173765235558,0.09349424947490471,0.09359826850676572,0.09384027142438112,0.09378745941454367,0.09389073966224237,0.09413509504740387,0.09425103239041437,0.09431417814675612,0.09502674269271737,0.09538455033745234,0.09580633045412802,0.09603777537752813,0.09659349361424358,0.09705020521299126,0.09735561563186373,0.0973058386852868,0.09730079217398972,0.09736241586538191,0.09737675825978394,0.09754589673604973,0.09752878764033415,0.09709605795586931,0.0968358139314282,0.09676455659923829,0.09639734769290957,0.09543644556763124,0.0949961224176312,0.094564478701841,0.0944750757232547,0.09418182996194152,0.09356889321351013,0.09243315425026627,0.09235237096104841,0.0907064172003254,0.08948235473249466,0.08849425371261863,0.08742349008982599,0.0856348187236357,0.08380477573580257,0.08362703110154107,0.08227687605980721,0.08106633023778555,0.0798325507434041,0.07837200253947048,0.07752227648589924,0.07691408480293425,0.07698889712154135,0.07675864405110858,0.07633398974998551,0.07617621815749145,0.07539248971434531,0.07488389166824949,0.07509336303183314,0.0698790388669108,0.0751452412370451,0.07516074736789138,0.07519406033646672,0.07475267524165725,0.07410887597460007,0.07348092906966655,0.07281921385539086,0.07260475824026771,0.07256732231898344,0.07234484792974656,0.07175478542991272,0.07125085848578834,0.07077694504757118,0.07071568014141422,0.07025181932374576,0.06961607162365532,0.06892978190657938,0.06887141878804501,0.06840983484515288,0.06836313114364997,0.06855255806037674,0.06874228290995138,0.06875291059467589,0.06868130755400331,0.06866929645319865,0.06879834850572351,0.06915159133077671,0.06942243681749936
stat_115,0.4060442507842067,0.18468931970734856,0.21825614168668558,0.1739558116077133,0.24064128709436727,0.21414174810469688,0.23903766801014315,0.23903409484471386,0.2389785646021157,0.23887526630320094,0.23880848360392787,0.23884557191841396,0.2387708274493718,0.23876999250563993,0.2389864031406686,0.23918517517270177,0.23966347254750295,0.23970062171882708,0.24007933221802716,0.24054906392284314,0.24110116626023584,0.24201976160038177,0.2432879465790144,0.24404785509992014,0.24539853116450855,0.24684041848284688,0.2478485156184698,0.24908287303915827,0.25073308178993936,0.2516678130331869,0.2536189265895821,0.25374188296430034,0.25611639251570356,0.25850634343006146,0.25969306614432897,0.2603686513562307,0.2611426034239298,0.26134676883825037,0.2610778911489303,0.26055118978657404,0.26023427660499665,0.2602309754796543,0.25897652736026683,0.2567828318854597,0.2555929400013769,0.25459781236103796,0.2536994846174151,0.2520404022642583,0.2507894089443951,0.24933581362434049,0.2462927462352767,0.2438251390403696,0.24369276798171202,0.24234319121761674,0.24081492354098616,0.23928054781412045,0.2374701120822408,0.23600776511914265,0.2359045139255633,0.2355488519437271,0.23430295617874344,0.2316698410508329,0.22889909152584492,0.22696157264179462,0.2265840557043303,0.22504877757803965,0.22463320975820633,0.22476854848429786,0.22471869625989907,0.22218729158670916,0.2210994650050716,0.22022077620298178,0.21734054588805954,0.2133317755964785,0.21028665065076474,0.21009326963753938,0.20879816136239093,0.20736948009926148,0.20473372829968686,0.2022563049604188,0.20067212513425714,0.20045757572585207,0.2002940910022164,0.19864412426543088,0.19695080929181571,0.19569360710130598,0.19405988849546082,0.19330041135584217,0.19367902391216357,0.16739114217501164,0.1935679985764927,0.19364252806188323,0.19207123201881252,0.1898879531845507,0.18723988980302164,0.18629587802130568,0.1852827763108184,0.18429168314631475,0.1841409245733068,0.18211027113851078,0.17823039054691556,0.17551885644585594,0.17326911754006327,0.17294443591922984,0.16979973552817162,0.1673091768632548,0.1638081055805806,0.1636142538147287,0.16172621427550013,0.1606062681936403,0.16028518075637477,0.1608811178880446,0.16298353393221093,0.16371660737067686,0.16369419494509793,0.16410471927058093,0.16434784377349435,0.1652649231846998
stat_118,0.3773591759128881,0.1665253780889656,0.21531706480473004,0.16852430665588317,0.22968813167341048,0.20702038648016172,0.2281590743984741,0.2281628366110286,0.2281300694272277,0.22805615294502551,0.22800122314303609,0.2279899357337496,0.2278870064423721,0.22783259187195815,0.22794751540833988,0.22805317836026773,0.22839699806138147,0.22842320579016342,0.22864161798615104,0.22891574557434746,0.22927634154957216,0.22997529384834892,0.23108509487452025,0.23164082410496048,0.2328125898361194,0.23392744609932145,0.23459105415102505,0.23548347560157054,0.23674943711356553,0.2374388715795831,0.23893034943274216,0.23901477136413105,0.2407943159244921,0.24286133162937973,0.24389854841613165,0.24435960879730406,0.24495438022739466,0.2450093687035754,0.2449493931787377,0.244399167335877,0.24420688766547372,0.2445005094477977,0.24371731922461962,0.24215022970251335,0.2417041197634753,0.2412505848804108,0.24096009824585707,0.2398794261572016,0.23926581811502146,0.23837320589044803,0.23624815171683505,0.23431813562693873,0.2342113830719322,0.23310743042078658,0.23174652902105827,0.23046274788737084,0.22884602996338596,0.2272479462910522,0.22694052488089786,0.22661490537732304,0.2254849631197558,0.22298171025477534,0.2206121065352657,0.21901822054058104,0.21869091722837344,0.2174448216707044,0.216908242332633,0.21660487918738594,0.21653287484232986,0.21375504796025419,0.2123984845707156,0.21141816189678433,0.20868784339511656,0.20462292628146408,0.20142991844950206,0.2012015199453929,0.1997548762469211,0.19807447602287176,0.19531563419476825,0.19261758128301354,0.19106192792820983,0.19071379083515932,0.19077960956854753,0.18954902991606087,0.18817500517969354,0.18730523888509218,0.18562342066006543,0.18473529094604402,0.18504751872715117,0.1610285931526881,0.18484419265580188,0.18490414638797587,0.18355097712553045,0.1814124535881546,0.178914628884717,0.17782868186855152,0.17662315861207797,0.17577964496395398,0.1756801097201784,0.17405811333826077,0.17074443076022272,0.1684386530097363,0.16641541440354812,0.1661339189088077,0.16339685914738492,0.16105072053196917,0.1578629352310967,0.15767928432452433,0.15593893842575612,0.15501314919868303,0.15483075299836963,0.1554206365781523,0.15713733596291934,0.15763001613344718,0.1576000354376395,0.15797000044971965,0.15832394337437372,0.1591528917487196
stat_119,0.40604425078420664,0.18468931970734853,0.21825614168668558,0.1739558116077133,0.24064128709436727,0.21414174810469688,0.2390376680101431,0.23903409484471386,0.2389785646021157,0.23887526630320097,0.2388084836039279,0.238845571918414,0.2387708274493718,0.23876999250563993,0.23898640314066863,0.2391851751727018,0.23966347254750298,0.23970062171882708,0.24007933221802713,0.24054906392284314,0.24110116626023584,0.2420197616003818,0.2432879465790144,0.24404785509992014,0.24539853116450858,0.24684041848284688,0.24784851561846977,0.24908287303915833,0.25073308178993936,0.25166781303318686,0.25361892658958207,0.25374188296430034,0.25611639251570356,0.2585063434300615,0.25969306614432897,0.2603686513562307,0.2611426034239298,0.26134676883825037,0.2610778911489304,0.260551189786574,0.2602342766049967,0.2602309754796543,0.25897652736026683,0.25678283188545975,0.2555929400013769,0.25459781236103796,0.25369948461741515,0.2520404022642582,0.2507894089443951,0.24933581362434049,0.2462927462352767,0.2438251390403696,0.243692767981712,0.24234319121761677,0.2408149235409862,0.23928054781412042,0.2374701120822408,0.2360077651191427,0.2359045139255633,0.23554885194372713,0.23430295617874347,0.23166984105083288,0.22889909152584492,0.22696157264179462,0.22658405570433032,0.22504877757803965,0.22463320975820633,0.22476854848429786,0.22471869625989904,0.2221872915867091,0.2210994650050716,0.22022077620298178,0.21734054588805954,0.2133317755964785,0.21028665065076474,0.21009326963753938,0.20879816136239096,0.2073694800992615,0.20473372829968686,0.2022563049604188,0.20067212513425717,0.20045757572585207,0.20029409100221635,0.19864412426543088,0.1969508092918157,0.19569360710130598,0.1940598884954608,0.19330041135584217,0.19367902391216354,0.16739114217501164,0.1935679985764927,0.19364252806188328,0.19207123201881252,0.18988795318455068,0.18723988980302164,0.18629587802130568,0.18528277631081844,0.18429168314631475,0.1841409245733068,0.18211027113851078,0.17823039054691556,0.17551885644585594,0.17326911754006324,0.17294443591922984,0.16979973552817162,0.16730917686325483,0.16380810558058057,0.1636142538147287,0.16172621427550013,0.16060626819364027,0.16028518075637474,0.1608811178880446,0.16298353393221093,0.1637166073706769,0.16369419494509796,0.16410471927058096,0.16434784377349435,0.1652649231846998
stat_121,0.28269658160696803,0.12066541866077668,0.1764734063414184,0.13317328862650307,0.17815691346334003,0.16622193998154453,0.1772187821972578,0.17723557755255478,0.17722936182255825,0.17718862426417792,0.17713193135050467,0.17703818815383723,0.17690397104722785,0.17678905102497033,0.17675185381635458,0.17671378021327466,0.17679352222095643,0.17680113772526324,0.1767722845631647,0.17673660842640596,0.17673506408339135,0.17691516993136586,0.17744402524366099,0.17761820741240086,0.1783156151501607,0.1787470396507516,0.17880459346335367,0.1790582048498614,0.1794695912048201,0.1796180250634234,0.18030816760190657,0.18033591748288502,0.18107202987546356,0.1821935000587255,0.18287132323313646,0.18307997124034847,0.18353915713260904,0.18364231421017338,0.1839053894837781,0.18364536638549123,0.1837016327873094,0.1841098824705721,0.18401694453465794,0.1836003656516722,0.18426997205580942,0.1845417975994462,0.18494620214327995,0.18484750101180691,0.18524683453332078,0.18541743358187399,0.18499325446870865,0.18424151722213658,0.18419688940693243,0.18383334836890022,0.18330185340357683,0.18294841094650743,0.18227208259139868,0.18118476022989957,0.1807932725789575,0.1805956683973515,0.1798068662707523,0.17791078169075067,0.17656428171559968,0.17555094365146495,0.1753388982682972,0.1745863843176515,0.1738094951869627,0.17262785953945856,0.17252286545210369,0.1698493100469632,0.16814503315968338,0.16683050023289178,0.164746794060373,0.16142399358423784,0.15841135163516779,0.15814896588193478,0.1562883422487695,0.15443709862585475,0.15214625632901352,0.14964986672532693,0.1482277806679445,0.14748748155410962,0.14762343320851706,0.14698514353956216,0.14608738484407793,0.14565524863185225,0.1442323515969595,0.14337370112723427,0.14368567150216766,0.12929178942803674,0.1436375981322072,0.14367384192281052,0.14319578209622721,0.14192258084301704,0.14032958210847016,0.1392826020631793,0.13814671329360637,0.13762750722945621,0.1375604475749665,0.13675505967269289,0.13493097080063454,0.13357231941091569,0.1323276705076457,0.13216017068028052,0.13063943134516423,0.12909242127288437,0.12715292699424127,0.12702386357053297,0.12588428582670075,0.12545893026966348,0.12555273674910497,0.12597444849487677,0.1266966701422849,0.12681928599872722,0.12679476881871696,0.12706133590701643,0.1275324994661528,0.12811499130629816
stat_124,0.3975077196777296,0.178336625487691,0.21778949347649174,0.17278886830864446,0.23797736325084198,0.21279885192015918,0.23641778865926488,0.23641735703254707,0.2363691068438957,0.23627436365251014,0.23620889040605678,0.23622595008909203,0.23613903839464137,0.23611813564016704,0.23629743341007228,0.23646150463927942,0.23688777438183495,0.23692094372413497,0.23723978156778414,0.2376349458741626,0.23810879095084353,0.2389318118029936,0.24012193596162476,0.24080035634880978,0.24208094961395393,0.24338683742696499,0.24424858478152792,0.24533724258443632,0.24681047301510423,0.247627030028035,0.24938999781249652,0.24949715309567794,0.2516167292973141,0.25384876009935614,0.2549768579769967,0.2555700233786788,0.2562946953095163,0.25646636678053486,0.2563047039256375,0.2557958645638706,0.25554494843523534,0.2556520983655849,0.2546015636415934,0.2526879757110622,0.2518303231548637,0.25105355420296116,0.25038482803743833,0.24895380118012872,0.24795186518473802,0.24671864242605432,0.2440010229458861,0.24171834486591715,0.24159486602783686,0.24034037766343935,0.2388918899183484,0.2374616377901445,0.2357369503594247,0.23426277171709078,0.23410838857804045,0.23376354755093248,0.23254920700887532,0.22994955473384202,0.2272973856252303,0.2254437887973946,0.22507927141706038,0.22361502262857874,0.22315299417749374,0.22313595262490482,0.22307817479985545,0.22046260190287342,0.21926929851215346,0.21832374933428378,0.21548169129062936,0.21145232488236723,0.20833193649761406,0.20812346943509324,0.2067270088109908,0.20518940186883808,0.202512476244929,0.19994346371574154,0.1983432026126921,0.19804504069251003,0.19794536492115342,0.1964286382828798,0.19482788051944994,0.19368508604379836,0.19202954148178517,0.19122354929484991,0.19159370917425753,0.1661948733274455,0.19147271095553153,0.19154278104646025,0.1900803273664351,0.1879475538400415,0.18536926312350846,0.18437522132266845,0.18330056990741936,0.18235683996675334,0.18221846791398685,0.18032349188116856,0.17663748967028287,0.17405034738938727,0.17187682435381255,0.17156539795497508,0.16855313354146498,0.16611559598699907,0.16271845826625755,0.16252782585149123,0.16068512747854877,0.15962157200897753,0.15934046081674477,0.15993158339648553,0.1619209001187407,0.16259078102508892,0.16256697304338427,0.1629677731211198,0.1632445988409568,0.16413946985480066
stat_127,0.07861528223954913,0.033520738382922965,0.05002836064671959,0.03710470926348515,0.049749818502650686,0.04796521233351712,0.0496064673879298,0.049614430103787945,0.04961226452682357,0.04959705141865729,0.04957015904282231,0.049525331200342,0.049476746890962625,0.04943524537974663,0.04940772618604815,0.04937933815116497,0.04936531809759748,0.0493657216443585,0.0493301436559817,0.049283233309424794,0.04922663084815281,0.04918839747567414,0.04922764808060547,0.049233604728730194,0.04938345256876506,0.04942119528519271,0.04935982873195382,0.04935594850904518,0.04934792336828735,0.04930401749394499,0.049444308578150825,0.04944895499228762,0.049570913826566365,0.04976345860511079,0.04993613618736957,0.05000197744045515,0.05018390077477883,0.05029121753577304,0.050420902962506106,0.05043760851809998,0.05049893217602774,0.05057522227602746,0.050608225069601026,0.05062877423583761,0.05098112522062005,0.05112641965734337,0.0512781859695533,0.05136599551605094,0.05161954281692171,0.051843532418861,0.05193707253897309,0.05188086315418034,0.05187743666127682,0.051929759520248406,0.0520008330026469,0.052143351914488004,0.05220544194829066,0.05210173307037934,0.05202613906605835,0.051993865038870005,0.05178938090056271,0.05128098120318754,0.05102496646946455,0.050719678534903244,0.05066495293998909,0.050446997845260126,0.05010815338071012,0.04950100615295972,0.04945857935625322,0.048632694671557564,0.047980555583948835,0.047396614125867056,0.04682295272651088,0.04593359611193476,0.044963315374450925,0.044868658308998874,0.04407988278793512,0.04344695227404959,0.04285135954589139,0.042115566646567903,0.041633569796629,0.041266681292375755,0.04124184275258298,0.041052462877732156,0.040766443326119575,0.040602044527703204,0.04020755252610729,0.03996541729287039,0.04010954478891395,0.037776456167498855,0.040195834692961306,0.04020637970075624,0.04028143136998539,0.04014657177388576,0.039863417523833364,0.039559048495695394,0.03925785603742871,0.03913148920310066,0.03909579719664575,0.03894584798504349,0.038628991329910954,0.03833070454103955,0.03809410391053933,0.03805983551211238,0.0378256565581389,0.03753458849359936,0.03721929164378269,0.03719067423536952,0.03696413796765889,0.03693720185372231,0.037031290890150136,0.037112433153573474,0.03711947977779984,0.0371226086897578,0.037120198362569294,0.03719509433988952,0.037370722459282024,0.03752400747793638
stat_130,0.19258973559298512,0.0811628971709286,0.12526336905404276,0.09269785712561802,0.12318466667414425,0.11772351219743646,0.12268999661818356,0.12270782169511019,0.12270856143901422,0.12268225830357694,0.12263118702308724,0.12252933821242505,0.12241346111440521,0.12230708149460143,0.12223409818445626,0.12216189160261744,0.12213956855418365,0.12214010696458745,0.12204608566734677,0.12192720271629233,0.12180969618118889,0.12177358396692443,0.12197334525664043,0.12199516865954524,0.1223895286399418,0.12251531130841062,0.12238132016974886,0.12239079299068695,0.1224430559638409,0.12238812352116946,0.12271141550058841,0.12271901138008785,0.12300969874205106,0.12358256948177482,0.12400843321426148,0.12412160897640133,0.12447538759096963,0.12461541854933406,0.12491180582722608,0.12483460408842795,0.12495575822044153,0.12525698299186544,0.12536238402454483,0.12537210707733312,0.12621267562617067,0.12661290529070407,0.12708673238017587,0.12729871467173096,0.12791442565787509,0.12839782196001276,0.12860271175095722,0.12840863920927167,0.1283954163631671,0.12840003704179098,0.12834789663992321,0.12847200066173814,0.12836329140282382,0.127804090045752,0.12751046193765608,0.12740741638291286,0.12690095715699706,0.1256201906323996,0.1249302869484618,0.12428423238110985,0.12415417546022542,0.12369593834522134,0.12295692488805682,0.1216451446266511,0.1215479777511697,0.1194843070058729,0.11798165097172625,0.11675096521017676,0.11532662613720106,0.11300704214753252,0.11067332207998513,0.11045156270013948,0.10875777324091522,0.10723828504882817,0.10564279437383549,0.10377483274268809,0.1026710992957149,0.10191531510100456,0.10198820249409332,0.10162603985082307,0.10102609816383085,0.10076215892607464,0.0997478333684879,0.09910576670526589,0.09938209505841615,0.09190413560337812,0.09945126762112245,0.09947377840769916,0.09945365197259011,0.09884120476942138,0.09795466395218592,0.09716215887711532,0.0963289378978764,0.09602263837984437,0.09596743831750158,0.09559698696446446,0.09469573616107513,0.09394528059536575,0.09326407426807644,0.09317299501063757,0.09244667873765557,0.09156512638613397,0.09055899464131423,0.09047951732270296,0.08982689968190807,0.08969573786642801,0.0898875538330134,0.09014057232302386,0.09029853157176468,0.09027582639376867,0.09026159277404788,0.09043929321845649,0.09086036314960107,0.09123606767760557
stat_131,0.10545734070719714,0.04439194714584504,0.06933097773211869,0.05088889270677152,0.06762304648874395,0.06546592875231509,0.06741053547676015,0.06742205539287566,0.06742254067531438,0.06740654761438278,0.06737312776169813,0.06730725086676267,0.06723765641249092,0.06717380886281067,0.06712392675893192,0.06707428958653858,0.06704246938464749,0.06704178400545215,0.06697459628757774,0.06688874402474686,0.06679434021069604,0.06672865491748374,0.06678380293709925,0.06677284141219304,0.06696597237595518,0.06699164863326815,0.0668771301028653,0.06684305314489321,0.0668091392099417,0.06673584650604492,0.06688457135643436,0.06688694573063446,0.06700200746433313,0.06725687486861345,0.06748185414349288,0.06754604096287162,0.06776462924344027,0.0678778542406278,0.06806908498108676,0.06806917841711027,0.06815854443841966,0.06830831173481813,0.06839827740849838,0.06847475449770189,0.06902351562523582,0.06928250720725565,0.06956819723365103,0.06974747061997943,0.07016333722401287,0.07052344048631293,0.07075440988374135,0.07073281053581003,0.0707304778272598,0.07081443413502997,0.07089958462801108,0.07109512645927984,0.07116747879634122,0.07095995843605252,0.07081180950146737,0.0707674824628078,0.0704990807302088,0.06980748430536805,0.06949794184788038,0.06913787553510997,0.06906968144212355,0.06881962697404674,0.06834671824875786,0.06747230806043401,0.06741164336185775,0.06623027658685701,0.06530828799748367,0.06451898614931484,0.06374174043166764,0.062483807196592224,0.06113188962740538,0.06099852198675102,0.059928914404971084,0.059031483919384946,0.05817412644761666,0.05712448071613427,0.05647552517061391,0.055978923193616525,0.055990729150857954,0.0557911483824432,0.05544773350847375,0.055286020803577945,0.05472877651463059,0.05437273616318267,0.05455202395237835,0.051332737427560345,0.05463820064730037,0.054650606032879544,0.054746069765376014,0.05452017981507701,0.05411596196426174,0.05367185110224527,0.05321885129668878,0.05306176842300238,0.05302355240969248,0.052863504791166555,0.052474312879035284,0.052109676835600076,0.051795842622356876,0.05175294836207473,0.05145958761632731,0.051050726036293285,0.050622425965415954,0.05058281840214973,0.05027538712779191,0.05025652967961041,0.05040172067365328,0.05052134118620389,0.05049583943866651,0.05046157831262673,0.05045591641321882,0.050553095134487455,0.05081054675178655,0.05101046763480649
stat_132,0.2702386807018707,0.11481266842669512,0.17266821349529277,0.12887474223381842,0.1714296390068921,0.16065115936858798,0.1705209441642861,0.17053865310597244,0.1705375593622843,0.17050451005654538,0.17045266895571945,0.17035221508950713,0.1702160913455009,0.17009323426768833,0.1700367089000608,0.16998137870173574,0.17003406879358254,0.17003936918868168,0.16998059956136677,0.1699094614493993,0.16987485610389122,0.17001540894352093,0.1705099109520985,0.17064500319816672,0.17129492166194352,0.17166317510398135,0.17166585191025885,0.17186128050661026,0.1722096742668176,0.17232296671755237,0.17292654113878128,0.17294786975175763,0.1735816934328747,0.17463585737677795,0.17527378251303927,0.17544481770320028,0.1758590972715675,0.1759297548365546,0.17620806258480665,0.17594291396437475,0.17601031351659518,0.17645330836918435,0.17642711397078936,0.17610601294634753,0.1768632994244726,0.17721581876483167,0.17771779621789227,0.17772376402839846,0.17823214631011422,0.17850684080216658,0.1782923466710202,0.17768237656744015,0.1776447638837827,0.17734342609185438,0.17685401117636662,0.1765620462511551,0.17593957477190483,0.17482450112583123,0.17438237091922412,0.17419589828164556,0.17345505984925852,0.1716340488719142,0.17042332675131938,0.16953367374213948,0.16934081894603734,0.1686926121718525,0.16790020200226433,0.16662816967309008,0.16651977216274502,0.1638382728272696,0.1621099507211421,0.16081239517508472,0.15881289249085914,0.1555474225795058,0.1525758048069643,0.1523125400261057,0.15047909051302505,0.14862366519050854,0.1463581273011796,0.14388006997420555,0.1425064663780814,0.14177118407725456,0.14195540087473676,0.14142178807796588,0.1406182151286984,0.14028727280607872,0.1388869282433595,0.13802022069636993,0.13830534369724828,0.1246882032110413,0.1382301175755012,0.13826225930690353,0.13782766599758592,0.1365782873579347,0.13504540581304889,0.1339925271842894,0.1328411171181304,0.13236516589029124,0.13231219328410956,0.1316124034737896,0.12995194070361035,0.1287205890545172,0.12755549522890786,0.1274023248295536,0.12601415877206476,0.12453252865403591,0.12271195669668156,0.12258816758284787,0.12151122720847626,0.12114932589815966,0.12128175455887821,0.12169500039427451,0.12229303688359273,0.12234406302254469,0.12231764243835519,0.122566983911038,0.1230582678274967,0.12360353445971123
stat_133,0.3095894378131864,0.1325790231302947,0.19293977902919024,0.1456752242077423,0.194642558531885,0.1801524392531857,0.19349130933618394,0.19350619212998205,0.19349986207798325,0.19345943566539,0.1934092278302745,0.1933265790341424,0.1931917505788075,0.19307626030869587,0.1930540781797391,0.19303174805221163,0.19315831528957414,0.1931685427286727,0.1931676748890313,0.1931702883616576,0.1932315438544662,0.1935275482764874,0.19422630518396616,0.194467204270718,0.19528153114763475,0.19585166536672446,0.19601008739659218,0.1963808134384464,0.19698162168045466,0.19725003895643206,0.19807960261778912,0.198114907064595,0.19903817336002808,0.20041541567892557,0.20117977171940404,0.20140755206988503,0.20185223299432897,0.20187914556740738,0.20209038341850954,0.20170453777645525,0.201707585486208,0.20218293454608138,0.20199454098873476,0.20136102412849582,0.2018812608912624,0.20208642642497085,0.20247232878060883,0.20222963546986714,0.20250711404687038,0.20250535806978964,0.20182980592799524,0.20086130257343915,0.20080392649278098,0.20025667434521424,0.1994599651682875,0.19884479055199628,0.19787000090223084,0.19648338078635275,0.19601475128337395,0.19577816129286088,0.1949048989531706,0.19281578812430125,0.1912489809681187,0.19017874804167256,0.18994533553745874,0.18914639685776677,0.18840118294763514,0.18734533138097204,0.18724187190588237,0.1843813171087892,0.18267815442224697,0.18145084722754595,0.1791674103625443,0.17549357476000235,0.17232460335069663,0.17205856446133747,0.17029537485148766,0.1683901166404954,0.16584133568231754,0.1631554365711637,0.16169064104011788,0.16105237883366938,0.1612657320738663,0.16057860394936754,0.1596357877849206,0.15921285622198367,0.157654141706014,0.1567176258645509,0.15699706704661948,0.13965789628492048,0.1568380608566441,0.15687719088660368,0.15613677990749544,0.15451933315744387,0.15261693992127695,0.15148424145992453,0.15022732669097746,0.14964157933655942,0.14958523551675115,0.14863289486358564,0.1464588557608827,0.1449045481374365,0.14344465255121647,0.14325104123088436,0.1414254267191635,0.13961077519640877,0.13730233528418814,0.13715514340806512,0.135836313570541,0.13530310695561756,0.13535674499330702,0.1358491026007506,0.13678420722781062,0.13693348158040403,0.13690241598225225,0.13719172053940723,0.137673761660894,0.13831484855224846
stat_136,0.3623732979858061,0.15767632822767932,0.2131423547923192,0.16511923300968553,0.22345790583993685,0.20308599649678524,0.22201776845360732,0.22202601455764598,0.22200329348850406,0.22194126332141337,0.2218875757979924,0.22184774134779228,0.22172864898383426,0.221647226669768,0.22170989739649744,0.22176675253684003,0.222034473644297,0.2220549922136562,0.2221900596306855,0.22236083235560106,0.22261087932908732,0.22317014976553734,0.22415518869633294,0.22459748432078164,0.22566219794000833,0.22658611906288317,0.2270548698080351,0.22775252626292888,0.22877717245394896,0.22930837133352738,0.23055679797575726,0.2306217277880975,0.23207814503185195,0.2339213394336311,0.23487620611951104,0.23524213877673494,0.23578370857240072,0.23581635312191823,0.23588185670920053,0.23537428678226627,0.23526372303900964,0.2356668464367408,0.23512990041976795,0.2339221744453334,0.2338912894446236,0.23371389352185035,0.23371368816917187,0.23294793202881442,0.23268121262310357,0.23211272893311172,0.2304852129503437,0.22885716497709935,0.22876537200911518,0.22782642264806519,0.22661626796882173,0.2255220313193192,0.22407168826934235,0.22248529522755883,0.22210554936600668,0.2218012744559654,0.2207315195727397,0.21830528361291535,0.2161502567314815,0.21470217771382716,0.21439895916482507,0.21327846080999038,0.2126633510098691,0.21210236078412142,0.21201778105554908,0.20913208031723107,0.2076177128091682,0.20653144515804422,0.20388575520620264,0.19983669940433818,0.19655926290497525,0.19631018143464987,0.19471314085171146,0.192891797936542,0.19011456083097208,0.18732458435243596,0.1857575980239149,0.18528831866807774,0.18542818696212293,0.1843856193588193,0.18314769487372373,0.18243974767479676,0.18074693538064146,0.17980526682509798,0.18010825870781097,0.15776075576248322,0.17990405597093337,0.1799573829279165,0.17878767267907894,0.1767640837258569,0.17440547048256136,0.17326329815712568,0.17199192389479703,0.17122285853406694,0.17113916586161532,0.16972613812274476,0.16673639602104776,0.16464038581472903,0.16275873741806188,0.16250068575431825,0.1600044516386155,0.15777271806095114,0.15479277212957632,0.15461641601874393,0.15297010194804336,0.15214900596723382,0.15203754836697286,0.1526119840838215,0.1541183558296841,0.1545056358902787,0.15447412115479445,0.15482560404118026,0.15523145234462,0.1560173798245761
stat_137,0.199323891152482,0.08391190170728904,0.13195257229395246,0.09674788340502036,0.12791484946801163,0.12211861861551764,0.12735301914852548,0.1273711550724984,0.1273748151189853,0.12735239202932672,0.12730505598702904,0.1272006121096371,0.12708059614903577,0.12696687271963958,0.12688612328714918,0.1268076210581732,0.12678512783329268,0.1267852434772056,0.12668138618154628,0.1265524478694989,0.1264344981013137,0.12641389687960974,0.1266554332598153,0.12667803408410716,0.12709416793381312,0.1272335039544274,0.12709888171335973,0.12711474251016708,0.12719477770629878,0.12715754977919552,0.1274870155734328,0.12749379267432417,0.1277966355897024,0.12842798991041895,0.12887067633576246,0.12897326972503453,0.1293085732113752,0.12941202588251363,0.1297075021742038,0.1295865590571856,0.12969969909313794,0.13004725638452058,0.13015991920993056,0.13015122343131505,0.13101112114966335,0.13144321999549974,0.13197629849496004,0.1322045839717742,0.13285694852450036,0.1333544856215704,0.1336021509343937,0.1334135935074097,0.13339987002631093,0.13337859559139512,0.133257770227177,0.1333293795255305,0.13314331344105956,0.13244356185448314,0.13208315007388022,0.1319701189126955,0.13145046491918475,0.13011535593101659,0.12941196757572798,0.12880796775717243,0.12867907406978102,0.12825928926814456,0.12750508767195406,0.1261523782995704,0.12605138243436587,0.12386627532376994,0.12231456424564642,0.12109675815173872,0.11961827777634239,0.11715317047408307,0.11473392200533068,0.11450520072809006,0.11282198397935844,0.11124516939339107,0.10953732208594016,0.10757072854908506,0.1064541586059037,0.10571824717183204,0.10584625171191851,0.10551834871909757,0.10494243266442535,0.1047334441225159,0.103661082481628,0.10297212636102306,0.10322907253812083,0.09497819584857699,0.10324697355131947,0.10326865333827077,0.10318347747588527,0.10245034470667803,0.10146865755705797,0.10062425889756949,0.09972020617766941,0.09940823755276794,0.09936384765175439,0.09899379786870695,0.09804189281444882,0.09727933570460678,0.09655137014974695,0.09645728214875617,0.095681712404092,0.09471920821446746,0.09362260415784172,0.09353765810718241,0.09284024700931383,0.09270395706212278,0.09290855305745586,0.09318979607351018,0.09335603948262453,0.09329789669466564,0.09327956545248564,0.09345901293828324,0.09390573852963764,0.09428877206828679
stat_138,0.15014747935873363,0.06304631172195814,0.10085541871056852,0.0733217157906754,0.09674266424290198,0.09320544993271661,0.09636488230239805,0.09638035216369666,0.09638423911297399,0.09636733375621938,0.09632770668948397,0.0962383446993708,0.09614117504622403,0.09604806413632525,0.09597450183122681,0.09590293371365677,0.09586475747379058,0.09586360815228277,0.09576568528931244,0.0956434677108469,0.0955227644918865,0.09546272845300169,0.09559770571820685,0.09558917677899244,0.09588032115477499,0.09594035680433391,0.09579401104511115,0.09576374569699532,0.09576310864830472,0.09569344204698695,0.09590669739538671,0.09590925838766579,0.09608662597035075,0.09650999641936135,0.09683467434201133,0.09690801011355436,0.09717609451381064,0.09727832632313684,0.0975302442510012,0.09747036296609803,0.09757727242051314,0.09783775571548058,0.09796218717752547,0.09803019115398866,0.098775344013213,0.09915327642862608,0.09960099991806515,0.0998464657418451,0.10043004110090546,0.10090779561847665,0.10123429448649016,0.10118635738417146,0.10118120701160334,0.10124295375857893,0.10125011841512177,0.10141956369736793,0.10139303693575304,0.10092802456916733,0.10065018862924174,0.10057540325320256,0.10019449529337293,0.09919478509972042,0.0987389881911477,0.09829866801717993,0.09820648789443691,0.09790862031441357,0.09727296287317157,0.09609270628056796,0.09600864772029609,0.09429116816938389,0.09301840591405439,0.09199765674759378,0.09088452087803202,0.08901700806193763,0.08711335166407819,0.08692849843538121,0.08553238753523022,0.08427192113018868,0.08298167823548852,0.08145780313779814,0.08057740348169337,0.0799495910842235,0.08003498169188297,0.07980361732792302,0.07936927593516223,0.07921512949374378,0.07839722341479768,0.07786471372881976,0.07807864928071824,0.07260479916176442,0.07812563388596266,0.07814148194352029,0.07816962402253051,0.07769912751450236,0.07702291682782127,0.07636647475410312,0.07567258935052008,0.07545096196253338,0.07541378602654444,0.07518603884986019,0.07457271548955433,0.07405194367880065,0.07355719844140364,0.07349364778684943,0.0730094306971685,0.07234272751500924,0.07162284456572543,0.0715618595683775,0.07107940354686114,0.07103057259551811,0.07122788879305035,0.07142746631595373,0.07143937092872689,0.07136074812936803,0.07134782582387103,0.07148139194470868,0.07184984816378578,0.07213061674150736
stat_140,0.17272994927991592,0.07262722906092696,0.11472387965695621,0.08394234335546472,0.11100313970414552,0.10653216168446965,0.11055628943539557,0.11057322535115884,0.11057646839189617,0.11055595452280517,0.11051117621679758,0.11041365557948629,0.1103053675289977,0.11020288804782537,0.11012597046954806,0.11005086534907026,0.11001770807572986,0.1100171186159866,0.10991601939724908,0.10978957834965868,0.10966618613598876,0.10961610049039985,0.10978756251895962,0.10979072834577898,0.11013521801509683,0.11022499940280453,0.11007843018342234,0.11006352372894579,0.11008765001321404,0.11002401397436136,0.1102878688841295,0.11029231746185554,0.11052112326007553,0.1110256403693193,0.11140306572203577,0.11149252107577315,0.1117999581225903,0.11191457246369779,0.11219233481757686,0.1121169338664001,0.11223184707332616,0.11252434457797246,0.1126470248090583,0.11269211460705537,0.11350257994807211,0.11390689848013753,0.1143890933898152,0.11463208138934314,0.11525293089736573,0.1157502402597415,0.11604554100144227,0.11593872088185939,0.11593010223985276,0.11596642982001391,0.11593835944863186,0.11608548324044303,0.11601169673363576,0.11547121842126855,0.11516768479373976,0.1150776061485351,0.11463275380391592,0.11348150855807985,0.1129154181230348,0.11238637255082695,0.11227640732784347,0.1119115879506208,0.1112136810688038,0.10994001623097167,0.10984761515585349,0.10792042137158031,0.10650993624395946,0.10537715343450785,0.10409716306300357,0.1019686430957568,0.09982186192769504,0.09961556639228056,0.09806037176817954,0.09664884928478862,0.09517910862833996,0.09345537391293457,0.09245700731529857,0.09176214671589021,0.0918543058311888,0.09156963785526634,0.09106017902126684,0.09086683592441523,0.08993612622283395,0.08933591597587105,0.08957803444716529,0.08300688499130374,0.08962683537438279,0.0896456779201682,0.0896448099736135,0.08908342447678254,0.08828697848498092,0.08754781507183138,0.08676562079732185,0.08650254457783799,0.08645884655513951,0.08616721746269113,0.08541158597682072,0.08478101592729298,0.08418869964613714,0.0841116730056781,0.08350698835698829,0.08272022731346769,0.08184778909415423,0.08177662015137191,0.08120349224786126,0.08111853711688395,0.0813209850279291,0.0815528500364487,0.08162672478495911,0.08156273820363436,0.08154821136688103,0.08170376937635815,0.08210816637499548,0.08243669994760876
stat_143,0.21328046792303654,0.09006052561028781,0.14015383852500535,0.10309819869190227,0.13646891957568405,0.1297157279153801,0.13583588362323484,0.13585391494810048,0.13585682958363074,0.13583263327569559,0.1357847683112949,0.13568117380987568,0.13555800649386657,0.1354422847364717,0.13536601281100544,0.13529189902328795,0.13528436987955905,0.13528548879375324,0.13519032952707902,0.13507279741305075,0.13497206854525529,0.1349851573284331,0.13527957286896175,0.1353252561154532,0.13578861616605847,0.13597552766686313,0.1358707130627205,0.13592501197384096,0.13606336984994147,0.13605992841722553,0.1364470039437914,0.136456930112192,0.13683115986659594,0.13755251782545658,0.13803491155470313,0.1381518872829366,0.13850101077355517,0.13859506394654877,0.13888293384369368,0.13872956332396694,0.13883078041963967,0.13919718216160576,0.13927778129890178,0.1391998297226342,0.140031720959304,0.14044577284781232,0.14097248768279372,0.14115531497732317,0.14177877693645788,0.14223223096906826,0.14239351239884876,0.1421257063326885,0.14210745859703686,0.14203193481509443,0.14183742475181188,0.1418381692867905,0.14156592864925682,0.14077742570063842,0.14039556944504328,0.14026814037392593,0.13970632184531026,0.1382759319032037,0.1374786262520169,0.13682587921787334,0.13668534199977744,0.13622719561526195,0.1354626764725532,0.1341176028185121,0.1340147326996014,0.1317250899924295,0.1301348122427604,0.128902341167858,0.1273217598042676,0.12469459272737725,0.12216460302552916,0.1219288542525362,0.12021890731881556,0.11858631054069246,0.11676517286590077,0.11469590543364701,0.11353086412188546,0.11279874947917642,0.11294110470347336,0.11257557931857315,0.11195777737872929,0.11172877728329197,0.11059075211754975,0.10986549552556983,0.1101261938427542,0.10080860282991246,0.11012248501835303,0.11014611066787118,0.10998864269995012,0.10914814400430951,0.10805469111784692,0.1071670961813267,0.1062109612125015,0.10586756337519676,0.10582249571542801,0.10539022777215576,0.10430146684029551,0.10345082811211447,0.10263785505557434,0.10253260643347985,0.1016404321805809,0.10057514517177239,0.09933841479686527,0.09924582507980274,0.09847506464626365,0.09829839029965622,0.09849249757240966,0.09880056468097029,0.09904361488473798,0.09900096264727894,0.0989807391238088,0.09917322151869255,0.09963172760450682,0.10004523075915848
stat_144,0.16708654776608178,0.07040729349423609,0.1112107143682574,0.08119611949995628,0.10729184634432622,0.10286699395950175,0.10684411512716718,0.10686011442943553,0.10686349252604711,0.10684440434990589,0.10680267301413249,0.10671046698764007,0.10660700567114208,0.10650876539019385,0.10643601632736856,0.10636523868122488,0.10633745349279272,0.10633706836724023,0.1062424311112413,0.1061247189300732,0.10601300323039649,0.10597714617218097,0.10615868283114434,0.10616835642656496,0.10650831533532759,0.10660867487648065,0.10648076832112298,0.10648032798958477,0.10652621530076503,0.10648083493646285,0.10674929443181558,0.10675457422937051,0.1069970399388715,0.10750844570985936,0.10787757477898895,0.1079660766483972,0.1082565114462222,0.10835628726084616,0.10861138994723465,0.10852407940672366,0.10862544798240824,0.10890962532617962,0.10901212135797834,0.10902663620297573,0.10977716619837112,0.11015426054583367,0.1106126496201608,0.11083088473269437,0.11141360299533959,0.11187513483846008,0.11214542989402582,0.11203303210579457,0.11202412989792766,0.11204648487318833,0.11199784710428086,0.11211993933095252,0.11202654604697615,0.11147562857661711,0.11117067359840335,0.11108174809368497,0.11065262851538449,0.10953862881785627,0.1089912722359669,0.10849442085330162,0.10838938761820263,0.10804884747357145,0.1073793557270088,0.10615741972299567,0.10606852764099842,0.104201369037774,0.10284742451173354,0.1017734402379185,0.1005360510748057,0.09846829355167792,0.09640210630040615,0.09620437838856644,0.0947306396362969,0.09337659430007757,0.09194729536951397,0.09028310977952811,0.08932942644145205,0.08867924682317875,0.08877813497042127,0.0885066975120668,0.08802098216621693,0.08784312373393525,0.08694185374453739,0.08636045718412134,0.08658653744248614,0.08006675802944935,0.08661963579339234,0.08663768512576014,0.0866112548405274,0.08603946015270335,0.08524956752616589,0.0845334919382169,0.08377169449843613,0.0835165178426395,0.08347718840867363,0.08319137802367836,0.08244667078367404,0.08183610845061594,0.08125547547232712,0.08118067386236744,0.08058645220545928,0.07981338966974022,0.07895598028094854,0.07888661190443408,0.07832783806727665,0.07824570086365575,0.07844282585408369,0.07867117999387822,0.07874315728824333,0.07867354782496422,0.07865864956917315,0.07880775133795045,0.07920021078462595,0.07951600529551651
stat_145,0.25507713498634454,0.10823839290259585,0.16417329544295636,0.12205667393036551,0.16215159087388717,0.15251744542757945,0.1613190406402689,0.16133697666722382,0.16133710464030737,0.16130651469279994,0.161255523783651,0.16115338026704368,0.16102015800010533,0.16089852538078853,0.16083560587769843,0.1607742006754937,0.16080917614828324,0.16081325651178335,0.16074312894327497,0.16065759517268932,0.1606030508087509,0.16070668668937577,0.1611451103379235,0.161254638513713,0.16185348559665946,0.16217067063696294,0.16214205334419263,0.16229758280440365,0.1625870656473719,0.16266739418764153,0.16321191647219987,0.16323011667706594,0.16379313208058383,0.16475698115796591,0.16535329819282804,0.165510056453375,0.16590770412614633,0.1659855577479955,0.1662671652093786,0.16603285157735204,0.166109912754374,0.1665323350714926,0.16653595761692036,0.16628277302942654,0.16706503361239244,0.1674373461337534,0.1679495444392139,0.16800801400712745,0.16855437430516096,0.16888500519824456,0.16878338334435203,0.16827325504552595,0.16824127029814123,0.16800657191344584,0.16760315476262339,0.16739844695053954,0.16687797770243462,0.16585243551452528,0.16542415884189682,0.16525421400358012,0.16456225541381195,0.16284575094788423,0.16175254133291894,0.1609293242845646,0.16075104676794838,0.16015676879066423,0.15936582431298355,0.15805946983275365,0.15795179594493072,0.15536687762155185,0.15366592578700963,0.15237782116736884,0.15049000417982125,0.1473921099827857,0.14453087074600549,0.14427384536178287,0.14246385839683445,0.1406615185070581,0.1385127728604639,0.13613935284790213,0.13481877612641036,0.1340795667445634,0.1342528465801152,0.1337661983326366,0.13301296519615916,0.13271065743144964,0.13137897668907486,0.13054841157760236,0.13082813993483283,0.11841029892826628,0.13077364239856457,0.1308034409421837,0.1304489996117842,0.12931316667545947,0.12790123966813102,0.12688995431349043,0.12578827025767167,0.12534898693665633,0.12529817427292483,0.12467464032172629,0.12317548629450988,0.12205106640225928,0.12098418640744794,0.12084448792873947,0.11959724409990612,0.1182305889892834,0.11657395686189158,0.1164586864447215,0.11546673065925424,0.11515922652537572,0.11531228763256654,0.1156969491475797,0.11618986692748266,0.11621152258855313,0.11618671978899148,0.11642058980021666,0.11690647243062452,0.11741566250999493
stat_146,0.24191793847508805,0.1024701677967658,0.15686535308334823,0.11619131793609092,0.15415103871807365,0.145508380481593,0.15338445007175128,0.1534026309651779,0.1534039272064711,0.15337559022216019,0.1533253579086572,0.15322144381118283,0.15309051144793048,0.15296959381212477,0.15290056435056584,0.1528333548585791,0.15285223149057317,0.15285519535740022,0.15277425539935638,0.15267500539716633,0.1526018643990614,0.15267192401151497,0.15306060109307024,0.15314650098122695,0.15370007744997496,0.15397046917167742,0.15391165911364899,0.15402954257414447,0.1542640915191111,0.1543130769044517,0.1548023423274797,0.15481746936537383,0.15531325516445513,0.15619525708251594,0.15675444658192805,0.15689696544016465,0.15727953725976593,0.15736330386537867,0.1576507963365674,0.15744392578907596,0.15753116819805532,0.15793838437121854,0.15797271279273573,0.15778483681083577,0.1585965455175513,0.15899066236922188,0.15951644504586399,0.1596245578904116,0.1602081593477202,0.16059041341366995,0.1605902324058703,0.1601678091410907,0.16014073515443678,0.15996377940825468,0.1596341314628681,0.15950423533912003,0.1590708695153165,0.1581214763966422,0.15770484407978708,0.15754907909361957,0.15689921713307894,0.1552726605648058,0.1542803023739666,0.15351438979066548,0.1533486389681479,0.1528008004531322,0.15201174707101092,0.15067678731242598,0.15056975882717782,0.14806780604760594,0.14639028373469526,0.14511036364359933,0.14331884628008593,0.14036466474420178,0.13759779084661755,0.1373460015322678,0.13555534336048033,0.13379716396449334,0.13174803769827956,0.12946304746005766,0.12818763180554035,0.1274434978972002,0.12760845629780945,0.1271644001486978,0.12645597426439775,0.12618031496919024,0.12490709969541322,0.12410668873278516,0.12438156126990922,0.11299883906706003,0.12434456045593231,0.12437227527161027,0.12408810686731664,0.12305027514028133,0.12174298619330377,0.12076689575447079,0.11970726632168943,0.1193000206528962,0.1192511867464535,0.1186945753678241,0.11733553437847587,0.11630369227277323,0.11532139565088166,0.11519330463479653,0.11406705987772259,0.11279894058653617,0.11128243424815613,0.11117446334887589,0.11025514881016071,0.1099937112126437,0.11016386293558689,0.1105240742370313,0.11092810313781583,0.11092493489684406,0.11090152196961564,0.11112210555805216,0.11160298948635282,0.1120812399736996
stat_147,0.3105273411722613,0.1328955459948041,0.1934853713417919,0.1461384835998889,0.19528077457361023,0.18077255080862106,0.19413111048070275,0.19414617942727516,0.19413978415933789,0.19409902277529006,0.1940481474043615,0.1939644493582251,0.19382871120363762,0.1937124626754201,0.19368948290343518,0.1936662874056238,0.19379156301937162,0.19380174018859822,0.19379948431341912,0.19380012845208813,0.19385849787602305,0.19415046981732748,0.19484539425817746,0.19508411890647384,0.1958981240455173,0.1964641050707867,0.19661669449885388,0.1969821073531679,0.1975745750345017,0.19783638768337125,0.19866165867485402,0.19869654188279604,0.199611829364864,0.2009822286379922,0.20174683005092134,0.2019737912951181,0.20242252788541187,0.20245405256055476,0.2026726621680274,0.2022917847324266,0.20229946239619145,0.20277671333932953,0.20259599252398694,0.20197428787797875,0.20251162164704148,0.2027242578291362,0.20311596842869936,0.20288000082574678,0.2031660227840244,0.20317185458450052,0.20250025664624802,0.20153182584951118,0.20147444756858687,0.20092924500458825,0.2001359936033639,0.1995240739819068,0.19855152490179648,0.19716778454128825,0.19670095323614534,0.19646398881377194,0.19558743537628254,0.19349160137917745,0.19191867576105576,0.19084057929687548,0.1906059679975699,0.18980074362699084,0.1890524224609356,0.18799212684011124,0.18788827366763666,0.18502002519691588,0.18330920219392782,0.18207219351282503,0.17978126189955682,0.1760983068842445,0.17291644412745602,0.1726490431275515,0.17087111372060865,0.16895602597356496,0.16640137162792332,0.16370561929864827,0.16223221943789895,0.1615843246328636,0.16179543026340742,0.1611054904025916,0.16015780443805946,0.15973114480728662,0.15816761600496695,0.1572280907571869,0.15751105295208925,0.140160589457173,0.15735607828128492,0.15739537049275681,0.15666112486303732,0.15504742457830892,0.1531448062511448,0.15200884114630056,0.15074947448491025,0.15016208024030528,0.1501046888500002,0.149150335648122,0.1469728161611356,0.1454132099026248,0.14395024915191454,0.1437560092354294,0.14192579702881625,0.14010772921307316,0.13779362347478363,0.13764603677793913,0.136323243195123,0.1357871858301953,0.13583977225590824,0.13633290974092677,0.13727317919323734,0.13742576080967145,0.13739481327829495,0.1376854853957496,0.13816813759650465,0.1388120442621576
stat_149,0.23055183359740608,0.09752625781454542,0.15040485195433292,0.11105777899473664,0.14717788424099565,0.13931907944927183,0.14646436571292873,0.14648256928624018,0.1464847027991495,0.14645823116340573,0.14640898350296666,0.14630467113902754,0.1461764532871595,0.14605702847972254,0.1459841979085266,0.14591340243208628,0.14592068560933044,0.14592282967879325,0.14583486768183396,0.1457267113142502,0.14564105068581304,0.1456868604650425,0.14603723238352925,0.14610575173611548,0.14662267894818,0.14685787446967788,0.1467784638339198,0.14686901048885234,0.14706321521385826,0.14709000608574813,0.14753641768677145,0.14754927487139488,0.1479939430438176,0.14881117096702728,0.14933946756950917,0.1494708287142479,0.1498393730350111,0.14992641323765604,0.1502152049036592,0.15002920773232423,0.15012263709986176,0.15051551639973038,0.1505707519050752,0.1504298977295902,0.15125474796275287,0.15166067120317053,0.15219153147121262,0.1523337752348057,0.15293890607404717,0.15335474880747718,0.15342747710348295,0.15307166521698054,0.15304834863359956,0.1529143385649017,0.1526402103583707,0.15256529880156844,0.15219816044089648,0.1513104509752981,0.15090493413919207,0.15076063314928076,0.15014636228679884,0.14859744163697255,0.14768633967475922,0.14696859212492414,0.146813291338204,0.1463040387479229,0.14552202307414938,0.14417567481612834,0.14406989527899874,0.14164657270744846,0.13999868209592664,0.13873484165818364,0.13702679331113465,0.1341989212635126,0.13152166658596343,0.1312756283233527,0.12951347876922784,0.12780109458732614,0.12583957806919144,0.12363630333324314,0.12240374875486998,0.12166256840867072,0.12182046868679,0.12141062507264379,0.12074021933733281,0.12048620528875187,0.11926503779529737,0.11849258925614413,0.11876156935002971,0.10821265448339823,0.11873705552363865,0.11876304741037082,0.11853104802796652,0.11757124675207654,0.11634917782546428,0.11540601080486211,0.11438482786285431,0.11400385561447665,0.11395690082298368,0.11345290282012967,0.11220553581880449,0.1112488460225544,0.11033534668032417,0.11021667735225645,0.10918704989907196,0.10800002648433199,0.10659710745201151,0.10649526175037229,0.10563589593846784,0.10541044906316,0.10559225024706964,0.1059320143932835,0.10626727734222993,0.10624547395032477,0.1062232217277819,0.10643241650092367,0.10690635789881588,0.10735836357323383
stat_150,0.3787160269244427,0.16465474138938696,0.22473481638949333,0.1735149322294365,0.23396746124777196,0.21168309320863737,0.23232993620209638,0.23233620283699058,0.23231623357780215,0.23225955612812269,0.23221683186246975,0.23218768236114287,0.23206990100876543,0.23198615750085214,0.23205572003640945,0.23212135724767882,0.23242405534532082,0.23244601042182542,0.23259604318730093,0.23279006581170922,0.23309093336589584,0.23375224989543264,0.2348951198314528,0.23538538816227714,0.23653757293221953,0.23757017798973154,0.2381182572066512,0.2389069837031674,0.24009839803346367,0.2407410832888961,0.24207764078822516,0.24214640416167996,0.2437336475110781,0.2458020168426416,0.2468147485649708,0.2471722324248371,0.24765569972391513,0.24757538937654158,0.24758646010241278,0.2469365446165675,0.2467718222870849,0.24726698340927297,0.2466679592563784,0.2452851474634775,0.24512674444020752,0.2449178051489751,0.24494544639692856,0.24408079824587114,0.24372948664488575,0.24302200745972508,0.24123527679503717,0.23945770441374473,0.23935647259167467,0.23825686587440523,0.23679425219444505,0.23545861401320828,0.23373401339403604,0.23184610200329986,0.23137081050846858,0.23103533515118502,0.22991591052941743,0.22736184975106272,0.22506865662294123,0.22363694736468895,0.22332441897043084,0.22221653973265235,0.22164249999812205,0.22119501494528557,0.22111260985558603,0.21808223739278962,0.21659176855327492,0.2156325977761974,0.21285946806766046,0.2085353766655595,0.20517383520754623,0.2049257455867348,0.20348532784108858,0.20164281400163678,0.19864819495622318,0.19571435291629014,0.1941567942766167,0.19381688800823885,0.19406573923056147,0.19304076770932957,0.191823961074815,0.1911891080826626,0.1893916913617123,0.18838001944599,0.18862555701278927,0.16385221273450362,0.1882859888646226,0.188339487366498,0.18691728107908487,0.18456239014534895,0.18193782006960627,0.18072182035596163,0.17933537056880297,0.17852902781811528,0.1784654325605629,0.17696849797892872,0.1737306112481496,0.1715198233767309,0.16947763941256216,0.16920269483563471,0.16648508518855618,0.16404010519892157,0.1607783571002137,0.16058851000585989,0.15881156756823825,0.15791943359907848,0.1577840883339972,0.15841731227467265,0.16006690054869435,0.16044601869894834,0.16040752665662164,0.16076934981786406,0.16118771167619184,0.1620053082484627
stat_151,0.38508293839146446,0.17159405634244126,0.21608967805219648,0.16995053760105078,0.23257281298739643,0.20886587614326202,0.2310200449879542,0.2310217309967773,0.23098288809768092,0.23090124674503917,0.23084352394521238,0.23084583018327617,0.23075085996005518,0.23071115686434948,0.2308539037000167,0.23098520368655517,0.2313664605304065,0.23139567311419773,0.23165829893832038,0.23198665985320543,0.23240132719785153,0.23316352653927067,0.23432093955171626,0.23493430240861946,0.23615671451308154,0.2373652000748466,0.23812793692374362,0.23911914758670574,0.24049919443706103,0.24126267126640683,0.24288628666962836,0.24298177620056374,0.24493507051460509,0.24710171143971296,0.24818186979652357,0.2487035105149626,0.24934447681799135,0.2494356403714946,0.24931086155678858,0.24876078228253973,0.24852941465088818,0.24874088369659253,0.2478202877080209,0.24606876154459612,0.24540553037208826,0.2447988878242428,0.2443397670912023,0.24309674752742444,0.24230530850429624,0.2412562657794725,0.2388810231088652,0.23680534167867112,0.23669163783234742,0.2355197757591221,0.2341106196021019,0.23275702043730412,0.23108572091909038,0.22951944060409624,0.22926422223406298,0.22893042199425392,0.22777011039960463,0.22523263250284298,0.22275749772696288,0.2210752180609766,0.22073488624523604,0.21941431915061424,0.21891030936162964,0.21872408728610207,0.21865801314715258,0.21594505605017553,0.21466148912809763,0.21371207528548147,0.21094225608417097,0.2068910480810745,0.20373969400251385,0.20352101545802115,0.20212140055699335,0.2005113701191358,0.19778430055398305,0.19514684379246688,0.19358686697864266,0.19328071773207348,0.1932871099068562,0.1919444061894072,0.1904861900777712,0.18951416471898805,0.18784551973749578,0.18699220615527454,0.18732026239483038,0.1626693793384351,0.1871383962979162,0.18720222645661835,0.18578448218377647,0.18362785709313667,0.18108603899498651,0.18003785203241296,0.17888270220199368,0.17799972607090955,0.17788716556325926,0.17615560987545584,0.17268913471488617,0.17027593997781076,0.16819170280873388,0.16789877583739224,0.1650530614945112,0.16266737362502656,0.1593958517283239,0.1592094678331336,0.15743001217775066,0.1564536151593975,0.1562352657960972,0.1568271713963491,0.15864450982942097,0.15919903345670675,0.15917092333754673,0.15955132548959083,0.15987651910046424,0.16072826396296128
stat_154,0.2549990378655742,0.10819356885411809,0.16415748841446268,0.12203620430305069,0.16211813686368462,0.15250253298803237,0.1612867348895491,0.16130470950915748,0.161304877892251,0.1612743165556162,0.1612232650937902,0.16112088866771218,0.16098753409653052,0.160865732322527,0.1608024844342799,0.16074076102024526,0.16077518043470534,0.16077922523586402,0.16070856667334255,0.1606223542758695,0.16056697553261576,0.1606694354043501,0.16110660527852527,0.16121535376143836,0.1618134166115324,0.1621292067125028,0.16209921562130483,0.1622533775294861,0.1625409582039024,0.16262000622546652,0.16316306015662374,0.16318115043865486,0.16374212142424796,0.16470411906711319,0.16529993202732632,0.1654563004575219,0.165854050039088,0.16593231821276222,0.16621486374034755,0.16598133771631665,0.16605906921858257,0.16648173522870152,0.16648686879283625,0.1662362186866345,0.16702140119097586,0.16739538744896315,0.16790911201897213,0.16796970254772012,0.16851844692735957,0.16885154878412656,0.16875330848462833,0.16824535663554796,0.16821348746233292,0.16798037081289924,0.16757885184440294,0.1673762713777594,0.16685787559143447,0.16583355956507378,0.16540523211068692,0.16523550316035618,0.16454389326093552,0.16282788811062515,0.1617361704173234,0.16091338741168287,0.16073522805587703,0.1601413683344018,0.15934954507460733,0.15804082607118752,0.15793303938006437,0.15534742829133813,0.15364496664783375,0.1523552628878272,0.1504679265053848,0.14737048051186286,0.14450829443972674,0.14425107227593378,0.14243895665897624,0.14063540837679442,0.13848694330556996,0.1361129942529005,0.1347919067130889,0.13405121824654137,0.13422442634256046,0.1337385430442245,0.13298570695733666,0.13268383055491406,0.131352177873412,0.13052140427667894,0.13080143540029918,0.1184005331357115,0.13074755191534673,0.13077732346480195,0.13042494830714996,0.1292909703994751,0.1278806398475738,0.12686909643631666,0.1257672782819381,0.12532843605326155,0.12527759289347956,0.12465539092027754,0.1231587242303476,0.12203564222697497,0.12096998235618957,0.12083044950966267,0.11958521058634196,0.11821980620864597,0.11656518647426072,0.11644998653337257,0.11545887932839004,0.11515219738374063,0.11530580776508703,0.11569020917441779,0.11618143359857135,0.11620257680980617,0.1161777937197367,0.11641158897246122,0.1168978446473532,0.11740680990795645
stat_155,0.25748338676385557,0.10916482370143561,0.16539234390794985,0.12315881142941854,0.16370399184404327,0.1539977338452797,0.16287220618205617,0.162890456297611,0.16289027704683723,0.16285877295595982,0.16280636335512103,0.16270251292855847,0.1625676195141537,0.16244482676721575,0.16238118183777153,0.16231886375338783,0.16235269664595497,0.16235678520937347,0.1622853583817116,0.1621977624690036,0.16213962340629207,0.16223836214397647,0.1626726664267459,0.16278051506737617,0.16338180128023413,0.16369569501374745,0.16366040533805284,0.16381068545353789,0.164091113234696,0.16416354555302876,0.16470678064411282,0.16472469423001893,0.1652820890914159,0.16624163741126222,0.16684139163307501,0.1669989677168357,0.1674049044776371,0.1674904824678925,0.167782287219946,0.16755442021378777,0.16763767815126226,0.16806246855657953,0.1680743090724095,0.1678338165525302,0.16863966490814492,0.16902091559679305,0.1695391213789309,0.1696042387333822,0.17016115197579887,0.17050123825180555,0.1703988418095755,0.16988360316750659,0.16985136617465452,0.16961878522463505,0.16922147357633208,0.16902257135494111,0.1685066050287029,0.16748869968403746,0.1670652585232159,0.1668943914575102,0.16619443158331026,0.16446182904753448,0.16335369472567937,0.1625109411271732,0.1623297217921709,0.1617196488992394,0.16092118890536122,0.1596051334516759,0.15949660288374506,0.15689454303731773,0.15517688556276263,0.15386740923829675,0.15196132923126915,0.14884206301504785,0.14595208690860542,0.14569220240909217,0.14385144297450808,0.14202933017245736,0.13986684625211382,0.13747234951507467,0.1361333109004916,0.13537628830019394,0.1355441743882931,0.1350480674198518,0.13428178978239805,0.1339684369143639,0.13262613528028153,0.13178984353041107,0.13207711922484808,0.11961426779556265,0.1320307531730127,0.13206102525892566,0.1317158409646564,0.13058528769893443,0.1291701365430839,0.12815174546544966,0.1270446108541943,0.12660070559478862,0.12654749407917384,0.1259170648576616,0.12440671393496816,0.123268574512225,0.12219384235003572,0.12205258029812245,0.12079419733883968,0.11941992083839019,0.11775127487315051,0.11763512999541827,0.11663461587809344,0.11632132315723771,0.11647264241221617,0.1168586962853721,0.11736193108699997,0.11739111745079564,0.11736662207494283,0.11760372083657179,0.11809145771796077,0.11860722607358055
stat_156,0.13322175954158125,0.055908485131183405,0.0892943462427991,0.06499775416751244,0.08585112165513066,0.08293488594851008,0.08553661991189582,0.08555083478482964,0.085553962653717,0.08553798538457491,0.08550077247070509,0.08541877638201546,0.085330983950848,0.08524734769344876,0.08518013460276888,0.08511446577356017,0.08507547295811739,0.08507425065749454,0.08498403094338504,0.0848708347510542,0.08475546881679338,0.08468834228865883,0.08479014929841036,0.08477652946408937,0.08502801929501257,0.08506884680255046,0.08492751505680537,0.08488942482996159,0.08486935005643738,0.08479385705441175,0.0849756536838272,0.08497751626581011,0.08512226612668378,0.08547818556101983,0.08576378045235097,0.08583055420529911,0.08607782503337645,0.08618203119875405,0.08641479466030907,0.08637682417062986,0.08647925003995213,0.08670346091639486,0.08682283290239069,0.0869047451855598,0.0875912888646461,0.08793572874140636,0.08833563382626426,0.08856901374969536,0.08910541879886912,0.08955392314797454,0.08986872006291302,0.08984525456340582,0.08984188287640361,0.08992003690422819,0.08996317754283137,0.09015234539646516,0.09017092764530248,0.08979878250464143,0.08956286201228854,0.08950030405245571,0.08916380531205133,0.0882801403365784,0.08789078901093995,0.08748943730534668,0.08740753674032832,0.0871355537025672,0.08655344082932132,0.08546751041404427,0.08539115233337256,0.08386093989652643,0.08270644088546421,0.08176466176391751,0.08077791453933221,0.07913174691020211,0.07742418550975531,0.07725702860314396,0.07597359615327322,0.07483886939991129,0.0737045720973858,0.07234898914793918,0.07155323797805452,0.07096942711967215,0.07103209073226548,0.07082103221062881,0.07042637644615714,0.07027725499284998,0.06955373531695085,0.06908304196189076,0.06928352148440488,0.06470845690369986,0.06934393300932193,0.06935821131540514,0.06941793030995717,0.06904002249132853,0.06846817117727504,0.0678857723980877,0.06727546816120658,0.06708100121662518,0.06704451972511573,0.0668518973275858,0.06633636046512732,0.06588402265366965,0.06546257301106234,0.06540788013427937,0.06500701275339854,0.0644400642602288,0.06383859156975172,0.0637857812529891,0.0633727407210119,0.06334241147899233,0.06352648067995183,0.06369635205927965,0.0636792703751496,0.0636087153653074,0.06359824269198501,0.06371734142551125,0.06404956988269354,0.06429810493985859
stat_160,0.2320205308238094,0.09819148831901703,0.15103965022440718,0.11164870870780526,0.14803091090866993,0.14005994519869164,0.1473123087144551,0.1473304699736365,0.14733227367014684,0.14730525597845578,0.14725565787757877,0.14715168540387363,0.14702334913467235,0.14690421462504102,0.14683263623585893,0.14676296804768615,0.14677243137220083,0.14677475254351294,0.1466888144487929,0.14658309481693693,0.14649997765323128,0.1465494738508415,0.14690424285450027,0.14697602775525395,0.14749803603138836,0.14773902697068828,0.14766397260949984,0.14775955720259282,0.14795999154720502,0.14799026287031683,0.14844445090773223,0.14845782393440143,0.1489117809637233,0.14973732386408808,0.15026998726657748,0.15040424084380283,0.15077620953122933,0.15086475773803118,0.15115250915283718,0.15096526052140757,0.15105758456676932,0.15144954755205411,0.15149959345360262,0.1513501899377851,0.15216940617060226,0.15257022003129875,0.1530955435082519,0.1532299513248543,0.15382801172205057,0.1542363314539659,0.15429328013492058,0.15392562915937918,0.15390169916554808,0.15376181389601956,0.1534822276972748,0.1534009513795804,0.15302709516652022,0.15213703179751667,0.15173338758693938,0.15158775562320184,0.15096849720846203,0.14941014866511013,0.1484866036544507,0.14775893131528928,0.1476018976847321,0.14708440219768382,0.1463022620909092,0.14496049181617102,0.14485475513629473,0.1424258945787407,0.1407765252382469,0.1395099801033856,0.13779156054473776,0.13495167587281098,0.13226541279498966,0.13201893998779582,0.13025260403154792,0.1285368308172864,0.1265677406517082,0.12435747119995065,0.12311914519693608,0.12237720166103061,0.12253298229725912,0.12211516012905525,0.12143697032813183,0.12117588577943558,0.1199498514778781,0.11917586032444251,0.11944682659843567,0.10880214008219952,0.11942309161773339,0.11944942368330691,0.11921189067580001,0.11824571653099963,0.1170147294710893,0.11606938071829474,0.11504612780377481,0.11466110060419782,0.11461327250991589,0.11410030471901438,0.11283702302520188,0.11186865819727125,0.11094642759471686,0.11082638460152923,0.10978359243357808,0.10858775000239249,0.107171232574562,0.10706869401559597,0.10620207288374058,0.10597113216355303,0.10615039436838428,0.10649197411581773,0.1068378299762346,0.10682081054291896,0.1067985767256225,0.1070094653484583,0.10748310072960279,0.10793885889074055
stat_161,0.18865833342681204,0.07940739330784471,0.12506678317125897,0.09160821286082549,0.12112060227052819,0.11585200491782591,0.12060355048224693,0.12062117108067236,0.12062468542632045,0.1206030955338398,0.12055692524433946,0.12045544712674658,0.12034025218532778,0.12023112227108392,0.12015206440211233,0.12007510195610262,0.12004873274730771,0.12004858380062265,0.11994614928232995,0.11981867985489665,0.11969931004534407,0.11966813112623549,0.11988307745049101,0.1198986042429725,0.12028670284531788,0.1204076330557608,0.12026979647797206,0.12027492578758016,0.12033504929032053,0.12028904370277363,0.12059389903380391,0.12059987573563986,0.12087569514591752,0.12145879445868508,0.12187581536188863,0.12197355658478638,0.12229711297260704,0.12240402800802797,0.12269075216738096,0.12258660992950562,0.12269931606841337,0.12302462616941293,0.12313922915631392,0.12314865519075124,0.12398479973114898,0.12440403371972236,0.12491557302196983,0.12514793431802732,0.12578584378529475,0.12628154004942851,0.1265472380915905,0.1263910600414923,0.12637935967462385,0.1263804464054332,0.12629542917377215,0.12639621872272325,0.12625393686512387,0.1256156713340144,0.12527675776440447,0.12517284235979378,0.12468346359986514,0.12342219490525808,0.12277473554842096,0.12220266630240735,0.12208157497865549,0.12168542112988974,0.12095372347473983,0.11963223590154734,0.11953466797534384,0.11745213167556368,0.11595734254094715,0.11477517307464512,0.11337646054854945,0.11104546031064902,0.10873611549739247,0.10851650589826026,0.10688711467798223,0.10537748593752005,0.10376443516614976,0.10189550403218299,0.10082748909786725,0.10011011428353983,0.10022461002604023,0.09991436353011938,0.09936570731800991,0.09916373023112347,0.09814815194422072,0.09749476869295702,0.0977450766577517,0.0901564596710978,0.09777416015887719,0.09779468562376982,0.09774113366633531,0.09707436780610372,0.09616530500661447,0.09536288460723384,0.09450706265795028,0.09421472843353873,0.09417092585998027,0.0938322988040409,0.09295845902316646,0.0922493106405633,0.09157543569827273,0.09148823688273486,0.09078123539297715,0.08988851121642262,0.08888151984912915,0.08880207730894132,0.08815455200724483,0.08803954481103377,0.08824397500088882,0.08850573161149428,0.08863355787558262,0.08857169690559209,0.08855479856531548,0.08872446437322658,0.08915474243725005,0.08951555177639663
stat_162,0.2652355628028957,0.11420185530216477,0.16303863243235314,0.12345523103185738,0.16592679965736246,0.15482403367407033,0.16509296142284782,0.165108224174917,0.16509809822898397,0.1650537427274052,0.16499536383128638,0.1649114285452857,0.16478922674496851,0.16469015181376379,0.16466876049746718,0.16464478394943613,0.16473030135354372,0.16473873948371412,0.1647323997434493,0.16472309055984705,0.164737693663225,0.1649134031175651,0.16539144830183072,0.16557529400856463,0.1662348387494714,0.1666647726042248,0.16675631478437414,0.16702885866748843,0.1674382863074635,0.16759252071548172,0.16829731994502678,0.16832916044912816,0.16909170005935223,0.17014446177306108,0.17079081978573166,0.17102624901088653,0.17150027266592033,0.1716489097024087,0.17186959350888747,0.17166369323280098,0.17170674231988983,0.1720142156829382,0.171859207461148,0.1714033781996673,0.17193491606230266,0.17210664508043202,0.17237707692803428,0.17221760036615488,0.17251529343691605,0.17263071693645593,0.17214640753798993,0.17141207934511388,0.17136966451454425,0.1710480401006895,0.17061164147396715,0.17033202599079436,0.16976922809183964,0.16886598887340726,0.16855291103079245,0.16837410623990381,0.1676337205843889,0.1658733644476785,0.16460899142487848,0.16360939279236422,0.16340725900590708,0.16266204520542277,0.161922068261902,0.16080738963005872,0.16070976508469187,0.1582628568783337,0.15667700391865824,0.15540593554644191,0.1534644641286695,0.15043055094885316,0.1476376950199581,0.14739479676443693,0.14561301987204675,0.14391407278533597,0.14184437903186145,0.13957369012501886,0.13823041933804708,0.13751794804519588,0.137578287337846,0.13690855691371223,0.13600955870672907,0.13552179372438908,0.13422366632287558,0.13345779165774224,0.13377843529954234,0.12073191852754214,0.13378814151748064,0.133824364734804,0.13341956964873553,0.1323185829146209,0.1308823450624711,0.12993939053977302,0.1289328647596358,0.1284354028380713,0.12835890976585745,0.12757180062376006,0.12586127645059073,0.12456913094854208,0.12342374218340763,0.12326661043850139,0.12186534366983072,0.1204665204155106,0.11870880920784399,0.1185908671084184,0.11754957969954805,0.1171595682103607,0.11724851760059973,0.11762519275919056,0.11828242052752595,0.11842245446102637,0.11840258919548172,0.11865479108492757,0.11908686378761145,0.11963425918783051
stat_163,0.4023118071281027,0.1769948733013876,0.23043723244946532,0.18053884904947007,0.2454274067028198,0.21997985208054563,0.24365782265866073,0.2436591075970544,0.2436273553165059,0.24355611726127632,0.24351121367410522,0.2435140068109929,0.2434123801341957,0.2433576629254512,0.24348757955543524,0.2436094294267537,0.24400333983488534,0.24403208113124208,0.24427798555076777,0.24459042513878929,0.2450192159099518,0.24584710397953208,0.2471497777638197,0.24777288854474747,0.2490642263795576,0.25032303669651595,0.25108966944184535,0.2521003251102299,0.2535704753662343,0.2543921824375259,0.2560070863369902,0.25609718271840576,0.2580477464632118,0.2603915650816809,0.26150998546175436,0.2619691398755483,0.2625134973855109,0.2624494183283929,0.262334952780421,0.261624015578264,0.26137299568237954,0.2617725749902842,0.26091146969988305,0.2591291917788584,0.25853451917395026,0.25802936694670026,0.2577465341125553,0.2565199914644871,0.25577484722778254,0.25468471723928143,0.2522840212464161,0.25011317319807747,0.24999207631745848,0.24867302984699205,0.24700196978208439,0.24541030179982842,0.24345139468631008,0.24152397770455072,0.2411344103474979,0.2407671531287209,0.23955415162390087,0.23686300606933705,0.23426114177411125,0.2326165031641177,0.23226771985226216,0.23097650832028996,0.23049596926237081,0.23037211221191184,0.23030435059718735,0.22736281269772432,0.22604229572309256,0.22519419562077114,0.2222717326255576,0.21785671835713122,0.21453776516481962,0.21430977568194381,0.21301905288111692,0.2113060472431613,0.2082771715444867,0.2053917234820365,0.2038169055601846,0.20360534941279784,0.20377730319659634,0.2025220478247824,0.20112818025753185,0.2002960742870343,0.1984784639543011,0.19750945502589928,0.19776974566546007,0.17058256251071607,0.1974244319160959,0.19748647366808966,0.19582772390223435,0.19329827765667265,0.19046610844015,0.18929344259198103,0.18795760377474027,0.18705118514487698,0.18696796280433187,0.18520187770401944,0.1815252151238515,0.1790231902687334,0.17677476438745193,0.17646640739775848,0.17340590205642428,0.17078046621473675,0.16720545336413756,0.1670034596653292,0.16507896762266036,0.1640360337787472,0.16380388546298602,0.16446545380230104,0.16641659501851894,0.16694001225314598,0.16690313870446563,0.16729453553584794,0.16765188883283588,0.1685378374149095
stat_165,0.3345115968932028,0.14826908856275853,0.19131689451939918,0.14896367703120786,0.20339445042334645,0.1852918787109302,0.20221959257279556,0.20222735942026446,0.20219634290901242,0.20212347566222466,0.20205762346083284,0.20202266588223136,0.2019168822475368,0.20185807176862192,0.20194007500999617,0.20201239044273914,0.2022692903919371,0.20229049892399115,0.20245162302728043,0.20264968251952795,0.20289391009495233,0.20338762148706138,0.20420706753162238,0.2046434426274988,0.2056179159537522,0.2064911638474475,0.2069751501294907,0.20766462458355664,0.20860619826738108,0.2090897952414863,0.21035147682344946,0.21042361738775628,0.2118973086753878,0.21353918915282277,0.21443729474523227,0.2148742560221183,0.2155058278135168,0.21570093125681833,0.21572622161291902,0.2153936160188721,0.21529015841623778,0.21546179653181066,0.21483233119509831,0.2136283962085243,0.21344887975432497,0.21312175694024002,0.21288603985093663,0.21207625999505933,0.211714524516677,0.21116033742218057,0.20954421282384836,0.20803202565005346,0.20794928304872798,0.20717992710022284,0.20627635760176766,0.20545801902355554,0.2043540394862225,0.20321476575991634,0.20300154744281934,0.2027416317198811,0.20175616065218005,0.19956384192198365,0.1975959562500783,0.19613535343799945,0.1958483792217994,0.19471724270797125,0.19409717180909028,0.19350034446484182,0.19342102459130686,0.190880490779822,0.18946467424683572,0.18830901562503422,0.185900583598705,0.18236956446255617,0.1793824159819246,0.17915327220628002,0.17750391956050532,0.1758688056765029,0.1735069891834769,0.1710847459019755,0.16958505478403402,0.16904718283687262,0.16899476635506916,0.1678648883865641,0.166578583939874,0.16572085798463684,0.16424353788394966,0.16346376199061824,0.16383038009342166,0.14476823516175308,0.16380747211099705,0.16386194280454525,0.16296320179298823,0.1613918802353297,0.15940552796033836,0.15844031836877556,0.15741253080293532,0.1566837508961972,0.15656863636932072,0.1552126415318508,0.15251009469085544,0.15055409906462155,0.1488972826968693,0.1486619037646405,0.14645915680807872,0.1445522787995598,0.14198718606518546,0.1418329901923415,0.1403921770861106,0.13966568579199773,0.1395715142484451,0.1400512436252405,0.1413712048704051,0.14178826569770178,0.1417676775804541,0.14209826812612833,0.14245486247872238,0.14318304205231266
stat_166,0.15999079375706626,0.06721848185983809,0.10705321130187782,0.07800967132508412,0.10298925610743383,0.09902830561726686,0.10257667953444302,0.10259274113259281,0.10259657573632573,0.10257849775954646,0.1025371314013382,0.10244442012632834,0.10234247797779249,0.10224507221585914,0.10216976998322634,0.10209650171331718,0.10206083756259644,0.10205991164747519,0.10196031919267355,0.10183611200783589,0.10171499971684948,0.10166137437556498,0.10181589409200874,0.10181289879853493,0.10212835031890266,0.10220292995900271,0.10205769274785648,0.10203548864071263,0.10204908783059063,0.1019845964718776,0.10222037291327267,0.10222373527912998,0.10242502418917918,0.10288825831549178,0.10323634500811707,0.10331569334316261,0.10359806557995935,0.1037016968588516,0.10396315883452696,0.10389232507177423,0.1040011484395091,0.10427856620215455,0.10440154011613821,0.10445628479698991,0.10522706560775556,0.10561700571279836,0.1060824703921944,0.10632639958345719,0.10692613472278036,0.10741089192241783,0.10772521429873247,0.10765178600380307,0.10764507945122534,0.10769306123997453,0.10767879096430111,0.10783323984210437,0.10777956345521497,0.10727118421705908,0.10697723187216328,0.10689521166216558,0.10648685474272163,0.10542034314837133,0.10491742622311702,0.10444410758104795,0.10434467824405788,0.10402232755918589,0.10336051770931554,0.10214027992957747,0.10205257233455091,0.100239767202883,0.09890771188898245,0.09784346940305835,0.09665728451120437,0.09467061605273222,0.09266119192115192,0.09246714705513209,0.09100868974820234,0.08968270946282499,0.08830942111479954,0.08669597429826961,0.08576683804353452,0.08511467405580647,0.0852076158988245,0.08495672503764091,0.08449333126192424,0.08432721425616334,0.08345844989256875,0.08289463219698036,0.0831182436109215,0.07711830555331896,0.08316120019366333,0.08317822482048778,0.08318733289154094,0.08266796056532448,0.08193325586719596,0.0812387454201248,0.08050269378473436,0.0802633898215871,0.08022455669174633,0.07996989704935151,0.0792924217652629,0.07872495524718512,0.0781855694371492,0.07811615773492928,0.07757730298549458,0.0768538738806554,0.07606280935516285,0.07599715790153308,0.07547339949773904,0.0754090290270828,0.07560932437917627,0.07582464682216689,0.07586331848350024,0.07578775892918867,0.07577380717656439,0.07591651603500131,0.07630171466688696,0.07660268959905053
stat_167,0.1192106980455422,0.05035624297588023,0.07828025167282528,0.05742227819987826,0.07627643395253388,0.0735752708392723,0.07601432480228941,0.07602665148191642,0.0760271467029908,0.07600967240637488,0.07597400892438547,0.075903534705887,0.07582735152333246,0.07575749864743317,0.07570517648036189,0.0756532409497036,0.07562523102338634,0.0756248701934191,0.07555569520215559,0.075467733220774,0.07537389772358272,0.07531897513165314,0.07540325408767024,0.0754014708650138,0.07562964671367832,0.0756785960782569,0.07556940272119848,0.0755505520861351,0.075541931644905,0.07547980559556665,0.0756655539539909,0.07566955450392156,0.07582645649877885,0.07614207859072486,0.07640124323763536,0.07647665389557452,0.07671631814517246,0.07683223171190713,0.0770320918356346,0.07701592949285971,0.07710512323751295,0.07727436739364815,0.07735492610447425,0.07740331414045551,0.0779767793632725,0.07824696342230922,0.07855313574824765,0.0787269320806963,0.0791633605094506,0.07953314866365786,0.07975259098796682,0.0797011987232095,0.07969701415111403,0.07976482128818953,0.07982170341579183,0.0800001919635298,0.0800374449253731,0.07976326509145265,0.07958671731969233,0.07953261787988593,0.07922788504644862,0.07844422807929949,0.07807769591261182,0.07768132129120849,0.07760437531729085,0.07732925058041415,0.07681491389128207,0.07587127940047386,0.07580489233542165,0.07448230356984852,0.07347216458187072,0.07262160308041497,0.07174359440737149,0.07031623572384708,0.06881485710717548,0.06866841463897816,0.06751309606324629,0.06652383077595891,0.06554951842697812,0.06437526496348252,0.06366010015750277,0.06313229703497208,0.06315546305836861,0.06292949668278786,0.06254706707308755,0.06237095965030053,0.06174248829334745,0.06134227883901553,0.0615341963146384,0.057587057378614005,0.0616132924065092,0.06162727534268837,0.06169473404914777,0.061397902793748994,0.060910621249374144,0.06041232637954155,0.05989895797209056,0.05971772335511956,0.05967782003111144,0.05948215721066574,0.0590067782267487,0.05858188216363362,0.05820794841816384,0.058157515285103066,0.05779425780122965,0.05730694929529355,0.05678427942262565,0.05673824134775973,0.056375782517338296,0.0563413158572718,0.056496241344467,0.056638676081083764,0.05663790634564685,0.056600049757487496,0.056592608685769014,0.05670158974426136,0.05698630112380252,0.05721237688302202
stat_168,0.11637958200185063,0.04923902423887608,0.07685381948413114,0.05616920870793329,0.07446911314627049,0.0717104215549309,0.0741936974484284,0.07420537020606656,0.0742064301078951,0.07419062241740548,0.07415784687368136,0.0740909500324922,0.07401762892165113,0.07394969218332173,0.07389929603588294,0.07384963404513276,0.07382588697537498,0.07382562632175972,0.0737597576946333,0.07367675001939407,0.07359170229305287,0.07355029177190549,0.07364963732324095,0.07365291635853179,0.07388192548787555,0.07394111483181998,0.07384526242633352,0.07383785171562735,0.07384943018621501,0.0738031426849547,0.07399281230709577,0.07399721617081619,0.07416509296098703,0.07449511006566598,0.07475113299819593,0.07482370984411042,0.07504805137067617,0.07514706073598365,0.07533126339410179,0.07529912546584312,0.07537759367958506,0.07554947305745173,0.07561762591026314,0.07564162498812069,0.07617599779062953,0.07643218055140062,0.07673134301609183,0.07688932964549516,0.07730327828118554,0.07764770389208642,0.07785254160886713,0.07779488511626542,0.07779022935772159,0.07784101908114775,0.07786803827933461,0.07801524176749478,0.07802042645767401,0.0777115251977786,0.07752249062414868,0.0774669523001014,0.07717048569772002,0.07640319135340691,0.07604391828363238,0.07567696713960884,0.07560345998388054,0.07535128737428698,0.07485752273653891,0.07395062125556724,0.07388639494061237,0.07258805100293268,0.07161363506868595,0.0708108767126773,0.06995340360531264,0.06854395428137326,0.0670876083142662,0.066946463810368,0.06585486160783022,0.06489848304850848,0.06393331060415237,0.06278513906305458,0.06210037282508816,0.06160939452401128,0.06164711196856264,0.06143595671836836,0.061074284464417136,0.06091818092124954,0.060300792528885365,0.05990618890013544,0.06008305706601585,0.05600581638325257,0.06014149993058189,0.0601547971260878,0.06019042134517502,0.05986266632913494,0.059361094465574145,0.058870724012874485,0.05835972289964162,0.05818260073976152,0.05814784038718356,0.05795445715849034,0.057473603112410045,0.057058347012097214,0.05668191010834398,0.056632171949246586,0.05626268462887576,0.05576751559462232,0.05523336607685354,0.05518743734756377,0.054824554113739786,0.054788139546627576,0.05493922191740823,0.05508510707438758,0.05509078749747184,0.05504427809961531,0.05503576648913282,0.05514056307883275,0.05541978704715451,0.0556385768568554
stat_169,0.10812560964611398,0.04582560592044006,0.07088810232106856,0.05195782174286703,0.06903389219467006,0.06648745998867124,0.0687885708432646,0.06879941390206933,0.06879963954542924,0.06878378024596596,0.06875214647652397,0.06869021672072517,0.06862242558720769,0.06856053947797666,0.0685155693829534,0.06847092846535763,0.06844966870146954,0.0684495936473967,0.0683909868498549,0.06831661310090643,0.068238300024624,0.06819785029031637,0.06828361444816378,0.06828808954881405,0.0684999750875214,0.06855521991622109,0.06846796683538645,0.06846228490770823,0.06847019005490175,0.06842478670229862,0.06860517923753622,0.06860978931687971,0.06876946654458795,0.06906931901685108,0.06930738237877003,0.06937953173376757,0.06959579596390324,0.06969805168699841,0.0698697296907537,0.06984932761640852,0.0699238340704482,0.07007283772623336,0.07013156711449722,0.07015313414089432,0.0706451104052442,0.07087472902593009,0.07113856411752165,0.07127918636031629,0.07165565155181708,0.07197216946010022,0.07214957344702187,0.0720909286881058,0.0720865014598686,0.07213791699824844,0.0721761158712472,0.07232342862102276,0.072342773782113,0.0720819558605438,0.0719193015808233,0.07186899223281926,0.07159256170886093,0.07088231543774262,0.0705452685250663,0.07019026650471281,0.07012074143254853,0.06987474201935054,0.06941474513568213,0.06857380474976667,0.06851439927766448,0.06732136866515552,0.06641813554047189,0.06566243923667868,0.06486733005147002,0.06357396394305413,0.06222505104304708,0.06209420030647443,0.061068131501230735,0.060183735341071486,0.05930157897885922,0.058245618623276256,0.05760500770933033,0.05714082240666894,0.05716298385995417,0.05695447262665675,0.0566076180629231,0.056447151492647916,0.05587959789368718,0.055519541278007255,0.055690059995186586,0.05200401366599741,0.05575613964058247,0.0557689031746504,0.05581415428576511,0.05553095119859711,0.05507849207192072,0.05462990354603459,0.0541663714845075,0.05400001467657902,0.05396470230973938,0.053779768715988545,0.053334368224764,0.05294397536392856,0.05259849544025591,0.05255210908256068,0.05221250867138757,0.051763145483169404,0.05127810785770431,0.05123603448670025,0.05090354593633125,0.05086931152495062,0.05100787394342397,0.05113915137745092,0.051144874243951546,0.05110992847288962,0.051102824981120704,0.051201140471907,0.05145739128642017,0.051661902804333866
stat_170,0.25374613937978613,0.10763991678014122,0.163627071316074,0.12153259290535291,0.1613850644304596,0.1518598132062558,0.16055682503368962,0.16057480939674904,0.16057528358330841,0.16054525220465835,0.16049462076921747,0.160392099346583,0.16025893253531295,0.16013693360431958,0.16007271537442838,0.16001014788851636,0.1600430040790595,0.1600469094535126,0.15997472782576524,0.15988674663802896,0.15982975640186572,0.15993003562489852,0.1603647106616633,0.1604711848143378,0.16106545481190296,0.16137739427430903,0.16134482501874592,0.1614958634158234,0.16178009174397018,0.16185761053147232,0.16239520466945112,0.16241294140263607,0.16296791211468384,0.16392503100354186,0.16451750072609217,0.16467157174912547,0.16506570923972527,0.165141601612627,0.16542376772241052,0.16518994008603008,0.1652677159747234,0.16569133280562648,0.16569946658010168,0.1654535686250088,0.16624077059395093,0.1666180302276471,0.16713592688551357,0.16720193967778324,0.16775544336541484,0.1680936052424145,0.1680079342645376,0.16750958893890924,0.1674782111978884,0.16724931322023964,0.16685108718423985,0.16665276085528566,0.16613883747216304,0.16511471214421516,0.1646839377380406,0.16451525461975064,0.16382803608280427,0.16212008959321086,0.16103929650469956,0.1602260923792411,0.1600495230185214,0.15946361174511478,0.1586720843798493,0.15735968658065283,0.15725187418885775,0.15467055544883315,0.15296978218207216,0.15168369774475848,0.14980527794615844,0.14671737386293257,0.14386339425025563,0.1436066399608737,0.14180009127776275,0.14000010162079535,0.13785743680096346,0.13548953242366135,0.13417423778963083,0.13343580880689665,0.13361164646632182,0.1331329660779737,0.13238736808726204,0.13209228775113568,0.1307646804626592,0.12993512223703169,0.13021283141321954,0.11788384209947239,0.13015719384873017,0.13018665866174078,0.12983717457991326,0.12870656772171804,0.12730252369920608,0.12629265437355003,0.12519209706800788,0.12475673225467605,0.12470686379253011,0.12409227279761335,0.1226085847312115,0.12149566993296437,0.12043712007706302,0.12029877065343607,0.11906451843012052,0.11770604021028093,0.11606256212598064,0.11594793219542283,0.1149629216941634,0.11466117085294174,0.11481721220388098,0.11520027636040685,0.11568201210434575,0.11569837426839621,0.11567351995612264,0.11590575967489211,0.11639250497572283,0.11689808052082745
stat_174,0.16000327214891039,0.06721356084344618,0.10708585000723031,0.07803182744036251,0.10301181244248485,0.09905668832436937,0.10259916457232802,0.10261524649599224,0.10261912794334305,0.10260110156823546,0.10255974447874006,0.10246690415127452,0.10236486646764244,0.10226731646847721,0.10219178775197522,0.10211831089474506,0.10208238075378356,0.10208143356206376,0.10198149386472645,0.10185686472673737,0.1017353525772491,0.10168132472839078,0.1018356708684292,0.10183230708921191,0.10214757851794466,0.10222162380073298,0.10207573202548542,0.10205293813494273,0.10206594456268557,0.10200106320666369,0.10223614907211767,0.10223944576544862,0.10243983671868065,0.10290283908603132,0.10325082068229192,0.10332980755516742,0.10361189439656644,0.10371518438645244,0.10397704721421307,0.10390601543125544,0.10401504791032085,0.10429317634278353,0.10441699751044603,0.10447278183703937,0.10524514131504648,0.1056362346867169,0.10610304775147318,0.10634813436919104,0.1069492990317981,0.10743529606214192,0.10775148834351324,0.10767904595793029,0.1076723851111474,0.10772085899992566,0.10770692652459156,0.10786196155943818,0.10780869794651032,0.10729990707487541,0.10700543746345367,0.10692344892262345,0.10651515352753012,0.10544845277501401,0.10494615415956915,0.10447328418442255,0.10437390967026738,0.10405195432206965,0.1033895956647836,0.10216792548823246,0.10208013489156051,0.1002660673999493,0.09893287951936408,0.09786795598407977,0.09668156103416575,0.09469393118616613,0.09268333841527607,0.0924891392455923,0.09102977141765237,0.08970273582058293,0.08832859016529576,0.0867140010932137,0.08578455149293203,0.08513190705046766,0.08522537714155573,0.08497521204121183,0.0845122563423627,0.0843468261048893,0.08347760241679648,0.08291329955217715,0.08313685930718974,0.0771390496208811,0.08317962190397686,0.08319662495434187,0.08320611335492485,0.08268656107717062,0.08195182025817897,0.0812567092159747,0.08051992259031503,0.08028082119066071,0.0802420824589024,0.07998815998689494,0.07931157102334922,0.07874470808280408,0.07820557637959204,0.07813622624586417,0.0775980278334339,0.0768746374510963,0.07608397775698995,0.07601832298099102,0.07549469091370249,0.07543073428089717,0.07563142660757571,0.07584680153918726,0.07588461596387289,0.07580852047234356,0.07579454938175927,0.07593723590444348,0.07632284913708394,0.07662376732524076
stat_175,0.09926409318759938,0.041853071277194676,0.06486858409820657,0.04772169170645849,0.06352555810019703,0.06149022439910325,0.06333217044671191,0.0633429679123658,0.06334284048538703,0.06332692799085225,0.06329470189046839,0.06323312058209153,0.06316802424643653,0.06310901623094006,0.06306373889381858,0.06301842836632057,0.06298959943427436,0.06298910825844825,0.06292827249041018,0.0628501308151743,0.06276262124033752,0.06270051812325887,0.06274887517115518,0.06274031530549852,0.06292206912084275,0.06294770022613935,0.06284255365907042,0.06281263372327187,0.06278046981909886,0.06271101699070576,0.06285524903525527,0.06285795457137114,0.06297072972592158,0.06320736917511019,0.06341958998975092,0.06348368754096623,0.06369477007855028,0.06380820724860929,0.0639875851342311,0.0639937070955014,0.06407829098682519,0.06421128297512052,0.06429121837584963,0.064360282941528,0.0648705126999364,0.0651065468428104,0.06536373417089644,0.0655259592488652,0.06590904727885556,0.06624290635457704,0.06644764616072016,0.06642156494854556,0.06641918416287673,0.06649961188742261,0.0665872178005907,0.0667766045589703,0.0668530725936277,0.06667571606821093,0.06654592805127749,0.06650496295707924,0.06625142985688048,0.06560235335394246,0.06530727769988094,0.06495782862811152,0.0648926610923445,0.06464845925949828,0.06420368478403506,0.06338491154330753,0.06332816185729484,0.06222735055701895,0.06136317568024029,0.06061518964896658,0.059884786566054594,0.05871287593534827,0.057445224973749216,0.05732017779126302,0.056307559166947116,0.05546760810426372,0.05467146116116335,0.053692483157337434,0.05307936235433879,0.05260784084239755,0.05260973529356248,0.05241243757386335,0.05208129653759078,0.051917764444339716,0.051397932372535954,0.051067938815085194,0.051240709496000694,0.04827070569993885,0.05132962653252482,0.051341614297161206,0.051438192422185745,0.051239393031837784,0.050867540598055254,0.05045517082518486,0.050037418459646175,0.049887940696665856,0.04984981427783135,0.04969416904162689,0.04932671063243407,0.04897906571674488,0.0486858023980393,0.04864516238535012,0.048369923902252886,0.0479919874379643,0.047595395196514165,0.04755851328518229,0.04727192963000674,0.04725299508668839,0.04738759154976744,0.04749719609412691,0.04747539752578206,0.04744989964518714,0.04744515604602851,0.04753735164077971,0.04777673973685237,0.04796594701107115
stat_176,0.1481320477138956,0.062230383716076934,0.09938891184778925,0.072283583385843,0.09540019715893022,0.09189573013414105,0.09502780045088181,0.0950430070204198,0.09504669073300608,0.09502983345063022,0.09499067709004315,0.09490287530864992,0.09480727259088036,0.0947158365358956,0.09464394701244204,0.09457396669718492,0.09453710186989073,0.09453603407179141,0.0944404816796616,0.09432118470859481,0.09420330109060852,0.09414528988217596,0.09427900428058437,0.0942717703948359,0.09455967069815309,0.09462065630789095,0.09447838281212938,0.09445047599841681,0.09445188131295733,0.09438449675909057,0.09459730025855946,0.0946000487265724,0.09477818286310315,0.09519698389322773,0.09551778369525141,0.0955913459981882,0.09585673975797396,0.09595856713891095,0.09620574698387398,0.09614709129789316,0.09625182622114582,0.09650668770231931,0.09662665327334144,0.09669023640524342,0.09742041106130082,0.09778966502071511,0.09822715209817162,0.09846568437244792,0.09903706007582648,0.09950474350639613,0.0998211641003736,0.09977093055591409,0.09976571951968534,0.09982551980621264,0.09983230818643965,0.0999985657145738,0.09997212975071743,0.09951538836533463,0.09924289626245258,0.09916909208619619,0.09879309880535446,0.09780724039077927,0.09735614313281286,0.09692017445015451,0.09682906094593645,0.09653381401211648,0.09590765975120853,0.09474622142833573,0.09466347655477213,0.09297225216764736,0.09171911817286144,0.09071321296259062,0.08961540381674357,0.08777557955942948,0.08590021550395031,0.08571821397011106,0.08434266389223875,0.08310184940792101,0.08183130066504055,0.08033090090281124,0.07946296298007675,0.07884475297075375,0.07892730181013749,0.07869661386223956,0.07826644434609759,0.07811185153814343,0.07730623914805543,0.07678235631088412,0.07699378276279564,0.07159056506353949,0.07704098168492154,0.07705669299979138,0.07708363075267383,0.07662028787782921,0.075953387637425,0.07530732336038165,0.07462470488287391,0.07440546198359409,0.07436849079173638,0.07414178192662335,0.07353446580491836,0.07301909292036142,0.07253051499669602,0.07246767289875669,0.07198870251532306,0.07133127164976899,0.0706207988088145,0.07056066540832041,0.07008470716151702,0.07003590227687213,0.07022991240481234,0.07042651595056762,0.0704395579307524,0.07036320258271557,0.0703505165730741,0.07048235589787812,0.07084503587730528,0.07112216011641247
stat_179,0.13943664087669388,0.058593587013657626,0.09355789782526296,0.0680154467534364,0.0897871617340574,0.08657293171580119,0.08944357023377739,0.08945804510122579,0.08946140988591371,0.08944522693339384,0.08940769687605721,0.08932415461101484,0.08923365223829476,0.08914725514394663,0.08907895331703398,0.0890123846712865,0.08897602211423807,0.08897495327287155,0.08888398666925146,0.08877025382936571,0.08865671785629944,0.08859772202184063,0.08871772822535373,0.08870914777158098,0.0889780019674882,0.08903170907909097,0.08889458154410709,0.0888652032481121,0.08886075851843937,0.0887932897387153,0.08899208669431542,0.08899462987912445,0.08915948088935531,0.08954762859465595,0.08984898939680284,0.08991938842875492,0.0901727924622378,0.09027364170711644,0.09050869775457407,0.09045875151152405,0.09055948060452274,0.09079603516579852,0.0909106490724933,0.09097618070034542,0.09167006668786701,0.09201957508814164,0.09243126828729865,0.09266039463954123,0.09320406668358859,0.0936525711031866,0.09395986481714529,0.09392014258756418,0.09391570558631365,0.09398051338311182,0.09399970368996284,0.09417009921240811,0.09416002849632048,0.0937427010202691,0.09348875264316266,0.09342063244862003,0.0930675869052734,0.09214100993846622,0.09172313686214166,0.0913110105379226,0.0912254753788766,0.09094674620014188,0.09035028414372613,0.08924138547783549,0.08916278178537929,0.08756727244193667,0.08637825983494624,0.08541910639173254,0.08438632937454096,0.08265778964888383,0.08088607957154348,0.08071367256489834,0.07940399083684002,0.07823054403902344,0.07703819242844241,0.075625033090063,0.07480341860416598,0.07421287748050488,0.07428609036725055,0.07406699411525364,0.07365912898394672,0.07350976250736913,0.07275220592386306,0.07225965919688215,0.0724621684233053,0.06747333926723195,0.07251278086161612,0.07252763528405197,0.07256459635118598,0.07214157180058207,0.07152322967078911,0.07091507860468953,0.07027432506397888,0.07006872619381536,0.07003280430701404,0.0698227866970592,0.06926132191872438,0.06878030465811412,0.06832675451444864,0.06826828797526392,0.0678283279096847,0.06721801038411954,0.06656282675036057,0.06650668332028259,0.0660642723906226,0.06602386937085267,0.06621058216032277,0.0663933456040131,0.06639388039889609,0.06632033308453858,0.06630866977922925,0.06643279399391934,0.06677664832261836,0.06703692620543
stat_180,0.08491009018855188,0.036092335947437784,0.05476014188454222,0.04037294348989081,0.053935651415248455,0.0520318455345822,0.0537712157500739,0.0537799266266693,0.0537785481204539,0.05376349585442411,0.05373560298040518,0.053686277345634754,0.053633004630719724,0.05358627910666785,0.05355360338820044,0.05352041967812163,0.053503013536999676,0.0535031764847851,0.053460484360549156,0.05340501514179958,0.05334098415565777,0.05329897629154186,0.05334562369105373,0.05334854474832426,0.05350974131601896,0.05354676439147722,0.053474813753419226,0.05346570833088037,0.05345495522181476,0.053406433110949836,0.053549732392166836,0.05355389831568419,0.053676120381930495,0.05388626233596366,0.05407154222459335,0.05413669647372173,0.05432580729708564,0.05443249989960983,0.054575129412145824,0.05458554969714176,0.05465215620764978,0.0547467029672174,0.05479149270738142,0.054821339471334544,0.0552151486412859,0.055385762494574706,0.055569375970925046,0.05567657158459812,0.05596608163790158,0.05621863047106082,0.05634346305421989,0.05629438109545944,0.05629110382444918,0.05634689795774488,0.05641298330327156,0.05655986150754659,0.05661438000230172,0.056472260206919735,0.05637397195732791,0.056337919202667106,0.05611874944019481,0.05556655592825805,0.055297303207732296,0.054986309443484885,0.05492901456758683,0.054709599829959064,0.05434209408416943,0.053676687823935434,0.05363015538450622,0.05271828254176882,0.05200658574248332,0.05138306838732494,0.050761623245302166,0.0497808690148111,0.048724005943521664,0.048620824759948215,0.04777668370205126,0.0470842346377662,0.04642355226888495,0.045613919383465505,0.04509633106314438,0.04470516767766091,0.04469265941138106,0.04450352160378783,0.04420731821644387,0.04404820933741867,0.043614353660784255,0.0433442274476744,0.04349389831498701,0.04088176134221917,0.04357529751276413,0.043586175315239666,0.04365821541574085,0.043491507252510386,0.043172450599453245,0.04283442088090183,0.0424951881651354,0.04236137040867381,0.04232624358168577,0.04217270792650083,0.04183302096888106,0.04151860828143433,0.0412598460106711,0.04122333514160951,0.04096956060018563,0.04064356275093533,0.04029200489912263,0.04026040357457218,0.040010955548046345,0.03998424808278001,0.040089862204337474,0.04018285477353336,0.04018580506092058,0.040177079803863536,0.040173443429629266,0.04025304685348665,0.04044798524107136,0.04061167992003391
stat_182,0.24920598686500503,0.10603615720050508,0.15915315748082987,0.11867357913983582,0.15800370900728639,0.14862572446951325,0.15721099571907593,0.15722839549937176,0.1572267826426746,0.15719433068377522,0.15714217286733442,0.1570435738133324,0.15691462336305614,0.1567990417276498,0.15674255769863651,0.156686795890781,0.1567243456164081,0.15672879972208745,0.15666767566441128,0.15659246304069466,0.1565437680194879,0.1566450840359229,0.15706355621253482,0.15717693739712893,0.1577627092127321,0.15807928738733157,0.15806238059047095,0.1582241974751343,0.15851106239523338,0.15859176801804034,0.15914183401752913,0.15916150679664953,0.15973313932152838,0.1606705884387367,0.16125613864199528,0.16142295500917733,0.16182800237991252,0.1619243769028179,0.16219298872941668,0.16198021753827055,0.16205405119966704,0.1624399813544888,0.16242277097921695,0.16215814026236758,0.16289446477787478,0.1632306129404623,0.16369210066381895,0.16372707732359815,0.16423434643991985,0.1645428304696293,0.16440940045862387,0.1638982204360705,0.16386669623282488,0.16364585114653912,0.16327939407615225,0.16310203006801893,0.16262490669297236,0.16167656812274703,0.16128354831083028,0.16112031469118157,0.16044318623825957,0.1587729298443575,0.15770138278590726,0.1568713868482248,0.15669517336662966,0.1560931448525251,0.15531655128545546,0.15404068311006758,0.15393596212566954,0.15143794609719888,0.1497810399327329,0.14850388858673533,0.14666395998914583,0.14367232591861487,0.14088842437450758,0.14063831282561418,0.1388499948697967,0.1371018740511755,0.13503461508241685,0.1327421493262526,0.13144577738992885,0.13071215501867972,0.13085388721088856,0.13035000251547776,0.12959014592451323,0.12925989859436723,0.12797349669517186,0.12717792112532075,0.1274637930236279,0.11553593349671228,0.12743467936276,0.12746471311635713,0.1271399738256936,0.12607207274863155,0.12471880137823149,0.12374615737012254,0.12269344901983137,0.12226037405783541,0.12220488013919148,0.12158391212463561,0.12012117725002074,0.11901447351430812,0.11798153490991553,0.11784491081070803,0.116636126704383,0.11532352105464133,0.1137304694544262,0.11361915774193576,0.11266106522683506,0.11236255479482082,0.11251071439861485,0.11287797656208418,0.11335492923985714,0.1133895181683533,0.11336676871483455,0.11359662864328707,0.11406626001845976,0.11456507885526065
stat_184,0.39056025339809464,0.1745881898829086,0.21700936034096416,0.17132151128178255,0.23506700211277082,0.21082254150679497,0.23351576723997683,0.23351681374564176,0.2334742000657086,0.23338707624952956,0.2333255932641193,0.23333262050446982,0.23324002050091966,0.23320707750089947,0.23336338482578017,0.2335067074304218,0.23390413703317942,0.2339348464327638,0.2342183112465387,0.23457122626676477,0.23500658467616647,0.23578902701640586,0.23695546733558362,0.23759309520430127,0.2388380192605627,0.24008262035982636,0.24088191088769867,0.24190984772234594,0.24332401393217837,0.24410670104062002,0.2457867375400334,0.24588695820492543,0.24790781699475573,0.2501011679439666,0.2512018664042147,0.2517536786542783,0.25243058133266594,0.25255616932243136,0.2524170449978863,0.25188497061322923,0.25164640409270644,0.2518149664194717,0.2508425480359836,0.2490287105906225,0.24829473420039633,0.24762372884265457,0.2470838210741763,0.2457712949588725,0.24490393140782463,0.2437908073483532,0.24128863658266084,0.239136056527171,0.23901878493602774,0.23782079840703702,0.23640629779742095,0.23503348438806837,0.23335242885963295,0.2318331588624933,0.23162060647210495,0.2312832110676756,0.23010032941900158,0.22753547842542757,0.2249915840796265,0.22323527703719426,0.22288476285381817,0.22150239932473473,0.22100872021043133,0.22087670881093174,0.22081320889116282,0.21813188332028746,0.2168727429835358,0.21591085155537823,0.2131086404522503,0.20906253035228273,0.20591109358667073,0.20569484690826048,0.2042783745339487,0.2026874019708209,0.19997804791281742,0.19736052168780785,0.19577729779293615,0.19546457212422733,0.1954261509268053,0.19401261756835275,0.1924941595515654,0.19145088540635283,0.18978497482631884,0.18894882411423902,0.18929714476458792,0.16441099191361486,0.1891445151962763,0.18921091833101666,0.18778539548411835,0.18564767042628155,0.18309717615094917,0.18206772039177083,0.18094295125242707,0.18003601080484635,0.1799121778880656,0.1781184979789623,0.17457176663520643,0.17209061261402997,0.16997420570700633,0.1696741650308323,0.16676829367398135,0.16436654906523118,0.1610522453905171,0.16086430520477576,0.15906168728068357,0.15805278800644953,0.15781137236736786,0.15840156077923337,0.16028239823189014,0.16088360055349038,0.16085748539684475,0.161246770606738,0.16155488302107288,0.16242492038005302
stat_187,0.13378714814387666,0.056239510518764524,0.089701791562533,0.06520860787258027,0.08611915820577817,0.08310514597731353,0.08579694516796499,0.08581097147905233,0.08581400192567015,0.08579803423456114,0.08576127736824342,0.08568038404357366,0.08559315451966622,0.08551014995700339,0.0854443334616042,0.0853800712978809,0.08534385365361108,0.08534279602503417,0.08525498005042949,0.08514496695252913,0.08503385326663018,0.08497308435254779,0.0850821515829754,0.08507249492229872,0.08532840304807535,0.08537657838354576,0.08524224035538164,0.08521126846188601,0.08520124646916775,0.08513240885094113,0.08532205293097336,0.08532449504273835,0.08548018461910231,0.08584602464778386,0.08613457255693874,0.08620361480677108,0.08645092910025073,0.0865534889972542,0.08678147030756488,0.08673957611077673,0.08683849914647214,0.08706125277647914,0.08717248970498533,0.08724079629162446,0.0879123067073198,0.08824847822684702,0.08864169274942582,0.08886486454415625,0.08939054388912122,0.08982749311971955,0.09012832906123058,0.09009560881924386,0.09009171472443955,0.09016144449831566,0.09019223675395775,0.09036850080294151,0.09037294312559037,0.08998704299172718,0.08974777316555053,0.08968369115656828,0.08934538889165956,0.0884578189513618,0.0880613202823187,0.08766176717249478,0.08757961822214992,0.08730925691292978,0.08673133736706712,0.08565563521303617,0.08557970500041073,0.08404833260099534,0.08290034122021755,0.08196845123069244,0.0809781689798282,0.07932493583380626,0.0776203825835626,0.07745410933405046,0.07618321895074902,0.07505332941617798,0.07391453101940683,0.07255950141981404,0.07176649830898357,0.07119121234055986,0.0712557352971842,0.07104208843155618,0.07064667890222867,0.0704979112461761,0.06977252657612597,0.06930133766268103,0.06949950627413809,0.0648081138395352,0.06955504097488174,0.06956940930570217,0.06961652293439548,0.06922496288597707,0.06864167297563623,0.06805929269778402,0.06744783958509863,0.06725089912049695,0.06721498769279195,0.0670153510272347,0.06648506584114613,0.06602588926306521,0.06559642654177453,0.06554082117854954,0.06512770789811018,0.06455061864409971,0.0639343189471527,0.06388090610566231,0.06346144840410609,0.06342660867135619,0.06360834435887706,0.06378115647845149,0.06377324125713496,0.06370318668589117,0.0636923708838144,0.06381170790540124,0.06414283593670678,0.06439245237594536
stat_189,0.16255594607587498,0.06830363474714225,0.10877469426037253,0.07925228897199223,0.10462769400103843,0.10057701777839843,0.10420703449768977,0.10422329992354308,0.10422717322798503,0.10420882325593855,0.10416692908213242,0.1040730443700217,0.10396966437851822,0.10387090030477927,0.10379473991753024,0.10372064256741195,0.10368501448191784,0.10368410764039086,0.1035834629452722,0.10345796492782879,0.10333582005236648,0.10328261206509888,0.10344096908635513,0.10343861675506588,0.10375973318345495,0.10383671930826896,0.10369034422622223,0.1036688876077353,0.10368429061019513,0.10361983169329358,0.10386022922352439,0.10386370616196001,0.1040694455496066,0.10454136111898879,0.10489522595096398,0.10497592371868338,0.10526244602099065,0.10536717837720481,0.10563212128512692,0.10555943412792891,0.1056694721092006,0.10595131106193262,0.10607524735426663,0.10612895054584191,0.10690948691905929,0.10730426879991031,0.10777601783025174,0.10802188286840685,0.10862873627836814,0.10911835320278834,0.10943392458940858,0.10935669091889402,0.10934972594511987,0.10939599250102185,0.10937805383018577,0.10953101339874638,0.10947239258516597,0.10895319952032856,0.1086545323621116,0.10857082584420882,0.10815557685461921,0.10707172089926797,0.10655825339372592,0.10607715801503616,0.10597600026703134,0.10564820522398435,0.10497810867096288,0.103743646917842,0.10365479117524609,0.10181501441158543,0.10046499746956757,0.09938722443922406,0.09818200504662311,0.09616360362384382,0.09412455735759977,0.09392780281684993,0.09245015378093259,0.0911051245691904,0.08970985099922045,0.0880718383478118,0.08712902121341483,0.08646863126657674,0.08656346740599348,0.08630826003037817,0.08583766819248152,0.08566918745875358,0.08478666590286346,0.0842140606502143,0.08444052901398984,0.07831905845383773,0.08448298807729956,0.08450029281074245,0.08450662538609634,0.08397622335596436,0.08322767972176486,0.0825227022998687,0.08177532370866375,0.08153173051732823,0.08149238009064709,0.08123194590893573,0.08054014400727154,0.0799617796865713,0.07941187973649878,0.07934110335001594,0.07879008845376123,0.07805288316978043,0.0772451700102372,0.07717834871320661,0.07664454885602907,0.07657713091032971,0.07677904236788856,0.07699833838387549,0.0770418382504537,0.07696631478805044,0.07695210438166537,0.07709716671696566,0.07748737841063118,0.0777934781595356
stat_191,0.3975077196777295,0.17833662548769094,0.2177894934764917,0.17278886830864446,0.23797736325084198,0.21279885192015918,0.23641778865926488,0.23641735703254707,0.2363691068438957,0.23627436365251017,0.23620889040605678,0.23622595008909203,0.23613903839464137,0.236118135640167,0.23629743341007228,0.23646150463927942,0.23688777438183495,0.2369209437241349,0.2372397815677841,0.2376349458741626,0.2381087909508435,0.23893181180299364,0.24012193596162476,0.24080035634880978,0.24208094961395393,0.243386837426965,0.2442485847815279,0.24533724258443637,0.24681047301510423,0.24762703002803502,0.24938999781249646,0.2494971530956779,0.25161672929731405,0.25384876009935614,0.25497685797699676,0.25557002337867885,0.25629469530951626,0.2564663667805348,0.25630470392563753,0.25579586456387055,0.2555449484352354,0.2556520983655849,0.2546015636415934,0.2526879757110623,0.2518303231548637,0.25105355420296116,0.25038482803743833,0.2489538011801287,0.24795186518473802,0.24671864242605432,0.24400102294588608,0.24171834486591715,0.24159486602783678,0.24034037766343935,0.2388918899183484,0.23746163779014448,0.2357369503594247,0.23426277171709078,0.23410838857804045,0.23376354755093248,0.23254920700887532,0.22994955473384202,0.2272973856252303,0.2254437887973946,0.2250792714170604,0.22361502262857874,0.22315299417749374,0.22313595262490482,0.22307817479985542,0.22046260190287342,0.21926929851215346,0.21832374933428378,0.21548169129062938,0.21145232488236723,0.20833193649761406,0.20812346943509324,0.20672700881099082,0.2051894018688381,0.202512476244929,0.19994346371574154,0.1983432026126921,0.19804504069251003,0.19794536492115342,0.1964286382828798,0.1948278805194499,0.1936850860437984,0.19202954148178517,0.19122354929484994,0.19159370917425755,0.1661948733274455,0.19147271095553153,0.19154278104646025,0.19008032736643513,0.18794755384004153,0.18536926312350846,0.18437522132266845,0.1833005699074194,0.18235683996675334,0.18221846791398685,0.18032349188116856,0.17663748967028287,0.17405034738938724,0.17187682435381255,0.17156539795497508,0.16855313354146498,0.16611559598699907,0.16271845826625753,0.1625278258514912,0.16068512747854877,0.1596215720089775,0.15934046081674477,0.15993158339648553,0.1619209001187407,0.16259078102508895,0.1625669730433843,0.1629677731211198,0.16324459884095677,0.16413946985480066
stat_192,0.3713266249358723,0.16392122808334972,0.21398510115254335,0.1666724743150767,0.2265747282561587,0.20470595769938818,0.22506744581347687,0.22507221370644834,0.22504279650566775,0.22497340703595545,0.22492040040855196,0.2249023945352093,0.2247962554355216,0.22473488102402658,0.22483522376965667,0.224927654302581,0.22525119527319004,0.22527578317051322,0.22547190778529644,0.225719375476878,0.22605387830307236,0.22672170824446372,0.2278053205689199,0.22833397306373834,0.22947691306667115,0.23054899111187535,0.23117379659136597,0.2320276169712997,0.23325179306936047,0.2339176979695596,0.23536015674087737,0.23544093846712774,0.23716406463060974,0.2391959694199133,0.24021335740860134,0.24065550824769066,0.24122824791684405,0.24126738004790813,0.24121595812285224,0.2406638801959508,0.24047836080001453,0.24079085893570068,0.24004611636503576,0.23853801477232062,0.23815749145465967,0.23776092299152765,0.2375388494407681,0.2365342819027169,0.23600681697090778,0.23519901377646604,0.23322817994336226,0.23139934153777794,0.23129764319467586,0.23024476010007883,0.22892584194834076,0.22769979416287064,0.2261342078688318,0.22452770607085643,0.2241877838646914,0.22386996915117244,0.22276688971933462,0.22030076669801027,0.2180192257922016,0.21649516354389245,0.21617895888178082,0.2149928395205237,0.21443167559222864,0.2140399562731788,0.21396394068982302,0.2111555511671593,0.2097557576144151,0.20875818618210834,0.20606863920612095,0.2020200073076143,0.1988200865413155,0.1985872215750181,0.19712121618585257,0.19541373050178587,0.19265751283389654,0.1899489025743668,0.1884076637063836,0.1880444214313623,0.1881385960218304,0.1869721493051163,0.1856514027605109,0.18484259730455513,0.18316499582496132,0.18226458935698486,0.18256573072070442,0.1590977543172637,0.18235173960937903,0.18240926161190535,0.1810985292221431,0.17898466211364414,0.1765287400441364,0.17542954204836037,0.1742060132579864,0.17338914369913042,0.17329705439551502,0.1717462815616569,0.1685449083203129,0.16632032613854042,0.16434999265265912,0.1640777499387756,0.1614325220151497,0.1591300520960542,0.15602434345210672,0.15584382101529562,0.15414326056818733,0.15326170052294685,0.15310891593932988,0.1536930377132059,0.15532154976913495,0.15576756715643103,0.15573661969444813,0.15609747651070496,0.15647082488200836,0.1572792921481647
stat_193,0.3276546252063013,0.14450331876559017,0.19022404490427555,0.14730482511125692,0.20035940838936386,0.18309102846713338,0.1991970722815185,0.19920609505515544,0.19917983703270156,0.19911344466642011,0.19905092141747727,0.1990074385115437,0.19889706721565503,0.19882827599536615,0.19889062667876656,0.198945145381977,0.19917655357353511,0.19919561497343147,0.1993262021770113,0.19948757201082526,0.1996974765890068,0.20015323595264672,0.20094710375892655,0.20134629571857093,0.202286225898378,0.2031016631850447,0.2035273737292931,0.20415894878735666,0.20504006311948253,0.2054875620391048,0.20666910339874978,0.2067346472517812,0.20810987043704693,0.20970361418885236,0.21057364660265843,0.2109721055877911,0.21156335405254226,0.21172269435996818,0.21177407345526159,0.2114284775463552,0.21134037056087102,0.21156444017752918,0.21101084320400001,0.20990656255200388,0.20984351359898637,0.2096107575088592,0.20948659312178428,0.20878249900997772,0.20853787079367436,0.20808841366247618,0.20665853272675525,0.20525995776947864,0.20518266432055168,0.20446309141067406,0.20359091026792178,0.20282281296213164,0.20175825972355715,0.2005858215379824,0.20032612474563208,0.20007314010442467,0.19911640108744222,0.1969594711097441,0.19508595648564295,0.19370943104614202,0.19343483036098968,0.1923746060953245,0.19173058371220753,0.19104131074645755,0.19095754207223573,0.18837119023612062,0.1869057495739007,0.18573947300290108,0.18337134411950295,0.17983827765014954,0.1768346837762022,0.17659977847317573,0.174936723860124,0.17326156797886358,0.17088142446117413,0.16842664393013945,0.16694397053346854,0.16639218291925947,0.16638930309616526,0.16534844528121231,0.16413401528968757,0.1633615050120403,0.16187985410348782,0.16107707318924233,0.1614252249824265,0.1428539396340572,0.1613776336435055,0.16142890304693722,0.16056652072989175,0.1589991755025969,0.15704401758015663,0.1560533824148792,0.15498908914872878,0.1542926330256102,0.15418932612718,0.15292033979955344,0.15034066832539686,0.148476942889382,0.14687215383785698,0.1466467675860663,0.1445375241953844,0.1426660701300287,0.14017632190277007,0.14002480902621192,0.13862102074874655,0.13794083631035198,0.13787892188783848,0.13835636781309163,0.13958464568600545,0.13994535003816216,0.13992300447086792,0.14024329435599728,0.1406236793326116,0.1413295504274838
stat_196,0.24285074157855102,0.1027655719337628,0.1573975463846914,0.11665812682790715,0.15480583301054468,0.14619396577757693,0.15404529605799908,0.15406378841481777,0.15406499626801876,0.1540361651662989,0.15398483234973714,0.15387915839124047,0.1537468854120134,0.15362484835842175,0.15355437067529032,0.15348561156768242,0.1535017977536955,0.15350464436479963,0.1534212215417093,0.15331850806953856,0.15324022265805848,0.15330272583131155,0.15368336125535084,0.15376530202023328,0.15431677641840896,0.15457957614346096,0.15451157254890893,0.15462088693509998,0.1548419649562928,0.1548807895265428,0.15536317557527454,0.1553777043842742,0.15586149804409846,0.15673188875170313,0.15729058460496312,0.15743218684740415,0.1578205065203686,0.15791146122753122,0.158208877146055,0.15801015784853287,0.15810399330274807,0.15851240601005895,0.15855748930038824,0.15838760316367495,0.15922399024516418,0.15962897418078534,0.16016271536902446,0.16028233205664735,0.16088009940759593,0.16127653645020515,0.16128741773429395,0.16086987905636144,0.16084308714994194,0.1606733701429746,0.1603549479913673,0.1602364946822636,0.15981399143360064,0.1588755355484764,0.15846277333364392,0.15830739542258435,0.1576544744526567,0.1560216822803974,0.15502607679226293,0.1542499584223759,0.15408294530028396,0.15352708374690113,0.15273133390965038,0.15138403675459713,0.15127623434046567,0.1487648415870338,0.14707399578158148,0.1457765008659324,0.1439775291770422,0.14101592327155482,0.1382315509688581,0.13797763499299204,0.13616207201536207,0.13438971420083587,0.1323363221042612,0.13003979245611694,0.12875233244383,0.12799222950696074,0.12815259447910998,0.12770525288363127,0.126990452274849,0.12670915670787533,0.12543119285785417,0.12462769352873238,0.1249083126931063,0.11357372395481907,0.12487919561331642,0.12490709643826893,0.12463697564994315,0.12361130662426348,0.12230984750128714,0.12133010325194929,0.12026869027547452,0.1198604178511311,0.11980984179531144,0.11925373457549021,0.11789772640779754,0.11686277812615327,0.11588102948038113,0.11575265688504177,0.11462757602468544,0.11336080936967863,0.11184562718806612,0.11173749652240039,0.11081688584280214,0.11055474548368764,0.11072526800679411,0.11108491974169353,0.11148950511904421,0.11148978835283421,0.11146669680316304,0.111688825031073,0.11217127098053188,0.11265236715161348
stat_197,0.15178672744477734,0.0639706280291261,0.10125036341590253,0.07379462528936162,0.0974979403899885,0.09366967422962098,0.0971031210556073,0.09711803176758049,0.09712117062083162,0.0971035732645158,0.0970645765966507,0.09697863501580407,0.09688331987594904,0.09679280740351232,0.09672449027986348,0.09665795979906318,0.09662851794598311,0.09662795162012812,0.09653854539611416,0.09642715117986629,0.09631940309426991,0.09627743946183143,0.0964314051717859,0.09643552920767913,0.09673975433252442,0.09682230814778926,0.0966980532913054,0.09669007888731679,0.09671974091895132,0.0966702819457477,0.09690918599564598,0.09691369120962938,0.09712627559873115,0.09757981280528877,0.09791372909370863,0.09799500828631066,0.09826399842109483,0.09836203141310093,0.09859885702667334,0.09852781775049356,0.09862408656987354,0.09887868603259893,0.0989772839372213,0.09900357873903705,0.0997021130295657,0.10005241361400806,0.10047417568127316,0.10068554449309751,0.10123176052059338,0.10167175093598042,0.10194468538503977,0.10186239120310549,0.10185544366113741,0.10189398814559726,0.1018744576225182,0.10201365642855853,0.10195764215765582,0.10147609771081689,0.1011997742835899,0.10112164362923293,0.10073428812000518,0.09972455887699351,0.0992444870450292,0.09879473066389788,0.09870035288977512,0.09839382385900904,0.09776960422149357,0.0966222403706881,0.09653970092266118,0.09482978714572324,0.09357682403687115,0.09257636892083249,0.09145306043753736,0.08957578767541048,0.08768202698382252,0.0874997338036195,0.08613093814909314,0.08488638506234725,0.08359048511820807,0.08207234367305433,0.08119699393293311,0.0805895151831792,0.0806741202678263,0.0804280145915519,0.07998432222284153,0.07982006769238348,0.0790006593755688,0.07847119659026983,0.07868219894772512,0.07294617561257996,0.07872189864244886,0.07873828041343789,0.07873644282165483,0.07823902887011604,0.07753801548782345,0.07688461284945987,0.07619217636016516,0.0759629353971151,0.07592581738246143,0.07567631659608248,0.07502327568952095,0.07448017523411897,0.0739659160720509,0.0738996527689201,0.0733839726266738,0.07269740876255497,0.0719459010858081,0.07188372549005753,0.07138741516634185,0.07132593001502438,0.0715152881951352,0.07171903944785268,0.07175675774576638,0.07168628520796352,0.07167308162891055,0.07180820279284815,0.07217177769734923,0.07245679632973238
stat_199,0.36372728711647667,0.15918077157519725,0.21282427966669365,0.164977401425873,0.22345713300847125,0.20254945827705317,0.2219755294868361,0.22198205836170207,0.2219578306832349,0.22189510710212254,0.22184450394441918,0.22181495087618358,0.2217023428263978,0.22162870892120576,0.22170521811985522,0.22177567795672792,0.22206645957019505,0.22208843512827886,0.2222466229738514,0.22244752785784583,0.2227351334579386,0.22334697542464987,0.22438611119423077,0.22486440898666732,0.22596088940960346,0.22695030586436857,0.2274892874046517,0.2282568463327493,0.22938000703337288,0.22998057148202578,0.2313071692894396,0.2313783908886423,0.23294931154897197,0.23488917913174823,0.2358671364407704,0.23625732695888055,0.2367907733821891,0.2368012459690914,0.23680537059834847,0.2362568176425687,0.236105458888686,0.2364847161277083,0.2358580761204192,0.2345109269457467,0.23431518512756033,0.23404852723617187,0.23396852542295007,0.2331043181273772,0.23272919542011417,0.23205718256748012,0.2303057009299176,0.2286073828909631,0.22851197824395017,0.22752124753578654,0.2262489476002057,0.22508795218404684,0.22357549237398258,0.2219479217228411,0.2215647676807483,0.22125504037343946,0.22018118424283287,0.21775161346750893,0.21556782034166294,0.2141238475397574,0.2138197965353909,0.21270130657328024,0.21211263944481965,0.21161912105294348,0.21153813807066468,0.2086817952234359,0.20722259550574268,0.20619996386455905,0.20355196731415903,0.19950412226661698,0.19627755674013384,0.19603701532924864,0.19453339577363726,0.19277088612715343,0.18999701870322055,0.1872458527953465,0.18571209115851495,0.1853131014136586,0.18545595130693193,0.1843870162705161,0.183140817867423,0.18242048498645816,0.1807367669899633,0.17980963527197255,0.18009701485901541,0.15724847813953655,0.17986652272776127,0.1799206137705907,0.17867014883044197,0.17658015052625223,0.1741703387836832,0.17304289920984162,0.17178145124492694,0.1710002220334014,0.17091907986904264,0.16946542358387148,0.1664039279590038,0.1642773165515365,0.16236545055671564,0.16210380458920026,0.15956026295854156,0.15729944758202502,0.1542761611778351,0.1540985630485222,0.15243715250084394,0.15160225288291113,0.1514813728376733,0.1520617814436182,0.1535976292490324,0.15398939336279782,0.1539569904254346,0.15430792305359628,0.15470499610293623,0.1554916086455478
stat_200,0.33574847451704337,0.14618271015012685,0.19940407568143942,0.15351489422099537,0.207443623986847,0.18970146650848016,0.20617157008756093,0.2061816605306377,0.2061621961147832,0.20610480175729343,0.2060497524120759,0.20599832927267947,0.2058788538707276,0.20579331768366046,0.2058340580159665,0.205869886856069,0.2060891827355328,0.20610652239693222,0.2062052390639483,0.20633001265639786,0.20651932483117708,0.20697823675441865,0.20782760622324487,0.20820422883590886,0.2091611957781307,0.20995934054958754,0.210337415944341,0.21093183193672674,0.21180530490973007,0.21224621017603873,0.21336553308536138,0.2134232135731464,0.21471936244557985,0.2163641277357845,0.21723990914013558,0.2175802878581579,0.2181070948082517,0.21817368608899332,0.21826519740242897,0.21783691081877288,0.21775881847858647,0.218121336954545,0.21766395606293965,0.21663079752407557,0.21671809786496718,0.21661676405991445,0.21667241860714273,0.21605935997541467,0.21593594061308152,0.21555032960766357,0.21423798453714182,0.2128621517690928,0.21278438830387922,0.21202188263995111,0.21103312655408726,0.21017413678550245,0.20897924199444248,0.2075825319029858,0.20721685536944373,0.20694826051904835,0.20597215914254846,0.2037324549861224,0.20183591179406252,0.20052079177174692,0.20024702147246085,0.1992387716691463,0.19858114719338654,0.19784711827764456,0.19775804293664456,0.19498550963882094,0.19344316472313577,0.19230097073765917,0.18985190180979797,0.18608375642964836,0.1829383232861614,0.18269065394967562,0.1810411251823947,0.17925540568826248,0.17667669894578447,0.17403506824557352,0.17253223547017388,0.17200040647064774,0.17211509800475652,0.1711707225660804,0.1700238061542161,0.1693729258971839,0.16779144858395406,0.1669008729482485,0.1672094173098552,0.14747373052669788,0.16706573403993055,0.16711443341746976,0.1661556916213419,0.16438852754133965,0.16228605263447315,0.16119928044979184,0.16000175592334698,0.15930791046168682,0.1592263573827731,0.15798761916007836,0.15535730042579377,0.15348993901922145,0.15181693225818854,0.15158775701115348,0.14940593398770052,0.14740957191201243,0.14477955964210515,0.14461969022880208,0.1431463054211343,0.14245334556848963,0.14240479677971118,0.14292422959042547,0.14417730584838534,0.14448710242451648,0.14445857309830618,0.14478150530654285,0.14519974047641035,0.14591709492818614
stat_201,0.34276212334095757,0.14776410096072534,0.20837140933508244,0.15918831701743816,0.21372610987619983,0.19574968870229814,0.2123649093062031,0.212376445252063,0.21236375582084996,0.21231504017866423,0.21226622001008943,0.2122046637201521,0.21207512427358927,0.21197201517459272,0.21198890102311987,0.21200374383599677,0.21220549897555308,0.2122208477368931,0.21228411178304377,0.21236752730738032,0.21252844158366777,0.21297683197747475,0.21386266667294226,0.2142098989150858,0.2151740890269906,0.21594089149993007,0.21626013303427719,0.21680575480182407,0.21765071500146715,0.21807079587436937,0.21911958920912872,0.21916914989779057,0.22037411422372127,0.2220441095313486,0.22292086534202857,0.22320721462868356,0.2236816148869705,0.22367456065350996,0.22381222138550225,0.2233220500897638,0.22326048878473176,0.22374527847886982,0.22338813887318057,0.2224452342116554,0.22270023575820258,0.22273583064186847,0.22297222066547095,0.22246735403910145,0.22248473419860457,0.2221883882140804,0.2210286824080035,0.2197020474998536,0.21962529101063485,0.21884058354606406,0.21776153518629374,0.21683936585209312,0.21554233092249228,0.21394450708921528,0.2134780755459957,0.213197018615936,0.21220640630621848,0.20989418510143648,0.20799158570339438,0.20674059536108258,0.20646910229226018,0.2055168185737888,0.20483737783373432,0.20403531977535647,0.2039399866714554,0.20098351174879603,0.1993526296661353,0.19821615891697267,0.19569637558181058,0.1917119186533401,0.1884232660436672,0.18816151382632726,0.1865006343311853,0.18459788514575134,0.1818379264070141,0.1790178947514811,0.17748935295304202,0.17695818922194068,0.17717933768493113,0.17633244280237165,0.17525317037801924,0.17472314632107194,0.17304726503750276,0.17207099728888828,0.17234581571319502,0.15170118952067574,0.17211933759015643,0.17216534070878858,0.17114038729043501,0.16920840276692245,0.16698670888642828,0.16580888895829354,0.16448871283412786,0.16380084648103596,0.16373840309460092,0.16253953133363708,0.1598864556030711,0.15802839062260662,0.1563038758763425,0.1560727693916793,0.15384269123332603,0.15174169449454092,0.1489994034111407,0.1488323836968058,0.14730166664509184,0.14660381785605903,0.14657241928453446,0.14712883337726818,0.14839020879218925,0.1486486212495346,0.1486145778747116,0.14893945369313805,0.1493958926887461,0.15012216136954076
stat_202,0.12179285308240863,0.051477970276039696,0.08062247983626102,0.05888051914779468,0.07800798247007044,0.07511564131143131,0.07771622062328526,0.07772846023457076,0.07772987216674748,0.07771377325361037,0.0776798725520336,0.07760964303977316,0.07753269274503471,0.07746102238614429,0.07740740205580965,0.07735468132859616,0.07732922219020012,0.07732886696902798,0.07725862945363696,0.07717028357425663,0.07708046110436458,0.07703710835566109,0.07714281243569095,0.07714515006836395,0.07738471641798242,0.07744555389873456,0.0773434005074446,0.07733403573174893,0.07734565920054269,0.07729700867814202,0.07749255794201741,0.077496853495669,0.07766912962501865,0.07801562756647594,0.07828313214532624,0.07835676993989864,0.0785885603314432,0.07868843129169363,0.07888210241273218,0.07884538195822119,0.07892759641111999,0.07911221062505051,0.07918694380895228,0.07921474732684353,0.07977861822570617,0.0800514878096211,0.08037133007215615,0.08054049581787835,0.08097832781170199,0.08134137762432704,0.08156171391057403,0.08150362202589767,0.08149880068643016,0.08155062208028074,0.08157435609070797,0.08172469934228119,0.08172489162175892,0.08139248877621816,0.08119024992676592,0.08113164905898311,0.08082158223050243,0.08001740160878322,0.07964204525857595,0.07926240379354928,0.07918581643870748,0.07892549423304866,0.07840941200575334,0.0774601954338753,0.07739289366143241,0.07602935307102977,0.0750086051454414,0.0741715593757827,0.07327340561356097,0.0717922787224219,0.07026600887326251,0.07011809831383704,0.06897896649586266,0.06797573746335922,0.06696000388151901,0.06575365550517702,0.06503808584371272,0.06452621738265793,0.06457053424815669,0.06435450782717832,0.06398010909213225,0.06382264500951147,0.06317402838360857,0.06275834856845583,0.06294132931513576,0.0586395485790415,0.0629983840855883,0.06301214056194601,0.063045807885136,0.06269558874563227,0.062166144981558785,0.061650152974608914,0.06111105785002359,0.06092644672492182,0.06089112876958039,0.06069100946997771,0.06018768211332288,0.0597546701210863,0.05935914502316738,0.05930712884456084,0.05891884534517785,0.058396685721227186,0.05783319833406729,0.057784899773623215,0.05740315485457332,0.0573646652747521,0.057522968851405155,0.05767716471402663,0.057684029873875824,0.05763296375888036,0.05762379072463704,0.05773321738395706,0.0580263551562846,0.058255086367641054
stat_203,0.36372728711647667,0.15918077157519725,0.21282427966669365,0.164977401425873,0.22345713300847125,0.20254945827705317,0.2219755294868361,0.22198205836170207,0.2219578306832349,0.22189510710212254,0.22184450394441918,0.22181495087618358,0.2217023428263978,0.22162870892120576,0.22170521811985522,0.22177567795672792,0.22206645957019505,0.22208843512827886,0.2222466229738514,0.22244752785784583,0.2227351334579386,0.22334697542464987,0.22438611119423077,0.22486440898666732,0.22596088940960346,0.22695030586436857,0.2274892874046517,0.2282568463327493,0.22938000703337288,0.22998057148202578,0.2313071692894396,0.2313783908886423,0.23294931154897197,0.23488917913174823,0.2358671364407704,0.23625732695888055,0.2367907733821891,0.2368012459690914,0.23680537059834847,0.2362568176425687,0.236105458888686,0.2364847161277083,0.2358580761204192,0.2345109269457467,0.23431518512756033,0.23404852723617187,0.23396852542295007,0.2331043181273772,0.23272919542011417,0.23205718256748012,0.2303057009299176,0.2286073828909631,0.22851197824395017,0.22752124753578654,0.2262489476002057,0.22508795218404684,0.22357549237398258,0.2219479217228411,0.2215647676807483,0.22125504037343946,0.22018118424283287,0.21775161346750893,0.21556782034166294,0.2141238475397574,0.2138197965353909,0.21270130657328024,0.21211263944481965,0.21161912105294348,0.21153813807066468,0.2086817952234359,0.20722259550574268,0.20619996386455905,0.20355196731415903,0.19950412226661698,0.19627755674013384,0.19603701532924864,0.19453339577363726,0.19277088612715343,0.18999701870322055,0.1872458527953465,0.18571209115851495,0.1853131014136586,0.18545595130693193,0.1843870162705161,0.183140817867423,0.18242048498645816,0.1807367669899633,0.17980963527197255,0.18009701485901541,0.15724847813953655,0.17986652272776127,0.1799206137705907,0.17867014883044197,0.17658015052625223,0.1741703387836832,0.17304289920984162,0.17178145124492694,0.1710002220334014,0.17091907986904264,0.16946542358387148,0.1664039279590038,0.1642773165515365,0.16236545055671564,0.16210380458920026,0.15956026295854156,0.15729944758202502,0.1542761611778351,0.1540985630485222,0.15243715250084394,0.15160225288291113,0.1514813728376733,0.1520617814436182,0.1535976292490324,0.15398939336279782,0.1539569904254346,0.15430792305359628,0.15470499610293623,0.1554916086455478
stat_204,0.34013556739344863,0.14648658632366104,0.2075979588186229,0.15830922740859174,0.2123501185533654,0.19467690522895395,0.21100072043858167,0.2110126255726552,0.2110010295847643,0.2109537815257729,0.2109054472445068,0.21084145939373206,0.21071088334765806,0.21060550760047558,0.21061727760633686,0.21062741062818008,0.21082141101472718,0.2108361647584865,0.21089136846655276,0.21096494609794655,0.21111551856124955,0.21155045566251424,0.21242315502010406,0.212759284245993,0.2137107762502479,0.21445880805643974,0.21476089949959856,0.21528878854115568,0.2161120734994081,0.21651881728062855,0.2175443837147224,0.21759222244914794,0.21876797420844982,0.22041563355036076,0.22128257408905974,0.22156028878200942,0.22202760087458093,0.22201745768460387,0.22216302361424414,0.2216766264905175,0.22162079422030265,0.2221127006355979,0.2217755258372639,0.2208634126296436,0.22114979045040503,0.2212084960205908,0.22146993837539694,0.22099487549680447,0.22104413734142825,0.22077937698941955,0.21967435618457098,0.21838417570757618,0.21830926923819124,0.21754410420365516,0.21648304188540046,0.21558335027695544,0.21430730121821862,0.21271215980362387,0.21223712620795723,0.21195922547548224,0.21097887662764997,0.2086826898408631,0.2068116924094677,0.2055841592317693,0.20531661399513754,0.20438438767056435,0.20369765610833312,0.2028674964258792,0.2027709898139032,0.19981015654115536,0.1981672390912435,0.19702494055749512,0.19452268167829473,0.19055147618383753,0.1872652841225129,0.1870023472404754,0.1853344565983616,0.18342468336170845,0.18067130832628184,0.17785211980405125,0.17632921743872884,0.17579062908234616,0.17601941912363572,0.17519468447335088,0.17413379205070048,0.1736234032946521,0.17195189282293113,0.17097332706930918,0.17124526279206495,0.1508321583935359,0.17101774337715572,0.17106289180325374,0.17005720399770222,0.16814024691585608,0.1659382944976064,0.16475836834826155,0.1634352279524652,0.16275729248786033,0.16269704501123125,0.16152371858098455,0.1589128315925286,0.157084121342869,0.15538028222249067,0.1551525688818502,0.15295655893053753,0.1508741504545714,0.1481638341726531,0.14799814190353,0.1464830991241625,0.14580061623504253,0.1457787024963048,0.14633206233959056,0.14756292860755602,0.1478065131184429,0.14777227795665757,0.14809376987211692,0.1485554866013225,0.1492740774194474
stat_206,0.07958526100327855,0.03393375252606288,0.050864492326628506,0.03762241533475426,0.05038030657585267,0.048524207399143475,0.05022842988161859,0.05023638211883189,0.050234430359190396,0.05021951054210388,0.050193006289256784,0.0501481732937553,0.05009927030324862,0.05005721610864538,0.05002938175894363,0.05000080107614277,0.04998755734544281,0.049987975000628244,0.049952161754871875,0.049905175527205345,0.04984955415478738,0.04981421092877102,0.049858917595438375,0.04986591199196252,0.05001912340627902,0.05005974129294258,0.04999951996843232,0.04999748767170512,0.04999335340730568,0.049951643223022466,0.0500941077869838,0.050098784489524026,0.05022351779562492,0.05042242389901112,0.0505975172498075,0.05066307288026113,0.050844568841150926,0.05094954402057344,0.05107935453716049,0.05109236529061849,0.05115293740201021,0.05123297444967992,0.05126557894372933,0.05128257306346885,0.051634978048657146,0.0517816020117686,0.051937243051176855,0.05202416243190666,0.052278701993899904,0.052501156783694,0.052594173917849533,0.05253515014842955,0.05253148946351211,0.052578670214637635,0.0526391780906666,0.0527720880709971,0.05282120275986215,0.052698126171306064,0.05261463489228399,0.05258064758023164,0.052373769741070796,0.05185769197954961,0.05159652578343145,0.05129563496867474,0.05124081837450211,0.051026902214444385,0.0506881590789162,0.05008103793230022,0.05003838450622422,0.0491995094790085,0.04854466369944055,0.04796494159720209,0.04738382438155286,0.04647671222524278,0.04549809050028098,0.0454029779290558,0.044618251845730796,0.043980501421286386,0.04337202573850874,0.04262599853281884,0.042142606387628,0.04177919213002527,0.04175955377194566,0.041571759064447024,0.04128671322026167,0.041126595641343563,0.040725432476357834,0.04047843066498357,0.040620672595901644,0.03816185325424462,0.04070134328614218,0.040711875080693447,0.04077731797234773,0.04062648470803574,0.04032962759284598,0.04001999848614778,0.03971134860468475,0.039583187606267486,0.03954864934204098,0.03939546440911956,0.03906681491851444,0.03876374623696058,0.03851858054482697,0.03848353485381688,0.03823821493874532,0.037933708720046144,0.03760104070614657,0.03757151762533515,0.037336658037576784,0.0373065149925489,0.037400527725590306,0.03748629515609513,0.0374995486836888,0.03749945877014851,0.037496440450441565,0.03757169171610801,0.037749331209540875,0.037904063205817164
stat_207,0.19386403948377207,0.08167093198952098,0.1283575445586686,0.09407433102094898,0.12438186070702655,0.11879296048271067,0.12383696988684033,0.12385464301216337,0.12385819241390773,0.12383633625446598,0.12379016817553881,0.12368839505009646,0.1235715742198553,0.12346090984418973,0.12338225843137623,0.1233058040046209,0.12328368367704669,0.12328379072057266,0.12318274334589599,0.12305735236098095,0.12294259319121102,0.1229224640037841,0.12315705824056818,0.12317947873733366,0.12358441892894455,0.12372087333886621,0.12359144088375121,0.12360855364668233,0.1236886270853509,0.123654176610984,0.12397761706075425,0.12398448720458444,0.12428356783267291,0.12490032430959518,0.1253317411899903,0.12543315047457568,0.12575992073517264,0.12586093226816927,0.12614582679984207,0.12602773980830498,0.12613636601275854,0.12647220458817215,0.1265780697170541,0.12656520213606637,0.12739689038246949,0.12781470717014037,0.12833085407866662,0.1285519155968949,0.1291863318991923,0.12967189933110987,0.12991674699039224,0.1297374560538587,0.12972436430954934,0.12970775607853546,0.12959591320776945,0.1296726742820002,0.12949926927041244,0.1288224704135947,0.12847094785548707,0.12836177228609216,0.12785754179530515,0.1265601829164365,0.12588258395287158,0.12529768384524767,0.12517290069031842,0.12476717221241104,0.12402860138934035,0.12270119947564663,0.1226024368402734,0.1204728796887577,0.1189576696566385,0.11776800295811313,0.11633072900124898,0.11393336639217011,0.1115771476664685,0.11135417492842933,0.10971224193721175,0.10817670576612164,0.10651628729183167,0.10460324170179883,0.1035166629045337,0.10279974031735367,0.1029234091241101,0.10260408109382105,0.10204342297031996,0.10183931288705662,0.10079671698253649,0.10012692315082483,0.10037756901333252,0.09239537131294061,0.10039630760092785,0.10041739643562295,0.10033745245471613,0.09962762904831345,0.09867557789399319,0.09785361681714244,0.09697387959355923,0.09667114193597395,0.09662792186206345,0.09627055200644279,0.09535065502070247,0.09461300834884852,0.09390881250320059,0.09381789269082041,0.0930713942157974,0.09213985307944303,0.09108244084102791,0.0910001084112064,0.0903259328677652,0.09019876883859815,0.09040208214767077,0.09067458706151309,0.09082509513841237,0.09076450625779192,0.09074668516485453,0.09092081563977834,0.09135818663893652,0.09172954927011262
stat_208,0.40604425078420664,0.18468931970734856,0.21825614168668558,0.17395581160771328,0.2406412870943673,0.21414174810469688,0.2390376680101431,0.23903409484471388,0.2389785646021157,0.23887526630320094,0.2388084836039279,0.238845571918414,0.2387708274493718,0.23876999250563993,0.23898640314066863,0.2391851751727018,0.23966347254750298,0.23970062171882708,0.24007933221802716,0.24054906392284314,0.24110116626023584,0.24201976160038177,0.2432879465790144,0.24404785509992016,0.24539853116450855,0.24684041848284688,0.2478485156184698,0.2490828730391583,0.2507330817899394,0.2516678130331869,0.25361892658958207,0.25374188296430034,0.25611639251570356,0.2585063434300615,0.25969306614432897,0.2603686513562307,0.2611426034239298,0.2613467688382503,0.2610778911489304,0.260551189786574,0.2602342766049967,0.26023097547965424,0.25897652736026683,0.25678283188545975,0.2555929400013769,0.25459781236103796,0.2536994846174151,0.2520404022642582,0.25078940894439505,0.24933581362434049,0.2462927462352767,0.24382513904036962,0.24369276798171202,0.24234319121761677,0.24081492354098621,0.23928054781412045,0.23747011208224084,0.2360077651191427,0.2359045139255633,0.2355488519437271,0.23430295617874347,0.23166984105083288,0.22889909152584492,0.22696157264179462,0.22658405570433035,0.22504877757803965,0.22463320975820633,0.22476854848429786,0.22471869625989904,0.2221872915867091,0.2210994650050716,0.22022077620298178,0.21734054588805954,0.21333177559647848,0.21028665065076474,0.21009326963753938,0.20879816136239093,0.2073694800992615,0.2047337282996869,0.20225630496041883,0.20067212513425714,0.20045757572585207,0.2002940910022164,0.19864412426543085,0.19695080929181571,0.19569360710130598,0.1940598884954608,0.1933004113558422,0.19367902391216357,0.16739114217501164,0.1935679985764927,0.19364252806188326,0.19207123201881252,0.1898879531845507,0.18723988980302161,0.18629587802130568,0.1852827763108184,0.18429168314631475,0.1841409245733068,0.18211027113851078,0.17823039054691556,0.1755188564458559,0.17326911754006324,0.17294443591922984,0.16979973552817162,0.16730917686325483,0.16380810558058057,0.1636142538147287,0.16172621427550013,0.1606062681936403,0.16028518075637474,0.16088111788804457,0.16298353393221093,0.16371660737067686,0.16369419494509793,0.16410471927058096,0.16434784377349435,0.16526492318469976
stat_209,0.3345115968932028,0.14826908856275853,0.19131689451939918,0.14896367703120783,0.20339445042334642,0.18529187871093017,0.20221959257279554,0.20222735942026449,0.2021963429090124,0.20212347566222466,0.20205762346083284,0.2020226658822314,0.20191688224753676,0.20185807176862192,0.20194007500999614,0.2020123904427391,0.20226929039193714,0.20229049892399115,0.20245162302728043,0.20264968251952795,0.2028939100949523,0.20338762148706138,0.20420706753162238,0.2046434426274988,0.2056179159537522,0.2064911638474475,0.2069751501294907,0.20766462458355664,0.20860619826738108,0.2090897952414863,0.21035147682344946,0.21042361738775625,0.21189730867538778,0.21353918915282277,0.21443729474523227,0.21487425602211832,0.21550582781351682,0.21570093125681836,0.21572622161291896,0.2153936160188721,0.21529015841623778,0.21546179653181066,0.21483233119509831,0.2136283962085243,0.213448879754325,0.21312175694024005,0.21288603985093663,0.2120762599950593,0.211714524516677,0.21116033742218057,0.20954421282384833,0.20803202565005344,0.20794928304872795,0.20717992710022284,0.20627635760176766,0.20545801902355554,0.2043540394862225,0.20321476575991634,0.20300154744281934,0.2027416317198811,0.20175616065218005,0.19956384192198362,0.1975959562500783,0.19613535343799945,0.1958483792217994,0.19471724270797125,0.19409717180909028,0.19350034446484177,0.1934210245913069,0.19088049077982197,0.18946467424683572,0.18830901562503422,0.185900583598705,0.18236956446255617,0.1793824159819246,0.17915327220628002,0.17750391956050532,0.17586880567650287,0.1735069891834769,0.1710847459019755,0.16958505478403402,0.16904718283687264,0.1689947663550692,0.1678648883865641,0.16657858393987404,0.16572085798463684,0.16424353788394966,0.16346376199061827,0.16383038009342166,0.14476823516175308,0.16380747211099708,0.16386194280454527,0.16296320179298823,0.16139188023532966,0.15940552796033836,0.1584403183687756,0.15741253080293532,0.15668375089619724,0.15656863636932072,0.1552126415318508,0.15251009469085544,0.15055409906462155,0.1488972826968693,0.14866190376464053,0.14645915680807872,0.1445522787995598,0.14198718606518546,0.14183299019234147,0.14039217708611063,0.13966568579199773,0.13957151424844508,0.1400512436252405,0.14137120487040514,0.1417882656977018,0.1417676775804541,0.14209826812612833,0.14245486247872238,0.14318304205231266
stat_210,0.40208887693008977,0.17736785392871904,0.22982103171888166,0.18004923402400277,0.24486205082409504,0.21925068530094555,0.24307928813359184,0.2430797920750065,0.2430472999270194,0.2429757082884629,0.24293210168456647,0.24293958481482766,0.24284118045908942,0.24279033348736523,0.24292658957416774,0.2430546514646433,0.24345842069162346,0.24348779862632183,0.24374428546569815,0.24407050093334304,0.2445159877476731,0.24536636646305793,0.24669052975702457,0.24732966343390447,0.2486331703711504,0.2499207264203273,0.250720021414808,0.251762774847354,0.25327755288013143,0.2541313325026882,0.2557824004018496,0.25587554117082945,0.2578799362371596,0.2602660834281022,0.2613937299529731,0.26186505176558345,0.26240550303098803,0.26233224301294444,0.2621870915798386,0.2614589111595458,0.26118826726840516,0.2615729100983848,0.26066802074159734,0.2588204967704071,0.25814565485525776,0.25759688930956165,0.2572738566693468,0.25600240968970667,0.2552071521186834,0.2540717454272062,0.251619603882113,0.2494228418109387,0.24930047889713008,0.24796320722783727,0.24627177378247378,0.2446579729750658,0.2426805562638137,0.2407437955204469,0.24035486797921665,0.2399864747024345,0.23877465473864123,0.23608875021993958,0.2334820686729131,0.23184221399198437,0.23149393132240828,0.23020626161855431,0.22973621749575884,0.22963775182840881,0.22957154258557796,0.22664931968566845,0.22535410425963331,0.22453291770346234,0.22161628762959804,0.2172137093370787,0.2139241555230581,0.2137003494028338,0.21245109502642706,0.21076848629411304,0.20775020083602377,0.20489042073551628,0.20333334295145752,0.20315300883978324,0.20332362777400523,0.2020568830903985,0.20066050405178879,0.19982218630438497,0.19801362708798692,0.19705439100771027,0.197308026391989,0.16998596525132306,0.19695350521350816,0.19701582408719026,0.1953265227283736,0.19277679024705235,0.1899307563941135,0.18876819547027282,0.1874415142979546,0.18653147162931732,0.18644904488384226,0.1846684719324284,0.18097002897406492,0.17846063542048804,0.17620579537888326,0.17589671947067767,0.17282553491437835,0.17019632093133122,0.1666151655155921,0.16641326338062823,0.16448857906789496,0.16344381649073841,0.16320939378898108,0.16387116819262873,0.1658268383331922,0.1663507935537612,0.16631373599686455,0.16670403108641224,0.16705732820895156,0.16794138577696247
stat_211,0.20668507112187207,0.08721681544427018,0.13609508432158016,0.10001457715202376,0.13235374371036226,0.1260089549100111,0.13175239228186264,0.13177032761507065,0.13177339527932347,0.13174987172304567,0.13170240327354168,0.13159929778286505,0.13147822336976386,0.13136424074952893,0.13128717068721976,0.13121223924511824,0.13119953430416292,0.1312003091411534,0.13110313543928567,0.1309828577406263,0.1308769821885317,0.13087795562095006,0.13115071861119898,0.13118828997336443,0.1316314066694124,0.13180058356516017,0.1316869759518292,0.13172819672313685,0.13184564875795665,0.1318308777098243,0.1321963328038093,0.13220524331231862,0.13255370800394617,0.13323819305259088,0.13370319280023926,0.13381534034562953,0.13415788641565493,0.13425566378335915,0.13454292839192616,0.1344028873071745,0.1345070479596899,0.13486196586373744,0.13495117521411815,0.13489622357026193,0.13572890366160129,0.1361441053941619,0.13666642544529614,0.13686263504697244,0.13749027526590005,0.13795573433470001,0.13814598343458254,0.13790898911607158,0.13789255275589615,0.13783857671892386,0.13767491962204206,0.1377041850272191,0.13746857847134103,0.13672156681084469,0.13635124630186318,0.1362302835470369,0.13568806000804173,0.1343031860745577,0.13354716616768383,0.132916183351812,0.1327809274977527,0.13233955920662566,0.1315828544388004,0.1302418552322396,0.13014030205685626,0.12790544201371612,0.12633945532097704,0.125119074850684,0.12358732568924168,0.12103970565552377,0.1185680128897972,0.11833645499334197,0.11664658964044147,0.11504634494372484,0.11328120061759023,0.11126544575985663,0.11012606094290452,0.10939726068494433,0.1095318120536258,0.10918092458995003,0.10858137409450831,0.10835919578486504,0.10725409011091537,0.1065481846993725,0.10680642566316924,0.09796271544765232,0.10681206139447516,0.10683486138811321,0.10670629344926603,0.10591348006203596,0.10487027457439045,0.10400535417699568,0.10307604142905992,0.10274647950327002,0.10270170364768516,0.10229510386852543,0.10126528472776233,0.1004533181810396,0.0996784331862382,0.09957813259671577,0.09873712135160759,0.09771905217029647,0.09654564551732384,0.09645663332194816,0.09571964474986994,0.09556040113892046,0.09575798009146738,0.09605341459941413,0.09626370552161134,0.09621530867230595,0.09619598760311071,0.09638230723340585,0.09683374565616472,0.09723295936990187
stat_215,0.15882726949764348,0.06671283143300821,0.10650484661152919,0.0775140432225048,0.10228636513526969,0.09839185263147855,0.10187670363113335,0.10189273569924681,0.10189676342121794,0.10187907482283522,0.10183807889947412,0.10174547851179862,0.10164388254990439,0.10154655914319943,0.10147078674866145,0.10139712758963627,0.10136052373960863,0.10135950882337065,0.10125913975815759,0.1011340500033666,0.10101214572974712,0.10095719085269307,0.10110969441461067,0.10110519272792157,0.1014174477268109,0.10148927442319933,0.10134257906142605,0.10131827785883472,0.1013294483750603,0.10126392534742139,0.10149548509468884,0.1014985996495845,0.10169528925852905,0.10215398421922099,0.10249907523823114,0.10257674655532918,0.10285629475240757,0.10295837852691006,0.10321920148950205,0.10314857950768028,0.10325731852488518,0.10353464476530631,0.10365944414607202,0.10371742990760996,0.10448805965142902,0.10487933057665175,0.10534652844631497,0.10559353916303442,0.10619514538069,0.10668217815972274,0.10700412071064458,0.10693717239549609,0.10693080135711153,0.10698131997855043,0.10696891517155764,0.10712546919768617,0.10707438103016877,0.10656667783161386,0.10627162072313064,0.10619041668536634,0.10578579500163379,0.1047268142286731,0.10423195819549286,0.10376613837830345,0.10366797851566571,0.10335174743535479,0.10269173731719795,0.10147204734003933,0.10138452601377689,0.0995784360590778,0.098250603105087,0.09719136052351789,0.09601356833137009,0.09403733785859231,0.0920378002044619,0.09184450913823278,0.09039314894037298,0.08907246590836902,0.08770594814373436,0.08610004832008064,0.0851767488363451,0.08452751995623134,0.08462195780890353,0.08437633352695376,0.0839187346775259,0.08375756231443862,0.0828932766869562,0.08233142346333601,0.08255298944479782,0.07661053218051105,0.08259463918851388,0.08261142491571291,0.0826222826095813,0.08210606867629838,0.08137691194302908,0.08068507427389786,0.07995153675016654,0.07971496245155064,0.07967684383143452,0.07942751939242221,0.07875963527980921,0.0781998667492063,0.07766608372820825,0.07759757059086662,0.07706667544386858,0.07634901461244684,0.07556639772253623,0.0755012412998007,0.07498236492963321,0.07492114332246386,0.07512245763847206,0.07533655853005151,0.07536936897148387,0.07529091010390267,0.07527693133342536,0.07541831714328115,0.0758028937329195,0.07610102923484777
stat_216,0.37632644947356547,0.16623603870826273,0.21497454718719766,0.16810805263744877,0.22908428591392524,0.20669959314911757,0.22757855714961017,0.22758289275466356,0.22755029155175613,0.22747613354651952,0.2274196279123784,0.2274049895928264,0.2273002816846677,0.2272440620642342,0.22735517711793693,0.22745700140522657,0.2277930422860529,0.22781882433734063,0.22803098977179906,0.228296880296696,0.22864570381935506,0.229326126873224,0.2304131221226491,0.23095847364465524,0.23211819955249396,0.2332131337695744,0.23385858360729506,0.23473278844842044,0.23597012578964566,0.23664009793565305,0.23811561111983767,0.23819906320176717,0.2399557129120678,0.24199250500909356,0.24302344998868117,0.2434845813372741,0.24408867135270626,0.2441596413928473,0.24411115166501188,0.24358059295625656,0.24339796674396796,0.24368315841257032,0.2429143737183741,0.24137969924806246,0.24096920530172605,0.24053250720399322,0.24025385878280406,0.23920045953537394,0.23861773078703147,0.2377606389797058,0.23568093306182256,0.23378210754110937,0.23367708479869173,0.23259896121406604,0.23127205444283727,0.23002417661931432,0.2284438787562288,0.22687551318810206,0.22657398252368027,0.22625206950420199,0.22512665933673634,0.2226321751870438,0.22028179165055295,0.21868754315093122,0.2183613761492969,0.21711620653941888,0.21656720194848014,0.2162316486998384,0.2161581887520125,0.21337738329827438,0.21200067813766618,0.21099253383938033,0.20827042152344571,0.20422093128085458,0.20101704831048478,0.20078600327031804,0.19930191271740805,0.197606291591584,0.1948606657531267,0.19216232688357854,0.19059653810774216,0.19022170560239754,0.19027803863618323,0.18905144375941108,0.18767749612756662,0.18680666021061593,0.18512829684429682,0.1842403318736364,0.18456040455251288,0.16084187321672377,0.18437281098598193,0.1844325878359624,0.18311713932494605,0.18101847095562643,0.17855212837392867,0.1774672253279604,0.17626765044642445,0.17542911971222525,0.17532711835792164,0.17372048088758107,0.1704427924201926,0.1681532578805142,0.16614957549067308,0.16587029651985347,0.16316287511091285,0.1608396757876934,0.1576847213144968,0.15750234298956908,0.1557756433686154,0.15485986684909706,0.15468308116390472,0.1552673356810069,0.15696309200320305,0.15745405760269654,0.157424808878604,0.1577943073848831,0.15815087268753794,0.15897752607513183
stat_218,0.19243946340883192,0.08097298056432026,0.12782884659380278,0.0935462579406073,0.12360174020628212,0.11815519493609666,0.1230646981930266,0.12308253485164802,0.12308648023898412,0.12306515062218759,0.12301905569018644,0.12291622731285075,0.1227990480289236,0.12268757554323266,0.12260681406924948,0.12252837659435177,0.12250261658258282,0.12250246061441969,0.12239795892044276,0.12226824486872469,0.12214848480588217,0.12212116435680122,0.12234768178414096,0.12236458864210632,0.1227626037073325,0.12288911063196828,0.12275076980881057,0.12275837755044902,0.12282570438350031,0.12278310042312916,0.12309413080211329,0.12310011086239177,0.12338287927818194,0.12398504245232161,0.12441088910156083,0.12450818387083999,0.12483276100949962,0.12493443587710792,0.12522457479993096,0.12511095541084516,0.12522351239806692,0.12556131716244873,0.12567796173735873,0.12568263132211369,0.1265309110525071,0.12695941242717373,0.1274858649972844,0.1277209991211812,0.1283695676370282,0.12886952883419958,0.12913787880399574,0.12897470239875677,0.1289624456051727,0.12895511776755883,0.12885290195117724,0.1289404565377274,0.12877775521498375,0.12810603153816336,0.12775305824287922,0.127645491943202,0.12714610529029366,0.1258575978328678,0.12519342779346915,0.12461739656565538,0.12449427353949251,0.12409610412480027,0.12335569057475593,0.12201905546195814,0.12191998523948783,0.1197932981530462,0.11827541898845985,0.11708351425963749,0.11565589298216199,0.1132695319470071,0.11091789684370737,0.11069470713764137,0.10904963365609743,0.10751298520287697,0.10585954389596218,0.10395038312171512,0.10286654752514394,0.10214504534343431,0.10227007634889308,0.1019596600820462,0.1014065300823406,0.10120963287826434,0.10017085529588295,0.09950146520261273,0.09975152711728304,0.09189366444412259,0.09977166328330805,0.09979239337629746,0.09972359044257509,0.09902479522717592,0.09808482777784239,0.09726399409782595,0.09638578963550676,0.09608752791100887,0.0960448289568287,0.09569832418050377,0.09479798515472689,0.0940730529716537,0.09337898953754381,0.09328957156160742,0.09255840511172934,0.09163696202432906,0.09059488724909537,0.09051326899004848,0.08984668842471379,0.08972540110694183,0.08993162842863561,0.09020210982177362,0.09034105542183395,0.09027588309797344,0.09025811083371116,0.0904307506613799,0.09086893956441411,0.09123686398097199
stat_222,0.38571405939238784,0.16823867765121106,0.22678415914582092,0.1757948461835728,0.23750746295998568,0.2142662056039474,0.23582034305353552,0.2358251051212489,0.235802306921902,0.23574236600303672,0.23570012452001166,0.23568042690998345,0.23556725078958324,0.23549112759126886,0.23557713786661488,0.23565830919514583,0.23598773342513993,0.23601157265947156,0.23618805106353685,0.23641517504898235,0.2367540299977493,0.23746768862423426,0.2386654337994338,0.23919454708749646,0.24038959094915638,0.24149063387831857,0.24210353341786353,0.24295869736087086,0.24423843115068414,0.24493874906589114,0.24635572546213266,0.24643045167234442,0.2481248795066456,0.25028521085203626,0.25132971248377833,0.25171291179932465,0.25220547423525536,0.2521180188793307,0.25208945124684257,0.25141010319363005,0.25121698014861166,0.25169455748051467,0.25102027668399396,0.24951619090694152,0.24922897364240193,0.24893849167236717,0.2488859987433477,0.24791762175629228,0.24745464638673462,0.2466346209390527,0.24467465718443523,0.2427833412223902,0.24267622978490042,0.24150703875635118,0.2399709218758322,0.23855030015979597,0.23674458498438372,0.2348244000761917,0.23436409674711065,0.2340182649950193,0.23287198083329136,0.2302752148716183,0.2278938433719578,0.22641002482639389,0.22608772861574453,0.22493454496872814,0.22438869002605125,0.2240349983480699,0.22395668725886392,0.22094159934024418,0.21949935660542377,0.21858119771007256,0.21576238281157675,0.21139764356273408,0.20804503917186543,0.2078026594100838,0.20641732514398112,0.20461005904232712,0.20159221840144886,0.19866320835906373,0.19710482386499673,0.19681122321391425,0.19704931643726786,0.1959669716389045,0.19470739508472057,0.19402773139933552,0.19221907635982777,0.19121444542927724,0.19145834419802715,0.16588621751498567,0.19110582475470747,0.19116149884318054,0.18965702368045464,0.1872310279606352,0.1845330735664592,0.1833236990322649,0.18194226977126268,0.18110793903758557,0.18104116360122385,0.1794693511364754,0.17610108751648076,0.1738083208912095,0.17170211279999575,0.17141749684002153,0.16859667321882701,0.16609081931281255,0.16272976448632376,0.1625359352681927,0.16071276852287683,0.15977749209236353,0.1596157549376985,0.16026017801498074,0.16199633525922336,0.16241118534268462,0.16237258059829726,0.16274238818005177,0.16314578709823693,0.16398249022644454
stat_224,0.083818895752812,0.035643571589498164,0.05401071887055476,0.03982900035039043,0.05322165227632318,0.051338710368155946,0.05305984535354304,0.05306842747394215,0.05306699178762853,0.05305203394255896,0.05302443544471921,0.05297586071983759,0.052923365104035294,0.05287741629797168,0.05284543845987584,0.05281292840700176,0.052796016333821236,0.052796203582849796,0.052754480802042474,0.052700220496507647,0.0526374027389478,0.052596222166206096,0.05264217013118941,0.052645467940666046,0.0528047544604704,0.052841845174321896,0.052771538551983826,0.05276319984642119,0.052753098913821884,0.05270552358629425,0.05284790058824692,0.05285210357961979,0.05297389660980043,0.05318141261455365,0.05336446876438983,0.05342936278722803,0.053616653808297256,0.05372271613438507,0.05386309906394653,0.05387392725085843,0.05393951032198951,0.05403170245785854,0.05407483567621866,0.05410316627677614,0.054490173698816785,0.05465713597356997,0.05483652924111322,0.05494100701790143,0.05522517269095072,0.055473257086472806,0.05559434045378596,0.05554486148670077,0.055541585662557104,0.05559649314836135,0.05566212735792517,0.05580724302805124,0.05586153731968838,0.05572289200821506,0.05562689127270708,0.055591350228996875,0.0553749007099174,0.054830056553407495,0.05456370503353792,0.05425567207251395,0.0541990143934197,0.05398155292136563,0.053619026260071256,0.05296314238774146,0.052917274705923244,0.052018623190068405,0.051316930151093905,0.05070138221604201,0.05008811969952482,0.04912142805732222,0.048079158840028495,0.047977427896381326,0.047144206253413555,0.0464616541030875,0.04581079522913444,0.04501295381869957,0.04450203033620782,0.044115913446187364,0.044102523491931354,0.0439146061875867,0.043621312868003005,0.04346294930430801,0.0430352922625823,0.042769324241816245,0.042917405938591724,0.04034240753143293,0.04299846193877123,0.04300923815914422,0.04308059380485767,0.04291717241449912,0.04260288328083138,0.04226998637574301,0.041936220316129,0.0418038630951763,0.04176896097949739,0.04161655602400929,0.04128063464426372,0.04096958887258309,0.040714201619563635,0.040678109343760496,0.04042738133260291,0.040106148352127495,0.0397595340217654,0.039728376339747615,0.039482350270049274,0.039455758253306585,0.03955971337109116,0.039651226680869546,0.03965458983552386,0.03964674366470118,0.03964321147277023,0.03972185752663153,0.03991387792104923,0.04007556677518424
stat_225,0.2574842005910484,0.10938428889724863,0.16484208033724917,0.12285604549503029,0.16343081545475818,0.15358042007272393,0.16259424994875488,0.16261201703076483,0.1626110539547796,0.16257881417064624,0.16252670280326867,0.1624258416981857,0.16229300609796,0.16217304921891842,0.16211407159080463,0.16205616087659097,0.16209639428747433,0.16210094067964895,0.16203688373117522,0.16195849985868074,0.16191034600661383,0.16202124045851082,0.16246530887059418,0.16258255876359737,0.1631904420610117,0.16351986323702014,0.16350213832209942,0.16366915700600085,0.1639705973571289,0.16405755870686559,0.16461961429244915,0.16463914695383666,0.16522284888369948,0.16619918878518086,0.16680333895323743,0.16696811833099434,0.167375451860846,0.16746085760086224,0.16773931892613173,0.16750709934939426,0.1675820691036347,0.16799625325763598,0.1679860707999617,0.16771400364552538,0.1684784987241757,0.1688340413561221,0.16932545781964414,0.16936297323097868,0.16988738564393469,0.17019780476654633,0.17005447595757786,0.16951670559649404,0.16948337807887315,0.16923770039656622,0.1688286385129766,0.168614309609977,0.16808631483444722,0.16707046374760687,0.16665386166322568,0.16648203256334693,0.16578074057422693,0.1640501801647417,0.1629307696095065,0.16208161426714654,0.16189947235333563,0.16128335521525478,0.16049480142989955,0.15920514274776096,0.15909811522275222,0.15651624371133865,0.15481955596583116,0.15352606930102367,0.15162222623897847,0.14851554047921894,0.14564645739235843,0.14538956248098256,0.14357187019684994,0.14177053107253634,0.13961892007395,0.13724323076471823,0.13591249243098588,0.13517088888248435,0.13533302072900297,0.13482448778263978,0.13405152985782648,0.13372748697314474,0.1323922750082892,0.13156415098487462,0.1318500200575393,0.1193018988093296,0.1318025675874317,0.1318332140045296,0.13147253066378706,0.13033556061178142,0.1289143405617562,0.12790503661800526,0.12680781347090295,0.1263600328590719,0.12630605972598688,0.1256617764770699,0.12413199707414051,0.1229827447891652,0.12190152995717689,0.1217590941904207,0.12048754136517532,0.11911030559302256,0.11743320556101736,0.11731703081353798,0.11631400945219601,0.11599456036446631,0.11614016126450448,0.11652570343808503,0.11704191184906565,0.11707840769243187,0.11705410201223314,0.11729142926775325,0.1177731785580435,0.11828968621164897
stat_226,0.10105848379513027,0.04269611482760743,0.06672502541542455,0.04874269090160923,0.06468622079217032,0.06249009871033846,0.06446822147345314,0.06447886201816098,0.06447946589435384,0.06446475570320877,0.06443420594075158,0.06437330844678378,0.06430799238337777,0.06424789616002276,0.06420204289606207,0.0641565886088793,0.06413051370601287,0.064130064815402,0.06406918890587522,0.06399183972799177,0.06390888759467465,0.06385760410624515,0.0639240461282387,0.06391967730338184,0.06411057854262402,0.06414702806026155,0.06404940858745532,0.06402861793882492,0.06401414242814565,0.06395645423563107,0.06410977125477461,0.06411287065780545,0.06423974639590702,0.064500289307092,0.06471882304720768,0.06478247183021213,0.06498809429743502,0.06509018404307755,0.06526327058087726,0.06525416487984777,0.06533248675131056,0.06547488640709392,0.06554751223450654,0.06559705210140168,0.06609374730766654,0.06632833146714733,0.06659303697405834,0.06674872669342582,0.06712937236257842,0.0674545967507069,0.06765831353981429,0.06762678251057055,0.06762387600242575,0.06768970970700676,0.06774670595280624,0.0679090736313916,0.06795044660748305,0.06771920026340228,0.06756621193296375,0.06752122697859653,0.06726441004209546,0.06660064723751809,0.06629900985044918,0.06596856131925703,0.0659043033778495,0.06567685034916074,0.06523353079363738,0.06441497512607797,0.06435776419001418,0.06322649961354251,0.06235905645335075,0.06162896289727413,0.0608849434039343,0.05967198572723021,0.05839087428244176,0.0582654621351624,0.057274524380455986,0.056428256417504305,0.05560121535972144,0.05460141077852037,0.0539915858479762,0.05353710957675081,0.05355607555140993,0.0533670892236085,0.05304400401901389,0.0528970601182334,0.05236264199911486,0.052021225549222117,0.052185485260042734,0.04890288516916006,0.05225509114174727,0.05226685006234522,0.052332828688265796,0.052087882054370795,0.05168009387578377,0.05125543194499601,0.050818702636750986,0.05066635271472144,0.050632318709526135,0.0504715248566061,0.05007840572027558,0.04972425152563434,0.049412128712805634,0.049370166416952986,0.049071961200643575,0.048662900232576,0.04822851629105795,0.04818968209060401,0.04788594121306805,0.047862582645356776,0.04799906932611123,0.04811962290480249,0.04810652245071492,0.04806891386681387,0.048062520358507076,0.04815448796553194,0.048399627217264214,0.04859009184855421
stat_228,0.30994589823537627,0.13271532703352384,0.19310324023817055,0.1458264258384176,0.19486324364820232,0.18035615157041066,0.19371247562919403,0.1937273960429142,0.19372097355098908,0.19368034792698327,0.19362988498229525,0.19354704568618947,0.19341201816107245,0.19329645634077727,0.1932743239936513,0.19325199343139043,0.19337851903912068,0.19338876164848803,0.19338791623716758,0.19339045818238934,0.19345130064717553,0.19374653561211266,0.1944443228332375,0.19468503976044454,0.19549964681168072,0.1960692016722396,0.1962265664348985,0.19659635367836056,0.19719520216369202,0.1974619150559441,0.19829110845867395,0.19832636625438094,0.1992482799432685,0.20062365984110334,0.2013883699911805,0.20161642411956138,0.20206301120003217,0.20209203049428417,0.20230530328354565,0.20192140244384776,0.20192576231372217,0.20240084861192867,0.20221389010302596,0.20158289366820809,0.2021068908388315,0.20231302660275527,0.20269905455349713,0.20245697366323262,0.20273537479413484,0.20273444379860497,0.20205738386641992,0.2010872822464662,0.2010298286699649,0.20048250560656025,0.19968644507570107,0.19907150675889107,0.19809681059619078,0.19671163135601644,0.19624429685287897,0.19600749719121216,0.1951328687393113,0.19304136359534865,0.19147132456624397,0.19039752707413649,0.19016358031419803,0.18936172595099007,0.1886160762713056,0.18756053729261815,0.18745704282248427,0.18459518089713117,0.18289069286152337,0.18166077315802745,0.17937466676714295,0.17569846413637685,0.17252617522276992,0.17225984105821657,0.1704925544144451,0.16858509655333875,0.16603508623771507,0.1633469535943987,0.16187939939341311,0.16123840132502515,0.16145025499831633,0.16076097507246453,0.15981564844371934,0.1593902844332366,0.15783033587977943,0.15689335301680116,0.15717416106412108,0.13982534228730897,0.15701683847925096,0.1570560632077276,0.15631713246697512,0.15470096790260265,0.15279821312327682,0.1516650320681018,0.15040806136988635,0.1498213718146915,0.14976453549964971,0.14881032161283292,0.14663348118640848,0.1450762540337433,0.1436147104333241,0.14342076569905338,0.1415923702091947,0.13977620742254562,0.13746491967160834,0.13731757386453808,0.13599701261016298,0.13546219866012002,0.13551495994584253,0.13600758127128526,0.13694574073052995,0.1370968932783936,0.13706588918072826,0.1373557392259283,0.13783751764797242,0.13847975073906024
stat_229,0.2221420543236713,0.09538272166045644,0.13786449367674636,0.10382783704396932,0.13946153593016072,0.13139421980695037,0.1388480982602651,0.13886372457979082,0.138856005722311,0.13881725459724584,0.13876053588701565,0.13867371997701294,0.1385611145860402,0.13846798904802757,0.1384323955758975,0.13839458154260714,0.13843359111739925,0.1384389093301538,0.1384055008122342,0.1383609530604809,0.13832278211464014,0.1383955428938001,0.13871183355109,0.13882567365806195,0.1393405111826745,0.13962668354614086,0.13963044232666452,0.13978913332421466,0.14002603620889645,0.14008187650923318,0.14061637671551,0.14063916022851586,0.14119348847569596,0.14197819815321427,0.14250439081212932,0.1426988161550703,0.14312982778062608,0.1433057556528659,0.143542448857414,0.1434327379448091,0.14350800782399406,0.14375376028206327,0.14368812855498225,0.14343331206865806,0.144038469970219,0.14426056795059577,0.1445470330826898,0.14452542661555978,0.14491200508298108,0.1451659556532795,0.14495696338899106,0.1444753133570918,0.14444733024179648,0.1442994507019949,0.14409796679803633,0.14404754230016886,0.14376138127246127,0.14313451133361038,0.1428839283161826,0.1427507202156485,0.14214286647487087,0.1406786343823491,0.139716138644491,0.13887370358689363,0.13870872036700502,0.13808817120302283,0.13737196894470668,0.13621374367822092,0.1361209673919346,0.13398765519134237,0.13251040438560102,0.13127751673392707,0.12965262050129367,0.12711720845409996,0.12466044899694548,0.12443835079247935,0.12273337754542549,0.1212031878501871,0.11948221765780183,0.1175267646228825,0.11633344525289427,0.1156095593079391,0.1156264293997635,0.115074144348666,0.11430559486854283,0.1138809441804621,0.11278545346536649,0.11213125434197334,0.11244025817833526,0.10274609997783772,0.11251662557418333,0.11254677263062292,0.1123675249624709,0.11159976643914102,0.11051117934345304,0.10969933504354765,0.10885103070926518,0.10845221443309344,0.10837828906165459,0.10778881863275769,0.10651144983022859,0.1054993828843641,0.10462271554941976,0.10450113567977387,0.10347319255288671,0.1023983322586288,0.10108765026597606,0.10099373588310447,0.10018545438504947,0.0999291970114176,0.10005780416670676,0.1003503958441284,0.10075183212801855,0.10083613834432369,0.10082203017021628,0.10103313675632622,0.10143407214827106,0.1018851443234786
stat_230,0.15202853590184406,0.06409333655338932,0.10133434555178485,0.07387998261407468,0.09762508827104409,0.09376624092976292,0.09722846089273435,0.09724332607162735,0.09724639008314316,0.09722870910055735,0.09718974432234616,0.09710408577154091,0.09700889766617496,0.09691859168992183,0.09685075179243835,0.09678467684883107,0.09675606298114173,0.09675555324087556,0.0966669273479583,0.09655652095241699,0.09644995612242588,0.0964096915168992,0.09656554020950579,0.09657088183318327,0.0968765281688193,0.09696128067813126,0.09683906576152665,0.09683321168997576,0.09686577166921131,0.09681820612294219,0.09705968232961446,0.0970643743739733,0.09728041586998137,0.09773708117471469,0.09807206299645521,0.09815413127732987,0.09842334411367484,0.09852101505135474,0.09875655258754668,0.09868440470390907,0.09877972481783029,0.09903393032033245,0.09913014864642247,0.09915251211383416,0.09984702133134403,0.10019487714897271,0.10061436031475958,0.10082255467207568,0.10136544041448561,0.10180200131446507,0.10206977144079152,0.10198400993777183,0.10197688035846986,0.1020131963863069,0.10199114979315481,0.10212754638876777,0.10206874350569395,0.10158559587362859,0.10130940967631458,0.1012309207908902,0.10084270374487297,0.09983145227223066,0.09934867993572476,0.09889756140531128,0.09880289627032392,0.09849517526034247,0.09787173961374984,0.09672703420624555,0.09664460240903752,0.09493462727628657,0.09368292412332059,0.09268379761239265,0.09155887769723801,0.08967974239498347,0.08778590807656704,0.0876037621014504,0.08623674717236396,0.08499305517231612,0.08369596396431161,0.08217756489132404,0.08130217501792816,0.08069625571618559,0.08078077410764847,0.0805330461454402,0.08008813645725861,0.07992270809657538,0.07910273480818637,0.07857331253700259,0.07878418627575821,0.07302034696811739,0.07882327380904149,0.07883971884641622,0.07883505998380459,0.07833491076372792,0.0776312066212766,0.07697776962928578,0.0762851449914981,0.07605503518207782,0.07601788240952759,0.07576611969802366,0.07510889295388415,0.07456328070388728,0.07404687379118892,0.07398030705634724,0.07346129986452725,0.07277252255191256,0.07201761714084476,0.07195529670403882,0.07145739980785754,0.07139462237160747,0.07158326956577242,0.07178749133831598,0.07182779915075,0.07175818866676971,0.07174495945849735,0.071880320032631,0.07224358342685257,0.07252919433393187
stat_232,0.16747883953152704,0.07053915862624922,0.11146450799867147,0.08140460435167761,0.1075757053703113,0.10318569208813316,0.10713109997461985,0.10714726738836354,0.10715065865872571,0.10713140457684807,0.10708917068530521,0.10699599905100751,0.10689182800990912,0.10679292656807331,0.10671925063189501,0.10664752584994394,0.10661817211289805,0.10661770838301615,0.10652157258667241,0.10640186151114388,0.10628741791902092,0.10624774412865046,0.10642542419896486,0.10643305550003039,0.10677187967115494,0.10686855555545409,0.10673634611683769,0.10673199678811782,0.10677202948114739,0.10672235460429057,0.10698790969223736,0.10699293891042849,0.10723055915515904,0.10773750565957575,0.10810651703434326,0.10819468852668818,0.10848739545384742,0.10858994751989391,0.10884895963894607,0.10876479077578857,0.1088687868787703,0.10915358225173244,0.1092605454927604,0.10928270737717599,0.11004427963407049,0.11042667665982642,0.11088937508830984,0.11111370236187199,0.1117042121798087,0.11217385150917826,0.11245234023881844,0.1123444493562514,0.11233579917646244,0.11236306280900525,0.11232138471510268,0.112451191123612,0.11236525051495948,0.1118200583259273,0.11151613850990112,0.11142766289315247,0.11099766729684685,0.10988127248814161,0.10933504155758654,0.10883481551606396,0.10872944827128672,0.10838642812224243,0.10771214805956206,0.10648022514741019,0.10639077026688801,0.1045172815022935,0.10315474479029182,0.10207088655881104,0.1008304298484626,0.09875885265610862,0.09668308187371397,0.09648412488181791,0.09499716188651475,0.09363533786609106,0.09220367416688992,0.0905333248337325,0.08957395516983697,0.08891591999904186,0.08901313579195579,0.08874105999296962,0.08825302944054303,0.08807334553283844,0.08716972771077731,0.08658658549123742,0.08681528354691315,0.08033357385579071,0.08685198986875636,0.08687009225072863,0.08685118021452548,0.08628569842373902,0.08549941330756444,0.08478100532123571,0.08401766205132806,0.0837625215575738,0.08372250245663418,0.08343857424595952,0.0826981731034547,0.08208818375493522,0.08150934214565822,0.08143466735126065,0.08084406081820567,0.08007320662312242,0.07921966228709272,0.07915031992268184,0.078592402069481,0.07851183317284269,0.07871060332373771,0.07893837666794136,0.07900672826870861,0.07893712723834859,0.07892236917614628,0.07907200941863325,0.07946626798928846,0.07978290391585348
stat_235,0.2772530029413944,0.11845752983774904,0.17445783377806331,0.13102664286828913,0.17489975306441305,0.1632450049225151,0.17395512005307354,0.17397152287889614,0.17396710673158725,0.17392983586269825,0.17387707418418968,0.17378506380727832,0.17365305155786148,0.1735379790039931,0.1734979767117811,0.17345799221686942,0.17353563590038937,0.17354281489110787,0.1735103220445801,0.17347158012070718,0.17347171534061165,0.17365749202967706,0.17419545065240405,0.17436723522107295,0.1750563290106004,0.17548711699717184,0.17554981962280877,0.175806617082686,0.1762317644011144,0.17639414334208522,0.17707628216133656,0.17710362209960637,0.17783968494814992,0.17897109176076256,0.17963952342021627,0.1798398545203034,0.1802729484784959,0.18034969256798639,0.18059364035017703,0.18031234106101016,0.18035611774524973,0.1807719975090911,0.18067264912923428,0.18024076774029318,0.18087927736195863,0.18115032667238837,0.18156649345900255,0.18147305511237785,0.18187435928314336,0.1820455175236985,0.18166215838920563,0.18094354502228643,0.18090045996325313,0.18054006208549045,0.17999592443396847,0.1796363105532143,0.17895200885475399,0.177828585381775,0.1774108206096737,0.17721557130759916,0.17644758558904866,0.17458576161255965,0.17328838664906507,0.17233652925539675,0.172133189361949,0.17143159364211197,0.1706623647118929,0.16947504576612352,0.16937039250915886,0.16670894300841863,0.1650226352343046,0.16375009108748834,0.16170585500073392,0.15841097080539637,0.15544441905108652,0.15518598583047608,0.15338646671154577,0.15156231842004236,0.14928461114649552,0.14681550426914736,0.14543339180701056,0.1447299200000552,0.14489164488957162,0.14429232444958182,0.14343697908055714,0.1430488704000778,0.1416410013355799,0.14078510321943752,0.14107607001862796,0.1267936655022438,0.14100128873997658,0.1410358886763666,0.14053851925321809,0.1392426507645954,0.13765232247425535,0.13660963747581908,0.1354706855627536,0.13496642313460921,0.1349076206268686,0.13413298758740583,0.1323507853770595,0.13103745195043304,0.1298148025944526,0.12965225124458035,0.1281691393717783,0.12663718569522406,0.1247297971872722,0.12460254003957617,0.12348405685829772,0.12308057187522715,0.12318686255377502,0.12360800202278956,0.12428890341988018,0.1243802296293727,0.12435430776955388,0.1246123501258015,0.1250879098533525,0.1256530711037192
stat_236,0.3901395607936585,0.17075880482355865,0.22764841015322004,0.1769465783658713,0.23947039880071516,0.2155485656521016,0.23775173629872381,0.23775521043756995,0.23772988368886833,0.237667071937574,0.23762503771647334,0.23761344860816316,0.2375047225066896,0.23743573709593324,0.23753590064800081,0.2376303960060034,0.23798143314767167,0.23800683285253035,0.23820601532140326,0.23846149750470863,0.238831860034409,0.23958697770045218,0.24082465613849435,0.24138581780521784,0.2426126070824215,0.24376887903722494,0.24443705127536722,0.24534787883802675,0.24669940896956627,0.2474472054816843,0.24893203700271252,0.24901206738831674,0.25079778312880824,0.2530281640527202,0.2540966056615605,0.2545040453207281,0.2550064754720149,0.2549181651656974,0.2548530984226159,0.25415483417281415,0.2539371528402862,0.25439061006921115,0.2536484178235828,0.25204113810950934,0.25163747582271606,0.2512725439700651,0.2511445463316699,0.25008840720795594,0.2495293494835681,0.24861698786242736,0.24651810944366273,0.2445404740838053,0.24442900652314942,0.2432094247369488,0.24162336661675132,0.24014295175671088,0.23828283315879645,0.2363490515837595,0.23590471706478824,0.23555216048173055,0.2343884157111619,0.2317673789017916,0.22932444675116478,0.22780261357410578,0.22747362407812038,0.226287442368952,0.22576450072660656,0.2254845729359272,0.2254097616212692,0.22241952030110748,0.2210211072578128,0.2201368350690262,0.21729177440354527,0.2129139859429882,0.20958221371107974,0.20934550914439357,0.20800768977954404,0.20623814510430466,0.20321746596023538,0.20030819532024519,0.19875433216933597,0.19849905627400588,0.19872254023999852,0.19759191526368974,0.1962980262775695,0.19557895249281695,0.19376989037174033,0.19277716430857905,0.19302066215545677,0.16691873649337277,0.1926623899937532,0.19271979446260254,0.1911561463364414,0.18868664482556946,0.1859420209561504,0.18474500175117997,0.1833767089105188,0.18252165906033224,0.18245161454701628,0.18082201542573553,0.17735965803596415,0.17500779373715733,0.17285870007106668,0.17256732806253006,0.1696752685774722,0.16713214090366438,0.16370691576392135,0.16351073663570678,0.1616585736832386,0.16069320199359013,0.1605117167223627,0.16116201824712745,0.1629587716931058,0.16340133393169554,0.16336290981915516,0.16373788653551952,0.16412778822067375,0.164976798781661
stat_237,0.34293720968015184,0.14809854027238376,0.2081733731080265,0.15905176330825133,0.21359468374194315,0.19547496191761926,0.2122224385635402,0.21223347525265465,0.21222036013684548,0.21217147330311717,0.2121235653758946,0.21206499445763444,0.21193739338752232,0.2118365809351222,0.21185742339982763,0.2118761553771328,0.21208438960316395,0.21210014613741002,0.21216998959518235,0.2122619733621321,0.2124335230015207,0.2128966546289404,0.2137974067436872,0.2141546945413069,0.21512735701718522,0.21591235926734006,0.2162513991863691,0.2168165721143309,0.2176890587251489,0.21812862701382374,0.219198922600563,0.2192502321466507,0.22048689105541308,0.22218337361648344,0.22306612898897688,0.22335909477852112,0.2238307769654786,0.22381731189557122,0.22393750354765773,0.22343594069877493,0.22336285557106322,0.22384067158164941,0.22345836125915375,0.22247647169888182,0.22268447975063277,0.22269466706358199,0.22290820927162108,0.22237555011786353,0.22236191633657224,0.22203606635413667,0.22084145439459682,0.2194953919303805,0.21941764092076624,0.21861846789005696,0.2175221649996356,0.21658133740184699,0.2152672802327205,0.21365891980042298,0.21319204363724734,0.21290960813402038,0.21191838156567835,0.2096066355182036,0.20769678326137347,0.20644744511449445,0.20617585096269095,0.20522452623916795,0.20455313177765486,0.20377109846504995,0.2036768660428875,0.20073084422932136,0.1991168907044081,0.19799931645614915,0.19548041033299143,0.19149891799859398,0.18822694471733006,0.18796780949011274,0.18633464276285988,0.1844499667029805,0.1816927850588212,0.1788856928258801,0.17736753043147546,0.17685671651969448,0.17707852981891822,0.17622459240776794,0.17514363216887302,0.17461046536603855,0.1729381919481632,0.1719666630331363,0.1722368052307981,0.15146226775378216,0.17200291438328283,0.17204910887706512,0.1710016701398098,0.1690520342866814,0.1668172227566143,0.1656444709809701,0.1643281682599152,0.16363719567000415,0.1635754547457535,0.16236554950254786,0.15969349092553217,0.15782762427884697,0.15609553457524292,0.15586352508241366,0.1536212142194715,0.15151336826112236,0.14876051887423722,0.14859325857749447,0.14705923112318908,0.14635776617386198,0.14632357801568482,0.14688124915012593,0.14815046206577445,0.14841032333628257,0.1483760728709537,0.148700633880988,0.14915414120671885,0.14988022751668986
stat_238,0.3092450071788942,0.13239786929539396,0.19282479905891578,0.145558322458224,0.19446757863902994,0.18002746978127487,0.19331947751005998,0.19333444562000887,0.19332822988839,0.19328791429776448,0.19323760821032313,0.1931544362227953,0.1930193502674399,0.19290348698028967,0.19288048909926614,0.19285737320731947,0.19298251435445624,0.19299264736034502,0.19299044221130818,0.19299134940114024,0.19305051356964634,0.1933434962047186,0.19403889143924732,0.19427769242252202,0.195089664325017,0.19565597570144228,0.19581076585375584,0.19617775296974724,0.19677332873662448,0.19703825162455108,0.1978634483455118,0.19789843350868375,0.19881568640927447,0.20018732161271924,0.20094995608557129,0.2011764961956437,0.20162118563361725,0.20164912349763944,0.20186286206134355,0.2014792373958828,0.20148409585971822,0.20196002238691282,0.20177584194871767,0.201149348976231,0.20167700394206436,0.20188646701977933,0.20227625801719648,0.2020390787003304,0.20232243333013572,0.20232673499676962,0.20165986953013354,0.20069711088209674,0.20064003790582893,0.2000966587011102,0.19930442813082025,0.19869417672162465,0.19772422101379278,0.19634042514905128,0.1958716250723107,0.19563560874264907,0.19476360298406883,0.19267664044905275,0.19111403467175891,0.19004568976655337,0.18981269564431202,0.18901543128415702,0.18826869026318688,0.1872080645637716,0.18710439965222148,0.184243472163292,0.18253775461322277,0.18130767053958607,0.17902648609874983,0.17535523705927564,0.17218566447115166,0.17191930633166125,0.17015232558263318,0.1682451197149471,0.16569803446245376,0.16301206658591533,0.16154686333171392,0.16090549144353455,0.16111877703397962,0.1604340645996683,0.15949288738978265,0.15907153150124248,0.1575135341476357,0.15657684298696642,0.1568567561668303,0.1395630149395676,0.1566990830618372,0.15673812088088815,0.1560027756635171,0.15439010473107925,0.15249213140942086,0.15135930895798666,0.15010255839934059,0.14951815013164046,0.14946181319057264,0.14851308833733468,0.14634576226618404,0.1447953441673689,0.14333883344842485,0.1431456936455335,0.14132536652602584,0.13951415880690887,0.13721102601968047,0.13706404977820222,0.13574762897553236,0.135216471155986,0.13527129865754997,0.13576294758672186,0.1366939151237647,0.136841823742223,0.13681079899422868,0.13709976844822458,0.13758241808449195,0.13822265441936615
stat_239,0.25420583276702147,0.10784080364690023,0.16384075046720303,0.12172429246957778,0.1616584478130468,0.1521006636977483,0.16082885605278532,0.16084683995826946,0.16084722335945992,0.16081702770686257,0.1607662659103018,0.16066377365684487,0.1605305178746566,0.16040854670339424,0.16034461457544905,0.16028229631080038,0.1603156669443075,0.16031961693918154,0.16024789183231222,0.16016044261591428,0.16010396365114002,0.16020500178764366,0.1606406565013484,0.1607478713635929,0.16134350296781869,0.1616567409586714,0.1616249589956259,0.1617770009747348,0.162062360778862,0.1621403785936386,0.16267975842908952,0.16269760339674363,0.16325451197906365,0.1642134114608986,0.16480706966117573,0.16496184609894046,0.16535716283544136,0.1654337535696945,0.16571614743335197,0.16548230194863456,0.16556009352635392,0.16598361987854482,0.16599089126708647,0.16574348674950787,0.1665303157233915,0.16690671009691335,0.16742353835796955,0.16748787815459487,0.16804002867288137,0.1683766112781561,0.16828690381020658,0.16778531515564793,0.1677537674915073,0.16752331416413366,0.16712364886436237,0.16692361269665304,0.16640778067043605,0.1653829583310566,0.16495274464690854,0.16478365408747325,0.16409485654516642,0.16238388701969725,0.16129922837643237,0.16048288602696972,0.16030576970588184,0.15971727070354155,0.15892560553646282,0.1576143563177481,0.15750653816378968,0.15492322243400308,0.15322166519160654,0.15193438785868177,0.15005265591346093,0.14696082340615244,0.14410362926191744,0.14384668058675143,0.14203821797214863,0.1402367113090621,0.13809155131017492,0.13572110250146746,0.13440372566402217,0.13366453798907937,0.13383971122165383,0.13335873226274803,0.1326107632832787,0.13231361291986635,0.13098434185590013,0.1301541379665749,0.13043257036867761,0.11807546591652686,0.13037732680852065,0.13040689270864625,0.13005618610414973,0.12892392898237456,0.12751733000125567,0.1265066545672202,0.12540535721053092,0.12496877228278264,0.12491861112568087,0.12430140746997614,0.12281302930096435,0.12169654186520894,0.12063532410305482,0.12049655053315297,0.11925825346793427,0.11789700977650927,0.11624923243803456,0.11613438010991357,0.11514703980952501,0.11484351800762442,0.11499873688329432,0.11538239211815059,0.11586753404375182,0.11588543239720851,0.11586058561930003,0.1160933742603478,0.11658003609577634,0.11708682469277235
stat_241,0.1576760379512986,0.06642654809507158,0.10506261858645007,0.0766457602379518,0.10128410798222263,0.09726577301258356,0.10087293860655601,0.10088837560869843,0.10089157053016347,0.10087323763878929,0.10083279258885314,0.10074383498136502,0.10064501858537703,0.10055124428273372,0.10048069962137594,0.10041197455710138,0.10038198000699952,0.10038142886693766,0.10028910732162385,0.10017402678454713,0.10006277760821335,0.10002000397449606,0.10018070448220773,0.1001853640122201,0.1005017133271028,0.10058794246955326,0.10045913418101378,0.10045095513004033,0.10048183459375819,0.10043038576338766,0.10067805367264517,0.1006826761058526,0.1009025925858015,0.1013733534301039,0.10172003394733778,0.10180396200172132,0.10208301510624058,0.10218445978072503,0.10243104687866496,0.10235707722242506,0.10245735040256986,0.10272260219202949,0.10282583362957959,0.10285372047148657,0.10357951072418567,0.10394319864963858,0.10438085048069384,0.10459906820605876,0.1051641550615855,0.10561805502952705,0.10589565459769716,0.10580559669605581,0.1057981257096275,0.10583476783045363,0.10581063209649151,0.10595005432032041,0.10588683829921011,0.1053855996929702,0.10510022784437334,0.10501856151437831,0.10461523880625384,0.1035657264553664,0.10306181072352255,0.10259164301212251,0.10249306674041715,0.10217171379646164,0.10152720025609768,0.10034495751772349,0.10025967718030314,0.0984881132428878,0.09719178972969979,0.09615642673215484,0.0949891870753638,0.0930402397843361,0.0910763942272805,0.09088754018289712,0.08946968914479947,0.08817942064033092,0.08683377489281567,0.08525817452550095,0.08434962844949598,0.08372010859425763,0.08380793307417189,0.08355140572878612,0.08308999962234731,0.08291854494614943,0.08206776299896626,0.08151834654100833,0.08173720360411091,0.07574911196277216,0.08177790199351928,0.08179495571213763,0.08179054869897888,0.08127192200580548,0.08054189747365519,0.07986420053538021,0.07914585603276189,0.07890706167735015,0.07886844880008999,0.07860681347348031,0.07792360236475011,0.07735605186976811,0.07681911900024839,0.076749824463957,0.07620839262725176,0.07549242566217572,0.0747057141589777,0.07464095882534606,0.07412270538618684,0.0740548752842002,0.07424826894145387,0.0744603740562421,0.07450780797895724,0.07443802257947175,0.07442434347027596,0.07456502494379555,0.07494038025916777,0.07523733611654523
stat_242,0.0737931937729882,0.03159129857349009,0.04642104353795397,0.03455785076191636,0.04647482824270588,0.0446804742501558,0.04634125963149197,0.046348415836103135,0.046345568627315155,0.046330342375096006,0.0463048317487766,0.046264796095065584,0.046220653689147954,0.04618401836277053,0.04616193483097531,0.04613870829752949,0.04612992174667423,0.046130656714182386,0.046102917535724784,0.04606567477424659,0.04601880289087998,0.04598905272368345,0.04602831639658757,0.046039655031128904,0.04618336789198409,0.0462268731230968,0.04617881976363348,0.046183691777709625,0.046184037854201006,0.04614769326498338,0.0462894017307832,0.04629470629317876,0.046421511677513676,0.04660431853653142,0.04676805921596774,0.04683524940362666,0.04701128618281809,0.04711826836214613,0.04723544157064952,0.0472552263733126,0.0473105458855836,0.04737159723533075,0.04739098996627662,0.04739627752050047,0.047705164678826566,0.04782431274453421,0.04794580028907531,0.04801004416070452,0.04822527909554409,0.0484152549865464,0.04847013325905836,0.0483988522104665,0.048394758532657164,0.048434696236813984,0.04849501008372986,0.04861756598681988,0.048667267061492644,0.048576486724567956,0.04851481569114743,0.04848364747451201,0.04828957762771618,0.047813625733551114,0.04755958724467722,0.04726297129682654,0.04721022452714487,0.04699662874700985,0.04668860799622703,0.04614549849625787,0.04610715451162863,0.04535289178301737,0.04476003145865459,0.044222888138237416,0.04368599574543357,0.042865244086038166,0.04197232717781237,0.041885946803905005,0.04115935982014482,0.04058159330370485,0.040035318043336765,0.03936168980312292,0.038912980900704004,0.038575264551026174,0.038542901772300506,0.03835219207160436,0.038075113228399744,0.03790802179566706,0.03754447739314554,0.037324863355319135,0.03746169201770077,0.035217080355085015,0.037546549988305686,0.03755685725187129,0.037621129723634954,0.03749701591107985,0.037230471302815614,0.036954174120178145,0.036682983207200176,0.03656042838045404,0.03652525226601957,0.036370955307718826,0.036055812664004115,0.03576334066401791,0.03553495988353268,0.03550143982330531,0.035267053921348816,0.034990639658395974,0.03468339532711821,0.034656385846753804,0.03443929585298086,0.03440494508498379,0.03448526967690613,0.0345612499989056,0.03458652483314766,0.03459983663103921,0.034597867917439906,0.034668893486782995,0.03482630309428777,0.03497201012634337
stat_244,0.1736081123570144,0.07297278226567014,0.11586855304118701,0.08456012593831694,0.11166999836996817,0.1071512753206366,0.11120949921704347,0.1112264593658179,0.11123040097648326,0.11121090195295764,0.11116715916822793,0.11106930434229739,0.11096040519873773,0.11085651605954121,0.11077791957607318,0.11070148466642686,0.11066819208553516,0.11066749033872264,0.11056425017919636,0.11043567094861101,0.11031237594754266,0.1102658051124963,0.1104461518972234,0.1104492879866785,0.11079736959342847,0.11088971055790407,0.11074334114656255,0.1107298129769083,0.11076024797292468,0.11070100052249897,0.11096515567441059,0.11096938594812525,0.11120009780113899,0.11171650479701135,0.11209637466601084,0.11218293326333777,0.11248462464061473,0.11258994034812138,0.11286629291975665,0.11278068197964727,0.11289319473507213,0.11319562855891334,0.11331962651520026,0.11336035634223456,0.11417254089444301,0.11458316236511909,0.115077874870629,0.1153243594921229,0.11595224164800065,0.11645196708908172,0.11675795037266201,0.11665417323250944,0.11664554541783455,0.1166767179637988,0.116633987289348,0.1167699503483404,0.11668010495588242,0.11610959646981169,0.1157912785602697,0.11569940116106125,0.11525350533942419,0.11409431211840651,0.1135289146976883,0.11301243414271939,0.11290331099760807,0.11254954399928259,0.11184962114420123,0.11056849174089582,0.11047542040635976,0.10852611650589483,0.10710803537198463,0.10598137672447096,0.10469388952786263,0.10253943859638649,0.10037997749206974,0.10017269030420238,0.09862470608406375,0.09720443283827367,0.09571392540467187,0.09397324808415655,0.09297557931320503,0.09228760293336008,0.09239249800534684,0.09211741341483352,0.09161581903187771,0.09143637614921853,0.09049563924188893,0.08988663608370269,0.09012335052101572,0.08340807069294465,0.09016009353008163,0.090178652193682,0.09016338875588475,0.08957659167875423,0.08876166166024171,0.08801282652758577,0.08721665657726893,0.08695359599153095,0.0869126516050057,0.08662328619602787,0.08586060778732924,0.0852308805229062,0.08463094227552315,0.08455367248476953,0.08394184265599491,0.08314034054568853,0.08225241472097436,0.08218031500864845,0.08159996239267592,0.08151543657815087,0.08172110107629134,0.0819583952233283,0.08203124959455807,0.08195824123547979,0.08194281566768889,0.08209807792600389,0.08250762083476859,0.08283630119996863
stat_246,0.14768875301437237,0.0622486458532309,0.09835789950255135,0.0717400680056629,0.09483960500831597,0.0911806334310227,0.09446368190514025,0.09447833393241069,0.0944811408999069,0.09446349465875384,0.09442470757700465,0.0943403310002918,0.09424718878859445,0.09415906415099135,0.09409238620384049,0.0940273080654318,0.093997299093228,0.09399672105942991,0.09390924968378768,0.09379998633151171,0.09369280378767376,0.09364739930317625,0.09379046798254814,0.09379290660491227,0.09408664730971986,0.09416317929294239,0.09403905314459253,0.09402800325181553,0.09405015982097287,0.09399722449977016,0.0942280711803752,0.09423241887435917,0.09443586109551312,0.09486947067635297,0.09519359191458984,0.09527409453086721,0.09554034115553899,0.0956420286344619,0.09587556942422047,0.09581311289926323,0.09590951924512439,0.09615302340483703,0.09625097129437614,0.09628326034101709,0.09697000856599404,0.09731204228699221,0.09772049171160806,0.09792969709056382,0.09846517267352532,0.09889991080642509,0.09917023706126296,0.09909464356484814,0.09908820717296926,0.0991332661629073,0.09912738951135332,0.0992758901501025,0.09923607097362477,0.09878412757058182,0.09852091441433228,0.09844619186812402,0.09806945157345363,0.09708838921438112,0.09662456940326533,0.09618100397949815,0.09608886845218677,0.09578598068885333,0.0951734563791768,0.09404689172718202,0.09396614965207677,0.0923034161681293,0.0910777265703818,0.09009210852670527,0.08899966951195276,0.08717943256233042,0.0853324205406156,0.08515421743879656,0.0838071555041829,0.0825923141697955,0.0813374016538195,0.07986141866898916,0.07900453705113569,0.07840395214870993,0.07847980483314435,0.0782361647069578,0.07779953510115052,0.07763297707394357,0.07683753811116097,0.07632420065877203,0.07653391110697408,0.07105221542946362,0.07658043749016302,0.07659652322207759,0.07660735808641372,0.07613911969482776,0.07546780566309705,0.07483350398514994,0.07416360537825062,0.073940781820027,0.0739030479145103,0.07366181684967153,0.0730346002077166,0.07250781400432818,0.07201307967845558,0.07194902028072163,0.07145572441898286,0.07079648098488639,0.07007737370998875,0.07001733855895735,0.06953927277168954,0.06948266415383371,0.06966880801878252,0.06986429745540032,0.06989403952704025,0.0698270985359581,0.06981468516111054,0.06994653621824255,0.07030099590388872,0.07057847624796734
stat_247,0.3090143289792503,0.13616664170969603,0.18059004564760572,0.13931044340586377,0.1893136267491313,0.17378793121879238,0.18826412747397697,0.18827440444526883,0.18825058878565656,0.1881877177138885,0.18812462743551475,0.18807320678311001,0.18796255291788605,0.18789062469248718,0.1879373009007678,0.1879767915837831,0.18817426171214374,0.18819105158746216,0.18829526076307743,0.18842311308045945,0.18858949088886792,0.18897434182590214,0.18967435181406184,0.19002526557331428,0.19088885786664686,0.19161216023292899,0.19196802405552488,0.19252051772250464,0.1932878438930843,0.1936660580316587,0.1947450912122329,0.19480439184727594,0.1960494676302583,0.19749606118603225,0.198307479776942,0.1986805602896775,0.19925672691616744,0.1994353269785822,0.1995143807372527,0.19922340384075943,0.1991631275890591,0.19937020868883942,0.19888783354648792,0.19792311187800826,0.19796247919041676,0.19779456293245135,0.197721279766461,0.1971300390381412,0.19698956170352389,0.19666629126119659,0.19545020644193803,0.19421921494105404,0.19415116748199512,0.1935460895343044,0.19281685747654337,0.19219941033217997,0.19129960441779445,0.19025391824663526,0.1900062038682667,0.189776853376509,0.18888309767211664,0.18685367378392298,0.18514900925922742,0.18385924212649513,0.18360399353969376,0.18261616206662235,0.18195054411910794,0.18116054315091887,0.18107454252075342,0.17857401775107568,0.17709868611191165,0.17590204275195587,0.173668962994847,0.1703297649562177,0.1674222338869698,0.1671890259887972,0.16549738122520416,0.1638487282047884,0.16160309699457048,0.15924894089445613,0.15781157483429745,0.1572176744100457,0.15720150824606918,0.15623275377898516,0.15508462664964745,0.15435597863239453,0.15294992931731474,0.1521808632042103,0.1525306023677603,0.13570677583542148,0.15252100392259693,0.15256897031269603,0.1518475265015159,0.1504513681177207,0.1486692676589296,0.1477171067577374,0.14670319546275953,0.14605848328511462,0.1459569870571114,0.1448065311150088,0.14246829842784323,0.1407573410064014,0.1392917013503168,0.13908545830518632,0.13718292151949013,0.1354689084430447,0.1332102181659161,0.1330698133564584,0.13178088425116402,0.1311821910010461,0.13115780787919115,0.1315977782867491,0.13266579082265037,0.1329794149933758,0.13295923322647835,0.13326042057645535,0.13364515101095872,0.1343052993067868
stat_248,0.18776082108112127,0.0791483931693017,0.12450722280798325,0.09112912398836626,0.12045487085532641,0.11509757595845382,0.11992797508086471,0.11994515016738334,0.11994869237736917,0.1199276327889639,0.11988289361376615,0.11978395924278575,0.11967059054473246,0.11956309174664088,0.11948638266098727,0.11941186399605908,0.11938978090451816,0.11938983966374411,0.11929132600278539,0.11916918574212328,0.11905740982577574,0.1190372933333768,0.11926406745922538,0.11928555263079266,0.11967757868275122,0.11980968113197844,0.11968460626397175,0.11970170458472816,0.11978019892147422,0.11974767848092416,0.12006237379061513,0.12006916715579409,0.12036126263385526,0.12096017900315417,0.12137849623775974,0.12147763389134213,0.12179446280681812,0.121892505409248,0.12216692365914752,0.12205226136843293,0.12215661190062134,0.12248062006427257,0.12258109498011927,0.12256635995223959,0.12336995820761776,0.12377415443687238,0.12427423540503676,0.1244894950756637,0.12510647809096948,0.12558048887566525,0.12582561405268516,0.12565827341832062,0.1256459407984004,0.1256342285328432,0.12553047523899488,0.12561134531631737,0.12544955960421414,0.12479406639746268,0.12445062192864702,0.12434551705674794,0.12385857430292811,0.12260292096305093,0.12195415405501048,0.12139271815951402,0.121272706806446,0.12088463971345112,0.12016398979392012,0.1188650216268037,0.11876872718232154,0.11669929583931919,0.11522473018219291,0.1140679310589141,0.11267647159365307,0.11035251121527254,0.10806609969867159,0.10784949580840233,0.10625482631372321,0.10476445388054749,0.10315525318733124,0.10130057248230064,0.10024765024842335,0.0995520744902177,0.09967231934299886,0.09936445093414946,0.09882247653187512,0.09862640730986337,0.09761599818350042,0.09696640970700408,0.09720929241163491,0.08951314396676731,0.0972276196218349,0.09724798409041559,0.09717305261333715,0.09648707242502651,0.0955667375242416,0.09476911358874922,0.09391550543222808,0.093623206410092,0.0935815550463123,0.09323877259308189,0.09235413018327804,0.09164453444921053,0.09096603867881439,0.09087862703314531,0.09016337619056626,0.0892644755887571,0.08824819860182202,0.08816866571577872,0.08751926007502792,0.08740166836976565,0.08760330312898615,0.08786683566726966,0.08800101986881466,0.08793709117972852,0.08791973390413431,0.08808786094760894,0.0885148143112215,0.08887313929400197
stat_249,0.12923813405150583,0.054570378755790266,0.08589178102276251,0.06263517106363994,0.08287814741544668,0.07976785967868995,0.08255924625058854,0.08257217621865126,0.08257419894928969,0.08255798391659465,0.08252301605834896,0.08244867832430111,0.0823670007113495,0.08229027988742318,0.08223242627330209,0.08217577765844415,0.08214885569933902,0.08214839508115293,0.08207258223271187,0.08197760852459407,0.08188279015644606,0.08183965617991237,0.08195813237405572,0.08196034663237436,0.08221589861831166,0.08228163927798914,0.0821732603091896,0.0821636857902066,0.08217992364308203,0.0821312840119669,0.08233666880942368,0.0823409123906727,0.08252236969764677,0.08289651269778685,0.08318045615361569,0.08325517621890702,0.08349487247612215,0.08359254174929812,0.0837968544304073,0.08375000402553905,0.08383545548343042,0.0840393282761713,0.08412092781781565,0.08414883021838865,0.08474761851110284,0.08504179623877219,0.08539022433266624,0.08557199469559647,0.08603967294611566,0.0864241448614344,0.08666287433583347,0.08660181650928593,0.0865965991194494,0.08664578328446923,0.08665785117195887,0.08680552099447604,0.08679094114454314,0.08641667212549334,0.08619275055425142,0.08612924267221388,0.08580055253151617,0.08494502354611086,0.08454639615618946,0.08415335122943793,0.08407280568873281,0.08380452561776489,0.08326026316158812,0.08225760371466574,0.08218627539481844,0.0807321287078786,0.07965110316122645,0.07877376559125632,0.07781952026813761,0.0762362970287965,0.07461645424366921,0.07445972295954426,0.07326406843169381,0.07219887372871354,0.0711104240494164,0.06982379060731872,0.06906900809559885,0.06853415317099448,0.06859104804929535,0.06837043250551005,0.06798119332578756,0.0678254642728906,0.0671330313454797,0.06668750677481182,0.06687641127814603,0.0622105184845524,0.06692712749093317,0.0669414377913991,0.06696512278799498,0.066575035406257,0.06600110712085093,0.06544912257902823,0.06486927820163864,0.06467423316997135,0.06463909152477575,0.06442883121769206,0.06389009683968043,0.06343205192733403,0.06300728512929268,0.06295195125095294,0.0625335758427055,0.06196949409436841,0.06135935327127737,0.06130754891588757,0.0608974175996986,0.06085481802354673,0.0610224788671248,0.06118969780475767,0.061200961767392,0.061142052196222055,0.061131698113888314,0.061247189782306484,0.0615593771727684,0.061801498176945635
stat_251,0.4114710263246709,0.18200658526223737,0.2320158653126817,0.18287629365523925,0.24955001214697103,0.22282134320236954,0.24773695096309686,0.247736036292619,0.24769856020653952,0.24762015701996176,0.24757344415776386,0.2475904737750348,0.2474965667295995,0.24745585582573304,0.24761352954173454,0.24776106468328662,0.24819466097634052,0.24822645055507248,0.24851618373920434,0.24888243380582584,0.24936717522856802,0.25026454873602455,0.2516280280740765,0.25230943312036286,0.2536575337545938,0.2550131638262675,0.2558765264876104,0.256984186687874,0.25857150330436596,0.25946841679038646,0.2612068340430496,0.26130672541620714,0.26341776482854223,0.2658706360630981,0.26703287198843095,0.26754108006850996,0.26811882788021196,0.2680725960947295,0.2679020845822611,0.26717544882335287,0.2668877439734052,0.26723202121336076,0.26625105563959345,0.2642942965506179,0.26350121809246324,0.2628574053656329,0.2624242667960571,0.2610357328275546,0.2601120415606568,0.2588543970808686,0.25618279502583624,0.25384418691617255,0.25371479553005,0.2523083585939244,0.2505624295793238,0.24887312993498273,0.24682969450035522,0.24490932808207078,0.24456708523958942,0.2441880638244771,0.24293747926124115,0.2401968677708264,0.23746717468400322,0.23572625977192874,0.23536210582778055,0.23398834399327167,0.2335481152562179,0.23356424934774112,0.23350315828156568,0.23061789188439494,0.2293764587021987,0.228571768574232,0.22559443982789829,0.22116552956726934,0.21787873791538515,0.2176604924616427,0.216430135893278,0.21478290671346065,0.21176077674009972,0.20891539139534163,0.2073346574254976,0.20717410911012646,0.20730035404704097,0.20593699142816987,0.20446052671255424,0.20353162423151563,0.20171587705157795,0.20077411816226612,0.20104534950170644,0.1729642224184374,0.20070857880005968,0.2007745228115691,0.1990271601393989,0.19644621090626688,0.19354239800501616,0.19239827554424346,0.191098237167806,0.19014906333244483,0.19005506957846127,0.1881717181319488,0.18431486100720146,0.1816898825982379,0.1793614959364996,0.1790394047796208,0.17584170186288528,0.17315309918818086,0.16946036171703172,0.169254096118565,0.16727444022573548,0.1661691889905739,0.1658949118597518,0.1665641632998469,0.1686398771695856,0.1692295679454661,0.16919402754037102,0.16959769329058286,0.16992539199824974,0.17083910800474617
stat_253,0.1540133052128909,0.06488417161373967,0.10221439637930259,0.07472384368990335,0.09887004900325455,0.09502915762085205,0.09848269991848428,0.09849797910794204,0.09850054492675302,0.09848158001203594,0.09844057035207626,0.0983526853380561,0.09825568580629324,0.0981643374058093,0.0980956371202713,0.09802841386353049,0.09799739545183903,0.09799686127502003,0.09790663472427284,0.09779360613011932,0.09768167128431714,0.09763271218160974,0.0977783137081099,0.09778077048353472,0.09808618520089345,0.09816463524256512,0.09803405679804134,0.0980210174426881,0.0980400472907266,0.09798169364106507,0.098221322283183,0.09822581838074501,0.09843513970676103,0.09888149546351188,0.09921878624659136,0.09930338279649759,0.09958404442818569,0.09969441160895427,0.09994069006215761,0.09988034845058477,0.09998308636449288,0.10023438749464486,0.10033831800217972,0.10037660235578591,0.10109640040524592,0.10145223094262075,0.1018742599385139,0.10209136933633074,0.10264713836478868,0.10309870936221699,0.10337189218421164,0.10328753202886791,0.10328058400756432,0.10332716053263971,0.10332455693397602,0.10348045270779835,0.10344184789381351,0.10298290493358675,0.1027164771868613,0.10263873201657524,0.10224430017010772,0.10122149404156186,0.10073097909862119,0.1002579047933238,0.10016058874062092,0.09983542149666705,0.09919962766904042,0.09803434992238583,0.09795066918496652,0.09622682903852343,0.09495340977588013,0.09392307087323036,0.0927838259980606,0.09089366820926018,0.08897095270301567,0.08878548002480843,0.08737641023411463,0.08611196905896008,0.08480982073965507,0.08327517132364942,0.08237912123981372,0.08174851459159709,0.08182187437864821,0.08156215779611971,0.0811015711149286,0.0809203530484414,0.08009348260856723,0.07956114011168083,0.07978275965155382,0.074094099367017,0.07983672839904099,0.07985370723261057,0.07987016370881511,0.07939124470167368,0.07869670147474685,0.07803880835234742,0.07734567374181309,0.0771121391799589,0.07707129044010858,0.07681598412943026,0.07615936254646122,0.07560494990744429,0.07508875481840586,0.07502144447721085,0.07450359265188783,0.07381873031231917,0.07306841352405596,0.07300591968362415,0.0725068382259186,0.07244344897371603,0.07263319643853157,0.07283538509877018,0.07287527962215795,0.07281319506036199,0.07280070161437198,0.07293908490286446,0.07330497867253877,0.07359602676495443
stat_255,0.41775427701421824,0.18657327429317183,0.23246503789552386,0.18383281507289895,0.2516277608048418,0.22399323293765813,0.2497872105511667,0.24978422161908956,0.24974157204915737,0.24965692003969636,0.24960878172423856,0.24963914147951052,0.2495532537910517,0.24952623068456467,0.24970940333942,0.24988068934032667,0.2503496402868626,0.25038417586189066,0.2507149716024725,0.25113219962780386,0.25166975562441724,0.2526310370227386,0.25404580401354665,0.254782928881494,0.25617929039955384,0.2576276117774881,0.2585906256801271,0.2597978232524774,0.26150518466512995,0.2624821098456239,0.2643511851227238,0.2644620544714052,0.26674967173786956,0.26931103746984997,0.27051464429884525,0.2710809482618466,0.2716950301990868,0.2716735835518272,0.2714299710546004,0.2706929237632801,0.2703605174408575,0.2706272454149824,0.2695056886529404,0.26735738095958,0.2663389594150141,0.26554542645644197,0.26495348651015416,0.2634091167339392,0.26231592609103416,0.2609094423649553,0.25801385029889906,0.2555476967765896,0.25541220628398953,0.2539427670184702,0.2521471360150454,0.25039103561440845,0.24829395817589434,0.24638950980640145,0.2460860182450969,0.24569980835318875,0.24442602411634276,0.24166018499851585,0.2388464103359944,0.2370412483668964,0.2366673898969649,0.23523942429095365,0.23482892768374966,0.23494678630537227,0.2348909546621599,0.23206243207197305,0.2308894890342287,0.23012336936597402,0.22711692781197193,0.22270151307734518,0.219460848715385,0.21925230298373843,0.21808165979765046,0.21650530460052336,0.2135116641151835,0.21072665140910155,0.20915226732911307,0.20904339300952746,0.209122455390514,0.20766396904935952,0.20611967035303377,0.20510742389527237,0.20330580489964598,0.20239602619833733,0.20267581883159014,0.1740082013628324,0.20234999248397903,0.20241914895645383,0.20060242520592944,0.1979931641311544,0.19504464176161457,0.19393455555970965,0.19267763303323665,0.1916950999228304,0.19159155330629354,0.18961388186874437,0.18562411477563087,0.1829112203980169,0.18053079109705394,0.1801993826256347,0.1769107852256374,0.17418742517186603,0.17042465002321627,0.17021617601211134,0.16820519906131343,0.16706033203552706,0.1667580002020877,0.1674297368072103,0.16958458479854982,0.17022074936176015,0.17018642025183983,0.17059756455384656,0.17090197251351547,0.17183238050972238
stat_257,0.14153527686558237,0.059664669211135384,0.0930430478390858,0.06832213163961577,0.0906847179287506,0.08733689217272975,0.0903601933231227,0.09037463343369084,0.09037567015491216,0.09035580273172497,0.09031478549951608,0.09023210943717658,0.09014211805356143,0.09005902451162297,0.08999684215964072,0.08993532503867367,0.08990366126215434,0.08990322937240544,0.08982101791721656,0.0897167995088477,0.0896077757379831,0.08954817381888988,0.08965778265843499,0.08965652006944344,0.08993000144950054,0.0899911887232595,0.0898628672972515,0.08984186305571738,0.08983745096530556,0.0897678489675128,0.08998560033217193,0.08998991703598265,0.09017383971050813,0.09055660733848803,0.09086423556599339,0.09094881198345059,0.09122484656289578,0.09135127136684744,0.09158768177793895,0.09155810261884308,0.09166199316366316,0.09187404248679985,0.09197330421987732,0.0920286843726614,0.09270880314423222,0.09303377500950918,0.09340609158052186,0.09361115788975677,0.094126751352478,0.0945570082727192,0.09480899961785368,0.09473795004641843,0.09473227717421905,0.09479837175398638,0.09484231728103128,0.09502919961139403,0.09504559603662,0.0946935293205008,0.0944769933927032,0.09441016360808555,0.09404671220741828,0.09311252163751418,0.09266568134401316,0.0921996748094245,0.09210796142378662,0.09178380401337276,0.09118550892060069,0.09009149387483562,0.09001379134826412,0.08844567266764876,0.08726038562048591,0.0862716835238501,0.08522712717092466,0.08352184958643251,0.08174659590669094,0.08157413519592496,0.08022685795616169,0.07905759354399801,0.07788970441467993,0.07649128959124614,0.07564937848184261,0.07503626653194716,0.07507517220434695,0.07481473567522566,0.0743687599119238,0.07417066402184634,0.07342077338827163,0.0729420017417137,0.07316296496163302,0.0682951980895407,0.07324417510269589,0.07326053219335321,0.07332068511398887,0.0729423859423012,0.07234565996243754,0.07175119909368027,0.0711346494444724,0.07091904105903873,0.07087429622343937,0.07063906446092987,0.07005876121553539,0.06954865120974751,0.0690930164084439,0.06903199091736,0.06858112647736511,0.06798530410578549,0.0673381070565906,0.06728246971889343,0.06684076522912327,0.0667894941620582,0.06696605009846024,0.06714012810231762,0.0671611951584852,0.06711813482455423,0.06710867344514089,0.0672380166471639,0.06757241287821038,0.06784199434275509
stat_258,0.28188258238101377,0.12028496817000439,0.17618147803016365,0.13287833582734426,0.1777137628767946,0.16587281668689866,0.17677989108936065,0.17679679145399535,0.17679084961938102,0.1767504756613742,0.17669386119070168,0.1765994375112266,0.17646496210113144,0.17634947724997943,0.17631090922728693,0.1762715635351958,0.17634908829553933,0.17635653983317598,0.17632551381996658,0.17628716918113482,0.1762827001880551,0.1764588252792709,0.17698349209645672,0.1771545860466783,0.17784820496622689,0.17827431261126472,0.17832723351778626,0.17857600350378228,0.17898132314135992,0.17912609109546418,0.1798100232434996,0.17983733306878497,0.18056572939627943,0.18168077618315354,0.18235577892725124,0.18256230048818334,0.18301968447490696,0.18312230652556438,0.183387227005417,0.18312858596691892,0.18318633009497576,0.1835958431588204,0.18350794662647066,0.18309962684897177,0.18377726421964408,0.18405497704564563,0.1844655517261314,0.18437496785237267,0.18478288368115797,0.1849624141169861,0.18455356811146506,0.1838124298102714,0.1837683531329269,0.18341102219716984,0.18288600009336012,0.18254026497816672,0.18187161251815243,0.18078737301575365,0.18039432651625117,0.1801978214886441,0.17941214914917294,0.17752132517490252,0.1761844375143177,0.17517718488295378,0.1749662641574791,0.17421896346697802,0.17343971054635854,0.17224953670256793,0.1721442058361711,0.16947050368912875,0.16776275645654812,0.16644574575495016,0.1643676500801912,0.1610503599057861,0.15803899193963963,0.1577762872135256,0.15591287537287837,0.15406005095488023,0.15177243894092743,0.14927734777057516,0.14785686419117602,0.14711403686454858,0.14725141871085054,0.14661894848562737,0.14572604611026205,0.14529875376620371,0.14387776909448588,0.14301901745185636,0.1433304658836904,0.1290164381744342,0.14328282354506372,0.1433188364517565,0.14284731504421078,0.1415802215784184,0.1399943208838002,0.13894728854945418,0.13781139371345855,0.13729512504933333,0.13722852075312464,0.13643061128112205,0.13461972861039195,0.13326986289000645,0.13203204712048686,0.13186559594661382,0.13035588404763856,0.12881570274754525,0.12688738777696676,0.12675880122798092,0.12562464283216404,0.12520414323899837,0.12530080235985666,0.12572112436444252,0.12643368403488645,0.12655237132042454,0.1265278697402736,0.12679345760645083,0.12726602272312107,0.12784620386370404
stat_259,0.34490936155792107,0.15101932095929882,0.2011706917218544,0.15596938919884498,0.21171163659592657,0.1928209486917586,0.21041059207389368,0.2104189713166656,0.21039389533057337,0.21032902779248613,0.21027080345388854,0.21023076957819697,0.21011720371421477,0.2100438806561264,0.2101092608182549,0.21016758881778386,0.2104206365247006,0.21044070034803652,0.21057791302726606,0.21074930805732023,0.21098447597799325,0.21149753676159472,0.2123900511646384,0.21281563571847692,0.2138207411294864,0.21469760261817458,0.21515317563178685,0.21582531189103943,0.21678604516933583,0.21728043106069636,0.21850355326043175,0.21856952119905987,0.21999541573986772,0.22171719009620133,0.2226309126359405,0.22301658404153896,0.22358537314997082,0.22368374804481742,0.22373811085965814,0.22331218926109114,0.22321042139170597,0.22351810534752117,0.2229639536640873,0.22179565417339456,0.22172999251425163,0.22151126992367867,0.22143285404800905,0.2206828352206199,0.22040854905766916,0.21988331428744126,0.21832966376376567,0.2168031928246284,0.21671805641974595,0.21588318329644063,0.21483922120478818,0.21390232825322222,0.21264137107697284,0.21126683059220716,0.2109521341997109,0.21067313013766834,0.20965922389604733,0.2073693132785163,0.2053490602353297,0.20393230919233446,0.20364284388168577,0.20254819527487278,0.20192356303297196,0.20131242426126464,0.2012290940910442,0.19850611283439407,0.1970280765198125,0.19590910281728763,0.19340391853241132,0.18962265001776746,0.18649458369700186,0.18625430839890084,0.18463509903096945,0.18289903919949388,0.1803290017582296,0.17771868594866616,0.17619784430994673,0.1756941281634277,0.17575702383337952,0.17470605368378628,0.17347360295515507,0.17272320468044677,0.17114159595280917,0.1702756164383651,0.17060223999930926,0.1501098340045963,0.170478854374596,0.17053144395901298,0.16950989483768042,0.16771462428587433,0.16555614017445738,0.16449557723600913,0.16333422684533688,0.16259926307804973,0.16250515560878115,0.1611560987690162,0.1583607823203845,0.156374578550219,0.15462821744556918,0.15438586646505462,0.15207636447984932,0.15002375087822972,0.14728480043469092,0.147120870275607,0.14559469561514193,0.14484110619559273,0.14475167060495314,0.14527734528262237,0.14665088900520476,0.14702841132615088,0.14700155405980775,0.14733745424488098,0.14772740867416972,0.14847349460235024
stat_260,0.07585944657679966,0.03242049127210813,0.04810552739046826,0.0356895049592413,0.04789054391564341,0.04607114809188437,0.04774831064731013,0.04775574359488998,0.04775335448444672,0.04773845958504541,0.04771283396279863,0.047671088997674096,0.047625216801369066,0.047586450682374444,0.047562024104427496,0.04753666396141461,0.0475262343297764,0.04752683087619164,0.047495830821642965,0.047454740907198534,0.047404798286302834,0.047373671271725724,0.047416327375663356,0.04742602813708824,0.047573427398202986,0.047616176191941924,0.04756381954553449,0.04756637281509622,0.04756613203718872,0.04752865346853931,0.047670296717067975,0.04767531979641151,0.04780133557328915,0.047991527905361216,0.04815938972815055,0.04822531542617851,0.0484019105463414,0.048506298833639765,0.048627539091885386,0.048643052781494084,0.0486997322457417,0.04876926152406636,0.0487936648743947,0.04880248794877472,0.0491267660592883,0.049256742108130316,0.04939256355355821,0.04946556661453894,0.049695856204263374,0.049897683352025705,0.04996832898717571,0.049902351427516305,0.04989843161913763,0.04994010590771977,0.04999788082810427,0.05012204766625349,0.05016866314081083,0.0500609521486455,0.049988752544297264,0.04995632265000747,0.04975795474248438,0.04926725728670491,0.049011568510494,0.04871659471175849,0.0486634059535436,0.048452361142445076,0.048133534610185456,0.04756701695227042,0.04752707622641784,0.04673995292176328,0.04612464437265078,0.045574464316561036,0.04502158510714832,0.04416692198645318,0.04324286057720094,0.04315334480923818,0.04240874574609871,0.041809065099246846,0.04123789077658651,0.04053664277850382,0.0400766263720232,0.039731644859011296,0.03970625507217433,0.03951881855575864,0.03924094652298989,0.03907923977102403,0.038701210947024986,0.03847066705701723,0.03860818976691183,0.036266018466615764,0.03868922099431927,0.03869953201430026,0.03876159736022311,0.03862358718218559,0.038343409745736294,0.038053940523106795,0.037767262139039394,0.03764302206441044,0.03760868668633216,0.03745568839848637,0.03713529119978725,0.036839997470703684,0.03660477662690804,0.03657075832922642,0.036331820183356844,0.03604322021699856,0.035724732193990576,0.035696708063463166,0.03547241799244775,0.035439850836223676,0.03552561339663237,0.035605985711862034,0.03562646305869081,0.03563304921572756,0.03563052849876832,0.03570282463194739,0.03586818422844644,0.036016770411107235
stat_262,0.26959510513421303,0.11452337272161758,0.172395424674688,0.12861562452952402,0.17105663167593474,0.16034021289204103,0.1701511792872031,0.1701689347672221,0.17016798136482497,0.17013513765581464,0.17008335469124408,0.16998259242209535,0.16984642540671316,0.1697233612200027,0.1696661425080049,0.1696101683829807,0.16966159603143885,0.16966680441535095,0.1696069174610559,0.16953440277748813,0.16949821084244848,0.16963640302337754,0.1701280608374816,0.17026137286233692,0.17090869567031577,0.17127373479254096,0.1712738831926658,0.17146651493578838,0.17181119698094552,0.17192228747787905,0.17252209777653638,0.17254318210406722,0.17317236309260037,0.17422194862832643,0.17485785154355704,0.1750277362900626,0.1754409977717486,0.1755116776833341,0.17579084441482806,0.175526989436606,0.1755952186041279,0.17603822933807065,0.17601469963003782,0.1756983797884115,0.17645942004290158,0.17681470721367165,0.17731938875864575,0.17732974186523484,0.1778424170183766,0.17812191278395828,0.17791614381073834,0.1773126714502547,0.17727540441557021,0.17697795026778013,0.17649278770783966,0.1762056396719712,0.175588204004682,0.174475833178128,0.17403317332328913,0.17384747193220296,0.17310894103476965,0.17129222259881938,0.17008790933875217,0.16920238486159975,0.16901032017906942,0.16836562343960662,0.16757228219026496,0.16629598541310375,0.16618746105433654,0.1635077316726739,0.16177858043674515,0.16048037457188916,0.1584854756692246,0.1552255832877893,0.1522568080153817,0.15199355111662657,0.15015963565886528,0.14830469846767774,0.1460428490501483,0.1435675207642165,0.14219571679197618,0.14145940245855154,0.1416440025302923,0.14111377582127974,0.14031329925317573,0.13998506858334767,0.1385868776233507,0.13772082598495686,0.13800557246065742,0.12444445938383855,0.13793086464888776,0.13796286136705285,0.13753247653808312,0.13628776873395795,0.1347601608227524,0.13370813141754234,0.1325577579740627,0.1320837388598664,0.13203100522465494,0.13133577669395616,0.12968389947323417,0.12845833150626332,0.12729797763691092,0.12714551094453605,0.1257646614242346,0.12428803390874081,0.12247521404043586,0.12235178654099409,0.12127873554775236,0.12091993623935277,0.12105398348783193,0.12146614650401658,0.12205806624475331,0.12210677821319064,0.12208038609092207,0.12232899439716058,0.122820754553314,0.1233643142136744
stat_269,0.2738812690488745,0.1164752892894673,0.17405448969452375,0.1302634044218499,0.17349288022283596,0.1624037489709391,0.17257265529876661,0.17259018544034493,0.1725880135561048,0.17255327895452122,0.17250039656357669,0.17240128184595485,0.17226522787231496,0.1721437349950937,0.1720913479262172,0.17203973132614278,0.17209890149252038,0.17210473697594086,0.1720524827930429,0.17198912436377436,0.17196223828639673,0.17211306178968475,0.17261842183680362,0.17276291664878146,0.17342599707635228,0.1738102337402583,0.17382566065527216,0.17403521578156908,0.17440012931613824,0.17452260699263167,0.1751473996659459,0.1751701969594179,0.17582912803196962,0.17690341797550552,0.1775523870088768,0.17773174921888257,0.17815602419294183,0.178232336596235,0.17850763256517674,0.1782409858123084,0.17830557824353474,0.1787437631388065,0.1787026482359876,0.17835819185627955,0.1790974316285002,0.17943333652073967,0.17991618875075877,0.17989832740933598,0.18038335601580419,0.1806342338793361,0.18037101196883182,0.179726097513863,0.17968670399913148,0.179368535125982,0.17886491136844426,0.1785549690611624,0.17791483409333264,0.17679863312087662,0.17636521380455386,0.17617533195855067,0.17542129792258648,0.17357727612876744,0.1723312485749723,0.17141213598713648,0.1712143871504642,0.17054146186692162,0.16975142021640877,0.16849850742212,0.16839065039013623,0.16570235016244433,0.1639755645012056,0.16267299272546384,0.1606480729979262,0.15735777625918254,0.15436845632652424,0.15410473443528014,0.15226294190354003,0.15040330237746055,0.14812320365735493,0.14563252744272165,0.14424488726969908,0.14350833195220164,0.14368412598288796,0.14312663453760383,0.14230072135102645,0.141947795009044,0.14053742993511656,0.13966924628514235,0.13996019792437292,0.12610150877161674,0.13988882892081522,0.13992195067447907,0.13947321596377596,0.13821062449867863,0.13665675564209234,0.13560134181130976,0.13444858323730738,0.1339614487817561,0.1339055814751995,0.1331797407054837,0.13147549007755704,0.13021131575499978,0.12902330129151268,0.12886632569750944,0.1274418975822454,0.12593875663353465,0.12408272172308311,0.12395724270202359,0.12286161111522129,0.12248342854035832,0.12260702937161728,0.12302412262612107,0.12365387445044686,0.12372085831942903,0.12369468062838428,0.12394860264849232,0.12443672460967622,0.12499207322102857
stat_270,0.2697166669531557,0.11468239724079725,0.17225750364460482,0.12855527960556706,0.17101635164196755,0.160211385720932,0.1701051997366528,0.17012269012920447,0.17012147780318002,0.1700884888673093,0.17003713993197797,0.1699379717239965,0.169802829288968,0.16968101629315743,0.16962596563753796,0.16957209971915743,0.1696269889141607,0.16963241865338394,0.16957605562433484,0.16950807110184044,0.16947738143061172,0.16962307783181405,0.1701221965492932,0.1702606065877251,0.17091223903466118,0.17128632216400963,0.17129614957687175,0.17149824339408937,0.1718560075118121,0.1719762202415083,0.1725861799337082,0.17260808238254546,0.17325193709080666,0.1743136100370881,0.17495232520503531,0.17512526088339284,0.1755374498276419,0.17560533143173682,0.17587667370604324,0.1756076459498421,0.1756706436420858,0.17611049688181193,0.17607533553685936,0.17574072278295008,0.17647935714278082,0.17682214528237455,0.1773152333722868,0.17731131141258946,0.17780766732266157,0.17807127257871,0.1778453448455581,0.17723010744601547,0.17719223487160898,0.17688633885150326,0.1763914238666834,0.17609323492881254,0.17546568014039496,0.17434806271440242,0.17390596250460322,0.17371937458061393,0.17298005575772704,0.17116310842455854,0.16995301917789674,0.16906685557215753,0.168874493414109,0.16822887530782615,0.16744079449101232,0.16617786512742888,0.1660700521138509,0.16339718359429137,0.16167828075711202,0.16039061253493916,0.15839572613959751,0.1551376021480547,0.15217811066834092,0.15191632828656232,0.15009729735155028,0.14825218723145842,0.14599189405036264,0.14352338859642128,0.14215674527610542,0.14143082080566177,0.14161543645762667,0.1410809477301513,0.1402789521926581,0.1399482096599079,0.1385519625853511,0.13768858187185212,0.13797115602820953,0.12433356389265085,0.13789293400500308,0.1379250574464723,0.1374827830429614,0.13622877792003318,0.13469386671506678,0.1336447183581108,0.13249659888872606,0.13202067340706383,0.1319682323933733,0.13126633869180976,0.1296028066444129,0.12837177568257377,0.12720646370109326,0.12705334545209318,0.1256640769159479,0.12418291166887632,0.12236252915267457,0.12223891061426868,0.12116317890994562,0.12080122484216005,0.1209328257575146,0.12134578175977727,0.12194440439350648,0.12199505234863807,0.12196856853117528,0.12221716755256538,0.12270672843991393,0.12325057872619893
stat_274,0.19281216988402186,0.08112876022888552,0.128044486130586,0.0937252733678007,0.12384032647241458,0.11836773099994644,0.12330104025234571,0.12331887734890756,0.12332283271306695,0.12330149827316693,0.12325542563557465,0.12315259370413015,0.12303530480981663,0.12292371876301457,0.12284298508260388,0.12276458502424348,0.12273915691859599,0.12273901900720754,0.12263460781960056,0.12250503374072463,0.12238563535273618,0.12235920224000124,0.12258731585289641,0.12260471828811553,0.12300398860671344,0.1231316437840874,0.12299388988257552,0.12300234234834015,0.12307117897303246,0.12302946173581865,0.12334169693974374,0.12334772454645636,0.1236320081872808,0.12423674303933382,0.12466360662407139,0.12476100390449514,0.12508557060942246,0.125186503414046,0.1254765427458285,0.1253616404235934,0.12547388353849226,0.12581281005467895,0.1259290200245192,0.12593216140869157,0.12678026284513425,0.12720884922078912,0.12773589335747337,0.12797022459772003,0.12861849816029272,0.12911754121888208,0.1293840773079272,0.12921891625652052,0.12920653990108869,0.12919765224611868,0.12909314440851627,0.1291785522658862,0.12901319424926935,0.12833842490702507,0.12798449894216424,0.1278765126025523,0.12737601238635884,0.1260848307121301,0.12541824068558086,0.12484121521484205,0.1247178006432722,0.12431881396096839,0.12357813095677256,0.12224161943248699,0.12214248758825241,0.1200125489055487,0.1184934571968688,0.11730133674619209,0.11587088035276955,0.11347958571031384,0.11112468139445501,0.1109012713348676,0.10925568748439075,0.1077172503741698,0.10606016279146313,0.10414767506183845,0.10306262497349804,0.10234139362473142,0.10246732967157884,0.1021564043480546,0.10160252105114599,0.10140557643186246,0.10036481010988008,0.09969420202630913,0.09994418565867651,0.09205495703119299,0.09996337096090875,0.09998413822863564,0.09991308452022292,0.09921072180943245,0.0982673209461171,0.09744498556878152,0.09656485424489576,0.09626585870510129,0.0962232636063349,0.09587541474477032,0.09497152158675856,0.09424444949443028,0.09354800988838173,0.09345830437880918,0.09272397556664201,0.09179947661461293,0.09075337694269414,0.09067153617473996,0.09000287096598039,0.0898805552469988,0.09008658737636241,0.09035790045723768,0.09049881818917023,0.090433769605985,0.09041592134394377,0.09058888266241048,0.09102754065187083,0.09139624510304857
stat_276,0.24221437439753282,0.10242974950071089,0.15724887245783767,0.11647785143691906,0.15450393420349728,0.1459715639233126,0.15374575558652964,0.1537643638846023,0.15376592911485787,0.153737569558983,0.15368641556077825,0.15357997651283883,0.15344731665850297,0.15332449266214992,0.15325239928982978,0.15318215843612604,0.15319606999244373,0.15319873627277358,0.15311277699932216,0.15300697846583391,0.15292559493021077,0.15298434752577603,0.1533618276335766,0.15344047885000567,0.15398862764238314,0.15424607075557284,0.15417285561515048,0.15427691656014722,0.15449196706795698,0.15452708218775202,0.15500250838166507,0.1550164876786627,0.15549153352240794,0.15635644584096767,0.1569125385200727,0.1570511830262053,0.15743684353585227,0.1575259031480133,0.1578258551841817,0.15762722670894658,0.1577227134028192,0.1581345719324119,0.1581861232601831,0.15802542524792876,0.1588720581513962,0.15928476740555153,0.1598271741535585,0.1599559049782796,0.1605636446137923,0.1609694559723473,0.1609963242894501,0.16058888922610723,0.16056259773244094,0.16039799312133507,0.16008385938156017,0.1599711519916366,0.15955374809745776,0.15861476163883514,0.15819896297795294,0.1580443515221326,0.15739401228121924,0.15576480255817066,0.1547776290086788,0.15400800393022496,0.153842028409445,0.1532916765517751,0.1524936161470663,0.15113794598438313,0.15102976045712124,0.14851549849789059,0.14682034140999198,0.1455209310225547,0.14372590760694295,0.1407658419592679,0.13798048971141824,0.13772608290500896,0.1359080961221157,0.13413253893536506,0.13207908964457937,0.12978082584228418,0.12849450964497044,0.12773227314567698,0.1278957642368765,0.12745530190785362,0.12674598446447832,0.12647092078098865,0.1251932343510447,0.1243883263695427,0.12466792137606755,0.11338908533718578,0.12463782569959302,0.12466547404291285,0.12440005546308705,0.12337703476503681,0.1220798809665875,0.12109857805684457,0.12003504011014896,0.1196295517850985,0.11957975044856883,0.11903107956390467,0.11768649978582413,0.11665960798602044,0.11568308046042393,0.1155556132362812,0.11443949770153453,0.11317701531011842,0.11166979979021135,0.111561973040946,0.11064520174053118,0.11038726450984723,0.11056056449357163,0.11091962277132059,0.11131585087297778,0.1113117206185834,0.1112885409886286,0.11150980001204668,0.1119941002023996,0.11247324092582897
stat_277,0.30958539717464245,0.13255337163368666,0.19295998250502655,0.14568804097172827,0.19465893103687232,0.18018608375811393,0.19350947861758291,0.19352442183457966,0.19351810593369226,0.1934776418929046,0.1934272654177045,0.193344264871421,0.19320921365272758,0.1930935024276518,0.1930709347960341,0.19304821095321043,0.19317404569293006,0.19318423303261326,0.1931827071583903,0.19318443504149202,0.19324445399689272,0.1935385924402421,0.19423522091464626,0.1944749913634888,0.19528827852178385,0.19585624252075592,0.19601236837182626,0.19638080230510158,0.1969780998864988,0.1972439884286168,0.19807122303112557,0.19810634839770816,0.19902601531971514,0.20039960836955623,0.20116327927865665,0.2013905821113277,0.20183616808342147,0.20186458430227153,0.202078005698091,0.20169417582371918,0.2016987310014476,0.20217422931783385,0.20198858173013956,0.20135971473377756,0.20188537965575126,0.202093127551958,0.2024810173994242,0.20224135670976315,0.20252220330805276,0.20252386986147558,0.20185198232411736,0.2008856282898109,0.20082836892984376,0.20028303926791746,0.19948889215788906,0.19887631892786464,0.19790401513724862,0.196519469068586,0.19605133849112893,0.19581493913094827,0.1949416708491032,0.1928525108947652,0.19128632717939578,0.19021539857023462,0.18998194933597018,0.1891825099025367,0.18843629924243888,0.18737813498211123,0.18727455278123034,0.18441315272321865,0.18270805217864947,0.18147811156881294,0.17919454701980989,0.1755208716942814,0.17235001722994409,0.1720836769306644,0.17031665523455844,0.16840937678021822,0.16586085429076106,0.1631738612575956,0.16170756796280317,0.161066471780249,0.16127909141506622,0.16059216360936238,0.15964899079530612,0.15922570997188304,0.15766677038393703,0.15672994377348742,0.1570102623929681,0.13968935575307054,0.1568527105873628,0.15689183879393848,0.1561546562463011,0.1545401912571883,0.15263983342275944,0.15150683509795806,0.15024996172997743,0.14966444497795728,0.14960787634248995,0.1486564786904132,0.14648450460224316,0.1449307959628165,0.14347183230693222,0.1432783034448363,0.1414540629592282,0.1396404317143848,0.13733333963667685,0.13718618381553155,0.1358677599060992,0.13533485331965894,0.13538870165524886,0.13588083042128496,0.13681523821120206,0.13696467600344533,0.13693365843595862,0.13722304809104158,0.13770529159603634,0.1383464834419951
stat_279,0.10859067907642617,0.04584802491046228,0.07125351481672847,0.05227893173327369,0.06948862843294579,0.0671506299070431,0.0692621214266411,0.06927363820893202,0.06927389552149157,0.06925739552580261,0.06922369431587208,0.06915790145165106,0.06908757436024128,0.06902334223509496,0.06897453121671508,0.06892593397101564,0.06889736030417394,0.06889691007203803,0.06883189125843424,0.06874888792682128,0.06865838434401376,0.06859988381489976,0.06866567294512724,0.06866023052681654,0.06886380010116849,0.06890049992273975,0.06879361204323817,0.06876910510694138,0.06874861782665033,0.0686831060301398,0.06884698594776943,0.06885031252180038,0.06898431761970479,0.06925877732950136,0.06949307793856913,0.06956248735821141,0.06978661704911457,0.06990073653874793,0.0700891412192594,0.07008421876801361,0.07017054588388985,0.07032062751345539,0.07040033897945647,0.0704587956317936,0.07099780525227019,0.07124995280456901,0.0715309059054878,0.07169901114079025,0.07210799718379335,0.07245949253815528,0.07267400188168524,0.07263800158033075,0.0726348629996212,0.07270971523668136,0.0727820882390481,0.07296614963866783,0.07302337332817037,0.07279699430107962,0.07264300216036035,0.07259582590867288,0.07231880340781412,0.07160675440074796,0.07128012625587266,0.07091191314091529,0.07084160950599916,0.07058580989750013,0.07010778389544335,0.06922804169731726,0.06916664314422827,0.06795931147333824,0.06702565410581088,0.06623046837476342,0.06543113812632136,0.06413766798432231,0.06275991325407307,0.06262477202286425,0.061546530832931066,0.060636101802948365,0.0597551295341999,0.05868384741795207,0.05802361026297998,0.05752670031207041,0.05753982350909314,0.05733055177552372,0.05697680384342833,0.056809432024772184,0.05623811640848637,0.05587448375689145,0.05605551369137714,0.05262093028919623,0.056138561778888395,0.056151427777719955,0.056233323208767005,0.05598645290852915,0.05555928669398766,0.055105912546115056,0.05464221271693436,0.05447814925961407,0.05443955505719553,0.054266067720275826,0.05384870010324744,0.05346624391133609,0.053135247632523724,0.05309015654517798,0.05277447235838705,0.05234442348957783,0.05188847977055908,0.05184726600906938,0.051525108291393444,0.051499885857177984,0.051645042999794485,0.05177060886797729,0.05175663536263641,0.051723260668285864,0.05171711789798939,0.051816911658181905,0.05207840869941187,0.05228440247747238
stat_280,0.20608488893663102,0.08697044198143632,0.1357770272134407,0.09974006115743439,0.1319722551322815,0.12564355220594595,0.13137123854518964,0.13138910543417912,0.13139223119439022,0.1313688966069415,0.13132172238660839,0.13121899073486484,0.131098301124293,0.13098459914008492,0.130907689670569,0.13083295078802706,0.13082041426445956,0.13082118329000245,0.13072425696340928,0.1306043579156581,0.1304991056482604,0.13050080628262117,0.13077394513945176,0.13081164218046706,0.1312538512100604,0.13142319794829524,0.13131052651583072,0.13135228387213752,0.13147073180586785,0.13145698650860924,0.13182185709712826,0.13183076675136873,0.1321791604989704,0.1328632475196755,0.1333271000987545,0.13343879418580734,0.13377958784206181,0.13387599224562896,0.1341616534734046,0.13402079307846726,0.13412403865140637,0.1344784929862581,0.1345667866224701,0.1345104631192095,0.13533918014466692,0.13575291993424793,0.13627416599647965,0.13646940223628187,0.13709497989756078,0.13755855043333287,0.13774887391253926,0.13751291196515192,0.13749652686355346,0.13744206144566434,0.13727716337935708,0.1373050079330696,0.13706835575403248,0.13632026328896563,0.13594937287053496,0.1358286257408752,0.1352882045336687,0.13390723757654782,0.1331541525963391,0.1325271060747778,0.13239246123499762,0.13195421203387073,0.13119971554925433,0.12986210011510324,0.1297608063073963,0.12753094975456852,0.1259694838759981,0.12475416270248495,0.12322686149321586,0.12068503211086327,0.1182205670322915,0.11798972350618049,0.11630687636893415,0.11471143994186393,0.11295009436509024,0.1109396477115249,0.1098044437429193,0.10907932233402848,0.10921478770069168,0.10886598376565297,0.10826931964010779,0.10804941567336739,0.10694703113745965,0.10624264337813845,0.10649931062947485,0.09766851941022382,0.10650344914420562,0.10652614340269,0.10639600443478196,0.10560276911599134,0.10456086169110435,0.1036979147293432,0.10277032084027167,0.10244182431450512,0.10239751574719445,0.10199237631175362,0.10096509111207336,0.10015602114245943,0.09938293708744858,0.09928296378881692,0.09844416370834125,0.09742796188030835,0.09625705799193389,0.09616825342067016,0.09543311971107404,0.09527473545412657,0.09547224124959867,0.09576727757307509,0.09597617648843622,0.0959266628039185,0.09590729786891498,0.0960929111680158,0.09654350516125622,0.09694128755497428
stat_281,0.1709013065705031,0.07183249259679017,0.11392185735145743,0.08319323221978278,0.10991322144212325,0.1055258883792847,0.10946733707184547,0.1094841715860167,0.1094878478737001,0.10946820062657382,0.1094243808095332,0.10932731382780857,0.10921971038350614,0.1091173293249478,0.10903967385703052,0.10896402732523061,0.10892989930194225,0.10892917428049183,0.10882695091025749,0.10869938471637036,0.10857569540894334,0.10852550210743865,0.10869683028698923,0.10869829799004449,0.10903878592911292,0.10912595533283204,0.10897858429831926,0.10896194657213808,0.10898547912056475,0.10892256378396332,0.10918070996757644,0.10918480107862717,0.10940825829861552,0.10990947695437772,0.11028263015663847,0.11036888555220464,0.11066976987229762,0.11077893876343585,0.11105405275628497,0.11097571749657952,0.11108909517301402,0.11138340487579476,0.11150781918438353,0.11155463495505524,0.11236146508912735,0.11276738790213646,0.11325333954997097,0.11349976907410599,0.1141221491879429,0.11462060635724722,0.11492682936922635,0.11482902600104893,0.11482083778838578,0.11485847321857895,0.11482833038099534,0.11497408343789468,0.1148989564932828,0.11435226737013178,0.11404394243346443,0.11395467405886008,0.11351585815357133,0.11237592641161906,0.11182234635731292,0.11130851967119307,0.11120081437038577,0.11084834918668711,0.1101546209491488,0.10888408084013534,0.10879205570623626,0.10687377835797503,0.10547159640403878,0.1043512886371543,0.10308428424892159,0.10096887830048235,0.09883874492245676,0.0986338852656118,0.097095920867217,0.09569387222821304,0.09423172169007261,0.09251879479512341,0.09153186204114705,0.09084576404159396,0.09094339393182276,0.09066914538533066,0.09017112459031942,0.08998868730841766,0.08906410628069644,0.08846605433422294,0.0887030322377551,0.08218305064878265,0.08874626465289112,0.08876465690647624,0.08876122324970652,0.0881978013652622,0.08740536051592675,0.08666932086872163,0.08588880515701182,0.08563012858899362,0.08558838081611604,0.08530517443361949,0.0845620892918943,0.0839438061459566,0.08335837058322883,0.08328268956121057,0.0826881314432142,0.08190704585817214,0.08104388746588345,0.08097332448651946,0.08040635383091407,0.08032601176818957,0.08053015451613858,0.08076126827354195,0.0808267815210423,0.08075640045245193,0.08074160837019269,0.08089480646984,0.08129862881430802,0.08162235771099356
stat_282,0.18642811898925113,0.07838617063446901,0.12423984281486929,0.09076958924760214,0.11985927602630164,0.11474220446894678,0.11934564407704809,0.11936328898776054,0.11936751830759056,0.11934712842916034,0.11930195186501788,0.11920012671538714,0.11908516251945356,0.11897537484729596,0.11889412333271289,0.11881526473367236,0.11878582251882225,0.11878538115733235,0.11867953120006836,0.11854811250746052,0.11842544411404843,0.1183903888702255,0.11860185395022006,0.1186126567356283,0.11899389345687107,0.11910717275559014,0.11896345643981238,0.11896181484533652,0.11901516685514411,0.1189658827587702,0.11925885406245293,0.11926398249803069,0.11952635782942968,0.12010057338021417,0.12051122234166992,0.1206033949148475,0.12091900049130055,0.12101987367782621,0.12130696506342836,0.12120095130038354,0.12131411818911542,0.12164389392723043,0.12176635440025763,0.12178657695586435,0.1226296631533721,0.12305768080347639,0.12358065141856645,0.12382493179124708,0.1244738917507713,0.12497981323292477,0.12527076190816266,0.12513249279819388,0.12512166658082036,0.1251289612405598,0.12504633455421715,0.12515150254378735,0.12501294596383358,0.12436870239794681,0.12402273887491133,0.12392027689527256,0.12343871040894076,0.12219094432432205,0.12156255806723448,0.12101020851864606,0.12089212193035008,0.12051229623263508,0.11978212993981611,0.11845542967111061,0.11835783130573295,0.11628056922360198,0.11478910986259803,0.11361611229641748,0.11223275558298008,0.10991510780262977,0.10761972440951688,0.10740093002453129,0.10578428393247567,0.10428004209865864,0.10267404075140311,0.10081335332541103,0.0997564209550865,0.09904444657655556,0.09916642238222145,0.09887180064117199,0.09833840476370491,0.0981519732020691,0.09714214291386004,0.09648936075337426,0.09673424607442929,0.08924567660524671,0.09675770424432666,0.09677759357170852,0.0967266415146671,0.09606113159629602,0.09516007910059854,0.0943591778799321,0.09350322632549177,0.09321736743256831,0.09317593349126019,0.09285164389223903,0.09199972964527944,0.09130899548123454,0.0906462028853463,0.09056104703646335,0.0898714592849177,0.0889878720377725,0.08799656857155731,0.08791795179175765,0.08727947364205017,0.0871724021566556,0.08738085328862838,0.0876413948802297,0.08775413445569658,0.08768260639854476,0.08766539871829221,0.08783216435074638,0.08826354360039183,0.08861827035433575
stat_283,0.18384498413786146,0.07734141379761189,0.12113596701780602,0.08906260739856153,0.11796956803188703,0.11297088458941766,0.11748826803707557,0.11750577847660511,0.1175083606120267,0.11748567738040573,0.11743829086996077,0.11733770046293537,0.11722458756768635,0.11711849789406704,0.11704157192961044,0.11696621793647076,0.11693753261763688,0.11693737265081479,0.11683709972176572,0.11671141763420086,0.11658946521490933,0.11654732349062602,0.11673879696260595,0.11675021821404256,0.11712262700240193,0.11723082345674296,0.11708825774873155,0.11708464962675395,0.11712530256455385,0.1170675274967539,0.11736012286113935,0.11736581972556902,0.11762488804631967,0.11817241860987007,0.11857661533545422,0.11867522231770188,0.11900216434800112,0.11912262863978261,0.11941090487682121,0.11932693606349286,0.11944439142222928,0.11975102645780718,0.1198689425945644,0.11989678314336912,0.12073089865018796,0.12114209706101393,0.12163383271167812,0.12186770746927635,0.12249662411921268,0.12299358821650909,0.12325629818146769,0.12310973837833848,0.12309888624352591,0.12311737409079322,0.1230686873027568,0.12319909256397124,0.12309830174425904,0.12252638969590557,0.1222159728618947,0.1221180050795338,0.12164025311932561,0.12041459224438618,0.11978645658850648,0.11920602619263927,0.11908626488680794,0.11868119940980829,0.11795779330047759,0.11665264943134991,0.11655692013085928,0.11453753285168806,0.11306834142191763,0.11188486136260378,0.11052284297572683,0.10827218552446548,0.10601321807928997,0.10579742435015002,0.10416978972368343,0.10269088130621563,0.10113734013301558,0.09932129826481643,0.09826643897559932,0.09754188444858622,0.0976345357441127,0.09731836705857988,0.0967681267080784,0.09654943687116499,0.0955660705107013,0.09493594789188137,0.0951924294033246,0.08805691268045797,0.09524331923634188,0.09526381958561109,0.09524506155950217,0.09463920832806631,0.09378281131634039,0.09300641885431565,0.09218472410934216,0.09189976784626673,0.09185227090605366,0.09152385904710633,0.09069068061700848,0.0900001660014225,0.0893570353489053,0.08927271413024469,0.08860207215174482,0.08775562371283188,0.08680407873176912,0.0867278870448552,0.0861085421837903,0.08600138068931515,0.08620217793699968,0.08644910826157942,0.08656277041684994,0.0865120025174479,0.08649693073821976,0.08666384538267652,0.08708236809549907,0.08743558651689949
stat_285,0.21503906061924669,0.09069902195740878,0.14104997126283175,0.10391333357996949,0.13763333076521944,0.13090443428049073,0.1370085207524148,0.13702699112464467,0.13702962670390031,0.13700447194526824,0.13695482264936812,0.1368487940500576,0.1367236859825413,0.13660653092284913,0.13652867060114676,0.1364527654817772,0.13644205254712505,0.13644306736677062,0.136345148619564,0.13622361086139,0.13611637702430013,0.13611970927736763,0.1364035745545285,0.13644485496554187,0.13690678277012097,0.1370850121220921,0.13696908927668164,0.13701340398963135,0.13713522355335517,0.13711898329457192,0.13749988401370858,0.1375092370169789,0.13787104464566793,0.13857924674838576,0.1390625668294491,0.1391798439587506,0.1395385820320026,0.13964371512096144,0.13994444341797976,0.1398024164487186,0.13991220800515455,0.14027885412288246,0.1403716578995482,0.1403150869379929,0.14117848707601985,0.14160517380117346,0.1421399743105752,0.1423360530836843,0.1429768852888351,0.14344838667732732,0.14362073335935369,0.1433569697590119,0.1433389954632996,0.14327336908077393,0.14309572915960303,0.14311359886243455,0.14285809075439962,0.14208794240269423,0.141713143049875,0.14158620133961894,0.1410187678789847,0.13957726480672475,0.13877303419479783,0.1381020157237952,0.13795918345650862,0.1374865787754044,0.13671112522699008,0.1353470499788075,0.13524297846684183,0.13293835094562112,0.1313272157107264,0.130066630016534,0.12847268592397143,0.125832817763596,0.12327465695655798,0.12303562370871164,0.12128665448883201,0.11963263794303344,0.11780443800474007,0.11571733279116908,0.11453293833090888,0.113776970102642,0.1139110808303186,0.11353757893011084,0.11290753489078155,0.11266713707080352,0.11152145799647871,0.11079190056099125,0.11106195239979909,0.10180550864520682,0.11107083221100146,0.11109485238126282,0.11095738813726701,0.11013487483029546,0.10904901580036933,0.10815590718425021,0.10719735942743379,0.10685139200677153,0.10680332535465015,0.10636952649149814,0.10528233503929503,0.10442458315249173,0.10361130284842096,0.10350539663505613,0.10261351407162558,0.1015498904735981,0.10031466453042007,0.10022178266375067,0.09944861635556607,0.09927063398876969,0.09946537718856441,0.09977243434787873,0.10001666307197961,0.09998020658406552,0.09996053811536443,0.10015572352203433,0.1006167879271513,0.1010352889130358
stat_286,0.1386464898494526,0.05824412338613437,0.09282766858642418,0.06758470607033576,0.08927252249013987,0.0861145303384095,0.0889367489797693,0.08895124188224668,0.08895439343325376,0.08893790123368002,0.08889996319061719,0.08881637841594671,0.08872611303146355,0.0886401926404007,0.08857217903768788,0.08850577474494573,0.08846868018220873,0.08846760083726592,0.08837682556742024,0.0882631000321452,0.08814849384113348,0.08808651619623573,0.08820104874016436,0.08819131763223248,0.0884570164386508,0.08850756647201938,0.08836865483136169,0.0883368233354616,0.08832737575008039,0.08825669616722692,0.0884527224656527,0.08845517241808379,0.08861595347193438,0.08899641293418718,0.08929541189182903,0.08936600822753588,0.08962073377911177,0.08972493320962761,0.08996120680970618,0.08991591152837208,0.0900181782698235,0.09025121188743954,0.09036737780665177,0.0904380801182034,0.09113407988166038,0.09148305568586654,0.09189152224434491,0.09212199591716791,0.09266530676033309,0.09311556899339445,0.09342300828487689,0.09338537545269693,0.09338112408006201,0.09345032246583228,0.09347854869515543,0.09365672086422076,0.09365694799748249,0.0932553127083965,0.0930079662614715,0.09294113379755667,0.09258987409323995,0.09166938605427716,0.09125483622022382,0.09083891238913024,0.09075338995917168,0.09047111937092868,0.08987510051479579,0.08876742068800512,0.0886890607026287,0.08710481448418311,0.08591871303397218,0.08495630078051855,0.0839295471474824,0.0822159268955051,0.08045142226546623,0.08027943999844576,0.0789661735930249,0.07779676866738128,0.07661555586520105,0.07521113653332215,0.07439030160340977,0.07379613358324488,0.07386429988226922,0.07364326433364539,0.07323389737435654,0.07308003510851468,0.07232819409686973,0.07183991322069609,0.07204451652572752,0.06715454502104222,0.07210062757405104,0.07211551585210287,0.07216125737084762,0.07175214587643639,0.07114514612122047,0.07054158750481741,0.06990731648492458,0.06970299908307692,0.06966605645579892,0.06945810457831365,0.0689052642434332,0.06842743917227923,0.06798024247101346,0.06792231282008049,0.06749009850938034,0.06688965880438057,0.06624650324951945,0.06619101335700664,0.06575436740833059,0.06571568569622098,0.06590189259575098,0.06608137848755485,0.0660786481260684,0.0660079337559255,0.06599671289264751,0.06612055769724778,0.06646241913504213,0.06672164386305766
stat_288,0.40680828866938085,0.1789142553775664,0.23166472395613272,0.18208715234101502,0.24790993586526017,0.2220001529550675,0.24613152998221352,0.24613248022375872,0.24609867884480752,0.24602435170533646,0.24597740530560133,0.24598270756004012,0.24588181998282643,0.24583023691908915,0.24596756950331672,0.24609595435387752,0.24649973969141142,0.246529346063039,0.24678635745283165,0.2471116821319734,0.24755177238919449,0.2483922869110039,0.2497048344070209,0.25034097690845636,0.251648321890129,0.2529270299906269,0.25370975753112596,0.25473718414809277,0.2562230826993368,0.25705203912013963,0.25869192699555565,0.25878379409431435,0.2607607980521706,0.2631199696493134,0.2642507117722116,0.26472066489909163,0.2652818278909245,0.2652312630848236,0.265118055628126,0.2644126807466455,0.264161859107905,0.26455188566314897,0.2636752057638752,0.2618700687487284,0.2612554072193523,0.2607254292987793,0.26040920126929795,0.2591466994331086,0.2583621062170036,0.2572329645831156,0.25474867194872314,0.25252031668439506,0.2523963658500413,0.2510521085868117,0.24936481432896346,0.24774767871127443,0.24576708887369228,0.24385518805811932,0.2434892655120085,0.24311764856642912,0.2418855169931423,0.23916623757882452,0.2365075622684987,0.234810312395756,0.23445351344346782,0.23311756258563396,0.23264641781522344,0.23256632254444784,0.23250034875594813,0.22956937950973022,0.22826322095151563,0.2274099067346172,0.2244559580336175,0.2200241080316583,0.21669333667442744,0.21646609861083366,0.21516503705735399,0.21345539990313941,0.21042008923283728,0.20752969860144488,0.20593561951296666,0.20571957090304507,0.20587150591079006,0.20457554164585004,0.20314461154587451,0.20227168568389503,0.20044689459575418,0.19948214871057443,0.19975365111699933,0.1722759066814129,0.1994207487043161,0.19948439856735245,0.19781152347158493,0.19527698292780388,0.19242440828844598,0.19125598179052125,0.18992869223607137,0.1890055099314155,0.18891634883729677,0.18710837893196597,0.18336724766035747,0.18081353668194575,0.1785337728706301,0.17821956863900934,0.1751046649727169,0.17245450582251307,0.16883156499771856,0.1686275691016185,0.16667803764204941,0.16560733811617193,0.16535707972409777,0.16602125038001492,0.16802711382492902,0.1685827270958864,0.1685467953785337,0.16894519595482418,0.16929194935628034,0.1701930272999726
stat_289,0.213590502923401,0.09019297602624211,0.14029293049261846,0.10322869758671985,0.13665744527038592,0.1298931050309937,0.13602438689762655,0.13604244391401182,0.13604529518541822,0.13602095912425113,0.13597292039398667,0.13586919741676606,0.13574587967470114,0.1356300978950796,0.13555387887743925,0.13547978780259445,0.13547231679965457,0.1354734516496679,0.13537836971247402,0.13526088589393284,0.13516004474937612,0.13517294405450925,0.13546719367916463,0.13551302283439937,0.13597695403273904,0.13616407036881953,0.1360591357303108,0.13611348789466257,0.13625163113052616,0.13624785141490095,0.1366356603533708,0.13664562796065463,0.13702043619046445,0.13774210539315287,0.13822517069722276,0.13834262328483915,0.13869287928351468,0.13878790177240347,0.13907639085798434,0.13892360609023793,0.1390251945085627,0.13939139039173665,0.13947196959732844,0.13939415552503442,0.1402272426022507,0.14064137544823194,0.14116780517086666,0.14135046429079665,0.141974169975173,0.14242793155495762,0.14258803567361422,0.1423191032917262,0.14230080348045454,0.1422253509593265,0.14203152223964677,0.14203288653006754,0.1417612137432951,0.14097384165398238,0.14059269418381334,0.14046515418545305,0.13990234735006551,0.13847002373767572,0.137670853475129,0.13701563380608645,0.1368747320496098,0.1364145858129381,0.13564913663866005,0.13430297049336498,0.13420000638828425,0.1319085026354892,0.13031640247253318,0.12908146050418107,0.12749865323482693,0.12486909770218489,0.1223359075195197,0.1220998597717188,0.12038651684217831,0.11875195480973019,0.11692939370366927,0.11485799903957644,0.11369086779032947,0.11295698077934704,0.1130984549510479,0.11273131753224284,0.11211163116912315,0.11188086636401831,0.11074171937646006,0.11001599728805704,0.11027763215567947,0.10095344940308175,0.11027495461922558,0.11029865205877072,0.11014195751805797,0.10930200232387902,0.10820802316003805,0.10731974444226795,0.10636315697018507,0.1060190869814675,0.10597370120143959,0.10554026665745084,0.10444977654024885,0.10359728762566328,0.10278330418747629,0.10267785397238176,0.10178427358971878,0.1007181246089609,0.09948005323925246,0.0993873638124237,0.09861564001962878,0.09843834228077719,0.0986323023369632,0.09894049891861036,0.09918463644233767,0.09914289199737192,0.09912270897799627,0.09931558101527277,0.09977431944995253,0.10018860905429017
stat_290,0.1310130690416907,0.05529617015126366,0.08704684445271582,0.06350244761659943,0.084034313457563,0.08089881111396943,0.08371316377633092,0.0837263332966046,0.0837283719658952,0.083711854035476,0.08367619192408092,0.08360048201398572,0.08351746406581613,0.0834395037619316,0.08338052558190094,0.08332274745187045,0.08329474427377187,0.0832942422051846,0.08321679993392704,0.08311970522673699,0.08302236425629486,0.08297674558856859,0.08309463818142965,0.08309583181894555,0.08335389985538828,0.08341850095465202,0.08330651271231487,0.08329470769614193,0.0833079446695989,0.08325635354684127,0.08346255855332106,0.08346670803939818,0.08364756267952622,0.08402371339009314,0.08431098957503434,0.08438635307333021,0.08463013296485405,0.08473044794278577,0.08493946603917879,0.08489375727450298,0.08498172971756235,0.08518851399311408,0.08527367287741706,0.0853061960865495,0.08591827574007198,0.0862188434783857,0.08657369569404891,0.08676073460756832,0.08723788658588101,0.08763088339396592,0.08787589390863118,0.08781575633303218,0.08781057025222648,0.08786249693643806,0.08787798776068771,0.08803090490525975,0.08801954759012984,0.0876440039758457,0.08741835408538037,0.08735425892017504,0.08702095559950344,0.08615370764821391,0.08575000605112579,0.08534971926155507,0.08526791583587397,0.08499442122338034,0.08444158360640351,0.08342292548420782,0.0833505048631682,0.08187621542562333,0.08077828967736261,0.07988548545564779,0.07891798655398927,0.07731387396656078,0.07566979149548242,0.07551057791974816,0.07429379448749802,0.0732119201688204,0.07210921487524263,0.07080396493109968,0.07003704180255499,0.06949161799621816,0.06954819926200957,0.06932435121266256,0.06892899335036748,0.06877014929736047,0.06806817536891581,0.06761645384220767,0.06780905333670435,0.06310391327763655,0.06786233885500063,0.06787685971842394,0.06790461650924284,0.0675131247203498,0.06693406396397539,0.06637435570192685,0.06578689816795827,0.0655894020410554,0.06555342443216315,0.06534123208465471,0.06479760866250933,0.06433376612049904,0.063904465098339,0.06384845759902667,0.06342614379259312,0.06285615277754573,0.062239959107730614,0.062187525097650395,0.06177255232532736,0.061729670564777815,0.06189971055923051,0.062068638391584524,0.06207935839663022,0.06202039199821588,0.06201000659171292,0.06212725167194296,0.06244379196548912,0.06268945444944017
stat_291,0.12859175464518416,0.054105873413344434,0.08544459657861393,0.06238989297185358,0.08261289000556268,0.07976759704036421,0.0823206292136486,0.08233421492716,0.08233610922443113,0.08231908040491748,0.08228182796094556,0.08220376829419436,0.08211998229770487,0.08204149954335849,0.08198010759152806,0.0819197064380878,0.08188474198227343,0.08188388467152859,0.08180186099628493,0.08169830823275014,0.08159035055588705,0.08152619005591777,0.08161888148260164,0.08160971170569191,0.08185292545129556,0.08189620542048795,0.08176591879349195,0.08173426605964144,0.08171577747505866,0.08164289740254303,0.08182728604981528,0.08183004612157335,0.0819794360821834,0.08231763357915724,0.08259434088499029,0.08266601637464459,0.08291478040395818,0.08302826185959646,0.08325113641512649,0.08322558298654946,0.08332488417461578,0.08352580792961262,0.083630951269925,0.08370265888921297,0.08435082617476539,0.08466713018988045,0.08502961076057888,0.08524068707058957,0.08574036783528882,0.08616112994427329,0.08643795437053613,0.08640242971657662,0.08639871080435754,0.0864748091988388,0.08652757883410335,0.08671680613086298,0.08674677460547786,0.08641817014412106,0.08620803835312235,0.08614871195015793,0.0858220336288953,0.08497245611144608,0.0845878307694862,0.08418134870457172,0.0841004353895957,0.08382180245285978,0.08326253396594768,0.08222665574333274,0.08215382011547802,0.08069922278334055,0.07959468627897079,0.07867953943573243,0.0777294004684277,0.07616319588197794,0.07452653028721017,0.07436647267388853,0.07312070768510477,0.07203645904717944,0.07096207942671764,0.06967189567561999,0.06890073984981367,0.06833166565786714,0.06837504910607808,0.06815317607769758,0.06775748593404307,0.0675923367136497,0.06690303211048765,0.06645867792944614,0.06665918506600803,0.062330957220896974,0.06673124830053155,0.06674562379027475,0.06681333296308502,0.06647195486526021,0.06593406796045112,0.06538311297633641,0.06481057550396639,0.06461940706129686,0.06458031183016533,0.06438344492786059,0.06388040290143156,0.0634340344515969,0.06302943429797532,0.06297593437073729,0.06258743443158506,0.06205068413545996,0.0614782320715856,0.06142786569767007,0.061032681585931024,0.0609995271263877,0.06117214545069104,0.061331303757098304,0.061322404686778506,0.061267374379101174,0.061258268527847666,0.06137454668128003,0.061688887719080675,0.06193082928937516
stat_292,0.13846614831301132,0.058207404323472524,0.09256762869186128,0.06741618866065437,0.08909241077257005,0.08592750158765959,0.08875926077354705,0.08877369118995214,0.08877658218190843,0.08875975827934991,0.08872160651347946,0.08863845103257191,0.08854856741249066,0.08846331346062088,0.08839625610723653,0.08833069566296356,0.08829440403645682,0.08829340729437436,0.08820403361931338,0.08809193511324157,0.08797849823663656,0.08791710169161474,0.08803059631112212,0.088021989834558,0.08828762450392355,0.08833937089213602,0.08820244298481114,0.08817221168137863,0.088163539256077,0.08809333868766248,0.08829152973983564,0.0882942277144752,0.0884575879922288,0.08883680761937338,0.08913575172364718,0.0892080202050654,0.08946466449596012,0.08957156853374815,0.08980678830608746,0.08976389002971526,0.08986589859085443,0.09009492747626051,0.09020814141735682,0.09027628644461841,0.09096707149964427,0.09131138797467482,0.09171355578164589,0.0919399440542017,0.09247781885139243,0.09292408637226064,0.09322440060187599,0.09318356205582125,0.09317919040680496,0.09324798973100278,0.09327793296499447,0.09345658790189719,0.09345867921258305,0.09306364275244385,0.09282039951122309,0.09275382250803657,0.0924025895615977,0.09148406214126496,0.09106780420935065,0.09064841927306087,0.09056260884995875,0.09027735811109253,0.08968306540838371,0.08858034401066062,0.08850231864762689,0.08692539538931296,0.08574365480891864,0.08478191103370025,0.08375706950269832,0.08205076295100239,0.08029171642751855,0.08012033469261995,0.0788082140051951,0.07764333311592823,0.07646829813560478,0.07507019849607012,0.074250077714375,0.07365602533980847,0.07372033664173325,0.0734954496070103,0.07308340862114676,0.07292515402708598,0.07217636256320352,0.07169100102925285,0.07189670667661781,0.0670276602363508,0.07195551777992748,0.07197051971144491,0.07201776182420054,0.07161379531161423,0.07101029557730114,0.07041020586274233,0.06978062075600427,0.06957569172410322,0.06953795037694781,0.06932745003424254,0.0687734321715095,0.06829376993941555,0.06784731975924133,0.06778926994119946,0.0673566934002087,0.06675897660263304,0.0661178053445475,0.06606250438120179,0.06562695448793719,0.06558718368641556,0.0657718153733271,0.06595010976422237,0.06594964324504295,0.06588204286820167,0.06587104861965165,0.06599501818749232,0.06633484233786548,0.06659419735722999
stat_293,0.17342185772882754,0.07287527567786166,0.11588113814983056,0.08453006980448519,0.11159115708287831,0.10707751453564691,0.11112854668947467,0.11114549604845375,0.1111496384074642,0.11113047028136443,0.11108707159234812,0.1109892219927192,0.11088032736466426,0.11077619673299528,0.11069714826648064,0.11062035423201629,0.11058680836948903,0.11058605888958353,0.11048217814526921,0.11035292881757779,0.11022947759098164,0.1101833366089488,0.11036506010919224,0.1103677465654391,0.11071562242173313,0.11080768120051258,0.1106608932681928,0.11064697536860521,0.1106779946009994,0.11061935388754052,0.1108820970341682,0.11088618587512102,0.11111563332894632,0.11163315531696921,0.11201255950064916,0.11209781954896372,0.11239720570948616,0.11249980743505096,0.11277575007049276,0.11268783395893152,0.11279983348203936,0.11310468788959047,0.11322978267160529,0.11327077174422948,0.11408344215663171,0.11449593422397089,0.11499392348133258,0.11524197993728089,0.11587163601046956,0.116372138089523,0.1166818124324534,0.11657995229582067,0.11657138727643183,0.11660181385445574,0.11655618815682443,0.11668985514135406,0.11659690805153497,0.11602035721449187,0.1156988310643166,0.11560677126585273,0.11516170720614377,0.11400312499326411,0.11343973938969369,0.11292776312661941,0.11281913051904903,0.11246906391505257,0.11176978140163232,0.11048855120113872,0.11039546018149046,0.10844429474666094,0.10702660331231986,0.10590326053470439,0.1046167726480611,0.10246029814266773,0.10030166660102784,0.10009446716684368,0.09855073950773108,0.09713058616096326,0.09563780555745414,0.09389597822952715,0.09290041813932143,0.09221505414869834,0.09232319940282226,0.0920517207294263,0.09155351784207875,0.09137833334852975,0.09043698628105305,0.0898268661006881,0.09006177773663443,0.08333043554306696,0.09009550906280515,0.09011393760190078,0.09009585190982164,0.08950436721304661,0.088686981530365,0.08793698385058771,0.0871385992311402,0.08687636940176781,0.0868362667942027,0.0865488776091968,0.08578720819432784,0.08515972540093904,0.0845596148355662,0.08448252388607239,0.08387101912575022,0.08306788726131577,0.08217864987169667,0.08210648936720599,0.08152584006198339,0.0814419591536842,0.08164825292257798,0.08188635303339412,0.08195808028999044,0.08188260186588212,0.08186697783595284,0.08202179002741306,0.08243199217916701,0.08275989985868933
stat_294,0.11979910310045037,0.05043422614715959,0.08000948090199606,0.058218867317950264,0.07699447663839398,0.07436222371920763,0.07671722731901542,0.07672987948649478,0.07673201945715213,0.07671674500439428,0.07668263900997659,0.07660983264000587,0.07653165335751143,0.07645797693106497,0.07639993535847531,0.07634301399676893,0.07631017460286073,0.07630930549504955,0.07623187303354043,0.07613445536254015,0.07603401696237365,0.07597579537207998,0.07606564400049695,0.07605704862784184,0.07628440729362472,0.07632576646151068,0.07620511847239168,0.07617668449280501,0.07616274442690028,0.07609735575886664,0.07626957122029426,0.07627212795735107,0.07641304713151555,0.07673272716344622,0.07699098561583106,0.07705696121903771,0.07728604808944685,0.0773880201602777,0.07759360913267875,0.07756570910946099,0.07765645986105421,0.07784621328678926,0.07794308555095707,0.07800637397207175,0.0786075726971697,0.07890349087727386,0.07924545757368447,0.0794435149781548,0.07991195886923294,0.08030575847032202,0.08057248483958378,0.08054481242601684,0.08054156779786337,0.08061227596772741,0.08065656989440459,0.08083027265918995,0.08085327005916768,0.0805324479824774,0.08032797348744211,0.08027230997815289,0.07996942848254714,0.079177425155637,0.07882508187608084,0.0784576964386508,0.0783835815767705,0.07813401152675248,0.0776109254240337,0.07663808252956819,0.07656978144736121,0.07520461284905272,0.07417193279001687,0.07332338167120171,0.07243818094833793,0.07097049978116356,0.06944304128650472,0.0692936809484129,0.06813884389808292,0.06712667643578023,0.06611901410611161,0.06491265148186623,0.06419696277109237,0.06367145447417934,0.06371778304962683,0.06351694129027445,0.06315385829402766,0.06300803903348302,0.06236306920941701,0.061945935251243145,0.062129613210165996,0.05805694580975259,0.062190946509680246,0.06220412556920556,0.06226139991372338,0.0619329322570179,0.06142537551159184,0.060908620162829025,0.06036978334663316,0.06019269150333416,0.060157847451710385,0.05997761447183839,0.0595100303986285,0.05909861385944885,0.058720950998293935,0.05867150945076808,0.05831120943152557,0.05780690468230222,0.057271302168851415,0.057224165050278754,0.056855356763166734,0.056827822252669795,0.056992360511293215,0.05714291680773495,0.057127795318012195,0.05706890924834725,0.05705990479537292,0.05716733106590632,0.057463524957648136,0.05768733353452145
stat_295,0.1324255442712117,0.055674845981920955,0.08875217778403173,0.06453476137950499,0.08523238992846599,0.08222885831250093,0.08491184461782413,0.08492567454201834,0.08492866202164512,0.08491289042429577,0.08487665791103405,0.08479689883578939,0.08471075093138566,0.08462878166620763,0.08456396786619769,0.08450069617769775,0.08446547226741234,0.08446445893656472,0.08437807899708741,0.08426990265084319,0.08416091512284185,0.08410224697184732,0.08421187730179656,0.08420314433438279,0.0844572152064932,0.0845064364973944,0.08437501564066181,0.08434585736767776,0.08433820209317842,0.08427164140994367,0.08446066656672153,0.08446317936922856,0.08461926079167809,0.08498348609651916,0.08526945876712567,0.08533796123089375,0.0855821244013048,0.08568262307133928,0.08590708805031835,0.08586430043734142,0.0859613317899238,0.0861819558999196,0.0862905488150619,0.08635533018917758,0.08701651630143846,0.08734757185515031,0.08773547422823963,0.08795409853066061,0.08847172615296917,0.08890125723220738,0.08919549011389759,0.08916081567592084,0.08915683402769742,0.0892238009237476,0.0892514916737105,0.08942290197186341,0.08942419822890167,0.08903967768366357,0.08880231671889512,0.08873860631140046,0.0884036315512113,0.08752496109621712,0.08713125369434528,0.08673634285959124,0.08665501893973643,0.08638774717662767,0.08581714458758045,0.08475570516910061,0.08468071324774791,0.08316603399471925,0.08203211940808108,0.08111270276826715,0.08013251662303901,0.07849583432071074,0.07681063874907812,0.07664638190157375,0.07539237042863284,0.07427591630962672,0.07314836828095352,0.07180805304473921,0.07102448615936868,0.07045757711760386,0.07052214072788866,0.0703105202624912,0.0699194243559096,0.06977241581503024,0.06905459957515506,0.0685884738828238,0.06878388142132025,0.06411793876615653,0.06883756871399967,0.068851793249307,0.06889541135155451,0.06850480745254137,0.0679252059166739,0.06734902794333025,0.06674367632843897,0.0665484695014708,0.06651317099769666,0.06631446637887427,0.06578695230453664,0.0653314857898987,0.06490501139756447,0.06484982932942457,0.06443867007087195,0.06386572946349503,0.06325309804170032,0.06320014473617884,0.06278397315573678,0.0627486476801707,0.0629279548777117,0.0630994733705722,0.06309344916509263,0.0630241366901018,0.0630133584586153,0.06313141534778507,0.06345876403366044,0.06370583264269863
stat_296,0.12719564174597778,0.05348911745732343,0.08524334424647396,0.061953718177659364,0.08184786779927093,0.07903676250305765,0.08154718729516668,0.08156062328378258,0.08156334710980048,0.08154782526635006,0.0815123134580683,0.08143487125837087,0.08135165891419757,0.08127268822356666,0.08120994264214546,0.08114859159064758,0.08111320812706521,0.08111218278634982,0.08102836493042323,0.08092319985505862,0.08081601629770105,0.08075520656126844,0.080854366256709,0.08084421982860002,0.08108603036516199,0.08112947496342492,0.08099989086874784,0.08096855862918548,0.08095492051487331,0.08088653911408106,0.08106629343147825,0.08106864326357428,0.08121517381923878,0.08155816133565347,0.08183209556739052,0.08189901615109246,0.08213741304919461,0.08223942512696389,0.08245784587367452,0.08242263016546493,0.08251830185167433,0.08272661330760726,0.08283297036084845,0.08290157878404432,0.08354374946125936,0.08386359021970965,0.08423566551414133,0.08445004495780006,0.08495256061199523,0.08537278724760125,0.08566322545871986,0.08563627316856631,0.08563285221071286,0.08570493938888658,0.08574367770646626,0.0859210890672903,0.08593617126990104,0.08558025351682193,0.08535600085513319,0.0852960664569557,0.08497483367363205,0.08413219101975457,0.08375889802543822,0.08337618481261579,0.0832980710087347,0.0830391081060425,0.08248520015244334,0.0814531342531679,0.08138053958157421,0.0799240941085474,0.07882714944496841,0.07793237369963883,0.07699144856795226,0.07542374420325712,0.07379975619229158,0.07364104118168245,0.07242204892884796,0.07134495746138353,0.07026639364876527,0.06897902251866936,0.06822162272691394,0.0676682354948072,0.06772513068488481,0.06751927894908219,0.06714021487548211,0.06699458219508968,0.06630612651180062,0.06585928544795437,0.06605061308912141,0.06166331619724526,0.06610871112664413,0.0661224619835345,0.0661760205025085,0.06581464346394965,0.06526770374280276,0.06471496520853057,0.06413630097555069,0.06394928323614427,0.0639140303661816,0.06372556954477293,0.0632278154267014,0.06279312461866797,0.06238924631719649,0.062336771926115586,0.061951092091853205,0.06140901893207655,0.06083276689312211,0.06078234285898201,0.06038753976347153,0.06035765817409469,0.060532633050866695,0.06069497954876869,0.06068050334854059,0.06061406650011669,0.060604064057043515,0.06071767559961999,0.061033512277882083,0.06127066870560976
stat_302,0.4257715247348451,0.19124190361068358,0.23348383233924397,0.1855800079326814,0.2549502309115589,0.22619728403405356,0.25308020844038526,0.2530751733459212,0.25302668062381034,0.2529345980370649,0.25288395125015695,0.2529276841162413,0.25284937519326867,0.2528363968518631,0.253046610045229,0.25324279158651786,0.2537487535629018,0.25378621997501777,0.2541596410652264,0.2546289883016527,0.2552189649551588,0.2562426208021818,0.2577069698502662,0.258499240126525,0.2599461992283666,0.2614842456972397,0.26253949361710055,0.26383850870883785,0.2656526864933064,0.2666980317285758,0.268686840940781,0.26880749125771325,0.27125018355542585,0.2739057648990644,0.2751497153428976,0.2757676250400018,0.27642099502715356,0.27642759588353405,0.27612966687990886,0.2753883674992112,0.27502207477873414,0.2752230572495205,0.27398207000777025,0.2716677144406559,0.2704552836775655,0.2695228530243603,0.2687769372408305,0.26707735860837445,0.26581248950223585,0.26425014900395666,0.2611007343035791,0.2584820159563956,0.25833912875119885,0.25679543574731367,0.25494301526943036,0.25310778617601026,0.25094613043778036,0.249066536593404,0.24881458607977547,0.2484189738493121,0.24711203451785102,0.2443064997705055,0.24137831086102748,0.23948019231890913,0.23909225189341166,0.23758529916625773,0.2372105802795815,0.23745499516806104,0.2374054100685575,0.23463970246629404,0.23354179361847285,0.2328098856220846,0.2297584603665442,0.2253473913902514,0.2221440570915349,0.2219450407056016,0.2208236164829349,0.21931389431383852,0.21634245894851184,0.21360834339221796,0.21202777384045637,0.21196096463035158,0.21198653942212195,0.21041966124919803,0.20879275856911603,0.20768124347357306,0.2058883333946295,0.20500991055060463,0.2053041021856421,0.1759230225902194,0.20499564053677494,0.20506862780185459,0.203181489812974,0.20054413291508225,0.1975433702154815,0.1964671053134388,0.19525459070067874,0.19423206210043156,0.19411629602527533,0.1920279613419436,0.187877504797599,0.1850518396610867,0.18260400466949275,0.18226032603844955,0.1788528244589018,0.17608196420853628,0.17222333217330177,0.17201159025199655,0.16995564915614117,0.1687552274608505,0.16841396558308785,0.1690894704660676,0.17135508060786053,0.1720559265763886,0.17202335052175619,0.17244574248947775,0.17272054554594665,0.17367582888089267
stat_304,0.3745822276237305,0.16594928766687514,0.2143631482568488,0.16734184530699192,0.2278491302531967,0.20545173790247145,0.2263194927884574,0.22632313938780624,0.22629142226489454,0.22621941573939913,0.22616641871771345,0.22615549551053676,0.2260534589288107,0.225998640937241,0.22611149245647869,0.2262156734040854,0.2265576524433186,0.22658359574993556,0.22679980083727955,0.2270723288803649,0.22743414942347628,0.22813699129492537,0.22925252977444313,0.2298091192561539,0.23097803767719852,0.23209776318929967,0.23277184758726413,0.23367497593338088,0.23496179760181118,0.23566956143299028,0.23717295338615937,0.23725863892933316,0.2390643905957895,0.24115581796653665,0.24219342993662218,0.24265878923887096,0.24324150315893078,0.24328235341062726,0.2431963877969862,0.24263010130480123,0.2424221344929339,0.2427083752783755,0.2419004337395656,0.24029955501980207,0.23981174440825084,0.23934645014256584,0.23905370640095042,0.23797174193663018,0.23735921890414968,0.23647227220511668,0.23438385704010947,0.23248463953187326,0.23237945708869046,0.2312873492568165,0.22993192799964354,0.22866089174415022,0.22705610342056215,0.2254454645219327,0.2251212293750007,0.22479861245616017,0.22368267214847645,0.22120062113673247,0.2188719382864023,0.21731702745347573,0.21699568219335932,0.21578287979123317,0.2152402627025621,0.21490821179579495,0.2148351597156439,0.21205300376410013,0.21069137545374395,0.2097212852004764,0.20701418061615556,0.2029637254638616,0.19978678335494215,0.1995590937232203,0.1981330889029082,0.19646142158977345,0.19371045042468296,0.1910258765357568,0.18949038067574353,0.18915960321557276,0.18923795989794812,0.18802878943759807,0.18667821841619842,0.1858334478278453,0.18415961716838236,0.18327243143973437,0.18357411548568076,0.15971869341318165,0.1833581425842176,0.18341714910010468,0.18206040180935007,0.17991724143097254,0.1774282692327478,0.1763427388348751,0.17513467605321145,0.17430105768709422,0.17420573708015405,0.17260728945701695,0.16933206314184152,0.1670608987304141,0.16505886742108508,0.16478144180407636,0.1620825429926182,0.15975484226342737,0.1566035889579598,0.15642151565884457,0.15470077311619346,0.15379649759303574,0.15362817267809106,0.15421557257397886,0.15588985972017455,0.15635866770999135,0.1563280305626193,0.15669271589568007,0.15705433719536094,0.15787180071153992
stat_307,0.3788681879237853,0.16794968351574577,0.21520377979989702,0.16855880635097717,0.22999691563415087,0.20720706376715328,0.2284748346471031,0.22847825652328524,0.22844372236561217,0.2283673508876498,0.22831075567261244,0.2283019015426004,0.2282006139924049,0.228149889572361,0.22827135107514096,0.22838289141729887,0.228733959613636,0.2287608593023897,0.22898971261930925,0.22927645531592433,0.2296478099074095,0.23035675798774063,0.23146899006399002,0.23203762355431753,0.23321837558813543,0.23435291702159375,0.2350401104500575,0.23595610201417844,0.23724611558883438,0.23795150729494766,0.2394796805431207,0.23956744602201244,0.24139598509380958,0.2434825228904819,0.24453053402006564,0.2450127976214548,0.24562664651659263,0.24570092579582611,0.24562165114137344,0.2450805240338063,0.24487830754430648,0.24513812893699985,0.24431348150841156,0.24269883045699414,0.2421953815740771,0.24169928721645956,0.24135944545717944,0.24024144062210606,0.23958813679372104,0.2386668447037113,0.2364927920804663,0.2345388302378819,0.23443111051990773,0.2333231495688187,0.2319694349539655,0.23068804377277402,0.2290791581343281,0.2275098153662841,0.22722129365686441,0.22689585514510183,0.2257607973954558,0.2232549350911831,0.22086888954634712,0.21925073772058945,0.21892068256079023,0.2176549649528377,0.21711997451480383,0.21682994356441299,0.21675878808183546,0.21399984395402077,0.21265332646839843,0.21166622746481076,0.2089313980341982,0.20488313598458227,0.2016989159374446,0.20147209168404273,0.2000194604832605,0.1983537724943923,0.19561506167313564,0.192938734665678,0.19137803968732947,0.191029344855547,0.1910711989764925,0.1898088892627281,0.1884101764746861,0.18750905762246106,0.18583507569133823,0.18495887856054344,0.1852799231643997,0.16127194332637745,0.18509206010263526,0.1851530565302102,0.18380219915810098,0.1816828026855194,0.17919209580129153,0.1781192625720064,0.17693371448333275,0.1760818342405339,0.17597701409170438,0.17433225125835944,0.1709971793637109,0.16867150103616455,0.16664403108380887,0.1663607989729658,0.16361293648132633,0.16127164273524053,0.15808337124022515,0.15789989092791237,0.15615854607321702,0.15522582814108798,0.1550373405575192,0.15562372901660243,0.15735358570450214,0.15786217417238516,0.15783321088699698,0.15820558358491513,0.15855295543212994,0.15938630915653304
stat_308,0.11526903904728138,0.04878244811933978,0.076121642650473,0.05562562153801483,0.07374684893842881,0.0710058326098499,0.07347319677340139,0.07348472752500324,0.0734857700749683,0.07347013261076688,0.07343775499676629,0.07337167347368052,0.07329916546660069,0.07323198986791488,0.07318226908033924,0.07313327987713632,0.07311012284859607,0.07310988483025788,0.07304497864832668,0.07296321162161987,0.07287958521286941,0.07283945826410067,0.07293881297585517,0.07294259568390206,0.07316988376549814,0.0732294988879346,0.07313561600649775,0.07312930715013269,0.07314226529175442,0.07309746341846943,0.07328635759173159,0.07329080216044644,0.07345862284567738,0.07378684087793358,0.0740406936118858,0.07411285511338235,0.07433483981947335,0.07443249195039028,0.07461404224436295,0.07458154625079402,0.07465865177504828,0.07482862676360616,0.07489487136483103,0.0749165921331438,0.07544333569499963,0.07569578169274621,0.07599103932259951,0.07614606374107606,0.07655443390853861,0.07689392477134473,0.07709510888633243,0.07703704434038447,0.07703238003860348,0.07708172370530533,0.07710706242399162,0.07725139047246207,0.07725499180970673,0.07694745585644051,0.07675974117387632,0.0767046012562582,0.07641099077538797,0.07565103322229148,0.07529488665366627,0.07493215351165584,0.0748594029447677,0.07461022576108636,0.07412174789294004,0.07322472944637017,0.07316118035839653,0.0718755447234378,0.07091153436266283,0.07011802770117932,0.06926883513160444,0.06787266624460012,0.06643130672714968,0.06629168228164882,0.0652126788292879,0.0642665248675585,0.06331046475755302,0.06217390883310846,0.06149648833733405,0.061011656592726685,0.06104932937037799,0.06084007487238945,0.06048204581526489,0.06032764174329073,0.05971626651741882,0.05932558119247804,0.05950033109032356,0.05545077483060432,0.059557500199103816,0.05957067061637845,0.05960430534878182,0.05927805111184016,0.058780089853654065,0.058294589938115926,0.057788474763002744,0.05761289327019149,0.05757859477948338,0.05738647040192042,0.056908909041332556,0.05649726401872249,0.056123790490223445,0.05607447546193061,0.055707575761973924,0.05521629377410731,0.05468609527009213,0.05464056696796864,0.05428074935225835,0.05424445979350312,0.05439399098069566,0.0545387492821246,0.05454486402532104,0.05449855863729516,0.054490080986508246,0.0545938079160505,0.05487026192012085,0.05508688151383341
stat_309,0.1437571354008172,0.06060298597495531,0.095630608539703,0.06978093854613929,0.09228835314253758,0.08876790948690719,0.09192776739611087,0.09194211174725575,0.09194466073075738,0.09192711998927185,0.09188881708767238,0.09180626557881766,0.09171539301778991,0.0916296521863576,0.09156473595011476,0.09150127979664371,0.09147133863905361,0.09147077037296542,0.0913855109934883,0.0912788302697942,0.09117322560759757,0.09112633292658379,0.09126138138417773,0.09126297383643517,0.09154756538066043,0.0916199747452737,0.09149750888586038,0.09148504021847531,0.09150272495235974,0.09144839107950786,0.09167256127713545,0.09167681680809724,0.0918733223096763,0.09229068163617148,0.0926057725433591,0.0926853033451537,0.09294756700215553,0.09305082019962975,0.09327984783161215,0.09322344463251178,0.09331888396524496,0.0935527142551442,0.09364874003217881,0.09368372537570621,0.09435568031567973,0.09468863447323782,0.09508414698839554,0.09528937030186,0.09581237759028732,0.09623917550422047,0.09650453671442966,0.0964334868321167,0.09642741597930153,0.0964760095953104,0.0964786996851907,0.09663157378363399,0.0966022752853,0.09617323949499292,0.09592081316827367,0.09584892180706332,0.09548232764753807,0.09452839928601821,0.09407902453046776,0.09364341966632292,0.09355354794361735,0.0932557567169444,0.09265625230119984,0.09155328450294337,0.09147443035197322,0.08985696624192288,0.08866000440514421,0.08769298379931231,0.0866300776266763,0.08486277972220498,0.08306256975032751,0.08288863636347167,0.08156799483818723,0.08038347084307154,0.07916624043705205,0.07773087230646193,0.07689362657024693,0.07630316894573011,0.07637254893342155,0.07613230567854222,0.07570389898953528,0.07553709361421396,0.07476423253771283,0.07426597376811146,0.07447296688422211,0.06920102117471924,0.07452343920081442,0.07453920220786547,0.07455769174789248,0.07411215449482686,0.07346567831383008,0.07284947902566997,0.07220024358086465,0.07198339598818805,0.07194557600319285,0.07171141565511567,0.07110584674009701,0.07059396914967425,0.07011601394573112,0.07005391669794263,0.06957914656125799,0.06894321340943274,0.06825117414798298,0.06819304498515485,0.06773092023852857,0.06767794670988515,0.06786039364026485,0.06804885515100996,0.06807319898104926,0.06800912696696848,0.06799732909418445,0.06812590457092894,0.06847132097154186,0.06874148876638836
stat_313,0.14850377266692438,0.062341686012684756,0.09912913397935957,0.07235040443837966,0.09562324117098829,0.0921814992229142,0.09526296107585536,0.09527840833251432,0.09528161398441139,0.09526375524708691,0.09522309754593872,0.09513406030841688,0.09503769360796793,0.0949461456390549,0.09487409585291555,0.09480367930351771,0.09476490974167912,0.0947638241641601,0.09466763976443249,0.09454700243460666,0.09442535409304305,0.09436018096079789,0.09448380790614098,0.09447419170710529,0.09475939318518917,0.09481463283881691,0.09466676989845096,0.09463338286471192,0.09462412817143345,0.09454894638781917,0.09475901860386694,0.09476162784572284,0.09493374866285678,0.09534189943346456,0.09566214647765083,0.09573726762081705,0.0960093047325541,0.09611986115390207,0.09637308376883204,0.09632372149357271,0.09643324734400789,0.09668392170178282,0.09680875916384561,0.09688423656101192,0.0976288707655729,0.09800164203924105,0.09843738298435754,0.09868139379693688,0.09925884220969342,0.09973579706094912,0.10005436455341629,0.1000062230702609,0.10000125884434896,0.10007081477798052,0.10009738837166014,0.10028245158361096,0.10027806800324437,0.09985130013467576,0.09959100378548433,0.09951896269367783,0.09914118662876012,0.0981546814051911,0.09770278040760386,0.0972500844669226,0.09715742762337207,0.09684821975343103,0.09621506837548147,0.09504252436677778,0.0949592809413309,0.0932710009283044,0.09200786981631133,0.09098066900297477,0.08988042285592564,0.08804859730249733,0.0861633982504548,0.08597987339632579,0.08457701182657067,0.08332829450194966,0.08206507571851085,0.08056340012180364,0.079684729988999,0.07904971601222806,0.07912169647254648,0.07888253499384955,0.07844216749831473,0.07827431938467688,0.07747026711502396,0.07694886262028168,0.07716813676855187,0.07190574274192563,0.0772285742449309,0.07724461835320458,0.0772912222488721,0.0768526890818183,0.07620169363930794,0.07555716726746031,0.07487993675212741,0.07466015783991126,0.07462020932240533,0.07439399334542628,0.0737960784033708,0.07327924009671527,0.07279738300327965,0.07273470047569155,0.0722648825891779,0.07162013118619727,0.07092562876414005,0.070866093944855,0.070395837631797,0.07034907190028232,0.07054367962245213,0.07073552519230812,0.07074375505300985,0.07067425188416311,0.07066245180096001,0.07079574103485894,0.07115834814942013,0.07143747006904302
stat_317,0.18603178748298302,0.07828400519014297,0.12304611193132774,0.09024634271303691,0.11940962204238924,0.11429913136073785,0.11891195244508243,0.11892954097945402,0.11893263190786638,0.11891055190128229,0.11886376326736521,0.1187625813296748,0.11864839102854134,0.11854069724954773,0.11846243738491564,0.11838602567808357,0.1183579716413507,0.11835778232243459,0.11825599888024076,0.11812888256514834,0.11800751197402738,0.11796969259858672,0.11817137377212902,0.11818405879769862,0.11856317608588743,0.1186762027168398,0.11853472077083932,0.11853407089263276,0.1185822794746217,0.11852893792281,0.11882596844364328,0.11883170052394687,0.11909682503616845,0.11965927335255751,0.1200690061447897,0.12016690181914882,0.12049246469860417,0.1206071524014005,0.12089550413967386,0.12080296170332484,0.12091876651156486,0.12123410767369013,0.12135163503545536,0.12137286635338196,0.12221011981668276,0.12262642740444939,0.1231289326502774,0.12336399790779523,0.12399937760381127,0.12449792154339336,0.1247658860471357,0.12461729415647387,0.12460616358465314,0.12461751200005158,0.12455212496353342,0.12466932599703218,0.12454923104287807,0.12394448354568194,0.12361948852636029,0.12351877104777471,0.12303599567283699,0.12179400135562843,0.12115826511427819,0.12058380007858897,0.12046368397951013,0.12006471356612126,0.11933699470482605,0.11802234663496725,0.11792565821189642,0.11587523812032409,0.11439312658638974,0.11321022612595204,0.11183151626543275,0.10954268527884364,0.10725966998659765,0.10704198724289092,0.10541319032636898,0.10391907060745502,0.10233739860995965,0.10049617468835978,0.09943517574640869,0.09871340810179263,0.09881670589911792,0.09850453874187873,0.09795609854978654,0.09774676456921598,0.09674801814866615,0.09610644235705983,0.09635983820417102,0.08901643662457692,0.09640027427881806,0.09642073838474118,0.09638651319460784,0.09575229656753832,0.09487163826231765,0.09408277914720922,0.09324482427968159,0.09295672378462466,0.09291105746080841,0.09257878098964792,0.09172788096218096,0.0910297876823582,0.09037272086842917,0.0902871716379281,0.08960039682176518,0.08873212995630857,0.08775470204212037,0.08767697887479393,0.08704448907223071,0.08693408511492448,0.08713700435886208,0.08739118659754778,0.08751056676996953,0.08745361238743855,0.08743762403550431,0.0876056732354745,0.088030016760543,0.08838649902930626
stat_322,0.24251780921051758,0.10260506994743543,0.15737071516687826,0.11657347729810212,0.15464194738411055,0.146048741500459,0.1538796680076114,0.1538981559367566,0.15389961442111735,0.1538711933600816,0.15382025950962142,0.1537145396421587,0.15358227005330713,0.1534599305250183,0.15338882479040902,0.15331955206332354,0.1533352294110124,0.15333800621894253,0.1532536773166426,0.1531499858879042,0.15307126210746425,0.15313384179455505,0.15351550475515063,0.1535966465451858,0.154147416590319,0.15440936530814037,0.15434051655416176,0.15444896545787304,0.15467011806661246,0.1547092963305831,0.1551895203655651,0.15520385737366338,0.15568555350178526,0.15655641361470998,0.15711422905243003,0.15725423053838256,0.15763981653518816,0.15772779343516985,0.15802480471944325,0.15782378392851018,0.15791714646341276,0.15832810841743852,0.15837473054765236,0.15820581370859751,0.15904315191444515,0.15945057256038478,0.15998833062100815,0.1601104282355388,0.16071090286817838,0.16110908115090206,0.16112584341171846,0.16071181248175445,0.16068516358213533,0.16051540366709957,0.16019457776796034,0.16007456429606545,0.15964965669874293,0.15870497670382755,0.158288501892386,0.15813308771135245,0.15748158123673506,0.15585036227179988,0.1548584118770073,0.15408824362153742,0.15392195526662894,0.15337105113202867,0.15257573520253329,0.15122724156223408,0.1511193820326894,0.14860617295238937,0.14691552862544,0.1456215843638686,0.14382467031252036,0.14086192899653524,0.13807906230865322,0.13782524770521778,0.13601436630501826,0.13424228920773582,0.1321871522571651,0.12988998783663794,0.12860525977341464,0.12784791769020082,0.12801194495641388,0.12756926758553014,0.12685888751834964,0.12658294839101272,0.12530472503413684,0.12450010300164506,0.12477860045899937,0.11343781970552717,0.12474618668374284,0.12477391346883325,0.12450142881142241,0.12347147661420334,0.12216837303295845,0.12118755526886611,0.12012397720943599,0.11971699357332834,0.11966738230648755,0.11911433720524961,0.11776119077374131,0.11672992459922141,0.11574899262325089,0.11562096805452715,0.11449784456939752,0.11323037661286152,0.11171550335826053,0.11160738614220558,0.11068733171829227,0.1104266427382209,0.11059827736240199,0.11095857167757343,0.11136043665187757,0.11135746785221881,0.11133416584831826,0.11155564304993867,0.1120389492638422,0.11251882461617813
stat_323,0.28691186291516696,0.12233923158302418,0.18145888399300547,0.1360583520972547,0.18130622307663233,0.1689964712421013,0.1802948965469427,0.180311499225137,0.180308405341351,0.18027248059747566,0.18022138344175045,0.18012788848385697,0.17999190879048496,0.1798715438179149,0.179828542586905,0.1797862620524138,0.17986902810169003,0.17987632009104149,0.17984058576013232,0.17979892264789418,0.17980326865887186,0.1800079720432301,0.18058808154956285,0.1807665603361458,0.18148527849730053,0.18193703757170476,0.1820034800352392,0.1822712580854573,0.18272471232804766,0.18290257901414209,0.18360005701742538,0.18362714579283848,0.18438148209629585,0.18557193824235646,0.18626317135861592,0.18645755447251142,0.18688414082040045,0.1869355872764348,0.18718615999503693,0.18686944548089066,0.1869099497568156,0.18736810333333326,0.18727507803898302,0.18682428598458323,0.18748563079478997,0.1877794149625783,0.18823689592454496,0.18814217056650087,0.1885588933716233,0.18872245256587433,0.18832288446128362,0.1875673223572828,0.18752164636605373,0.18711942283298436,0.18650216307160347,0.18607708005407222,0.18530808728601358,0.18407518210820104,0.18361846796835948,0.1834110219901808,0.18261493191100062,0.18068018547160228,0.1793233823638107,0.17836143074604865,0.17815196443806988,0.17744374161634907,0.1766681120719744,0.17547877222004865,0.17537198576816107,0.1726079158710014,0.17088437666069264,0.16961345997448127,0.16749350400743404,0.1640510232730568,0.16099079734518051,0.1607256543854331,0.1589180606900105,0.15703698399991808,0.15464825450047998,0.15207787472197462,0.15066470905601104,0.14996866409979426,0.15016731789124724,0.14957203035992306,0.1487117670434049,0.14834534055569518,0.14687616243524385,0.14597783380557852,0.14626027208105252,0.13108279087190974,0.14614877240716564,0.14618376125684462,0.1456217499807229,0.14421605417658062,0.14252697437347128,0.14143775858723878,0.14023860685665845,0.13971723294729174,0.13966331106777535,0.1388603365476143,0.13698747446178883,0.13562325657460494,0.134335184239868,0.13416531817709054,0.1325963131338722,0.13097423365810534,0.12894994141448735,0.1288162592222452,0.12763800917115184,0.12720638819420174,0.12730803714379313,0.12775516442174986,0.12849009064816028,0.12857900093804878,0.12855047051691973,0.12881641873757152,0.1293061368033117,0.12989127048120186
stat_325,0.15321325948480327,0.06436805489825045,0.10271465276426645,0.07474047078950607,0.09865358156830999,0.09497244234915249,0.09826547105656586,0.09828108689868363,0.09828483267797901,0.0982674069731646,0.09822716402212792,0.09813701254348169,0.09803854543981631,0.09794442158433721,0.09787083630519514,0.09779920706159437,0.09776237414193616,0.09776134376714431,0.09766368650711806,0.09754178562753664,0.09742176325773848,0.09736443894578532,0.09750561037916441,0.09749959755619939,0.09779868708530294,0.09786433951806722,0.09771969025257471,0.09769315187585087,0.09769801489350409,0.09763062945742301,0.09785246886529825,0.09785543031620884,0.09804220081313414,0.09847825545645297,0.09881049396140917,0.09888661125988045,0.09916005518023133,0.09926380803326917,0.09951797111373832,0.09945542445671797,0.0995625984304813,0.09982658440808448,0.0999487315499895,0.10001053314230661,0.10076048710603744,0.1011395964447232,0.10158966588557543,0.10183212726388835,0.10241763029513233,0.10289500016991461,0.10321342383940119,0.1031553013666135,0.10314956683431264,0.10320619822264089,0.10320653885066199,0.10337057766557006,0.10333535099034125,0.1028587112755575,0.10257742188130929,0.10250035922751285,0.10211066123086261,0.10109045691088885,0.10061848128450306,0.10016625788661368,0.1000716340094401,0.09976474628833028,0.09912191267725745,0.09793202620965451,0.097846998219871,0.09610266887648218,0.09481361073819382,0.09378010173862286,0.09264450197713804,0.09074217121780567,0.08880777256201376,0.08862034750500833,0.08720591496900444,0.08592712142175912,0.084613110143639,0.08306380166126669,0.0821685152661983,0.08153364180299372,0.08161981701759098,0.08138036765215291,0.08093557236597412,0.08077564298415599,0.07994293075322081,0.07940182751153971,0.07961917267039724,0.07398045026543737,0.07966578532909575,0.07968206299541317,0.07970401351958915,0.07921945530877837,0.07852554326416747,0.07785862502222399,0.07715342079182377,0.0769257711715915,0.07688775859552692,0.07664989438685273,0.0760147549711865,0.07547792928766,0.07496885435826152,0.07490333365154098,0.07440082562356258,0.07371671076095178,0.07297417662605146,0.07291175947222854,0.07241628974762358,0.07236173464904608,0.07255911158882034,0.0727633352273856,0.07278537922777047,0.07270915857563318,0.07269598787052073,0.07283251385732925,0.07320526583379891,0.07349255164181528
stat_328,0.2349407209459707,0.10011690175546764,0.1490572941363266,0.11139188598707249,0.14867719320965958,0.1401893029837418,0.14797800328796978,0.1479951025270474,0.14799182797489327,0.1479578392377269,0.14790370932723726,0.14780725088029822,0.14768400327950515,0.1475757035097272,0.1475228559040762,0.14746977994695223,0.14749923936419498,0.14750343981335837,0.14744561263510017,0.1473728265039502,0.14731647026528197,0.14738877850684537,0.1477458012162276,0.14784670846878809,0.14838754763422807,0.14866883489087743,0.14864014027623687,0.14877924760942518,0.1490167725658776,0.14906893960379564,0.14958563233635916,0.14960466840316847,0.1501338491417287,0.15097649429927004,0.1515255791793761,0.15169517453052742,0.1521064440376914,0.15223722523001645,0.1525039408803784,0.15234339057218285,0.15242636537128518,0.15275874918110072,0.15274515513701592,0.15252352475177317,0.15324368886450718,0.15355719948019103,0.15396967792411556,0.15401383991053957,0.1545047150822123,0.154825608793355,0.1547161880412483,0.15425530416751643,0.154227253326066,0.15406070906700706,0.1537897334522373,0.15369528845951066,0.15332793705097883,0.15252962311502555,0.15219298226163738,0.15204632111844857,0.151408816606505,0.14984331920277888,0.14884984825374253,0.14803309548496046,0.14786520481033083,0.14727107349410112,0.1465116079644763,0.14525596376869163,0.1451551134256573,0.14281137369701888,0.14121733395705416,0.1399472717262204,0.138217081670879,0.1354381425718358,0.13279504162662287,0.13255536756810463,0.1307875133500552,0.12912361029697778,0.12721457492297247,0.12506756950076417,0.12381786654383763,0.12307507848745307,0.12316748197949269,0.12266285801144093,0.12191471226288493,0.12155935841573055,0.12036026639816993,0.119624089760634,0.11991970432209144,0.10922876490713214,0.1199394944569439,0.11996880860448607,0.1197330521023537,0.11881762278443904,0.1176032622888585,0.11669820354604012,0.1157320474790065,0.11532371409464777,0.11526166231190924,0.11468038314069666,0.11334275052614462,0.11230585317532552,0.11136277215623903,0.11123605666934963,0.11014145544299188,0.10895306433785852,0.10751720105874299,0.10741484723972569,0.10653812637469572,0.10627328398569674,0.10642230890310879,0.10675323433331786,0.1071667791057723,0.10720997045414384,0.10719097185029566,0.10740974647806853,0.10785481412476881,0.10832594582088512
stat_329,0.17831369643187336,0.07514250022352273,0.11852561937377812,0.08662545993680876,0.11446618653062901,0.10955815272484562,0.1139758086512314,0.11399250086182175,0.11399607514111153,0.1139760290580387,0.11393265938886774,0.11383645777979823,0.1137273818530496,0.11362377181534375,0.11354831190379708,0.11347498546548261,0.11344958298394656,0.11344938573098051,0.1133518037336447,0.11323067069845297,0.11311790168963075,0.11308945376117219,0.11329478873964612,0.11330997815518261,0.11367763368295168,0.11379387490027124,0.11366600429075428,0.11367372918368943,0.11373581430167465,0.11369643614528584,0.11398858736659935,0.11399456550594193,0.11426216260748902,0.11482024495639037,0.11521581554276832,0.11530952860828808,0.11561398779999141,0.11571253328919048,0.11597891198010173,0.11587673998915812,0.11598019868192551,0.11628699077361693,0.11638997534104756,0.11639085101021747,0.11717349908895937,0.1175676743735492,0.1180514402523606,0.1182708457426987,0.11887571069389022,0.11934743729430351,0.11960950176397134,0.11947057259135693,0.1194599723914018,0.11946574512635283,0.11938885784660795,0.11949101090054326,0.11936249594691636,0.11875419381528975,0.11842694141181198,0.11832941957874187,0.11786930458390875,0.11667831194056372,0.11607839031785529,0.11554819770564388,0.11543528927142752,0.11507056240096415,0.11437140352457412,0.11310268646874387,0.11300951164103318,0.11102913143921551,0.10960637559295594,0.10848524899883179,0.10716406264258094,0.10495533140978647,0.1027667150624229,0.10255833164212866,0.10101619703415382,0.09958553773508241,0.09805703956867665,0.09628709837633856,0.09527876257178626,0.09460249299967559,0.09471388775121768,0.09442432612967329,0.09390909343373033,0.09372294263469952,0.09276151721728249,0.0921420491061257,0.0923772624758915,0.08523134691556239,0.0924022042225837,0.0924214567665832,0.09237029156795001,0.09173691818253339,0.09087681755790405,0.09011518035593538,0.0893020761645634,0.08902731570061377,0.088986896846111,0.08867218872152464,0.08785449786825889,0.08719219962538358,0.08655963731885696,0.08647822386619813,0.0858209311901519,0.08498029361002776,0.08403874973653433,0.08396389640743247,0.08335675440661498,0.08325698859029601,0.08345799555302885,0.08370547358971316,0.08380785076978947,0.08373954951921328,0.0837232699371979,0.08388257097702093,0.08429499990824824,0.0846335509256866
stat_331,0.26971398848711176,0.1156032109174512,0.16831610390682047,0.12675759670277123,0.16962532172744707,0.1583952445751209,0.1687382130410494,0.16875418213382895,0.16874770295208832,0.16870806136747807,0.16865326423250365,0.1685642854016773,0.16843679115352872,0.16832840510702768,0.16829480781820333,0.16826025245023787,0.16833808348268503,0.168345558882816,0.1683217006053258,0.16829245004750978,0.16829522909316566,0.1684710080134893,0.1689756275203268,0.1691480965191694,0.16981656049805793,0.17023872291571318,0.17030839614554794,0.17056541622926918,0.17097528977355464,0.17112966977785043,0.1718116815484856,0.17184038298608884,0.17257653739854287,0.17366198482756873,0.17431452436436676,0.17452693292293023,0.1749733519509742,0.17507984133408605,0.17531372188910851,0.175067392431945,0.17511175503243742,0.17547993624009117,0.17536187085943603,0.17493005958502827,0.17552739859278516,0.17576091900218846,0.17611955531817167,0.17600795931634364,0.1763734896394345,0.17653145983676397,0.1761273293533266,0.1754201586179043,0.175378342921697,0.17504516295361194,0.17455907340605,0.17424663403340412,0.17362862930121092,0.17260814223126417,0.1722340584417725,0.17204829524113016,0.17130030412842115,0.1694979813396465,0.16823528368898696,0.16727727811437626,0.16707714599316711,0.1663685689961567,0.1656114811408975,0.16444721371440557,0.1643455123915865,0.16178708254340946,0.16014624593806784,0.1588769055466145,0.15689406086091406,0.15373347957695974,0.1508568037374882,0.15060578904405028,0.14881895801700915,0.14705503641132475,0.14488139050166982,0.14251081462361193,0.14115445645111854,0.14044779255152648,0.14056728737158947,0.13994825189600535,0.1390846615930333,0.13866191079267906,0.13731046360589966,0.13649723612351958,0.13679886361231391,0.1232201756277454,0.13676118294736395,0.1367960064358521,0.13634911219632356,0.13515046323077645,0.1336426900836102,0.1326473113155149,0.131569959410468,0.13107504775897158,0.1310097442625035,0.1302438379970946,0.12851894390237392,0.12723358842870852,0.1260592778115269,0.12590133651155322,0.12447612199338437,0.12301749798046631,0.12119882176828653,0.12107679316168779,0.12000426219440169,0.11961607933460389,0.11971932038881762,0.12011782684945511,0.1207701368055472,0.12087493377303701,0.12085165826846192,0.12110445377243284,0.12156183417118714,0.12211319480746566
stat_337,0.2240221227195783,0.09475010290186843,0.14596467326304693,0.10783880916574287,0.14300398294027541,0.13556585138073426,0.14233043036168633,0.14234856136542648,0.14235028019960477,0.14232357482877206,0.14227376114618617,0.14216996273688437,0.14204397378464964,0.14192710864568914,0.14185473081931632,0.1417840971644309,0.14178657896289196,0.14178849228279627,0.1417002136154532,0.141591035807998,0.1415003159950743,0.14153194164767155,0.14185521539112111,0.1419163390795632,0.1424122011587828,0.14262921463068723,0.14254156119924533,0.14261919509902918,0.1427893122420219,0.142802200185861,0.1432294753985414,0.1432416452536227,0.1436622764741748,0.14443682819333042,0.14494784217535478,0.145077723517693,0.1454457803137015,0.14554444190480054,0.14583379625848217,0.14566847634011063,0.1457665105270868,0.14614044040861512,0.1462018930756313,0.14608500424580975,0.14690947097835605,0.1473113971537086,0.14782823864140743,0.14798027657265544,0.1485847031690861,0.14901105586991184,0.14910374887927194,0.14877507548130375,0.14875350238608484,0.14864465708624408,0.1484119598128824,0.14837408009770137,0.14805490869826943,0.14722871012973293,0.14684455701720178,0.14670764946374204,0.14611194634972993,0.1446098882875832,0.14373706185816257,0.1430297651779965,0.14287869518917,0.14237669693610178,0.1416013596455228,0.14026004370256354,0.14015574658096672,0.13779645848090621,0.1361735989991673,0.13491338219496787,0.13325466793130386,0.13051757807243944,0.12790034980520087,0.12765855393949335,0.1259059240759987,0.12422782873599675,0.12233253077560537,0.12018958135867405,0.1189785563896892,0.1182336081358816,0.1183739798686349,0.11796942778490203,0.11730866682603207,0.11704933294212465,0.11586526276188959,0.11511686244122216,0.11538850187911025,0.10538941049437969,0.11538273079092683,0.11540821592518445,0.11521515562121189,0.11431945097848324,0.11315775855383298,0.11224196154003223,0.11125536232488999,0.11088689180904478,0.11083797287953172,0.11035594270591662,0.10916857935022872,0.10824689825499852,0.10737442011647867,0.10726052424352521,0.10628439445354614,0.10515206105805246,0.10381995754288195,0.10372207991085462,0.1028993877730715,0.10269064895761808,0.1028743486955294,0.10319850137480102,0.10350217906529578,0.10348096963960092,0.10346020700432035,0.10366404763682281,0.10412864671155052,0.10456752583987751
stat_338,0.3787827777907977,0.16477110473998477,0.2246557562641018,0.17347303649864967,0.2339308372259,0.21159664991992988,0.23228917307962038,0.23229526478258306,0.23227516042423763,0.2322184438170491,0.23217606098976776,0.23214795540896735,0.23203084592240228,0.23194788351732873,0.23201880228030355,0.23208577866679253,0.23239075155800354,0.2324128472845273,0.23256514580147383,0.23276213386032132,0.23306676062749437,0.23373339755923805,0.23488182836938962,0.2353756800301279,0.2365309731321043,0.23757017365322516,0.23812538952820575,0.23892121511190167,0.24012285841267156,0.24077284030326038,0.2421171905858621,0.24218657921370781,0.24378544155891435,0.245864071216741,0.24687905159122853,0.24723877095298807,0.2477208000148977,0.24763752203491549,0.24764206193190488,0.24698738876333678,0.24681831705337157,0.24731148835895447,0.24670340969926818,0.24530631870329495,0.24513102539588505,0.24491322543921917,0.244933100212971,0.24405862761884312,0.24369642463088056,0.24297853270449263,0.24117960122641713,0.2393951879040157,0.23929360533720903,0.23818892424172225,0.23672031458275009,0.2353782918772489,0.23364794425799237,0.23175646798898203,0.23128094284937806,0.23094500960571165,0.22982538725977772,0.22727144417448414,0.22497593074116487,0.2235447693350346,0.22323220409844957,0.22212458863735526,0.2215531609547012,0.22111225939684948,0.2210302165219129,0.21800319788854072,0.21651829760581337,0.21556552561138237,0.2127926142419839,0.20846926349256836,0.20511320089647633,0.2048659836703285,0.20343515226262623,0.20159874533333286,0.19860470269820005,0.19567497370076326,0.1941210883173828,0.19378848604394425,0.19403791860256656,0.19301070900460782,0.19179345896369776,0.19115766463992595,0.18936140090521206,0.1883512940635821,0.18859508566538158,0.16377669882972085,0.1882526914251415,0.1883062511831416,0.18687594538393562,0.18451453760477857,0.18188521645966654,0.1806707256962229,0.17928524500931844,0.1784779152052781,0.17841463535977056,0.17691415898562718,0.17366998995703797,0.17145673285837348,0.1694120423448945,0.16913681064140448,0.1664152815590825,0.16396807436715727,0.16070305577248492,0.16051313508610124,0.1587352123978708,0.15784205710145371,0.1577059234542569,0.1583395232715508,0.15999137023476628,0.16037080284044639,0.1603322386482519,0.16069394268290307,0.16111146905377624,0.16192896832427783
stat_339,0.3489676757545536,0.15363080264970289,0.20159167167250344,0.15674999727828368,0.21330428917232477,0.19402728135237138,0.21200924706214477,0.21201704280756098,0.2119886500129335,0.21191903282822935,0.2118575459200704,0.211821774843054,0.21171063587807734,0.21164359343718256,0.2117209673373998,0.2117899692613221,0.21205686131017754,0.21207822580471958,0.21223408058765184,0.21242760416137257,0.21268134211858822,0.21321193922447296,0.21411037436665648,0.21455784432206892,0.21558115184495263,0.21649056380065412,0.2169814249024151,0.21768879383658918,0.2186827744738204,0.21919705880456147,0.22047478529295828,0.22054551912780884,0.22203943587119698,0.22378633362811956,0.22471817681218598,0.22513451369465864,0.22573690049126155,0.2258687110187376,0.2259038050201859,0.2254956789807928,0.22538432776529818,0.22564529364128316,0.225036158466488,0.22380391977978933,0.22366281311072095,0.2233804250203897,0.2232241237847237,0.22241090743421246,0.22206795956975497,0.2214878558973546,0.21982988580602328,0.21824389352607088,0.218156088515251,0.2173036564043399,0.21626131915336108,0.21531478352811415,0.2140531638146118,0.2127244993351042,0.21244685193370455,0.21216590653168238,0.21113579934983942,0.20882883554727633,0.206758269076124,0.20528324216476354,0.20498615193881517,0.20384327038083444,0.20322603476336773,0.2026555945785901,0.2025743485993545,0.19988274006995127,0.19842600434311725,0.1972958946848615,0.19476961487339728,0.19100302077549355,0.1878814861034775,0.18764371287009887,0.18601121306086546,0.18429603896374658,0.1817500211473262,0.17916595319785708,0.17762854884764603,0.1771202847875483,0.17714153960914777,0.17602936884792791,0.1747463886393359,0.17393474960350797,0.1723600998285373,0.17151187751353847,0.17185595999206218,0.15123826012985486,0.17175971561736678,0.17181445471851464,0.17079051860608613,0.16901925838847348,0.16686096858365967,0.16582011785152406,0.16468978061869136,0.1639356287101219,0.16383154258122637,0.1624318818468594,0.15957655637538548,0.1575383018497262,0.1557707623696834,0.1555231875946245,0.15317192613115813,0.15111335444601195,0.1483494110979912,0.14818471170915767,0.14664460254882727,0.14586761676095925,0.14576071378235542,0.14628308204137652,0.14770212548856337,0.1481170907561518,0.1480920517664168,0.1484345960893701,0.14881014309690063,0.1495695584027948
stat_342,0.1703062994222078,0.0717576049285469,0.11338000226433058,0.08277932777254356,0.10936714961932707,0.10481353045862275,0.10890685383956761,0.10892307590667932,0.10892659271378888,0.10890733411450762,0.1088651858405546,0.1087716729877649,0.10866648327411119,0.10856649549927123,0.10849263630995239,0.1084208307448809,0.1083933773096248,0.10839301494422675,0.10829704524663882,0.10817778059586702,0.10806528403761077,0.10803114436467075,0.10821946988581334,0.10823026811296926,0.10857795690009929,0.10868227037178321,0.1085536427393785,0.10855490319811774,0.10860491821449261,0.10856094963988439,0.10883540566382327,0.10884080929440648,0.10908953841606746,0.10961427907933777,0.10999086615857666,0.11008040777220196,0.11037437711778351,0.11047321588315717,0.11073185912121605,0.11063986269401255,0.11074195832948004,0.11103351178130379,0.11113702642175183,0.11114862004740059,0.11190997689406863,0.11229336952426158,0.11276086953834534,0.11298094251161891,0.11357194479133592,0.11403807491767042,0.11430905167042629,0.11419078214436677,0.11418147269047445,0.11419973890663743,0.1141431409596667,0.11426013338471469,0.11415691800180319,0.11358808439596531,0.11327552060027098,0.11318416034772262,0.11274638559360518,0.1116101699522198,0.11104903952450204,0.11054406361290478,0.11043694879985033,0.11009076487542634,0.1094119584017583,0.10817426590078791,0.10808401386426586,0.10618225822966304,0.10480699505922246,0.10371896858666642,0.10245743116748637,0.10034769989184063,0.09824495670699195,0.09804398009668548,0.09654995651289193,0.09517261104877195,0.09371355021308714,0.09201754720344857,0.09104805545108607,0.09039012376230124,0.0904935809126891,0.09021824839125903,0.08972503825169349,0.08954625142652992,0.08862705383774823,0.08803396941833976,0.08826237690798974,0.08156429369375287,0.08829252457444871,0.08831087586632032,0.08827750530618467,0.08768728721477508,0.08687694953331106,0.08614693912164709,0.08536930698979632,0.08510884696223316,0.08506941045338659,0.08477644980209141,0.08401210746040425,0.08338783511617674,0.08279268053241348,0.08271609834209329,0.08210484601183768,0.08131230145624417,0.08043128115906319,0.08036033150515208,0.07978789009385781,0.07970146864918451,0.07990044720557495,0.0801344717701871,0.08021357726167938,0.08014317845876681,0.08012782966401408,0.08027975461421742,0.08067863846093619,0.08100074787502562
stat_344,0.08861012868132241,0.03744154180023382,0.05838841020792248,0.04269120349564244,0.05670142647051678,0.05485137162724181,0.05651836542849069,0.05652785492788016,0.056528184567986264,0.05651482048616919,0.05648721533649993,0.056432962177284024,0.056375218797098066,0.05632234591318268,0.05628173656987018,0.05624135987060847,0.056216922760535505,0.0562164837766384,0.05616234141108147,0.0560933122846404,0.05601796886264749,0.055968239805825416,0.05601984685737389,0.05601423024100216,0.056179286050837746,0.05620725303391608,0.05611818154815981,0.056096487150116156,0.056077183248289114,0.05602193435725173,0.056154518955856526,0.05615717141940075,0.056264875481727386,0.05648621796072281,0.05667706566822927,0.05673401188664874,0.05691827678914374,0.05701339953825949,0.057168159867722,0.05716624817830351,0.05723754525199308,0.05735878230963063,0.05742472278986277,0.05747497950847938,0.057918086002312054,0.058125651856176325,0.05835684402238724,0.05849765307551863,0.058836463207387515,0.05912921800002972,0.05931447492517685,0.05929245345457061,0.059290284903631855,0.059356179475274225,0.059419876690151224,0.059576404279254286,0.05962855392328842,0.05944284662005161,0.05931406908864154,0.05927608204615338,0.05905125838872621,0.05847076698312275,0.05821088359976722,0.05791557619411707,0.05785902373463554,0.057655383687884094,0.057260474000501264,0.05653010111856563,0.05647938394794948,0.05548717048489556,0.05471847650424307,0.054065029149563994,0.053413181188246665,0.0523553936227939,0.051226517308160684,0.051115549481296284,0.05023033453081127,0.049483470067055516,0.0487636818927084,0.047887322409260455,0.04734722237159339,0.046938880654920814,0.0469495733502754,0.046780448275464875,0.046492824946887605,0.04635813188634154,0.04589099351598212,0.04559301019179728,0.045741246495918875,0.04297123240602239,0.04580983715211064,0.045820268911089757,0.04589106408225764,0.04569216228188039,0.04534581555869984,0.04497445018565255,0.04459488542945401,0.04446178270437508,0.04443034795494223,0.04429179788625724,0.04395691717558205,0.043649018620470104,0.043381851632925524,0.043345604523397745,0.04309437353686861,0.04274562079845256,0.0423791372000082,0.042345623871106755,0.042085163895718126,0.04206905131238928,0.042191497048401826,0.042294057279556485,0.04227323461314749,0.042241288640360315,0.04223614879374133,0.04231713643187081,0.04253338280620726,0.042700377140609425
stat_346,0.1546836452798473,0.06519914686493926,0.10309418473487562,0.07517770159892459,0.09933773665232097,0.09538961357290265,0.09893286927022768,0.09894796351752365,0.09895109669462929,0.09893316034345621,0.09889363732045865,0.09880665336564493,0.09870989754999976,0.09861807696343919,0.09854917301044086,0.09848207138166262,0.09845325582983157,0.09845274818641514,0.09836274042423844,0.09825062498327784,0.09814259646838615,0.09810230735277709,0.09826181524402836,0.09826744140297737,0.0985787143178852,0.09866533865802636,0.09854120437189967,0.09853541515125788,0.09856901035181402,0.09852090465796068,0.09876629336694515,0.0987710243629351,0.09899045487267051,0.09945552532370382,0.09979629785382985,0.09987933738779686,0.10015259750862285,0.10025114700298782,0.10049088523638677,0.10041675532872611,0.10051366931672868,0.1007732262170824,0.10087154006601212,0.10089423108861652,0.10160072074822439,0.10195479994902328,0.102382031674162,0.10259332921645363,0.10314480496684103,0.10358741978500384,0.10385764427309756,0.10376844535415751,0.10376107176590199,0.10379598836366778,0.10377061723101644,0.10390600329955199,0.10384256530576581,0.10334843735595113,0.1030672509212417,0.10298704644587815,0.10259169027908818,0.10156234215940504,0.10106888461190384,0.10060962983224975,0.10051316241517616,0.10019966113403689,0.0995673485622136,0.09840723126089827,0.09832356876835899,0.09658510346629362,0.09531408630662537,0.09430031276451639,0.09315552152412789,0.09124305372813069,0.08931771324257805,0.08913264585091629,0.08774487112982683,0.08648063915022396,0.08516023772363306,0.08361549966458856,0.08272562509129866,0.0821106346719914,0.08219744688821412,0.08194573364849132,0.0814935568762273,0.0813259094626636,0.08049144776259956,0.07995266107639463,0.08016657743737966,0.0742795370016529,0.08020520277105331,0.08022192581277729,0.08021492108777883,0.07970348090221839,0.0789855590396924,0.07832083192137085,0.07761590443310408,0.07738153671383077,0.07734391683651912,0.07708678558388082,0.07641544484732626,0.07585893594419947,0.07533183910308117,0.07526389567697858,0.07473271707692541,0.07402976516043612,0.07325790550338374,0.07319437305485942,0.0726861540703116,0.07262042565479342,0.07281093090425578,0.07301926051472872,0.07306416048905863,0.07299434505091906,0.07298084088545259,0.07311863709153635,0.07348733511770844,0.07377824354138346
stat_348,0.3754800708167225,0.1655699027076335,0.21494723986233974,0.16800226972634066,0.22878036565400073,0.20631336033450648,0.22725349882947324,0.2272574961002739,0.22722588183566714,0.2271536162096975,0.22709970636471996,0.22708674662337566,0.22698302069747767,0.2269264784713091,0.22703701187946662,0.22713875238665696,0.22747699825169151,0.2275027166259772,0.22771438273961309,0.22798051731359728,0.22833398155919513,0.22902529904238392,0.23013024789032185,0.23067789932827965,0.23184162373173384,0.23294410286289272,0.23359572440383788,0.23447605487475542,0.23572998373924445,0.2364125921319849,0.2378864183845004,0.23796941647669578,0.23972792432181195,0.24178478002066212,0.24281523106432118,0.24326766637110028,0.24385237724179265,0.2438984637112937,0.24384272241203941,0.2432887745181287,0.24309893875354277,0.24340365694351862,0.24263594567167002,0.24108892127021586,0.24066496584171485,0.2402311465928663,0.23996497139267872,0.23890713717518325,0.23831858764710975,0.2374483805716349,0.23536652081189174,0.23346362284751565,0.23335816774996251,0.2322651263991705,0.23090973744343707,0.22963603590449547,0.22802678770459786,0.22641802131165947,0.22609825092910993,0.2257742613561339,0.22465214399021027,0.2221591401099177,0.21981370465227068,0.21824319383175533,0.2179192840867802,0.21669290128508156,0.2161517987388143,0.2158280614429913,0.2157551243357816,0.2129681699053655,0.21160248631550382,0.2106235066488602,0.2079049397434767,0.20384162076508472,0.20064888566319047,0.20041959565012815,0.1989751702783925,0.19728850720491578,0.19452689676783969,0.19182433334176627,0.19027553433088926,0.18992742025634468,0.1900056534953831,0.18879701414349065,0.18744165852111533,0.18659363023748263,0.18491205585399334,0.18401921483974865,0.1843258464991813,0.16041820639795112,0.1841151581707091,0.18417430009558194,0.18282728992737632,0.1806876837333733,0.17819654888589512,0.17710563220424833,0.17589224885881596,0.1750567121786105,0.17496033753745166,0.17335907298313136,0.17007454880989908,0.16779197906165835,0.16578141961272697,0.16550244142748716,0.16278811659993125,0.16045039876396658,0.15728082787527406,0.15709787362140423,0.15536694264440262,0.15445278895534498,0.15427835351362612,0.1548678670972056,0.15656166542620376,0.15703958514781327,0.1570090920440098,0.15737614953346543,0.15773556510250725,0.15855833110287254
stat_349,0.306571400828439,0.13228589222728432,0.1868613880843181,0.14228201218220488,0.19125002161412907,0.17667664979297898,0.19015727464878598,0.19017090511859921,0.19015873102176695,0.19011065452382683,0.19005516935789718,0.18998130966971455,0.18985427577904804,0.1897530872222296,0.1897518349117466,0.1897479460764654,0.1898922541258997,0.18990434108412166,0.18993453911611183,0.18997336364058154,0.19006094173528154,0.19037130951734074,0.19104954375210922,0.19131787362643796,0.19213466476623892,0.1927369236555602,0.1929452138671032,0.19335870880212788,0.19398739197277146,0.1942741103756168,0.1951648265071291,0.1952066722683601,0.19620609950655446,0.19757190784077658,0.19834084180655895,0.1986114833808082,0.19910062362689387,0.19918570714411948,0.1993650214138897,0.19902563075707166,0.19901714840011195,0.1994016035967106,0.1991352678789344,0.1984272244083736,0.19881810526022076,0.19891365727222046,0.19915451912237603,0.1988163562645053,0.19897224258203672,0.19888500483660998,0.1980554670902102,0.19702055548358757,0.1969608835454353,0.1964143591893198,0.19567091963196656,0.1950842216147586,0.1941680435492841,0.19293203539407605,0.19254803861158712,0.19231796962634753,0.19144566010982275,0.18939546581725206,0.187802654111021,0.18665982322677463,0.1864206613574501,0.18555849062849172,0.1848367915875197,0.18385872657173782,0.18376102016093165,0.18104202485186532,0.17941419013931406,0.1781845845803368,0.17593743360267208,0.17241248481594657,0.16934463175282305,0.16908959179296743,0.16733462527025686,0.16551780985496695,0.16309660496951,0.1605380511533641,0.15908412077252718,0.15844546314092825,0.15857367848250475,0.15779756377473042,0.15678924620412074,0.15626060268392017,0.1547668517053959,0.15389436456056624,0.15420245148278694,0.1373550281317314,0.15410747164952796,0.1541492921603526,0.15344680838027847,0.15194281259400208,0.15011466149932962,0.1490502617067899,0.14788608061627756,0.14728785490131563,0.14721512563447609,0.1462128744984761,0.14402132458326183,0.14243387430025717,0.14099429010778364,0.14079900842982498,0.1389783615894016,0.13722541337935407,0.13497114876668623,0.1348280680754067,0.13353710012282954,0.13299180180370826,0.13302236048707003,0.13348954341058522,0.13444983825195006,0.13465338658302395,0.13462674326485394,0.13491805878015736,0.13536594359099022,0.13600813582762
stat_353,0.1982368497915286,0.0834416671755457,0.13143812588406914,0.09628393392529067,0.12725630954877445,0.12151737716846052,0.1266966969389553,0.12671479146718512,0.12671863581622364,0.1266965960239611,0.12664965557869712,0.1265453933179184,0.12642574806077067,0.12631213994162546,0.1262310209079739,0.12615222773585447,0.12612901245242716,0.1261290522667418,0.12602458989453297,0.12589499396417847,0.12577656388554515,0.12575513373929906,0.12599528634367546,0.12601669416037742,0.1264300569793587,0.12656724251659626,0.12643167840748526,0.12644599437931667,0.1265244191103835,0.12648669053542208,0.12681257656730033,0.12681914759059007,0.12711825596161092,0.12774601777906652,0.1281860124864685,0.12828707117447016,0.12861952034103305,0.128721185674927,0.12901570645561572,0.1288945287807637,0.12900731994310796,0.1293548806204481,0.12946882679350669,0.1294623428643194,0.1303211327065707,0.130754055921204,0.13128849084179428,0.1315190888529547,0.13217255599320651,0.1326714887493816,0.13292552550140357,0.13274253694836813,0.13272909862197152,0.13270967396821287,0.13258980409137466,0.13266256473307184,0.13247804677255823,0.1317780033410948,0.13141625250494932,0.1313039051946016,0.13078774104920257,0.1294596227515588,0.12876357204130923,0.12816694327246583,0.12803925702439029,0.1276254632853787,0.126873263913252,0.1255217502025483,0.12542096139159017,0.12324221165213166,0.12169497472082218,0.12048267096533907,0.1190120338577722,0.11655643855251771,0.11414687797159337,0.113918937752711,0.11224346411328127,0.1106720492880584,0.10897030312683842,0.10701090103753576,0.10590018911823026,0.10516776056500872,0.1052974583020218,0.10497454597619772,0.10440421565834183,0.10420004496138008,0.10313186642107597,0.10244475950821488,0.1026995504676178,0.09449590796905272,0.10271579781739537,0.10273725115336159,0.1026528291707146,0.1019216659063018,0.10094445409614332,0.1001025443180967,0.09920068355952183,0.09889122045556288,0.09884759693895617,0.09848232606693424,0.09753874307621391,0.09678323052098242,0.09606013566142828,0.0959668597421232,0.09519819453745727,0.09424055493270285,0.09315113817011832,0.0930666287700484,0.09237351676404323,0.0922400278009886,0.09244550735927312,0.09272577415338115,0.09288685611071355,0.09282584681233455,0.09280746056634974,0.09298563561557147,0.09343175117571138,0.09381209549846259
stat_355,0.17085829279192746,0.07197044459381925,0.11370200128943471,0.08304798033751655,0.1097359769609665,0.10519198674396832,0.109277041612321,0.10929339087617028,0.10929688715312214,0.10927744247267547,0.10923487163517953,0.10914063743293363,0.10903485318151349,0.10893434950314239,0.10885990087363377,0.1087874804066111,0.10875910913958357,0.10875870817915914,0.10866180108172534,0.10854126583581768,0.10842699696841848,0.10839048369058175,0.10857664573313584,0.10858631891208877,0.10893396288679909,0.10903629986525366,0.10890493338503467,0.1089038990223401,0.10895038385309558,0.1089036556894691,0.10917700162396195,0.10918228035232301,0.10942863820544835,0.10995140037783974,0.11032861380820513,0.11041826703636985,0.11071441281270773,0.11081544798890319,0.11107697915018584,0.1109870215234733,0.11109096058003337,0.11138310409504437,0.11148938757768442,0.11150561458801665,0.11227487724139878,0.11266184680621007,0.11313223509472553,0.11335603814309142,0.1139523233243389,0.11442380697376459,0.11469919463805286,0.11458281342324865,0.11457361226333791,0.11459476026075092,0.11454247540759402,0.11466432647907317,0.11456556623123412,0.11400006021026966,0.11368816667041994,0.11359691237944847,0.11315767991809723,0.11201795428320817,0.1114558914790903,0.11094714942281574,0.11083953914253031,0.11049049407212277,0.10980783306975471,0.10856272408551153,0.10847201535038509,0.10656382613096906,0.10518135134311964,0.10408529782787597,0.10281959556384417,0.10070435405427142,0.09859236215441336,0.09839032387173076,0.09688543541016871,0.09550120814501095,0.094038595367245,0.09233622987707113,0.09136141337334819,0.09069735326367642,0.09079950773854163,0.09052272862213331,0.09002672714327292,0.08984579004847534,0.08892375547146948,0.08832883755015083,0.08855947643481882,0.0818731601822148,0.08859228397434252,0.08861072053013438,0.08858208885672339,0.0879952179574258,0.08718588623975834,0.08645344154850024,0.08567388755292707,0.08541285520027712,0.08537282480406322,0.08508008140868863,0.08431657139977887,0.08369104707708472,0.0830957906018265,0.08301909803322494,0.08240853521302871,0.0816159854992043,0.08073552263675746,0.08066446251964712,0.08009139835794546,0.08000540804782845,0.08020540086361008,0.08043940554733542,0.08051720037383343,0.08044723867840141,0.08043197492451175,0.08058456367377184,0.0809849724893701,0.08130830143286853
stat_356,0.07978173170629756,0.034062304963223246,0.05054024890401651,0.037554816878419904,0.050411165807131064,0.04856162341158815,0.05026634911590718,0.05027432268083076,0.05027182244394516,0.05025602061007381,0.050228595179156954,0.05018380160353272,0.050135001698222596,0.05009371245699732,0.05006711996838041,0.050039522079035045,0.05002681494120383,0.05002735124033439,0.04999325258317652,0.049948046230603844,0.04989278709895889,0.04985611673921241,0.04989677618526788,0.049904906754996425,0.05005810896093229,0.050099400445511595,0.05004068270031156,0.050039976539040854,0.050035018808715005,0.04999252425446895,0.050138808582123155,0.05014388597443171,0.050272622374055345,0.050469473140033645,0.05064544162940178,0.05071424844606165,0.05090051832226472,0.05101126919254408,0.05114087203136317,0.05115884049996795,0.05122002996379946,0.05129380790684034,0.051322843320838786,0.05133819297045557,0.05168762133409746,0.051828830440831454,0.05197525657142957,0.052057790036483954,0.05230692068279228,0.05252709830652109,0.05261016967784402,0.052546503104691306,0.05254271904451863,0.052592956713257824,0.052663823658467196,0.05280556602932583,0.05286700236381204,0.05276613962428422,0.0526934580041297,0.05266055540351029,0.05245228670134313,0.05193694730023647,0.051672604135369456,0.051358226920690815,0.05130212466247208,0.05107685004063933,0.05073602274192257,0.05012850713106463,0.05008594101564851,0.04925547903495223,0.0485998272638532,0.048009931478321895,0.04742832228126252,0.046531293542871034,0.04555245415248387,0.045457184073711424,0.044660390034589874,0.044023562462009724,0.04342390504653505,0.042683104535273894,0.042194988004740364,0.04182460707327237,0.04179600495150992,0.041599019044480066,0.04130541565004947,0.04113356750662422,0.04073575010727116,0.040492896877147924,0.04063990733095227,0.038262881669200145,0.040729203784717574,0.04074005972922269,0.040814650275165974,0.04067964278303271,0.040392832256054535,0.04008724079897532,0.03978572221399698,0.03965619878457184,0.03961929631438889,0.03946271449386826,0.03913595288888465,0.03882914450699743,0.038587525079267805,0.0385523299976419,0.038310702365305024,0.0380154777689142,0.0376934879145387,0.03766447383592577,0.03743385695250608,0.037403855633828226,0.03749678108083534,0.03757852811563419,0.037591187337725034,0.03759830015195681,0.037596030374662415,0.03767234744916712,0.03784809305831438,0.038004308704499584
stat_357,0.2271558988371231,0.09681824116924749,0.144218656065062,0.10769369309458388,0.143759985258182,0.13574805492698933,0.14309843020189333,0.1431153560923571,0.14311211394126072,0.14307875101045284,0.14302504626149806,0.14292955061391543,0.14280905976074995,0.142703259434423,0.14265018808798077,0.142596817737598,0.1426210500717142,0.1426249159842491,0.1425658811692783,0.14249131650739313,0.14243034456642129,0.1424899712069044,0.14282241520461003,0.14291529025093808,0.14343318301564678,0.14369604694132462,0.14366003306810396,0.14378666959466718,0.14400305912230682,0.14404435266462748,0.14453933178177344,0.14455751218764035,0.1450616215801727,0.14586361330109915,0.1463930562176381,0.14655872410944973,0.146963043854324,0.14709891030429736,0.14736225960025687,0.1472172740700542,0.14730220324948357,0.1476181543347742,0.14761015126621765,0.1474097528063345,0.14812322190172234,0.14843319521189713,0.148835240515126,0.1488906864337557,0.14938148534982162,0.14971266999190844,0.14963240208843276,0.14920580044367884,0.14917980743299908,0.14903812579805756,0.1488038530329412,0.14874317420341682,0.14841991532242838,0.14767298077858215,0.14735132921373895,0.14721243382709734,0.14659814697837348,0.1450871628215082,0.14414237247029665,0.1433504609877217,0.14318878166114357,0.1426138633619958,0.1418636991221199,0.1406136041404631,0.14051439349079956,0.13823768116871873,0.13667385019890615,0.13541853077517751,0.1337466322265397,0.13106429372198578,0.12849241563563252,0.12825799849299716,0.12651528793276748,0.12489227054393134,0.12305190613517283,0.12097138662832878,0.11975275834797182,0.11901532772642802,0.11909677124547262,0.1186069887135349,0.11787890906954124,0.1175294176729417,0.11637052491514828,0.11565866185388128,0.11595158060536377,0.10582501031755602,0.11598307994447554,0.11601148970646465,0.11580900759812565,0.11495099625965635,0.11379667502414527,0.11291999257864145,0.11198763467614464,0.11159512459767061,0.11153307684505391,0.11098040972812864,0.10971122647879536,0.10871916428951484,0.1078213880842836,0.10770048946430308,0.10666664330450824,0.10553541502587868,0.10417610968353709,0.10407808677781076,0.1032422032570077,0.10299831668546988,0.1031515219807314,0.1034669361793238,0.10384100743443053,0.10387806956680776,0.10386022463976874,0.10407172730500794,0.10450804645276353,0.10496221436881702
stat_358,0.14003630598540687,0.0590223864940429,0.09310578567630354,0.06795626992047556,0.08990521852774731,0.08655546692526474,0.08956172294555348,0.08957588045094358,0.08957824696202832,0.08956079888966291,0.08952272073968984,0.08944128183096958,0.08935216323470897,0.08926824625871864,0.08920425986828291,0.08914161151639413,0.08911048906408839,0.08910985684917942,0.08902550907640819,0.08891974412183426,0.0888136837910027,0.0887626590587051,0.0888872936048949,0.08888644475639208,0.08916098429436195,0.08922658110499687,0.08910266513627813,0.08908597242089919,0.0890953497078109,0.08903688690794767,0.08925206846038007,0.08925602908734216,0.08944208572680569,0.0898405775134273,0.09014645184652954,0.09022448068107917,0.09048366762613892,0.09058962539640746,0.09081657410403637,0.09076771811970175,0.09086378608384,0.0910889325404071,0.09118626562676091,0.09122915491220135,0.09189398275842171,0.09222205828852938,0.09260859951396976,0.09281469453802964,0.09333145853853472,0.09375661122366728,0.09402463188563052,0.09396249382109888,0.09395701969021873,0.09401284438275574,0.09402870132531328,0.09419145807317422,0.09417781717014646,0.09377436652621202,0.0935324453589217,0.09346374404600008,0.0931070735304318,0.09217896260259437,0.09174615806968,0.09131773505682851,0.09123010370789203,0.09093705534370176,0.09034687363196049,0.08925918174844598,0.08918175608248545,0.08760412303843788,0.08642929955283479,0.0854743316289422,0.08443923587913452,0.08272167972653648,0.08096143967334052,0.08079087640481233,0.079488035047293,0.07832813617609616,0.07714635160101901,0.07574689231864107,0.07492582749133764,0.07434053643373426,0.07440318695048416,0.0741670664911576,0.07374635461109014,0.07357942427670792,0.0728273098376436,0.0723425293846918,0.07254813039800394,0.06751384452784928,0.0726042685696731,0.07261970227770516,0.0726506787888201,0.07223134733240036,0.071611975450493,0.07101185227696964,0.07038156868497553,0.07017106611075757,0.0701328966673659,0.06990805323754681,0.06932827099929058,0.06883285396714243,0.06837339288409439,0.06831347041985981,0.06786081154750948,0.06724990595777489,0.06658843080610004,0.06653224930729786,0.06608710444606135,0.06603961689377955,0.06622011943675414,0.06640120659663169,0.06641611105537461,0.06635388296370255,0.0663427551509244,0.06646826930904998,0.06680634838069723,0.06706945255394019
stat_359,0.11352694864640989,0.048072923038901115,0.07484602544307886,0.05472772383032557,0.07258834420241111,0.06987602198417284,0.07231972473944634,0.07233103555443274,0.07233189140224232,0.07231627071778558,0.07228425898903548,0.07221948557351923,0.07214830810235452,0.07208257093137331,0.07203427575511175,0.07198663048246243,0.07196452266632156,0.07196435224808373,0.07190144199818219,0.07182211234417216,0.07174075406242583,0.07170208139450682,0.07179996359293324,0.07180471345192861,0.0720290373081262,0.07208914952574899,0.07199844874059669,0.07199383301886551,0.0720079993183618,0.07196477151325094,0.07215293328772437,0.07215751402842979,0.07232545354506807,0.07264915443322048,0.07289955138237605,0.0729718413985723,0.07319164750276472,0.0732892004308374,0.07346700126027214,0.07343591338373125,0.07351138997756419,0.07367649399635812,0.07373930231653687,0.07375794693526598,0.07427259030507012,0.07451787437097046,0.07480445454765648,0.07495385252211251,0.07535202357383576,0.07568316170419427,0.07587572123383501,0.07581566075795877,0.07581094496363992,0.07585876157788522,0.07588415799330003,0.07602601051997067,0.07603005453786904,0.07573052751812173,0.07554793141628405,0.07549366979772318,0.07520421156352458,0.0744562180582805,0.0741037924973727,0.07374412361508087,0.07367221601519634,0.07342470409072592,0.07294452411038685,0.07206408670005035,0.0720016881897676,0.07073916674170848,0.0697921369771645,0.06901102920578508,0.0681750508345387,0.06680319111478335,0.06538619408699581,0.06524901160262997,0.06418709986878478,0.06325776556183604,0.062319010961217024,0.061202766571511774,0.06053580665053529,0.06005872521866811,0.060093648490841346,0.05988481307041902,0.05953016918770122,0.059375096164205304,0.0587743971703079,0.05839122248625041,0.058564002126477464,0.05457905056542234,0.0586217167165726,0.05863477606789034,0.05866796144160631,0.0583486628108776,0.05785927280366988,0.05738286301777276,0.05688674403926959,0.05671320269733088,0.05667897671330844,0.0564877071961473,0.056015496691730275,0.055608324754787525,0.05524028226102214,0.05519156107536796,0.054829163473576095,0.054346173215796406,0.053824246551634286,0.05377946561335207,0.05342527527441493,0.05338874957647124,0.05353514848072115,0.053677199107120085,0.05368481798428119,0.0536409997508997,0.053632762503006026,0.053735067543289716,0.05400631565152419,0.05421991263443049
stat_361,0.3996410933970413,0.17638488352488854,0.22942571690713737,0.1793473738186284,0.2436075057187996,0.21831879995188697,0.24182894717162795,0.24182982017355972,0.24179894772986102,0.2417296374849652,0.24168733986554364,0.24169224846837734,0.2415925899048737,0.2415386510878881,0.24166861019052127,0.2417910664510554,0.24218685094573372,0.24221554403190096,0.24246263656561465,0.24277787177257745,0.2432136415659157,0.24405376479311447,0.2453713915389776,0.2460003124211322,0.24729347247326802,0.24856614075294844,0.24935214617877338,0.25038205729712243,0.25188570064208887,0.2527344073458338,0.2543684771878491,0.25446033583366195,0.25644742254486785,0.25882727690205687,0.2599481297077697,0.2604119202950761,0.26094038193420177,0.2608560763911973,0.2607100456296238,0.25997564694018355,0.25970461575769954,0.26009858936800245,0.25920537411917405,0.25737438179605104,0.25671932318068635,0.2561926030916417,0.25589909191295107,0.25465744336913104,0.25389700977889224,0.2527950712399527,0.25040902570564844,0.24825524039683614,0.2481349787498806,0.24681688224123124,0.2451376298122688,0.24354376730360627,0.24158233980935634,0.23963219654153237,0.23922463680521736,0.23885906120417688,0.23765900580317023,0.2349878821440803,0.23241990184553638,0.2308150600065538,0.23047197386328622,0.22921426212089638,0.22873405715489886,0.22859736562087,0.22852936566829246,0.22558942712127436,0.2242756131885557,0.22345151353509266,0.22055149663586537,0.21614996866813876,0.2128568335735781,0.2126312006641403,0.21137999710986377,0.20968605252308184,0.2066639084149859,0.2037971560100133,0.20224871657507865,0.202067213091529,0.20225416719684508,0.20101760630739024,0.19964702088530098,0.19883921735121413,0.19703062308722935,0.1960644385831963,0.19631080823122685,0.16917691492283365,0.195946952948756,0.196008133837456,0.19433012297737787,0.19178159965377176,0.1889472391448863,0.1877769425671969,0.18643896145477967,0.18554046426719317,0.18546229667349443,0.18371270583887075,0.18005998242387913,0.17758627264089477,0.1753520560104281,0.17504695070625678,0.17201332730925745,0.16939877895546715,0.16584880619273218,0.16564803018025673,0.16373883901997607,0.16271352444501885,0.1624927978844033,0.1631536125832184,0.16507061084322516,0.16557131476699996,0.16553354288623473,0.16591957822805725,0.16628252103060362,0.1671573149734469
stat_362,0.3266405172241093,0.14082188794847506,0.19801645220878175,0.15138141988216905,0.20359650304944543,0.1872273985644195,0.2023796184037943,0.20239237523695072,0.20237880887745296,0.2023283769386318,0.20227394365580112,0.20220555691139772,0.20207655037161437,0.20197511916473074,0.20198492540636773,0.2019918272691121,0.20216569995747777,0.20217965909524532,0.20222894838773028,0.20229233994158183,0.20241554542226617,0.20279018345477595,0.20356297799812892,0.20387154698377913,0.20476356715316987,0.20544639603751072,0.20570706087575633,0.20618372415454472,0.20690964961099137,0.20725333676033533,0.2082257073254313,0.20827165592967,0.20937141314446775,0.2108763532223681,0.21170178809590146,0.21198560666831553,0.21248309547771996,0.21254020766413928,0.2127090484953269,0.21231051078642837,0.21228301573927874,0.21270856038429842,0.2123998563008092,0.21158510764078464,0.21192250932817416,0.21198564909544332,0.21221285909972867,0.21178801862905627,0.2118711729630218,0.21167900171874732,0.21066268242623762,0.20946705875919253,0.20939823668602683,0.20873450096248608,0.20783627156588444,0.20709018631561552,0.205994355888915,0.20460536989597855,0.20419742252400855,0.2039415571868917,0.20300161715949863,0.20080902004493853,0.19903997661072528,0.19781206449900815,0.19755272690389855,0.19661967744361045,0.19591649543293518,0.19503148292701925,0.19493507860737552,0.19210136772578984,0.1904675248596069,0.1892635449185394,0.18686637038432166,0.18311113673422189,0.17991864046978032,0.1796589849167603,0.17792093937741474,0.17605325773639957,0.17346691837690123,0.170773852737514,0.16926467058239053,0.1686599063104489,0.16881666779688118,0.16798316894705628,0.16691662613209843,0.16636083582456693,0.16477430378156105,0.16385298786682315,0.1641567144498868,0.14542431173977993,0.16401414601069975,0.16405892126898827,0.16321128227889967,0.16151536069621453,0.15949757914626636,0.15837912140042884,0.1571447662867647,0.15649507661636386,0.15642266465094004,0.15530733060310198,0.15286927946308046,0.15112633766907843,0.14953770938049088,0.14932245427626292,0.14728330763599068,0.14535522170864815,0.14284821788794236,0.14269271541646283,0.14127517834066777,0.14064380188536765,0.14063670582803495,0.1411469931411119,0.14227639149027346,0.14252411025904194,0.14249467281840747,0.14280648496468232,0.1432546031551881,0.14394615454725576
stat_363,0.3011633483125923,0.1291682629105505,0.1858654415492311,0.1409169927136455,0.1888776444680724,0.17508049080780522,0.18781638380717564,0.18783144912328995,0.18782252129211155,0.18777832962671517,0.18772327819433687,0.1876402700190802,0.1875082179094779,0.18739849054895305,0.1873803487136695,0.18736067817768104,0.18748002250340504,0.1874902479137459,0.18749344546781999,0.1874987613466541,0.18755025865881114,0.18781445208735467,0.18845032967417316,0.18868132182494296,0.18946171274140217,0.19000062657387878,0.19014504463565352,0.190494236320281,0.19104247931520899,0.19127649815564302,0.1920863731577194,0.19212180158648265,0.19301366770996614,0.1943025615820688,0.19504314279235713,0.19528256883271655,0.19575450236594144,0.19583353918744623,0.19605411752572255,0.1957306204287078,0.1957492990784489,0.19616780258440894,0.19598230548685633,0.19539324413516873,0.19591884647636848,0.19610359174104533,0.19643751767372147,0.19620214011513537,0.19647025562217352,0.1964885947765443,0.1958221844925109,0.1948875700278751,0.19483289173170742,0.19434143820095345,0.19364897461418,0.19312558964623422,0.1922657582056323,0.19103610622532818,0.1906293576632967,0.19040668051359594,0.18955553839544786,0.18753413529193047,0.18601424719256046,0.18492110762734953,0.18469026286810752,0.18387084870435325,0.18312449634581088,0.1820635158424816,0.18196186136325737,0.17921253488201147,0.177536124193653,0.17627388729379265,0.17405832826341538,0.17054527374390815,0.16745558014476278,0.16719428616795212,0.16539307775324386,0.1635338860719342,0.16111180376914605,0.158528649814885,0.15707337649628753,0.15639600014673852,0.15654718806388163,0.15583283115431973,0.15486997097853789,0.15439418953858594,0.15289975324913063,0.15201167461694887,0.15231657187702285,0.13604595699786648,0.15222214611351134,0.15226175954222587,0.15162084262082492,0.15015788930613008,0.14837877214478815,0.14729841856204165,0.14611561508591692,0.14554245742051555,0.14547483872648997,0.14454179154501698,0.14245921301770167,0.1409425853414095,0.1395517058860004,0.1393643958135295,0.13762549826580642,0.13591308975803906,0.13373076251796778,0.13359032020657774,0.13233239419558,0.13182238651646938,0.13187623935860243,0.13233756277561176,0.13322711419415043,0.1333958718501881,0.1333687790410437,0.13365355473148338,0.134117583965622,0.13474459782789686
stat_366,0.3919861835260605,0.17121808181519782,0.22851730847599083,0.17786567632454722,0.24079846035656585,0.21682551536347544,0.23908615744673883,0.2390900613274834,0.23906447083876775,0.2390007186231557,0.2389569615803943,0.2389429863671915,0.23883225827548646,0.23876173642436888,0.23886023753731933,0.23895282440567825,0.23930061363013697,0.2393258924089678,0.23952183630647542,0.23977251128568877,0.24013539021303248,0.24087943507090567,0.24210565940154352,0.24266058269747154,0.24388491447617433,0.24502872144542168,0.24568037100593038,0.24657537874504262,0.24790210011566938,0.24863060035916199,0.2501001631027889,0.250178785263306,0.25193777157221553,0.25414513722971604,0.25521197132031603,0.2556152308666725,0.256126646179186,0.25604962701206635,0.25600593401132105,0.25532146972964537,0.25511726065924406,0.2555773801300269,0.2548592825929165,0.2532881870117038,0.2529323124664114,0.2525881772332936,0.2524753241932329,0.25143690963447923,0.2508980590176541,0.2500030475340549,0.24790922170447738,0.24592866115181938,0.2458170460925703,0.24460155839854958,0.24302498830690117,0.24155195438107813,0.23969822785359055,0.23777805217570594,0.23734227936829905,0.2369890200892542,0.23581739051612086,0.2331822684500619,0.23072221387591296,0.22917721155661183,0.22884489578650546,0.2276393826520458,0.22711184625553282,0.22682885140359968,0.2267535453993337,0.22375328900310343,0.22234151806897093,0.22143524438261045,0.21857433281190686,0.2141817373639233,0.2108242672752864,0.21058480767419677,0.20921281890192714,0.20742281982515073,0.2043925039096831,0.20146326113979168,0.19988948913069657,0.1996102489992445,0.19982688889533665,0.1986887827978792,0.19738241057255834,0.19665182961653274,0.19483388212226518,0.19383607177339557,0.19408872222398096,0.16798074276303251,0.19374202884278632,0.1937998513732854,0.19225307646772355,0.1897967833456253,0.18705487751650765,0.1858522362640568,0.18448065041740103,0.1836219770663516,0.18354911378876823,0.18191441778652706,0.1784442175760381,0.17607870075424228,0.1739230016717,0.17363002512121758,0.1707262611603605,0.16817731659620083,0.16473981447488406,0.1645428632023978,0.1626820182960571,0.16170817514353736,0.1615219920901495,0.1621729354002802,0.16398566915046822,0.1644395289252686,0.16440159960057613,0.16477994729102363,0.16516908938811972,0.1660249879783354
stat_367,0.31834431549306236,0.14076566727773732,0.18221958180359984,0.14173656553831288,0.19374551399746417,0.17737940612603875,0.19271714504314755,0.19272680692228386,0.19269628406570188,0.19262315844281197,0.19255173476509066,0.19250569625925398,0.19239741558342274,0.1923357948352181,0.19240338272027863,0.19246086257452286,0.19268026379470454,0.19269934951666892,0.19283462359268017,0.19299773934688433,0.1931884758420772,0.19358960212356227,0.1942821805629213,0.19466353454589103,0.19555473011091576,0.19631656168317074,0.19670944140169389,0.19729807328379653,0.19808064355712088,0.1984595599657276,0.19960430424848036,0.19966926008220828,0.2009799909155077,0.20242136036822925,0.2032578741734749,0.2036744125136959,0.20432354639827588,0.2045810316812493,0.2046673866631032,0.2044349128097697,0.20438362950291347,0.2045203627961039,0.2039870326764612,0.20297596034515256,0.20295909002511933,0.2027081747230799,0.2025140365732875,0.20183158877562593,0.20158847095616403,0.2011815729633888,0.1997669434867159,0.1984134762593412,0.19833985327560189,0.1977019484478574,0.19698255912586876,0.19634827685529427,0.19544804655027737,0.1945063202915546,0.19434322320591516,0.1941087190418613,0.1931737923286866,0.19109600450791647,0.1892675979512169,0.18783540113280978,0.1875610664789292,0.18645491270404088,0.1858044106493807,0.18510429536626088,0.18502252588899998,0.18258073931182206,0.18114077216081464,0.17990367666251697,0.177613048793935,0.17429067307321267,0.17137378033392572,0.17114314155372073,0.16939149934079908,0.16776307457808123,0.16555608134875302,0.16323232863396087,0.16174023056507514,0.16110727040332085,0.16100251267210433,0.15990854921209363,0.15864931583183958,0.15778931651678113,0.1563878981627969,0.15564796448057208,0.156042129563981,0.13894884297188329,0.15609919226117883,0.15615176253589053,0.15544644732772292,0.15411367497725414,0.152336007938607,0.15141823019530695,0.15046357564285723,0.1497772794277151,0.14965292190098808,0.1483961289220002,0.14592743130730707,0.1440955457606338,0.14257817615349117,0.1423593656317373,0.14035466556067883,0.13861946532575778,0.1362904853413848,0.13614755584675986,0.13481857458635502,0.1341595805723212,0.13409149278089,0.13452625375668997,0.1357115764014048,0.13611566297857672,0.13609964261181642,0.13641782308998648,0.13676970528465282,0.13746438853008505
stat_369,0.14312536576561746,0.06035743569440278,0.09532794956226454,0.06950146760353751,0.09188251344627271,0.08834795139033688,0.09151861786990162,0.09153280754649958,0.09153548622555836,0.0915183319434816,0.09148070718111165,0.09139900371021784,0.0913088006670998,0.09122351112456972,0.09115906778555873,0.09109616670680798,0.09106728067025142,0.09106673958712923,0.0909823003583229,0.09087684374203504,0.09077339050457854,0.09072982786509264,0.09086863954414405,0.09087154150813083,0.09115650100583633,0.09123157020499668,0.09111247449322732,0.09110296059919949,0.09112581949665302,0.0910755129121139,0.09130095055316219,0.09130532461746871,0.09150491827510998,0.09192624701255887,0.09224076073645592,0.09231969890703993,0.09257828787100995,0.09267738852397288,0.09290250653227455,0.09284208971841303,0.09293484603149692,0.09316931531556144,0.09326210271915197,0.09329080589068986,0.0939531000267176,0.09428253843458284,0.09467625158384015,0.0948774896528221,0.09539500664013809,0.0958156584826104,0.09607739803418634,0.09600476606014001,0.09599857924883774,0.09604313428053493,0.0960388039265071,0.0961844412979129,0.09614779307161492,0.09571081271674137,0.09545552144949794,0.0953833127331126,0.09501860067066627,0.09406837517923894,0.09362075093027034,0.09319186050407054,0.09310277928164486,0.09281026269854657,0.092215320586313,0.09112048951610263,0.09104211731730591,0.0894300223646421,0.08824111123158694,0.08728500594414777,0.08622671679816252,0.08446335216890173,0.08267335180220853,0.08250062758797723,0.08119467507235904,0.08001772214533938,0.07880244243676088,0.07737300634025215,0.07654276471347045,0.07596096362032265,0.07603377438314642,0.07579690131476637,0.07537328417345127,0.0752111665385914,0.07444075777725012,0.07394373485172953,0.0741471714330713,0.06884509551704833,0.07419271872588996,0.07420832544646176,0.07421919403174886,0.07376631790083436,0.07311643797010667,0.07250202816210229,0.07185331588067427,0.07163737507261578,0.07160072514701483,0.07136702382159019,0.07076016302864606,0.07025047924580737,0.06977199257034514,0.06971005951868732,0.06923402308821883,0.06859646241082415,0.06790217586296957,0.0678440857456344,0.06738204635534165,0.06732881350916826,0.06751052459854838,0.06769967914169256,0.06772510916257207,0.06765903877206346,0.06764700824302311,0.06777463804261773,0.06811887837954717,0.06838737940184589
stat_370,0.17070625676184764,0.07193336263287939,0.11355779778117886,0.08294390675663801,0.10960529839876093,0.10503258615901757,0.10914459529967571,0.10916083606328365,0.10916426472584126,0.10914483027980858,0.10910249351695127,0.10900889943773667,0.10890356997534417,0.10880356200470015,0.10872986901268555,0.10865819087422274,0.10863098504964143,0.10863065315480196,0.10853494532022204,0.10841595636050139,0.10830359497881464,0.10826961056533654,0.10845814617926339,0.10846937502677519,0.1088180088817628,0.1089230277439309,0.1087947102903171,0.10879648972521444,0.1088468760514318,0.10880292382338788,0.10907876249770387,0.10908425398896003,0.10933437719289346,0.10986010164697338,0.1102376685330699,0.11032792960008275,0.11062325066141615,0.11072314588174133,0.11098221494437713,0.11089068171251429,0.11099299892713145,0.11128419188311611,0.11138715787933882,0.11139805919606749,0.11215987032471153,0.11254279823511237,0.11300945063812441,0.11322863516158777,0.11381917552332294,0.11428490119352973,0.11455344156137087,0.11443316994158702,0.11442376329660862,0.11444162634962426,0.11438523466931631,0.11450230376818535,0.1143991048468862,0.11383116806780998,0.11351942526664058,0.1134278622275835,0.11298879496620662,0.1118500879439878,0.11128628323459912,0.11077826111665942,0.1106706784890231,0.11032202128479984,0.1096423452181176,0.10840400484920351,0.10831367111269631,0.10640982059830177,0.10503280451596467,0.10394231401255251,0.10267794020236072,0.10056514301912883,0.09845882203891282,0.09825754552713764,0.0967601186153795,0.09538077767509547,0.09391989120827807,0.0922214851605826,0.0912496440238456,0.09059006224886915,0.09069248925008354,0.09041498189533066,0.0899193909692654,0.08973837316155614,0.08881780006374995,0.08822420622137372,0.0884536364778733,0.08174211585124291,0.08848481381761884,0.08850325958476726,0.08847014706289505,0.08787996062539845,0.08706845921697574,0.08633769701432571,0.08555955061113492,0.08529813960244294,0.0852583328635223,0.08496354697868937,0.08419633402997169,0.08356942857595004,0.08297267063998977,0.08289579558407673,0.08228223373770222,0.0814882402177539,0.08060497142403773,0.08053387865042874,0.07996001173352797,0.07987260759818615,0.0800712650579325,0.08030553850878072,0.0803864292927166,0.08031724113443568,0.0803019324501896,0.08045434605608645,0.0808534141077774,0.08117653331198323
stat_371,0.14518384364164927,0.061215845696569585,0.09673613119460182,0.07052292076740199,0.0932184805225038,0.08961697677245908,0.09284739660622167,0.09286176382853595,0.09286455516845338,0.09284729460485606,0.09280932928763533,0.09272658232770188,0.09263514147399937,0.09254858614817302,0.0924831801624416,0.09241937524501152,0.09239028588029344,0.09238973471614367,0.09230404979108794,0.09219709866350637,0.09209251865815321,0.09204918910398127,0.09219144915141055,0.09219456027037934,0.0924840282254904,0.09256073629111143,0.09244027718854293,0.09243100335977855,0.09245530291983947,0.09240508127103009,0.09263362674065845,0.09263802537430023,0.09284057723185221,0.09326943172687283,0.09358853673831552,0.093668024758762,0.09392912529178699,0.0940280315813938,0.09425600323158752,0.09419313825052758,0.09428678434784181,0.09452603756433874,0.09462031243766379,0.09464865287444732,0.09531985295037082,0.0956544145323821,0.09605493936407801,0.09625882003901362,0.09678345582344629,0.09720904453143096,0.09747389496693791,0.09739927045657079,0.09739291992625385,0.09743631868261782,0.09742874277905711,0.09757327375286998,0.0975324542748083,0.09708516456402919,0.09682487829131611,0.09675130172968197,0.09638124333998463,0.09541690062005473,0.09496182070306658,0.09452798204563766,0.09443765483582374,0.09414182990713914,0.09353969098869482,0.09243181797713852,0.09235242801308048,0.09071686003636432,0.0895123582138857,0.0885453276698311,0.08747158760881871,0.08568113388017831,0.08386618465342795,0.08369114131721918,0.08236978628466642,0.08117651410413322,0.07994206519593863,0.0784913959128646,0.07765029587901702,0.07706213812281051,0.07713771288691451,0.0768986910035933,0.07647028906362334,0.07630765078933818,0.07552557040337206,0.07502080095337466,0.0752261116840514,0.06982368028694913,0.07527039393665319,0.07528618360401071,0.07529435939003906,0.07483119832091006,0.07416939862758079,0.07354564698963217,0.07288649184470229,0.07266744121156413,0.07263066741619087,0.07239340136917326,0.07177595084954305,0.07125851968466196,0.07077173315739112,0.07070879766214108,0.07022371129915866,0.06957473631458094,0.06886726144185089,0.06880821253771167,0.06833819494314057,0.06828319627421496,0.0684668762281048,0.06865944426978847,0.06868738627188033,0.06862015654561851,0.06860785182300042,0.06873725749146462,0.06908620678952108,0.06935860683380884
stat_373,0.24487692756028467,0.10526756062895462,0.15140002405648734,0.11429641650556993,0.15352423757104472,0.1439672456012271,0.15279987739107745,0.15281560103669198,0.1528069216893495,0.15276540950353315,0.152707383158941,0.15262034308029038,0.15250153056586457,0.1524038546992988,0.1523733836962775,0.15234059783792803,0.15240056339307007,0.15240729666899427,0.15238448021000855,0.15235388332153083,0.15233813787606848,0.15245815315856734,0.15285317334755125,0.1529993244851695,0.15358689273553353,0.15394114663319447,0.1539830465472999,0.1541941733616086,0.15451202645404344,0.15461297525593473,0.15523019552386047,0.15525718786363574,0.15591150898949233,0.15682995666036403,0.15741794568683315,0.1576322084334055,0.15808682826904422,0.15825026624994892,0.15848360073852824,0.1583264932099533,0.15838825926840167,0.15866882726232415,0.15856414927773355,0.1582166829341237,0.15880113336113144,0.1590075472150601,0.15929634962430225,0.15921554573451022,0.15957185729748272,0.15976973333116004,0.15943888645840001,0.15883834673677494,0.15880350412511746,0.15857442633242336,0.15826098406230596,0.15810404760040808,0.15768524687081442,0.15691777551323235,0.1566320124568815,0.15647592572436794,0.15579942358687499,0.1541790004037073,0.15306656912143277,0.15214390808472347,0.15195995850653876,0.15127652725820884,0.15053945489946705,0.14938343708236368,0.1492870169481918,0.14697685716752631,0.14542760881567696,0.14416108098854388,0.14236870361189685,0.13956618656580771,0.13691935521551357,0.1366843637094531,0.13492122234638806,0.13328998786003843,0.13138187016637093,0.12925133761708368,0.12797325776050353,0.1272448267999273,0.12728519904610044,0.12667565725125168,0.1258400277448666,0.12538516894737262,0.12418006363749333,0.12346363000087146,0.12378096578565977,0.11240769699420772,0.12382545689081834,0.12385866581503226,0.12357284475979938,0.12263839812215332,0.12137379394053212,0.12048852073076555,0.11955290732695362,0.11910434387016537,0.1190289491832668,0.11834362054895628,0.11685238952543411,0.11570036471764504,0.11468847097193174,0.11454909621469302,0.11333648353076445,0.1120966553934093,0.11056149226563912,0.11045516821957502,0.10952822914458867,0.10920737388242491,0.10931996731973692,0.10965598225308411,0.11017981384450683,0.11028885781833266,0.11027175073156671,0.11050436281514245,0.1109259299671761,0.1114270114166428
stat_374,0.2591385373504453,0.11015325804683701,0.16553026488963224,0.12350684874076792,0.1643727014165053,0.15437148496418313,0.16352846576421068,0.1635461175091737,0.16354476449887037,0.16351194792429807,0.16345962674286652,0.1633595409959712,0.16322681998754152,0.16310743779912698,0.16305029898495144,0.16299409106804294,0.16303757049086243,0.1630423596631961,0.1629812888063572,0.16290658513044107,0.1628625688738876,0.16297947687381986,0.1634305406981175,0.16355253791141575,0.16416710043883148,0.16450501978457863,0.16449423532638893,0.16466889670226595,0.16498025163251495,0.16507315049461913,0.16564579154870965,0.1656660453096783,0.1662629482148255,0.16725128188654703,0.16786083820771722,0.1680292435848731,0.16843982893585036,0.16852590567515932,0.16880157610041885,0.16856648730397836,0.1686390605528322,0.16905202362755853,0.1690338131851147,0.16874832421001976,0.16950175849008678,0.16984917407313585,0.17033245719075654,0.17035820091416393,0.17087120395411365,0.17116944828490646,0.1710040640804684,0.17045026029079455,0.17041609113679315,0.1701612810216658,0.16974257214898197,0.16951725673000595,0.16897779732734966,0.16795604646584872,0.16754089861298743,0.16736722502374057,0.16666019402657833,0.16491890780725282,0.16378396316671115,0.16292443698380327,0.16274034492265801,0.16211548595067377,0.16132861016228545,0.1600482341234055,0.15994146158199526,0.15735476392455464,0.15565944428242864,0.1543666834984628,0.15245125309198684,0.1493308059801048,0.14645419799348935,0.14619722932544665,0.1443797727293722,0.14257711673074505,0.14041672407292277,0.13803452138995637,0.13669899806217042,0.13595966594236092,0.13612015007497888,0.13560238078180034,0.13482102239824886,0.13448937685350837,0.13314893929378352,0.13231942246006553,0.1326065936450351,0.11992338503868037,0.13255844608572268,0.132589478954689,0.13221885428466995,0.13107107135578158,0.12963712743259315,0.12862583018742352,0.12752632198373517,0.1270736024413199,0.1270189160707617,0.12636306117968088,0.12481206275515268,0.12364843471300793,0.12255569059667616,0.12241152982172715,0.12112234690556804,0.11973307196380369,0.11803741825112653,0.11792036143907084,0.11690794837537033,0.11658121117453567,0.11672317314081562,0.11711133320717479,0.11764182858701143,0.11768383158374641,0.11765946176588332,0.11789861841978756,0.11837944263691254,0.11890017172188355
stat_376,0.38181591503832424,0.16620076022132974,0.22574102966881338,0.17457769810651033,0.23558307405646364,0.21289360784574374,0.2339241718920001,0.23392984725160626,0.23390875643420814,0.23385076252854445,0.23380822109605207,0.23378278970603625,0.23366672122056134,0.23358589245408973,0.23366198497547774,0.2337337900152702,0.23404730375785993,0.23407001876398167,0.23423055920355904,0.23443773108377852,0.23475379217246384,0.23543630404341054,0.2366018924614959,0.2371077637648386,0.23827781004699874,0.23933803913097454,0.23991173446969757,0.24072689598685237,0.24195360044189654,0.2426191135072768,0.2439877826228715,0.24405888478359897,0.24568861494835753,0.24779438061687917,0.2488203252850366,0.24918784643554717,0.24967517492223598,0.24959187041634673,0.24958797662625648,0.24892596556171906,0.24875025883586108,0.24923954276704058,0.24861129262436632,0.24718058533962695,0.2469725284707758,0.24673197404540284,0.24672877555655334,0.2458228473060588,0.24542744574748782,0.24467482133599125,0.24281771895752768,0.24099307981985296,0.2408893977847261,0.23976067648058164,0.2382667573417441,0.23689520552184465,0.2351357735641527,0.23323261102206158,0.23276281090446926,0.2324228200263974,0.23129161652762528,0.22871818206865194,0.2263872019908377,0.22493338778558553,0.22461664727228411,0.22348960515884034,0.22292690104264093,0.22251772709353163,0.22243693885817986,0.2194103491696894,0.21793841780443746,0.21699543378654274,0.21420163149457572,0.20985735657235846,0.20649670616457114,0.20625071492226643,0.2048315521756143,0.2030014694466947,0.19999467148148584,0.1970599260543772,0.1955007458681588,0.1951790031942998,0.19542414087390478,0.19437586016489647,0.1931412909124963,0.19248848665826604,0.19068487047475832,0.18967492668094382,0.18991987488021453,0.16480157292732547,0.18957457250750423,0.1896289717345189,0.1881724922787268,0.1857866852051861,0.1831302075437315,0.1819157100751354,0.1805298692797886,0.17971168755935862,0.1796468317122748,0.1781187194019526,0.17482558309632704,0.17257991633494812,0.1705100088193863,0.1702309152237998,0.16746894799843312,0.164996957876738,0.1616916747805534,0.1615000383162767,0.1597026335630553,0.15879195133518442,0.15864551670663687,0.15928391246494925,0.16097064990278018,0.16136466579689734,0.1613260837804678,0.1616914295265517,0.16210391505103355,0.16292993902667505
stat_378,0.24853288192167158,0.10525883541888752,0.1597203226136464,0.11893685844421353,0.1581423563500619,0.14912524900078167,0.15736807678763015,0.1573865363775319,0.15738632724044666,0.15735503254281083,0.15730171173613744,0.15719664442404374,0.15706348957860222,0.15694235473225404,0.1568762887918261,0.15681134935118676,0.1568345537556224,0.1568380327411365,0.1567614947576627,0.1566667408841759,0.15659562399962287,0.1566678289716961,0.1570596502287444,0.15715189980163005,0.15772061120051878,0.15800092659532156,0.15794468357181976,0.15806829329737496,0.15830500528114125,0.158351188363444,0.15885856663606673,0.15887470661409017,0.15938618503120036,0.1602798759053843,0.16085389374633693,0.16100573821923597,0.16140972483660937,0.1615104379074445,0.16180918416086865,0.16161088803774837,0.16170425298246058,0.16210906162181712,0.16214051981662905,0.1619487870416661,0.16277611695877786,0.1631664715410472,0.1636813767015329,0.16377637088841157,0.16435246975736817,0.16472603373857236,0.164679207497243,0.16421764590675383,0.16418861498428633,0.16400033600743924,0.16366878635329402,0.16353287897161448,0.16309265776339057,0.16215731713939557,0.16175724617893403,0.16159738752687205,0.16092444103425355,0.15925526873386475,0.15821026930370705,0.15738849810538616,0.15721407584473704,0.15662018636735855,0.1558223385093093,0.1544907036984685,0.154382980494876,0.15185288538182176,0.1501533949540274,0.14883731684134383,0.1469978021187878,0.14399401115546534,0.14117156407561715,0.14091538034960635,0.1390722289174552,0.13728316596923737,0.13520392672196926,0.1328796648126335,0.13156525846522246,0.13079395493332555,0.13094202517554288,0.13046158968167484,0.12971332773704997,0.12940017765853434,0.12810410622775498,0.12729539776453136,0.12758695908475975,0.11594318888530401,0.1275665280600301,0.12759584185063585,0.12731381223868263,0.1262747914469557,0.12494636220142066,0.12395899914891138,0.12289204739510144,0.12246816675337419,0.12241297011600041,0.12182291625873581,0.1204097347421119,0.11932895298270446,0.1183160822917716,0.11818241280587612,0.117009215467675,0.11571316734144987,0.11415047381192238,0.1140398813944533,0.113092864245153,0.11280897812963342,0.11296870003221147,0.11333353990757986,0.11377989451659092,0.11380263906207595,0.11378000298388151,0.1140093267931359,0.11448964016012375,0.11498623899592082
stat_380,0.22846375932269256,0.09762226035445663,0.14217850223625447,0.10713542306331832,0.1438214086176155,0.13559749175490526,0.14319680164922932,0.14321339042496686,0.14320612269214317,0.14316678345918263,0.14310787780060727,0.14301543979257414,0.1428974225449463,0.14279877443757466,0.14275744820728029,0.1427139729235295,0.14274713099665373,0.14275211730076023,0.14270975473722802,0.14265355541799574,0.14260230378432515,0.14266166370634967,0.142973545820105,0.14307852194210127,0.14359923978231434,0.14387231620470536,0.14385139019307705,0.14399013329130939,0.14420152719291682,0.144236002817925,0.14475596612624111,0.14477680910079332,0.1453035604560607,0.1460814994829506,0.14661508725295713,0.14680279910319577,0.14724411259438938,0.14742606494924024,0.14769286562122014,0.1475884128757389,0.14768027799343397,0.1479500434584798,0.1479187355036924,0.14770720511475735,0.14839180871166546,0.14865576721273707,0.14898454550313664,0.14899621349424774,0.14943048035252235,0.14972229448363028,0.14954145106649433,0.14906090461352325,0.14903277692563838,0.1488891127390588,0.14868987399161276,0.14864644397080565,0.14835791186663327,0.14771615407015903,0.1474586891961112,0.14732190077012602,0.14669512342198116,0.14518493081464023,0.14419325590137522,0.1433213237800577,0.14315080386495052,0.1425077860519403,0.14176855773776903,0.1405702969701074,0.1404742754919676,0.13827054420541102,0.13673868027003558,0.13545700503231423,0.13378157162074444,0.13116465738549474,0.1286200802798528,0.12838912400873584,0.12661181564311189,0.12501795539710175,0.12323841109446432,0.12120802072422752,0.11996961031351752,0.11920527907098497,0.11922691340328526,0.1186700834029841,0.11788420997322929,0.11745540290064008,0.11632151959215187,0.11564077877222237,0.11596127076748387,0.10605074042395428,0.11604296523563963,0.11607368738377567,0.11590670817139404,0.11512659489270553,0.11401406339009404,0.11317179331945797,0.11229197893694107,0.11188448756626328,0.11180827715437654,0.11121181894846349,0.10991024818002339,0.10887231690632501,0.10797257264993917,0.10784763750794829,0.10679223282622563,0.10568633701285197,0.10433619272316791,0.10423936606134328,0.10340532929088961,0.10313857178218112,0.10326854216666263,0.10356977926443152,0.10398889725178606,0.10407898748150642,0.10406465465151372,0.10428287082045333,0.10469550467350101,0.10516166587178742
stat_381,0.2936497456909451,0.12536485877439726,0.18399610892770302,0.1386303930107832,0.18514365372899785,0.17226534168019497,0.18411358957091012,0.18412991999217948,0.18412477266973437,0.18408557971032233,0.1840322807423798,0.1839409426879618,0.18380489597008656,0.1836869425348995,0.18365138188229674,0.18361570554512607,0.18370978528988394,0.1837180401952594,0.18369387445209664,0.18366585115806772,0.18368313547709827,0.1839045331358409,0.1845017708222002,0.18469634064591034,0.18543808010631582,0.1859166219716788,0.18600364934871014,0.186294438492811,0.18677335286841174,0.18696444592973693,0.18769779915390764,0.18772734362451465,0.188522650888726,0.18974456862887965,0.1904551587959007,0.1906642008790763,0.1911107532926822,0.1911751043835746,0.19142362172747954,0.1911074104721498,0.19114513602324418,0.19159451907397226,0.19147806184819674,0.1909909988120543,0.191626550021487,0.19189268404037318,0.19231653805714374,0.19218091808850232,0.19255748586177865,0.19267996415043306,0.19219167765709588,0.19137197591573407,0.1913230421618861,0.19089102438804012,0.19025005378077392,0.18979364834252851,0.18899410068283212,0.187763102310135,0.18732469556322137,0.18711106360973695,0.18629006881681237,0.18431253616906088,0.1828888536459721,0.18186934743603558,0.1816504795402729,0.18089394438992124,0.18012280825653773,0.1789697125250836,0.1788639657533891,0.1760888964055175,0.17436791766393073,0.17308519835195327,0.17091791786059948,0.16743115055593338,0.16433730001315963,0.1640711425834376,0.1622439307528545,0.1603536944760178,0.15793947133515177,0.1553455197104658,0.15390436448595318,0.15320226258964809,0.15338350888281813,0.15274312969110446,0.1518401185840197,0.15143119812685626,0.14994369354154705,0.14904285966907388,0.1493375123593269,0.13373105499249285,0.14923560589128335,0.14927244898520847,0.14868825918070885,0.14726260910747765,0.14553745846749297,0.14444404677861433,0.1432435886670746,0.142701400621501,0.14264159242220845,0.14179021023924604,0.13983699008977618,0.1384110249051911,0.1370808660323194,0.13690385708391123,0.13526739031582727,0.13360639687844772,0.13151655250189787,0.13137976127567896,0.1301666936064614,0.1297037936230124,0.12978803140527026,0.13024187518494942,0.1310377472790188,0.13115829848211882,0.13113034889166014,0.13140508441860005,0.13188810409418117,0.13249247977465498
stat_383,0.2271302402552047,0.0969848538480764,0.14178199520126278,0.10668811860339829,0.1431131396205012,0.13500704916282927,0.1424908915667829,0.14250757189927835,0.14250089077998773,0.14246243939436876,0.1424041331280551,0.1423110024526165,0.14219278432885593,0.14209324104554166,0.14204978419520342,0.14200441660197824,0.1420347033934639,0.1420394361143368,0.1419937764877092,0.1419336843478606,0.1418789315811933,0.1419342876850117,0.1422430196329662,0.14234376776143803,0.14285950704480577,0.14312586889906984,0.14309898158072512,0.14323142750723108,0.14343628410414433,0.14346715668895663,0.14397749324046916,0.14399760420690927,0.144513013497046,0.14528418453677056,0.1458134618025112,0.1459967338210577,0.14643261697341903,0.14661028538010737,0.14687876810854186,0.1467730589350982,0.14686604703715184,0.14714042260706678,0.14711671782980784,0.14691556316981744,0.14760992191094524,0.14788307671292872,0.14822317921982148,0.14824626657461845,0.14869240606862968,0.14899515286436674,0.1488367209088131,0.14837102465541588,0.1483436197397418,0.1482059385908125,0.14801000548036486,0.14797196927757936,0.14768785070647697,0.14704161226538295,0.14677820025013438,0.14664247944742115,0.14602078148522898,0.1445183935924051,0.1435408735527829,0.14268258470519385,0.14251412228378543,0.1418825385340959,0.14114211289878761,0.1399351125716552,0.13983876163696143,0.13763394211683697,0.13609993712009086,0.13482104878791953,0.1331544708323114,0.130542864324534,0.12800277206957897,0.12777175811310815,0.1259984944556118,0.12440421503949312,0.12262652117853447,0.1205975469217402,0.11936467120472412,0.11860154758186087,0.11862916284475508,0.11808419184294788,0.1173089869760315,0.11689181557978823,0.1157600285546865,0.11507810376127196,0.11539530484523246,0.10555883064413465,0.1154733035664182,0.1155035666182411,0.11534018930467968,0.11456110717298736,0.11345398734530213,0.11261075488747162,0.1117286670724398,0.11132585084401979,0.11125132763991857,0.11066624616547759,0.10938161296030352,0.10835721481971364,0.10746546206522774,0.10734202279147344,0.10630002869530442,0.10520028241127664,0.10386170973458621,0.10376540046629583,0.10293758073864677,0.10267728663466508,0.10281119516483218,0.10311177786934841,0.1035183172337624,0.10360062295928298,0.10358604752099049,0.10380240141244128,0.10421715702075016,0.104679353937025
