stat_id,AI,CAV,Ds575,Ds595,PGA,PGV,pSA_0.010000000000,pSA_0.010722672220,pSA_0.011497569954,pSA_0.012328467394,pSA_0.013219411485,pSA_0.014174741629,pSA_0.015199110830,pSA_0.016297508346,pSA_0.017475284000,pSA_0.018738174229,pSA_0.02,pSA_0.020092330026,pSA_0.021544346900,pSA_0.023101297001,pSA_0.024770763560,pSA_0.026560877829,pSA_0.028480358684,pSA_0.030538555088,pSA_0.032745491629,pSA_0.035111917342,pSA_0.037649358068,pSA_0.040370172586,pSA_0.043287612811,pSA_0.046415888336,pSA_0.049770235643,pSA_0.05,pSA_0.053366992312,pSA_0.057223676594,pSA_0.061359072734,pSA_0.065793322466,pSA_0.070548023107,pSA_0.075646332755,pSA_0.081113083079,pSA_0.086974900262,pSA_0.093260334688,pSA_0.1,pSA_0.107226722201,pSA_0.114975699540,pSA_0.123284673944,pSA_0.132194114847,pSA_0.141747416293,pSA_0.151991108295,pSA_0.162975083462,pSA_0.174752840001,pSA_0.187381742286,pSA_0.2,pSA_0.200923300257,pSA_0.215443469003,pSA_0.231012970008,pSA_0.247707635599,pSA_0.265608778295,pSA_0.284803586844,pSA_0.3,pSA_0.305385550883,pSA_0.327454916288,pSA_0.351119173422,pSA_0.376493580679,pSA_0.4,pSA_0.403701725860,pSA_0.432876128108,pSA_0.464158883361,pSA_0.497702356433,pSA_0.5,pSA_0.533669923121,pSA_0.572236765935,pSA_0.613590727341,pSA_0.657933224658,pSA_0.705480231072,pSA_0.75,pSA_0.756463327555,pSA_0.811130830790,pSA_0.869749002618,pSA_0.932603346883,pSA_1.0,pSA_1.072267222010,pSA_1.149756995398,pSA_1.232846739442,pSA_1.321941148466,pSA_1.417474162927,pSA_1.519911082953,pSA_1.629750834621,pSA_1.747528400008,pSA_1.873817422860,pSA_10.0,pSA_2.0,pSA_2.009233002565,pSA_2.154434690032,pSA_2.310129700083,pSA_2.477076355992,pSA_2.656087782947,pSA_2.848035868436,pSA_3.0,pSA_3.053855508833,pSA_3.274549162878,pSA_3.511191734215,pSA_3.764935806792,pSA_4.0,pSA_4.037017258597,pSA_4.328761281083,pSA_4.641588833613,pSA_4.977023564332,pSA_5.0,pSA_5.336699231206,pSA_5.722367659350,pSA_6.135907273413,pSA_6.579332246576,pSA_7.054802310719,pSA_7.5,pSA_7.564633275546,pSA_8.111308307897,pSA_8.697490026178,pSA_9.326033468832
stat_1,0.6103659886374098,-0.05634588895492319,-0.664771635417091,-0.598816027674013,0.5876543058057373,0.3602389969424488,0.5920951578002217,0.5931154732713365,0.5956792490369021,0.5983606747852901,0.6012831880186669,0.6108916047656697,0.6274492528497395,0.6527803240918293,0.6299382432348439,0.6059182690263868,0.5937680040982047,0.593037782968996,0.5856757083653779,0.5823408345401847,0.581984017941116,0.5868332894062326,0.5876613817076898,0.5752473590014987,0.5705561187257338,0.587727278980668,0.6008472996217553,0.5871037672343052,0.5540452221735784,0.5453671383185422,0.5449193612340635,0.5459164520937511,0.5292608797215246,0.5104716540593349,0.4871049553670345,0.49502170380169974,0.5090341967210632,0.5507878939217884,0.543040520272658,0.5602580512891561,0.6072825830343654,0.7158962640406715,0.6992053841769386,0.7290861708935933,0.7181983805404979,0.7158794056130834,0.7916340744770325,0.790678193166494,0.7981446341813956,0.7969489403475076,0.809440186584049,0.8035424852898869,0.8022590333368952,0.7563717804608228,0.6645545090785401,0.6245314391727145,0.5598974530534926,0.5009097283228161,0.44661599950918673,0.42819458388292625,0.3450161583769498,0.2995128094717404,0.28038024254954,0.2316256310109211,0.2316948241778598,0.20852814196524747,0.16972603815843904,0.15741383976139378,0.15793566390182937,0.16792506838871968,0.13225294045808214,0.04552450137396356,-0.01404896376512549,-0.060672070851201215,-0.030096678532599147,-0.02833153943464941,-0.040977781969003285,-0.07209941576495377,-0.06834227538989607,-0.057684691861170284,-0.06912708851913985,-0.08606278490362725,-0.0609735037132331,-0.028656691027574316,-0.03505246335883341,-0.0945249213669367,-0.21795967506914687,-0.3539816657961926,-0.43193525859960863,-0.40389163470610884,-0.3797229825007751,-0.37178228346019915,-0.2565625737924454,-0.2173546184179191,-0.23477002563248756,-0.2537206379820325,-0.2916527642414104,-0.2997366581783836,-0.3077800482084865,-0.3074191585162291,-0.2997428422538808,-0.2945285474038462,-0.2541377803835408,-0.24802677646460394,-0.26893865713967136,-0.29980573275053557,-0.3004127330378586,-0.30031567829291395,-0.258884648214143,-0.2487193942402121,-0.3313633049394334,-0.41489885351098166,-0.4791624387347879,-0.5433385368811522,-0.5491227661588475,-0.5620583691045387,-0.5633502925313122,-0.5115766451812623
stat_102,0.17868055792124918,-0.01747155998394514,-0.47915174989307646,-0.37319263754379406,0.2102174794730704,0.086157449546893,0.20685852263659116,0.2083821709831798,0.20577512746263923,0.20171549384510112,0.20572963844374803,0.20551870530439653,0.19759875616057643,0.18936032125421398,0.1950930470634307,0.18954475283359687,0.18615064598094808,0.18402337171887476,0.16821079814754303,0.1694617634736201,0.16885338952590673,0.16441790975195508,0.16636889765856108,0.1542978219561665,0.13812585254735804,0.1700031186106005,0.19294954746747053,0.22315370573540586,0.22965671959243,0.2473182682688861,0.252060528908859,0.2524516402726701,0.24866089054744098,0.2756960540525229,0.3005510903003153,0.3284534697573026,0.36002722380976104,0.3946543453491116,0.3799677633539972,0.33777602594389766,0.3413537703119214,0.4055372290589281,0.43570943142413926,0.49425805571607134,0.434422557107234,0.42766762403321007,0.42713101225644806,0.4044784508544659,0.3994194025234038,0.3227207407042948,0.25260574288346527,0.22692864310240204,0.22707390866559982,0.22697915109530536,0.21135682037523168,0.1736029961102577,0.12252912353834716,0.09474153344799632,0.09732618758112378,0.09962060973558312,0.0995273486095068,0.09216545631363153,0.07932763902215728,0.042567326725243416,0.03345751432419115,0.001989154883348244,0.0035083611720583044,0.010824650997953393,0.012233216362807844,0.019328085759917867,0.03630130300443753,0.03026476500388597,0.06527608215688636,0.10270447765832569,0.12562099971387014,0.12425092833029233,0.10358983647730971,0.06347830922884722,0.02676316000153251,-0.03141976469517472,-0.04005085290569085,-0.0489107655110601,-0.04306026033320016,-0.0884314027767062,-0.10603381394586532,-0.11620404352893544,-0.11690033958968131,-0.11142870334683015,-0.09121094848562025,0.03508189201529573,-0.09290541723916057,-0.0923901214549342,-0.08300802619378475,-0.0745716671424505,-0.06721505613125082,-0.0618508858794095,-0.04007159658770159,-0.02128975422181221,-0.016288584663821368,0.005185546704053028,0.018651861670750614,0.030328226022677623,0.03824572134214132,0.0397977228535011,0.03505743772963092,0.0333631964734283,0.029816243356404138,0.02964893178875896,0.02819924372778197,0.026102276870622478,0.02314574778468725,0.02366233782690507,0.025408638337879572,0.023883834323373435,0.02373328126745762,0.02397579143365339,0.026236337895424747,0.03175492898597704
stat_103,0.15795580475772011,0.21476692113792306,0.049163397107168424,0.23459080934310989,0.005604611230103526,-0.10737644097318222,0.011825497188292167,0.011237293194515777,0.011242243186675263,0.010447505209094566,0.009571639303857293,0.009170187205708702,0.007010834634858565,0.00442558457776303,0.00502610501016112,0.003956690147828978,0.0026875366056209847,0.0025709190590540516,5.172924116938078e-05,-0.0008675276540614677,-0.004230045399275359,-0.007532743398580279,-0.01054510186407132,-0.012504518560227362,-0.007920738777665182,-0.005226805738326355,-0.003591291504414178,-0.00394494899483816,0.005969213835215309,0.015133106334136077,0.037003465920557914,0.03896759334032562,0.06351467136757863,0.09155158860906927,0.07980914488965968,0.07176178036664894,0.060546684354961564,0.12312041072073998,0.2224114709027051,0.2826678209652057,0.2642798240175299,0.18301860497366382,0.09251116948985555,0.04011477507593434,0.03722185553521051,0.03733929529146886,0.057277924010015045,0.09435329253622406,0.14914114419799704,0.19379652451764273,0.1489770030814937,0.0518854339608122,0.046952113986388114,-0.006986328031943179,-0.005636889098961964,0.03977773891094069,0.07762112669786184,0.14212829581653713,0.1794322085104215,0.1870772291979452,0.22475497918876972,0.20263010634880393,0.17518525499812113,0.12513784246944365,0.1180126714045244,0.05606076822895755,-0.05908397701144867,-0.22029497099333734,-0.2305289553358017,-0.3618475681413788,-0.43438813196296583,-0.4484798414242146,-0.4341489214855051,-0.3768919795497044,-0.3542239599307599,-0.35335742185351876,-0.333250344150796,-0.33551158975348633,-0.35131143177263613,-0.36758384031798524,-0.37605722600032787,-0.44170465099488576,-0.4803331974742324,-0.47158912984806867,-0.4141989727565077,-0.3479547756768462,-0.26367851311252355,-0.19552545092499668,-0.16393223623599643,-0.13688771356319285,-0.17660778464276472,-0.17734369718247148,-0.17520453353850474,-0.16614696411369717,-0.1551055192922483,-0.13908604130728855,-0.1392022855805811,-0.13081913108104404,-0.12770600479166228,-0.1256808036137952,-0.13577696981230897,-0.12334075666060855,-0.12007590234376389,-0.11977318458869025,-0.12329431405640688,-0.1539925549306802,-0.16864333420889144,-0.16915021096395388,-0.18368354065336365,-0.2011587021801262,-0.20067288547974302,-0.19436887081628842,-0.20505667358880755,-0.19050402799211544,-0.18815117545555343,-0.18078107243399028,-0.18053714176824281,-0.15987195590710446
stat_106,-0.5545184111391821,-0.10413253965856055,0.32359428843014765,0.3822588061761752,-0.46360677242534737,-0.2414231105529727,-0.45619751301576067,-0.4555770481503526,-0.4566012538668594,-0.4537065114729297,-0.4331596105481212,-0.44027708734452187,-0.4355785535824752,-0.4228699006970014,-0.43270358977263085,-0.42265153799039573,-0.41977245775761557,-0.4184742013965961,-0.3972370130242204,-0.3994343018256383,-0.4387972706296318,-0.4721272763781834,-0.5023303118905086,-0.5085656495106654,-0.5119922989341718,-0.5276891959400883,-0.5465340477429708,-0.5570040249812869,-0.5658248468193381,-0.5805952747773244,-0.5900690694525589,-0.5901026665450332,-0.605252195062555,-0.634599218175253,-0.6637899833000386,-0.6751210091149944,-0.6793575897738842,-0.6440790955693129,-0.6483887544899781,-0.6345251732486032,-0.6740013607901457,-0.71475679605931,-0.7238681222100848,-0.7279548547042334,-0.6476736734092181,-0.5992153824970415,-0.5152856512434979,-0.40720867239841446,-0.32947946269763706,-0.3275920458451748,-0.2771333717595208,-0.2588503967805634,-0.25629268351081863,-0.27722859594216265,-0.2586933878349169,-0.17058803568660152,-0.09533311194347385,-0.08544478022033355,-0.13482943457065033,-0.15498063042694069,-0.1378352007365664,-0.12866968011697974,-0.18701165245361945,-0.24386933303159097,-0.2516732730614866,-0.25830087368476107,-0.28638151239973086,-0.36186040365730726,-0.3644904286247655,-0.45035882183580433,-0.4608507460026836,-0.4493210226401636,-0.38041458720571364,-0.31668377599368946,-0.31465285106092405,-0.31916794105075824,-0.29984645953675926,-0.26744646263260374,-0.24911970081291737,-0.23990197748521935,-0.2734367059885524,-0.22734425236667033,-0.13580606964613337,-0.1309615481050563,-0.1744743546832863,-0.12618060705945783,-0.027853539590765964,0.0060629619914532515,0.07775510696818265,-0.13787758896266372,0.09691522366058966,0.09769170418905122,0.01955391743364004,0.05318007930208865,0.10398123822862665,0.1168465089759503,0.08990818614610663,0.08280126893348783,0.08393125092361378,0.08708045026549927,0.04246238041595902,-0.006082304565551482,-0.03867846831635317,-0.03916812502728097,-0.061058875822856865,-0.05833173386276877,-0.06992337465041193,-0.06736805825110029,-0.05205391614145586,-0.041878977215079084,-0.0635106120195373,-0.08215727810925062,-0.10051662826968182,-0.14132795795487735,-0.13978416889960832,-0.12891298395654296,-0.11552324539815202,-0.11802839916828216
stat_107,-0.5142611446794254,-0.2952964770524634,-0.038329284406698694,-0.019910513094090133,-0.28375950218326723,-0.25601961221119574,-0.27567961021324805,-0.27603686684693557,-0.27636060000132134,-0.2766704365981423,-0.27703084247936793,-0.27722115499848143,-0.28013297363915046,-0.28274401640457414,-0.28345861376135045,-0.288052698427653,-0.2892727645025099,-0.2893322790988948,-0.2892357381331172,-0.2931767439142146,-0.2974643867478337,-0.30850977076136704,-0.31396544950901806,-0.319994999873004,-0.3276628353120514,-0.34851740258989305,-0.3711384337385013,-0.3695599094778089,-0.34669293302422577,-0.34736966667330504,-0.3437227341012091,-0.3452497236196987,-0.3309910884980523,-0.3752341062568439,-0.377418496852258,-0.38884173360965224,-0.4299535294359657,-0.4059490488713028,-0.34518230402841005,-0.32078592745488216,-0.34704031195126084,-0.3564593816501314,-0.3140734443992768,-0.24665826339606223,-0.17542030902651076,-0.11337924274276408,-0.0997928806335279,-0.06822498617395478,-0.06231163093331902,-0.07800366395428333,-0.07838062662123074,-0.13706326200038682,-0.1424268162243872,-0.24095926059034897,-0.33362344446635084,-0.31897272054906906,-0.3015733063376822,-0.2911210000234207,-0.3197510511075896,-0.32517985569474067,-0.3213414253814552,-0.2838149959744504,-0.25337282382355875,-0.24913268914057524,-0.24683139777189037,-0.21268272593094353,-0.23663796875582302,-0.2605114850491644,-0.25958580715140345,-0.2501603249200951,-0.30383209653077814,-0.34345510583647143,-0.39541896230439794,-0.41245638725577577,-0.4158850738673423,-0.4148030047363128,-0.4444852587467065,-0.4517294554490309,-0.31660377795731676,-0.2532934665003795,-0.3218268541583901,-0.3250103688356462,-0.3547582183436385,-0.30775515305642864,-0.25916451304029964,-0.2612538739766093,-0.25816858571341855,-0.23686024359137106,-0.22955554060741346,-0.2673259202335637,-0.23149119856473202,-0.2247013818519629,-0.1849942527566818,-0.12729966523490824,-0.10806336971675708,-0.041277074099111515,-0.018959315495638396,-0.020672376999451167,-0.020341984112655916,-0.03551290280346186,-0.03394984933545374,-0.04861541913589389,-0.06011468662004983,-0.06404273447119169,-0.10161506615631703,-0.1133714467771087,-0.09664377152418219,-0.09466821034698726,-0.07964963543182715,-0.07900493440970048,-0.10376554159125016,-0.12433332565364913,-0.16241606358849223,-0.16633147512105032,-0.1669848864490948,-0.18142674325484484,-0.21067098588525057,-0.24195890829855365
stat_109,0.029320895346233274,0.01529579972287944,-0.016222335595189933,0.08105674364040236,-0.013007583024662116,0.09205088859300524,-0.0074397892144176915,-0.0059036258708535586,-0.006588834605010185,-0.002026005979087402,-0.0013170093459374899,-0.0004159825775048912,0.0015432309760925057,0.0003307632340245841,0.001061334140849271,-0.006407264746930438,-0.012664148514560426,-0.012658478224371572,-0.009882301418851656,-0.020194851406861412,-0.022648301996280058,-0.021557526407566183,-0.025296038881960053,-0.032415850422407216,-0.035212110597138,-0.04601466982258432,-0.044460170678487454,-0.03683827977218831,-0.0038645675761223913,-0.030633189966217982,-0.05448267661109969,-0.055448952018701564,-0.07740887971096494,-0.11148113798627886,-0.10897770594583013,-0.12981614795224747,-0.14385369738039133,-0.1439075000687693,-0.1301911397792393,-0.13535502037184882,-0.12909617221091543,-0.15633828584244042,-0.18322222717599038,-0.18733699695933917,-0.1508843882288903,-0.13854199720460278,-0.09964417027112214,-0.05799942284063154,0.007958249312797858,0.02562523517955071,0.005437208647773632,0.06061372984382312,0.06304285352778727,0.035101672758653224,-0.03556299374019279,0.01894166710549325,0.04907551448232719,0.12124250716397637,0.15771834755193032,0.1681335450085225,0.2209777059677376,0.23198034689750896,0.17322261172832376,0.15113691376163474,0.15003503107462307,0.09164731726631839,0.07906345024726523,0.08607202644550196,0.08718119245739447,0.03966941742320237,0.00816328098497175,0.016828200036696488,0.009066496166540356,0.008119982033762182,0.051041105659915494,0.056605145682092954,0.08856742952996578,0.08606686419706497,0.045794688138016626,0.029573773473236892,0.07118952986800788,0.0965047234514307,0.07462613136092555,0.05852940518360254,0.050728978368593934,0.05219560955743168,0.008192049841579691,0.014999736505609287,0.05926224050084458,0.1454795800713177,0.08063577920502059,0.08142918345516514,0.060274709581515325,0.03458780864042843,-0.012417655196474501,-0.032055136595215916,-0.018784876937530497,0.019365563616202012,0.03368517177893083,0.09161228882085869,0.10723739836963397,0.09807552046278999,0.09612651883921282,0.09461648811182437,0.07897494410936816,0.09256108834839215,0.1074676719742539,0.10783912176463326,0.12031600214559778,0.12606396837099246,0.1153527799132957,0.12023742548960177,0.14214128521039307,0.14800471123658207,0.14761951949142266,0.14856941260171586,0.14202845572798994,0.129889603023861
stat_110,-0.49055174824847675,-0.18616040338737358,0.106063441207503,0.08930238778395938,-0.33928868632402687,-0.16889514470250772,-0.3293827155475013,-0.3296703036077555,-0.3302528205770044,-0.3308480704078215,-0.33197348064683746,-0.3337686366589629,-0.33679736412480543,-0.33675265375515584,-0.3355153248848095,-0.33588630692784216,-0.3373823963477918,-0.33744536712066187,-0.342551630765614,-0.34505882608956523,-0.34705271530459564,-0.34956079656538214,-0.35263914231946625,-0.35425603174839443,-0.3504827716812323,-0.35014379011779073,-0.3497165967994641,-0.3498989971196367,-0.35937091883720323,-0.3610290738318996,-0.34581032420301133,-0.3438570247482495,-0.32032862941052426,-0.285889609945987,-0.2595539350463469,-0.2501406713887204,-0.24838145421089902,-0.2572485641020519,-0.25437757763911784,-0.27050957243376905,-0.30610891499230974,-0.33281429833417725,-0.32247769463253123,-0.32646442927268876,-0.34529652841822994,-0.35053467712461783,-0.3398414939324137,-0.33139078340959244,-0.375587624967217,-0.43380326592868146,-0.449263223099563,-0.42987987039204106,-0.4275062172529341,-0.4250383564683447,-0.45240134311911784,-0.45805919596807443,-0.43473841048709116,-0.3902356558085597,-0.3463298867332192,-0.3331962675452081,-0.3023656951177987,-0.29823205011896814,-0.28942987738453807,-0.2679739571251925,-0.26215698375629093,-0.2237004762169824,-0.18673623386492283,-0.07649488327884728,-0.06682427863250551,0.056454898487088234,0.1869463975558311,0.2952413502127271,0.3851610878032524,0.40010075067527257,0.3668219992813731,0.35871370145791104,0.2939072373462892,0.2202441123690777,0.1743535827984051,0.12130498115143064,0.12610220571647443,0.10817395436340474,0.08955402143808928,0.0825358425880419,0.11010592440236298,0.14569879307987552,0.15021680519816552,0.16799109358466183,0.18237126237378523,-0.013801158725218744,0.1990183690431833,0.20083030616064157,0.21781609815386777,0.23136776687117616,0.24742264140189743,0.238024678627353,0.20324403271387878,0.16188494866506353,0.1496439857426895,0.12076018200051274,0.10527962346096044,0.10293498506458312,0.11547861316903067,0.11665033071117219,0.10332068812804335,0.08923044013973357,0.07992888817767779,0.08048752036181651,0.08581400585719322,0.090349217919513,0.0923332419179969,0.08733314804704327,0.08766473450039257,0.0734257933583833,0.07030881048860084,0.05418716163934807,0.03712246666284541,0.0045156565502790244
stat_113,0.07559050225372067,-0.06465311099972777,-0.17685175968280828,-0.23974670840860035,0.20328886797895762,0.035941845417339205,0.21364447489552235,0.21337240221487475,0.21360808321065256,0.21358758026234756,0.21289035730303385,0.21254550175933676,0.21269931222557348,0.211782377551059,0.2128396615790766,0.21753558728403932,0.222592219829191,0.2227611918993822,0.2230840749968085,0.22201817213081407,0.2209409571400967,0.22614903330989555,0.23190425075230484,0.2396484384327262,0.2693114705503648,0.2999095899853706,0.3288383715330626,0.32563282259157306,0.33404075598077015,0.36727855776944557,0.45356525765825667,0.4579814220229654,0.5113587146042133,0.5187691268947385,0.49252524989761376,0.40845412634469175,0.31873879990177817,0.2784511250407975,0.2426601792264288,0.21559160202961747,0.18688762770148504,0.18825608530303026,0.16185506903531074,0.12125547322531727,0.08151845842600679,0.07314756157749464,0.03829683956529486,-0.0003305265196051046,-0.04026829649437638,-0.028530406146424245,0.00816079724368617,-0.018318150020737722,-0.0197887641691879,-0.018859361249682127,0.005680822123309127,0.03673232301344515,0.041575820313314166,0.026532118472298267,-0.0006048957445120106,-0.011045441130837406,-0.011713319353710686,-0.032588673747404436,-0.04625750868212587,-0.03449583574185658,-0.028272749886303142,0.01284855502779597,-0.0027291888205133582,0.014532918022627947,0.015055835985920472,0.042143348125593956,0.07698368655718009,0.09997756644389028,0.13572412076137325,0.1680344527187873,0.1818708959949322,0.18565263412957958,0.18174318864749697,0.14612740139754363,0.09644342715545956,0.049344428662272094,0.03700257538077138,-0.011110556560742203,-0.046287278700375106,-0.07276199707458028,-0.06578120808697661,-0.0713850413235226,-0.07975464157469507,-0.08976062553057304,-0.08810120074468954,-0.1538381311207419,-0.08464747287937122,-0.08376396245344586,-0.07052606369270824,-0.0652062405690396,-0.06605378670976206,-0.07178144834839657,-0.09443134795164342,-0.1044274502754944,-0.10646710178458514,-0.11648885226245927,-0.11135202322906851,-0.09827041977658596,-0.08677889929331245,-0.08453121385832736,-0.08562011675357412,-0.10895421433444036,-0.11842150638058678,-0.11835914551588718,-0.10927639886272869,-0.10085828577567534,-0.08464151411834303,-0.1005835662605436,-0.11862480350605838,-0.12783034031843163,-0.12848122197999176,-0.13382239014770625,-0.13285380968457214,-0.14272722674130625
stat_115,0.5820938797899788,0.483020774858818,0.4426703134462674,0.3045159762186198,-0.017271516586302535,0.1980718677005684,-0.01634855501649082,-0.01684868419644674,-0.017134887365811587,-0.01785555811939495,-0.018087062857210942,-0.019030416893682428,-0.020833919056035044,-0.022625667451269763,-0.022578417282041244,-0.023790311380560918,-0.026390598314892454,-0.02665275424020855,-0.02942116700413561,-0.02990908657828259,-0.02973394778076621,-0.03250668870421432,-0.03536085528863347,-0.04009127343374697,-0.04325925006646487,-0.04216717609382805,-0.04442315204909169,-0.051925194617558575,-0.05850431808358587,-0.05488811576355267,-0.07131122906903599,-0.07189564854262197,-0.07729259655461163,-0.07889581864877959,-0.10042363856161544,-0.12013317491237732,-0.14197469954367944,-0.16700411160943504,-0.17633544237818588,-0.21744268932469785,-0.2820528770914621,-0.3156746137540049,-0.32191943881544516,-0.29107103427841824,-0.22083489710232118,-0.07725931848995396,0.00014486553748956725,0.010544936424447456,-0.04120979995648116,-0.09605317123214549,-0.11858138748987224,-0.11574812546213156,-0.11467861630188939,-0.11489553114501215,-0.12494258751632219,-0.08278458580430306,-0.05159207204469998,-0.02388632440427745,0.014096152745332245,0.04173237045533616,0.156060938689005,0.23278285905021578,0.3305568499027716,0.4132698354756152,0.4175652110218144,0.45708158807496746,0.5045122325001214,0.523332718991547,0.5229688863109829,0.53115745292459,0.5549472066315516,0.5716974968478332,0.5213800579175966,0.5067976144176982,0.47790210237655273,0.47081287869909727,0.47051955407387736,0.39614681267315055,0.3630065178977972,0.3774624874942373,0.3929363971059073,0.40348457713780395,0.3912467313663394,0.39642516338777894,0.3486442228386362,0.32666816329074405,0.3389455058626532,0.31424397223784556,0.2932118748420441,0.2645572760320578,0.29524251276917934,0.29556482338719686,0.29549201624935695,0.2654540013588533,0.24731161610750446,0.2620098106551824,0.2815542263099703,0.29366523572539005,0.3014111573300216,0.31437119698142524,0.25667576145675935,0.20658177908222244,0.20019572891430734,0.20393256077619024,0.23334765282580808,0.25593416877104913,0.2681888232418683,0.26918964743223556,0.2665336793527103,0.268104044241178,0.27458605826422183,0.29497707420313574,0.2934430801746242,0.2947624433071899,0.2943963401319314,0.2841666492642753,0.27126991303546744,0.2616443488486101
stat_118,-0.2733547400152995,-0.285734292031119,-0.3424038054252877,-0.19678696412576813,-0.07184850688835952,0.020262639253200567,-0.06936932921202409,-0.06972372519994323,-0.06870697646837229,-0.06951566183609836,-0.06710031213179993,-0.07039884997908105,-0.07121209027373061,-0.060630134500292976,-0.04703082752792502,-0.06121807243031768,-0.051012137691088734,-0.05113396336926269,-0.04990573468195855,-0.049645303325179364,-0.04173197358768546,-0.041570562656026,-0.013046441713776823,0.030566164730887278,0.019817586529797555,-0.0125410774125949,-0.036323140192164205,-0.04623151318657682,-0.1093429570705335,-0.09761762509041916,-0.035946147678152574,-0.03427883325852539,-0.036458438060302904,-0.034369494795786555,-0.08927282153068404,-0.07971271800492043,-0.09036631752986164,-0.1357268297561237,-0.14172801317719208,-0.14540187996772216,-0.1752848411596615,-0.14116296441844936,-0.07931821287364015,-0.007411217767131496,0.05019719902831018,0.08670576713879075,0.05439831743902383,0.029981592441187352,0.009006603811466979,0.02273492098390661,0.004728617881012816,0.04303081973655394,0.04328898074724347,0.026678215936444077,0.011218750880912431,0.0312082676772159,0.020900322143197016,-0.03689771745088692,-0.033335527636861234,-0.023587933301701804,0.0001903827743255001,-0.030031658385626454,-0.015323172769478303,0.03283167984818545,0.04365523712606264,0.07367620707721577,0.003219750363254773,-0.0038199598072958547,-0.003787743837897257,0.0033341309918582334,0.030323359586002036,0.05544906170666104,0.09261072929461614,0.14143076184678435,0.18811773684759453,0.18634523333246522,0.16575550773792558,0.17744077396291663,0.16225272883680872,0.22758128544512038,0.24603515426216566,0.24446080494179884,0.28828101686477414,0.3264687054477305,0.32063523900826746,0.2503969235054372,0.2454669703684871,0.2395413587891863,0.21946100381358227,0.04517080076212696,0.197220476708975,0.19161425744742094,0.1537178008193147,0.1322587717933725,0.12375037661401299,0.1426880245523363,0.1606828323625726,0.149610144668751,0.139386871179752,0.13736466350005497,0.12292384407949793,0.09335134130863493,0.07896028442427666,0.07626380712731351,0.06191996384305584,0.060528498132903945,0.05661692796068154,0.056509862207090034,0.05318852982195529,0.05147501030823663,0.05331644296267589,0.0598198141493369,0.06797399034076512,0.07310158046162699,0.07361275954732495,0.07558755641743778,0.06364738267885987,0.051043594099389904
stat_119,-0.04109345704361431,0.1620181688985394,0.13837395499197852,0.27043820804841856,-0.06540433680033238,-0.279047293500044,-0.06109567142487867,-0.06109332409358516,-0.06089919294798155,-0.06058489508581961,-0.060363972894269695,-0.06015801954392416,-0.0616480506175162,-0.06377232948524872,-0.06216783782651304,-0.06491907668493455,-0.06191989368563044,-0.06172336812712732,-0.06253994841517345,-0.0623466411699207,-0.060600111161375966,-0.06255453226292892,-0.06568832061939404,-0.06338990740098364,-0.06353897859530835,-0.06269003006801044,-0.06545121538466532,-0.06063300614872284,-0.04882078248694545,-0.03275510435591294,-0.039739105073368884,-0.03951825498712718,-0.035840858925820035,-0.04367776270196841,-0.06243947905697765,-0.044003978455161664,-0.03118932252340963,-0.00897960251826706,0.0244106842217169,0.12051088831535303,0.19559999612291856,0.25762110654869663,0.35965971151183496,0.37608175389369286,0.41639025116010897,0.34992112202830883,0.200454708111116,0.0732226965980529,0.03179650839891541,-0.022407349262476763,-0.10369718500589194,-0.08694961151574089,-0.0873367635321082,-0.12205482639174622,-0.18923159525451266,-0.2571054920545018,-0.3558000346504413,-0.41583120002004625,-0.4634852061201401,-0.46250217676093436,-0.4937674252598434,-0.5088022189875686,-0.47030899078413996,-0.39732667943162975,-0.37662012458395916,-0.21739034953630623,-0.19557680105136477,-0.20763636572926988,-0.20640790882345655,-0.22703030493269813,-0.2800853929124516,-0.3372405215494518,-0.36365244778676775,-0.34957781406690625,-0.3277378999789376,-0.31122333962805665,-0.28870176297575606,-0.2658009100500974,-0.2499347417835788,-0.2771521443652743,-0.22889834582537352,-0.15944087453807865,-0.06715395175301096,-0.0721421380812492,-0.0827787234184483,-0.10328871054017456,-0.08585548035737718,-0.07313188612676558,-0.0753851013790678,-0.23539625023450572,-0.07776046322935953,-0.07854052483006778,-0.08379908640891331,-0.10412134545727642,-0.10950017349159778,-0.1492776440789151,-0.15623102313403053,-0.1931877889232022,-0.20731827315092327,-0.21771857960415417,-0.16919072103685467,-0.13681491679540222,-0.14473594214867463,-0.1496409125346662,-0.19267776003081902,-0.21655191878002283,-0.21778763017013825,-0.21692907061797373,-0.198403364361908,-0.19390506680854142,-0.21180901402102242,-0.2265122294891545,-0.2249643812053891,-0.22627606029521505,-0.22482664515365797,-0.20841138162668918,-0.20811863015883156,-0.2380074340946658
stat_121,-0.5417888216481497,-0.4095934104845393,-0.4907320674661718,-0.12445354464779473,0.03131115547428436,0.015895586122894424,0.044709847603106916,0.04512870133486336,0.04638662553549744,0.052614144939389755,0.05435099062767567,0.05701086117753304,0.05711373917801603,0.05983312491949287,0.05194001491192611,0.0666908594074282,0.07709487927677473,0.08024772079400297,0.07639800916014229,0.09734335103121634,0.12344603027885105,0.1352118472789028,0.1563142062366257,0.15651976011228466,0.16228680911043947,0.18264319762467413,0.17583693006884746,0.1610262990698153,0.12640546786965745,0.11063376765322562,0.11814891775312955,0.11747147972128805,0.11664396077335583,0.10315275639472977,0.10942162157446135,0.05286754287343993,0.04208626814456077,-0.024515654312343902,-0.1195515725793102,-0.12091551130568541,-0.101167368546382,-0.03462585486328293,-0.07518160281697242,-0.14993300024993078,-0.16502647663358525,-0.16440094967867494,-0.130883397339375,-0.09840063357081562,-0.09311032604105618,-0.12836626052989347,-0.10184345239852263,-0.0554406372254072,-0.052657019248341555,-0.04351609352891369,-0.014671830995880623,-0.0004552632302863056,0.00761451978995573,0.020844469845695008,-0.0004932169132335049,-0.014584323049602072,-0.0483722605011564,-0.07173418706389147,-0.07453718802724675,-0.10226127746267331,-0.10441480276154007,-0.10256555244682372,-0.14957128629534652,-0.14056145960844035,-0.13839615413442832,-0.12223520173734853,-0.12443213485515094,-0.15444781895694587,-0.16111506067875914,-0.1580298382969676,-0.1122865166246459,-0.10386265694764578,-0.08276133978251825,-0.10955267775442287,-0.08829475690512756,-0.014975375721129489,0.005782339793265405,-0.0358838292457562,-0.08039661282323714,-0.1382065745927158,-0.19182326056814436,-0.20830228258185546,-0.2111862002393285,-0.22002572129612002,-0.22494528881684372,-0.1605526660172441,-0.18817599896272855,-0.18509137934553876,-0.16549531845521998,-0.1548845871342563,-0.15953479339660784,-0.19912616279919512,-0.2138271935975895,-0.19966265655491927,-0.20314660414125774,-0.22956959401594831,-0.26542651123913674,-0.3041234259611296,-0.3053894097541468,-0.3070653434594238,-0.29541602103827186,-0.2647567079402644,-0.23372952488389798,-0.23328819156433941,-0.2097933621133162,-0.16729640027246886,-0.1383162594942014,-0.15273143201447054,-0.1697922236314551,-0.16408267877617289,-0.1605586720118941,-0.1464604742557814,-0.14607589858223166,-0.1494616528861544
stat_124,-0.19005647637390152,-0.09706340491777173,0.07006879399201071,0.011591727430497578,-0.1895304643282881,-0.22511784509925417,-0.181048892087784,-0.1810248759191018,-0.18079283856941658,-0.18030850414087313,-0.17998059275101005,-0.1799225425780953,-0.18122699631276598,-0.18278628504137193,-0.18040038682629006,-0.1817858783334969,-0.18614704948682964,-0.1862321986754714,-0.1819529508694383,-0.17627318623104415,-0.18101642712527294,-0.198403045860208,-0.19203234644918468,-0.17859504333761683,-0.17515088998641856,-0.1734038415689157,-0.16049254277552066,-0.14890455849644074,-0.1275764182853035,-0.09036054524057704,-0.09535060115277778,-0.09419538902250402,-0.11298971197629655,-0.10945897298187199,-0.061461189017307766,-0.052840899453331584,-0.0025997651738352465,0.03783858495267116,0.06511799900268367,0.05661490162204571,-0.03407128796149451,-0.06854443092609044,-0.014378815721126413,-0.03792691575300442,-0.04033848324935525,0.024991682650829967,-0.05028596176224646,-0.11627766101175743,-0.08714573312976216,-0.12055722546252515,-0.1097992932972443,-0.11063668937866504,-0.11311929551600614,-0.21410302215262703,-0.2554720636418017,-0.27589171940691337,-0.28161036588803223,-0.23271864690360397,-0.23457115858634534,-0.2363240214624153,-0.2783581445496981,-0.27190134471452415,-0.2097408053876544,-0.12884092907736802,-0.12120207102296977,-0.07990164237832455,-0.08139138183058464,-0.12030918928592617,-0.12182399126086138,-0.20314892993522657,-0.3265402566143425,-0.41907603636720864,-0.4367030503410997,-0.35653868232437536,-0.33691895933747884,-0.33466888240771714,-0.2891083355783377,-0.16423786312521527,0.0627118548465691,0.15527638663619353,0.03105035294811428,0.09424900633033031,0.07667004265741774,0.028200858709178607,-0.02318531708576488,-0.10149730919000612,-0.0843365929378559,-0.07593509543362335,-0.06124322424026128,-0.15087531846124827,-0.02509815526603,-0.020088916411661002,-0.005698522933304455,0.011068751221696482,0.034770698472391864,0.012190730988117028,-0.03753575973595987,-0.05018627753799393,-0.05203896126041783,-0.07655412935182973,-0.08871408369686867,-0.10485123924403375,-0.11412137030571243,-0.11456235500451094,-0.10008935832922573,-0.12266974810806702,-0.11639363344435023,-0.11521306865580734,-0.13235039724140032,-0.14683026009038147,-0.13772489194261842,-0.12569023570992938,-0.12576870064993376,-0.14223093748944657,-0.14384822710446882,-0.14703998932297138,-0.13976284140311843,-0.14284341271858889
stat_127,-0.5248032020038791,-0.2044463252408467,0.10523597719920605,0.06652783230598734,-0.34901571633750006,-0.05506061984108459,-0.3330608621344786,-0.3322315437078035,-0.3300867174562393,-0.323435336715952,-0.31367493494813475,-0.3191600127796227,-0.3274495713740439,-0.33275481748870056,-0.33676837811260013,-0.34073361805875724,-0.34188145286631066,-0.3416778361452722,-0.34563108961914957,-0.355987548538107,-0.3621670947793098,-0.37923800691418874,-0.39280827674500085,-0.40392147876782764,-0.4141308451761411,-0.4342996586373441,-0.4561552091189448,-0.4802186959737496,-0.5045283756350457,-0.5255429371166709,-0.5554589966367917,-0.5580792233681228,-0.5965516429402196,-0.6451290097454406,-0.6848904846464484,-0.7201223361062392,-0.7309418538396976,-0.7288985224714869,-0.7236430896447967,-0.7145408436174285,-0.6843910722294947,-0.652845518516346,-0.6077863155770367,-0.5405585522797626,-0.4724604459880864,-0.41898245415846513,-0.38539069377952845,-0.3748721916772176,-0.36744213561884326,-0.33859063985379306,-0.3361696096131615,-0.31429774992817605,-0.31180596730202653,-0.2521661318511673,-0.18399236584158496,-0.11167727414269371,-0.033474073865078925,0.03216899216603984,0.09249326326014877,0.09760353111494872,0.11823857160929359,0.13984496650160413,0.1559541825970768,0.16468328631903562,0.16348033123359945,0.12572376503530944,0.07476266459948536,0.01763375418336376,0.0057746528416293364,-0.0377665664083971,-0.09033753207316145,-0.12101521073998667,-0.1360882631572232,-0.14920600112593696,-0.14494449944041035,-0.14155609124402035,-0.13721593793160347,-0.13793037334359082,-0.13803441671325964,-0.09752807621895726,-0.05602421648424134,-0.013581427692009054,0.025492370915515417,0.04499757312475871,0.06602142174955362,0.09640259532595312,0.11082791559459013,0.10576310405748794,0.09830631607346896,-0.05801139886011245,0.08075494943133711,0.07912506956723996,0.0536751252723741,0.046744259744898944,0.06108993848345603,0.060897690995348606,0.0485550572065821,0.0456117284286447,0.04602888693407949,0.03965093083213061,0.03294938128519627,0.036097027938784415,0.03772871404018816,0.037393488275138005,0.041320900040440096,0.04622002416944555,0.05169394557073895,0.052089479599930065,0.05808909049153267,0.06034171822211082,0.05508549956419462,0.047853958481221925,0.035642396377533234,0.02439180071595927,0.02196741915999963,0.005347609429442534,-0.013878093771171482,-0.0365272584356056
stat_130,-2.0375623260511673,-1.13574437862538,0.0049805048014174725,-0.16876733512832245,-0.862057632953271,-0.7511362874792824,-0.8479357487808621,-0.8488734022586054,-0.8508745824952425,-0.8509409713477628,-0.852053752241824,-0.8533018519230341,-0.856271911998532,-0.8590376350846655,-0.8555448733394149,-0.8574069792474732,-0.8537192966783849,-0.8534443410473824,-0.8525223957419233,-0.8604010782462328,-0.8617404242198915,-0.8648512451252812,-0.8720427841120334,-0.863683927519927,-0.8503471868125818,-0.824601081811309,-0.8014351108932934,-0.8209233184514723,-0.8480690670841693,-0.858370833209465,-0.8823516920869431,-0.8848792390294672,-0.8926538808529669,-0.9052092185318668,-0.8956803159478026,-0.9055241008480401,-0.9027209413493579,-0.9098692468928367,-0.91220036212064,-0.8967548603146858,-0.8765698243594388,-0.8460241527742797,-0.8357209867531437,-0.8536914932033794,-0.8859834244014367,-0.9116411969402172,-0.9319786534553202,-0.9443021712969686,-0.9318691048042734,-0.8621813628401752,-0.7984895373670672,-0.7567487564815081,-0.7561913781727303,-0.7591033295760286,-0.726580936257463,-0.7655125873218799,-0.7311663598121756,-0.6657449329119094,-0.6174873081617589,-0.5967032234944414,-0.5503738386204781,-0.4989548287847317,-0.4092885990929117,-0.38416612489534335,-0.38391343601187855,-0.37233127949753475,-0.4029202629403221,-0.45762939942579134,-0.45801738979912504,-0.4429569325172261,-0.4793770819221464,-0.5308713594319462,-0.558502678482101,-0.5248189640717976,-0.509013232877571,-0.5089581189915724,-0.5168489953964563,-0.5118590706231659,-0.5014919617953223,-0.5102073097062232,-0.46497177889624963,-0.44137473108378306,-0.4381409384089774,-0.42798935915891595,-0.3986640083397663,-0.35635858690795463,-0.32860393212142464,-0.2671272421017962,-0.2204967257022015,-0.36878478943191895,-0.22218439174790106,-0.22648957396978325,-0.2546154294102399,-0.2362021564833802,-0.2168446377987912,-0.21440907611535912,-0.2306132912307633,-0.2275358904177376,-0.2243238279103712,-0.19106083021219314,-0.18808591975917624,-0.14978568428539804,-0.14160755941754707,-0.14243506016037918,-0.15789551828662884,-0.16913008714221597,-0.1716382919080986,-0.171948138603852,-0.16070431974817756,-0.161981518917797,-0.17558201641251095,-0.19603951554769186,-0.2042536657016004,-0.22574789133041073,-0.2291234699812893,-0.27280087961989363,-0.2990114094649167,-0.33183611974825283
stat_131,-1.4794245389934506,-0.6926983628035006,0.15714294592213277,0.1573540706556298,-0.8120474415803044,-0.4269866951201218,-0.8002822775118817,-0.7978815495753044,-0.7968951283443335,-0.7936949815627591,-0.7925437225870575,-0.792728891096383,-0.7980070031802728,-0.8004129059534658,-0.7984502034779406,-0.8035338767338452,-0.812106955813636,-0.8125950571373066,-0.8232274428851188,-0.8328836360523676,-0.8431359061497232,-0.8536370168643754,-0.8626401873103975,-0.8752193045196177,-0.8877068325210512,-0.9046978364790468,-0.9290457286639331,-0.95596310106293,-0.9928653761948892,-1.0278882911379397,-1.067764473380097,-1.0695462120819017,-1.0844566838501888,-1.1060529231496778,-1.1246859905897053,-1.1190779193362046,-1.1069787539984983,-1.0786225393552011,-1.0548135159031982,-1.0414277935274836,-1.0330357651205218,-1.0232300886206727,-1.0079489855170465,-0.9858864827580162,-0.9948959509631917,-0.9820868373177754,-0.9537714164511589,-0.9346586165625823,-0.9086841285762546,-0.8868285926561736,-0.8447867306630454,-0.8168342257947622,-0.8133866334456406,-0.7378753907743686,-0.7246097402711941,-0.7139135405720313,-0.6676466791587138,-0.5920315818278388,-0.5549594728720288,-0.5457998368592097,-0.5086727606789475,-0.47092416811343757,-0.414233212233799,-0.36815326427197526,-0.35850064269706705,-0.2982380929393692,-0.23214097933175762,-0.16689651759995722,-0.16114641791322853,-0.08615882375790744,-0.05916232212115547,-0.04879023471821982,-0.04490273010097777,-0.046558377592521134,-0.040603136040079285,-0.04104004178069959,-0.0322618276512483,-0.05659480682124803,-0.10777852630588022,-0.19473798735943657,-0.27007646687210923,-0.4058939283626209,-0.5060299816811067,-0.5522219964263381,-0.5428391547047673,-0.5347444470371044,-0.49642699192145073,-0.4480686653588424,-0.4160560001988785,-0.3756106595098605,-0.38681781566102286,-0.3840601126420485,-0.3658470598879947,-0.33475879068999,-0.2976455560598453,-0.26989344109253516,-0.27128049725570813,-0.2642171725687859,-0.2630489656550054,-0.2701560441674191,-0.2739044949786538,-0.2609179510621431,-0.25085417176365604,-0.2504455127784087,-0.24566806734719246,-0.23530266927699264,-0.22348518460003367,-0.2229612859253169,-0.22501362421384993,-0.23086544091402286,-0.24070886676354797,-0.2655883239921021,-0.2809836576209181,-0.29657239068241487,-0.3006766832497594,-0.32159237149726627,-0.3264176572703224,-0.3435670368438811
stat_132,0.2110616597648566,0.3110349928765723,0.2124996573798334,0.25815452748277284,0.005282405409017395,-0.0894192689622743,0.010067406726311642,0.009685274362510052,0.009702491586936209,0.008506198072761711,0.00718688426907046,0.006541032208408709,0.004729524967063126,0.0010742479935521771,-0.0013413951682521913,-0.004355825900747787,-0.006157013683915494,-0.006384499957076205,-0.009076204497176108,-0.011945041172327756,-0.019396845377239607,-0.028002382133907745,-0.027315336048542783,-0.029940052519126185,-0.02286054923430408,-0.03348666343494947,-0.029220515437424543,-0.03966323952255653,-0.04381647655565155,-0.040690935985896855,-0.02340844873755095,-0.02189809481476167,0.0007157537475750502,0.013073690005655851,0.04461578907682773,0.0990571829068558,0.2046915453599712,0.23644549174312265,0.18332969216574282,0.16198976863805817,0.1307938989978384,0.15188428375206683,0.20333579827664433,0.19068924189824618,0.1758895371194321,0.18646731750771842,0.17240923200375868,0.19758439811627737,0.15458124321725447,0.04201885027896926,-0.0853290355218926,-0.13347400200362422,-0.13494312447620596,-0.13431197761873642,-0.14825315023473876,-0.08197040438311506,-0.08668986545993423,-0.07786859023031624,-0.05332672625886485,-0.04204393034895028,0.004636468568638001,0.025198983249465453,0.034715429602303255,0.037218297917638275,0.027314214422223603,0.025822711306881893,0.03520720727234563,0.07353932575430064,0.07273348277405879,0.09222680607382093,0.09500471151119265,0.02977489828167612,0.0514078729317127,0.020821049109734046,0.01623391086027265,0.011285832932292421,-0.02877904926302306,-0.08542976362332394,-0.13368913789936793,-0.11908292461154506,-0.07281874565970252,-0.07643417099328925,-0.10079324995071877,-0.03347681170892945,-0.03390334326089883,-0.0998681855953599,-0.07795487244635278,-0.09105467110141989,-0.09009037297662387,-0.031441292084685706,-0.08873558886132946,-0.0907340129314705,-0.10968715536210599,-0.10096349894442265,-0.06428682918974145,-0.05138077385215998,-0.07284758933364699,-0.06409145244043148,-0.05704790246839957,-0.028146393283890646,-0.013009204041337563,-0.025139688812939254,-0.031585183627437084,-0.03089380576824109,-0.04190489902418249,-0.051623494128347484,-0.05076190964046062,-0.05022245137619576,-0.03957318936176301,-0.04078133847533746,-0.0335602936793568,-0.03750435281880055,-0.06540242104616047,-0.08229145730817156,-0.07983090951556053,-0.01907719476539765,-0.01390591040806863,-0.025511492033903023
stat_133,-0.37950298072607064,-0.3170286883107509,-0.056862327202080024,-0.18042660110336167,-0.10967988618265542,-0.04653103620801994,-0.09602543005954339,-0.09652598526336174,-0.09690895208826929,-0.09584712753377427,-0.09616829293538891,-0.09758051346651692,-0.09648964927197672,-0.09179418720477867,-0.0938183896475345,-0.10240672975380843,-0.10987692065357843,-0.11046165323614236,-0.1127402146296202,-0.11914948085219527,-0.12879353912032213,-0.1236126808968404,-0.12145902778644707,-0.12304318103537051,-0.12211128263602596,-0.12565549749324173,-0.13354477893598812,-0.15890687034588866,-0.17602288228686294,-0.19008242648003396,-0.22493001918861202,-0.22624047983795784,-0.237803873004997,-0.2615632792604022,-0.29119473857831174,-0.3310319563380496,-0.3470146293805137,-0.374448006840942,-0.35378997119129385,-0.3846745651200627,-0.35444562688277736,-0.309068229791869,-0.2600606379783394,-0.2204617344484313,-0.21542673285067063,-0.20455028630410058,-0.24527966937095605,-0.20880931321857024,-0.13109487341356982,-0.03288007165257708,0.04959374150734225,0.12546242913735006,0.12921244079389715,0.1943625835919176,0.2339887719710665,0.24174285579378052,0.27733130445175597,0.34934473593907645,0.4071395109146107,0.4249272557797889,0.46852708051108827,0.43986442568395967,0.37353381738660313,0.3131162439370816,0.3084557168322069,0.2646715546801577,0.18547772340220284,0.16925947414516035,0.17439135897137148,0.1712630129315121,0.16278468918869,0.14902786791579575,0.11983849470891164,0.11836737234659722,0.12706592874628303,0.13381652386913775,0.15112700069954993,0.16784449696620332,0.16899144668908384,0.12447975030567865,0.0758820557253868,0.053930605619649734,0.03736523144611881,0.008368609099657627,0.0016508022120834238,-0.02266262716428782,-0.014058546874600881,-0.023342072225939578,-0.0378814309242817,0.1480729897417999,-0.011100123537951005,-0.011182305171340898,0.008498857470207165,0.008287206233622153,0.016480203983371917,0.029292446488340073,0.05814473419059224,0.06623646156323783,0.06695222020318987,0.08017035992578958,0.09417233550555303,0.11011383599410518,0.09492465932858643,0.08989373042195734,0.08902484554295118,0.11628030470257725,0.12545950226935557,0.12470159573106643,0.13430400186057337,0.12001771431640262,0.11386081041628177,0.1119009714887825,0.1256056910091909,0.14949064005353388,0.1564741907353449,0.17637788673473997,0.1469358680106469,0.13965152522355279
stat_136,0.2615029685374263,0.06847870662475869,-0.07095668575159728,-0.040765170315779066,0.23402621245598806,-0.11447551213432186,0.2545246199131314,0.2557454709467167,0.25540028951114985,0.2546976099535025,0.2607997531839779,0.27105786725503206,0.27192732899937927,0.27916549849287764,0.28978747219189777,0.3172734176079103,0.34888408620194356,0.35174258175666295,0.38493583770069706,0.38770886273300476,0.3606629979373935,0.3959799193450812,0.41514512210963317,0.4451883413287725,0.4024046707787739,0.41699294539446397,0.42460891642872733,0.4833583956633983,0.47005337930799324,0.5828984305944501,0.681677172401945,0.6893619180253661,0.762697207858241,0.7946622238854011,0.8847020426890638,0.8403790079451817,0.7617978186070294,0.7061277253465558,0.6568603589843933,0.5657407171321261,0.48925817069585653,0.4482672671453594,0.4126273314194181,0.38096999514939645,0.32282939092233676,0.2552433058365431,0.17948750169841074,0.09263772528172982,0.020363356815514357,-0.002981099303385898,-0.032262904776763704,-0.024492978639043164,-0.01922531719962491,0.009130897037315504,0.016403555833460152,0.022164973544937742,-0.007886074692632526,-0.0765985943417891,-0.09969133432053819,-0.11958127412030663,-0.16361465316800258,-0.12673979929936155,-0.15225197242723898,-0.248929897184151,-0.2539971214670543,-0.2714895304088317,-0.2849190787477681,-0.26922291464984827,-0.2720446653220866,-0.3369869218028799,-0.3496234256658722,-0.3285278467147029,-0.33753390117805904,-0.2713134728192945,-0.28885398413272767,-0.2811051612932899,-0.22422653160681452,-0.17730099275748362,-0.13676504358397765,-0.08384512736903765,-0.14194034688400403,-0.07226388816033737,-0.006376967208982952,0.06398557309382626,0.1062929323157208,0.1922222536752686,0.2864625760005155,0.372568968890217,0.40217304242664215,0.015475475167075634,0.3593033213178691,0.35879762574023044,0.2645917807229971,0.1494803821990305,0.10086854078727865,0.0682288089425309,0.03645579283984562,0.009534811987256493,-0.0020341116485170555,-0.04343440171527498,-0.05523762941321436,-0.05072928439655171,-0.0547572889058764,-0.05495928683654546,-0.05420068690550104,-0.050626751198446375,-0.01914016696289949,-0.015473487117196157,0.005621686851011934,-0.0037219223796286765,-0.025883019975456736,-0.03043148394587921,-0.0025445014741909294,0.019969993064042388,0.02648287128531669,0.021928717299887133,0.0014867652414492496,-0.003483790869997067
stat_137,-0.461648295076347,-0.4294247542389805,-0.2883985041831873,-0.38109950369592904,-0.09174724302341936,-0.039003340421417405,-0.08450526961797324,-0.08405541109182983,-0.0843019243206346,-0.08378652176728474,-0.08319516794719177,-0.08288712438161858,-0.07994999542891161,-0.08175067899533253,-0.08506754280517069,-0.0841055973208867,-0.08159167500289648,-0.08164261227563378,-0.07806775646836639,-0.07886473056059104,-0.0783506923204242,-0.08150320137211382,-0.08138545709125433,-0.07050811247985465,-0.051991716151788436,-0.045399779775879286,-0.027231012906122412,0.00029263099571032175,0.00027192052268528734,0.00914826212058637,0.000725572672420355,-0.00041617070147459943,-0.0027321120205583004,0.010720837131172131,0.02383957561846196,0.0625544053209642,0.07561203912395996,0.10527096489994138,0.10783533728230842,0.08371707043839227,0.061342749742696746,0.07170305466910881,0.08726030365220822,0.08927835375347525,0.05427521883553477,0.02226688756496938,-0.013186483284341308,-0.017741121918945946,-0.014338971298676331,-0.045539870038263465,-0.05942718172958909,-0.08319335330557698,-0.08137235076164602,-0.06954308159637561,-0.0909740144549857,-0.10588107455323455,-0.16189573356110026,-0.2341729795729106,-0.24789515341661483,-0.2507423324303718,-0.23421640724187065,-0.22559808032738604,-0.18162824542357237,-0.17196070630495944,-0.17177417990642865,-0.10573637828379243,-0.0361316437060425,0.07349077379267593,0.08026363907885017,0.1487842066729825,0.11785507340928453,0.060109199045022446,0.00757946836695628,-0.025394482996743902,-0.058299961180020704,-0.06404541998373499,-0.10731031772340315,-0.15599145627414368,-0.20018030222647876,-0.23478344706604204,-0.2225207465007114,-0.19030250565877743,-0.13413497282142156,-0.0745897348313393,-0.07595371816995079,-0.1084615254745856,-0.10588371947224919,-0.10033114780276815,-0.09543973741144135,0.0010377164760093731,-0.08158322506560126,-0.081615663727196,-0.07454280325052655,-0.0743363147267679,-0.07296862585891473,-0.051498194165111755,-0.030016466536086105,-0.011579360630129217,-0.007672695823378311,-0.004555731685956423,-0.005775364024295422,-0.01600154457419742,-0.015963177093233773,-0.017332135236261596,-0.028879742779493053,-0.030293041877380838,-0.023990065918569187,-0.023709934346738102,-0.026212873426738423,-0.037639721716886294,-0.04291412398205188,-0.024729726068470657,-0.0037605697947811563,0.008060771371074886,0.00886768767103398,0.016115088520759963,0.012881435649745086,0.0026067151691081857
stat_138,0.4690569858048165,0.3136336957634775,0.17436848198666047,0.1452838291608316,0.1591763731573532,0.09697554150889909,0.16559663806081865,0.1649757773662593,0.1646896083407101,0.16388161065430712,0.1631402823031129,0.16246350368235396,0.16057769548835632,0.1591400036057502,0.15908456836091284,0.15880911488902555,0.15893566565208542,0.1588746365598028,0.1575486297442482,0.15347222038306377,0.15092585316031476,0.14766924561613645,0.14283840132064238,0.14087841577308607,0.1356354654446519,0.13760943849460916,0.13129076412912516,0.1266392184192543,0.11505432930787937,0.11329940225200728,0.11327825845643565,0.11338509686233793,0.11136942390332542,0.11320553034331267,0.12988257461489836,0.19636537490604997,0.25020388116733344,0.2619499742457136,0.2882197941497036,0.31449292684318875,0.27640562525274914,0.20969308661719566,0.18045726772080412,0.16437122927884112,0.1564363998037144,0.2287939329238875,0.28740219230906583,0.3399294128231825,0.39165212571808233,0.39462534120781523,0.39464015797667634,0.400783178770691,0.4031447874027057,0.3700585628442876,0.3085560887765661,0.2651626587885802,0.21191778512674456,0.18445290370504075,0.16435074267432334,0.15962819874784098,0.1453490080841515,0.11738296536816738,0.13073926057648347,0.16043783108243811,0.16436379167096907,0.21268148703957426,0.21821531862386417,0.19830082866550186,0.1984830139299157,0.17689153159328055,0.15319480352386922,0.12320555419706954,0.10653978995579551,0.10936275142543538,0.08027834506992478,0.07156773150547548,0.022883131043331,0.014336015077302078,0.016500528311325532,0.02701196726656009,0.07040807415480742,0.06793853019680597,0.04511801936863412,0.03254875402465562,0.10729809832035529,0.1470217446603307,0.10867423627698479,0.10065256597902668,0.12697340909164798,0.06720736016954805,0.16421347599331,0.1649603721802789,0.15253270621182574,0.12435684327873028,0.07595486414490063,0.04915271649553394,0.050562176651756885,0.051632696764919946,0.061264136560140466,0.10556340722956832,0.13668581694944434,0.17617501304499486,0.21124774034884952,0.21315468171170926,0.22647740085657547,0.23310410841021972,0.1708283971208619,0.16636543916281038,0.07869993841952444,-0.012023601637896888,-0.06746034820257187,-0.090645381614333,-0.07822736633918137,-0.04758222654170158,-0.04461721154546804,-0.04248665206756057,-0.05214731800825188,-0.015721580704681305
stat_14,-0.7409325212230515,-0.27412887942687325,-0.026995625823845935,0.05657470097987173,-0.346694421913748,-0.09435193674136433,-0.33201000443581613,-0.3272263534987692,-0.3213223900511571,-0.3183464775140624,-0.33097858382089124,-0.34080794330025305,-0.34982293805736336,-0.3477695840261624,-0.3425184365246421,-0.3326502908016393,-0.33290804200860147,-0.3325622738840011,-0.33775563343364157,-0.35974268119676267,-0.37550982337417743,-0.3856725973727634,-0.40223635783912887,-0.4124755909473762,-0.42057112252924783,-0.43399747343894163,-0.4538661812826167,-0.4657356796414503,-0.5031180441979521,-0.531156530288212,-0.5435163542389948,-0.5460593430743158,-0.5914848851751777,-0.6325641905424426,-0.6717630655444419,-0.7088195471032642,-0.7175095261357373,-0.7351508830304124,-0.6980784120576509,-0.6639963919319926,-0.639211621216493,-0.6427118666832564,-0.6097517120555596,-0.5146601777140436,-0.44521934529336643,-0.40468799360030205,-0.37959280345969926,-0.27083685600488583,-0.24562120609568883,-0.3086253824079241,-0.3292008862032534,-0.3571014198995263,-0.35946410195880835,-0.3623712912082046,-0.3306206419615079,-0.26052725430198126,-0.18121128899046413,-0.19875007039845713,-0.19094910437410179,-0.1981411561819473,-0.15496534121732558,-0.116672760369213,-0.06476221487997881,0.009083891154906808,0.01999724586780878,0.10496954862656907,0.10341529902271729,0.028948387714664642,0.02553834584466477,-0.021289640541819116,-0.040749110626091746,-0.025841174962257473,-0.02557610930266336,0.010815584628301294,-0.0021194711069176865,-0.00946365527584205,-0.09050540599664852,-0.0868150077630293,-0.039046133996067184,0.05086851909344009,0.06761070203731107,0.06794167423642726,0.09749835672633714,0.1627054870032933,0.14054041603127787,0.14356595975319966,0.19301887109804827,0.2654618964016822,0.26299649444243495,-0.04038692819659404,0.24012437239274356,0.24265875034923812,0.2545927444518573,0.24430007852947971,0.2256040443879062,0.1903933547333382,0.18079308604140346,0.1723573872390206,0.16734599948527257,0.15782658856320414,0.11474802007591024,0.07597274544198676,0.07054601316931988,0.06892129635262881,0.06570948807781274,0.047363036704028826,0.03708333957298171,0.03606160810051849,0.022116145835966286,0.00714327047423618,-0.0004242945817699534,-0.013300749554854701,-0.010744521091387522,-0.007684057535307031,-0.008436394263193816,-0.016703964090078877,-0.021779451104042273,-0.02801530666743126
stat_140,0.4054113569129565,0.0941409942042053,-0.18971806487068174,-0.1828314316578263,0.27910431117986034,0.23485380874852513,0.28306679107001,0.2829438536635839,0.2848518902158173,0.28772727058362774,0.2900480483534127,0.29298822829753995,0.2955364141686924,0.2988732834232886,0.2972492758135511,0.30254257188341266,0.3121821989143814,0.31305634496008283,0.3266685676042559,0.34228185338009154,0.36009460923098247,0.33813535900321035,0.34454146326656526,0.3526395817219913,0.37152834450680994,0.4325291212511566,0.43371038854732386,0.3842225226591734,0.3567635606556083,0.3132261227234537,0.254151006675355,0.25136078870492945,0.2286819589870766,0.2365052724860674,0.22808177133506413,0.21842779461424924,0.17651566281576772,0.17971829003004552,0.21496859822100814,0.2245842853750561,0.29409942730577976,0.33113561659718554,0.29837777466050447,0.33159998111493505,0.3757052725529697,0.38246345484232913,0.37009893091896073,0.33903560146371303,0.37912181827002617,0.36479083355555947,0.34411909889717124,0.32372257372193686,0.3227419624357816,0.31963617422453583,0.32143919042978225,0.33901079376942006,0.3471349067412549,0.35341694934276147,0.34657063267736593,0.3367192621226268,0.30357153714433616,0.29206652754465245,0.2577809764683977,0.2227712259323726,0.2182507969353277,0.2047424809157767,0.21133408290252767,0.20115935886810926,0.20036667832331453,0.164727661794947,0.15916714331084675,0.1647415376960623,0.18028037755214668,0.21617957046543482,0.2134237913761086,0.20867473701931522,0.16709515370399491,0.12091997865868936,0.12395901298685523,0.10515554160458263,0.02592261552230022,-0.06248244062219897,-0.127596407392849,-0.14516499316048276,-0.18106472276171073,-0.2152394420553889,-0.2373296656556256,-0.2566829883446484,-0.27266959155692605,-0.15184543238534617,-0.2931981839330056,-0.29434789741747497,-0.2984039632000199,-0.2758750734638117,-0.26817300176523473,-0.2576222848407147,-0.23372598553668048,-0.21900516909222614,-0.2169346441757262,-0.21698034785140521,-0.21955431120695273,-0.2273869438747882,-0.23250381518447763,-0.23415079007899914,-0.2331376417978714,-0.22665200661413273,-0.19734958113393486,-0.19491029092707673,-0.1748759933461513,-0.16010481955281372,-0.1479135494813361,-0.1418493053329672,-0.14257302344614206,-0.15266690212394704,-0.1533884755084644,-0.15786083935294984,-0.15585802864991063,-0.1493875018304149
stat_143,0.8182531843086781,0.3278879406957613,0.3198869188674082,-0.005935218305571445,0.4266213084723591,0.1588222059099826,0.44038102628774434,0.44006434141582945,0.4394696323863826,0.4388699847973476,0.43896135698864897,0.4391042445193578,0.43831487792338547,0.43617151587262903,0.43335977656904073,0.43116955450621325,0.428239576291196,0.42797387310403673,0.4249206059526146,0.42431781227096527,0.4229329879170848,0.4207594869633167,0.4185333056475292,0.4122096074731716,0.40682366277903426,0.40337311702067646,0.3998211829836178,0.3752390443887002,0.37255831847106197,0.37362706046370525,0.36440589690056796,0.36428996935737185,0.37619593615606145,0.40153520186720776,0.4368526011216728,0.49390001295663355,0.5163020535677977,0.514327474432778,0.5111910698534506,0.5437550147308976,0.5393524657309343,0.5336293162541816,0.5034937574953073,0.4856959239290244,0.48565723340829176,0.5463959353508144,0.5898875401366331,0.62187603220677,0.6221545150874452,0.573414840744579,0.6012539871648207,0.6425441550910233,0.6449820645375376,0.6259124598441483,0.5430602528807346,0.4206461142433161,0.3489388208535207,0.21055934240045168,0.1896091887166748,0.18341288732570218,0.10185594742989462,-0.02499347942326766,-0.0911921028881256,-0.14743573604496996,-0.15756584157328593,-0.21687374353303682,-0.2559690864296081,-0.3238628446510817,-0.32686533551316055,-0.26408900936644764,-0.17689567701658415,-0.20802446615587858,-0.1938889712969431,-0.1848936119806673,-0.2290341686826138,-0.23485213878113334,-0.2877512964223963,-0.3086385075140789,-0.3153073826319738,-0.26820368357482094,-0.29024462733035106,-0.3275694688254122,-0.27339273336373504,-0.24199401874107265,-0.24572232424501145,-0.22042453475363072,-0.21206012398086713,-0.24081373463165193,-0.2598840193609449,0.0037161466902976502,-0.2734021689822407,-0.2732620565950625,-0.2699583670713363,-0.2595940197659947,-0.25337059181367455,-0.22713569027214514,-0.21394124071495488,-0.2169069028264229,-0.21933558603062928,-0.22926730716305183,-0.21298421423073044,-0.20152319211642927,-0.1840353843494088,-0.17736412011643113,-0.15736774188330654,-0.1288846504310436,-0.10443359599456654,-0.102663595883599,-0.09222391618360143,-0.05237728444521974,-0.06027024861245178,-0.02335933066819549,0.014577045857766762,-0.007859082172356443,-0.007809134115180546,-0.00955750431375648,-0.007233336380784798,0.03426215056752092
stat_144,-0.04527359809682722,-0.08797158797003737,-0.016231787191034287,-0.12182438742849845,-0.1267737049551745,-0.10414314734840475,-0.11080035837241814,-0.11106975076488944,-0.11138513243458255,-0.11177258113672474,-0.11267602534981966,-0.1129909459156673,-0.11293813497253517,-0.11484763651681795,-0.11825886940297739,-0.12152457801589679,-0.12519938050473034,-0.12542246945842597,-0.12791469985103812,-0.13049180438632094,-0.13430146274281024,-0.13791151423026918,-0.1401656936957015,-0.1427126711143434,-0.14507840213168238,-0.14836957631927414,-0.15068763478289846,-0.15752421494549598,-0.1615544756135724,-0.1578107524273741,-0.16786167583632636,-0.16963904965572071,-0.18083629422251757,-0.19074568821087393,-0.1951423789569986,-0.1818086506162348,-0.21335618022018865,-0.21718069007140198,-0.2018468955709774,-0.19563390379225745,-0.18941011414804906,-0.2042175269985476,-0.32199145977320975,-0.3896075146837212,-0.3937100120046054,-0.39232124525712564,-0.316420820200267,-0.2341972484028715,-0.13939743056905735,-0.03142708055952964,0.033456725467218944,0.010929409611389437,0.009458373942847641,0.014170477164835544,0.07311249439671243,0.13831687709425203,0.2037478281863332,0.2273420540023876,0.2129676001581312,0.20717633547138783,0.20362072120533345,0.20622823140702073,0.13161379167792914,0.050493072285273735,0.043366133752358794,0.03576114748191709,0.022985022509609022,0.000138640640352182,-0.002888876884987098,-0.02324376967207522,-0.019622288171066295,0.05308772246650576,0.07432102924556219,0.04736584940680052,-0.0151219205536436,-0.026772304349624174,-0.06749557908829508,-0.12176710287419265,-0.10795009111322389,-0.11602721219017341,-0.11590260258623095,-0.057177855408294606,-0.029444473375581617,-0.02630704652854396,-0.0050417890264954565,-0.024960815561262242,-0.03475194568782504,-0.01718668588200823,0.0046542625217828055,-0.0335307037388839,0.034738523748541895,0.0357030079849491,0.048089979039799585,0.0027184234677294283,-0.06754616788932541,-0.1014192867826527,-0.11648666873796062,-0.11540061231445572,-0.11515562191321992,-0.11210651480783759,-0.10585938240432563,-0.1058352411428463,-0.09902636776420354,-0.09552660376312383,-0.0887656370154073,-0.08970372320538875,-0.07236251084759898,-0.06980280000404993,-0.06041720882437368,-0.054362978618831756,-0.052531435621557224,-0.07175387726354696,-0.061153164483878364,-0.057982278199090916,-0.05874403307555944,-0.07010868670954526,-0.07089840482907447,-0.058722547991558065
stat_145,-0.49278913426576243,-0.469180537170854,-0.11998795885799954,-0.3061469606532896,-0.14302816856088277,-0.20729993709011055,-0.12762292743172932,-0.12814135500456883,-0.12880396150285053,-0.12848141667590166,-0.1294622011057279,-0.13022066021225703,-0.1301002092077516,-0.13188079653887652,-0.1336573841954036,-0.13614809447364412,-0.13975322361288067,-0.14007714949403918,-0.14224827127384024,-0.1420041735770664,-0.14760653909011096,-0.15596389632728067,-0.1570872641947979,-0.15489061059439146,-0.1549175164264882,-0.15683927473253312,-0.1555656056115211,-0.18241588839383147,-0.19326399782273365,-0.1979357038269083,-0.19738425561313375,-0.197674231446287,-0.20052014126830095,-0.24351276094525193,-0.23280973581494577,-0.25527360302283103,-0.2852883518732661,-0.25614627173160565,-0.22222169931248822,-0.18546485283062947,-0.15291902456149933,-0.15708078177826268,-0.1611806263758683,-0.12902662601842277,-0.08176038859559158,-0.1274648691091632,-0.09650495324226649,0.021957155668479535,0.004032672338474049,0.029565412739119782,0.06591870882888441,0.08624785862467188,0.08477160367947331,0.05162799010971623,-0.04997263557519409,-0.1319028059510505,-0.17915407171238273,-0.1754201913151343,-0.13752219333022025,-0.132753119874252,-0.2069015039894969,-0.2855348813631273,-0.34645143853533034,-0.3654015989734903,-0.36120781466084523,-0.33389763841435643,-0.296309114567453,-0.3102932085497359,-0.3137437398776688,-0.3179735125115145,-0.3556214318927101,-0.39450832821396814,-0.3886587883482984,-0.3766852197840919,-0.37061460666901147,-0.37401647778417146,-0.3889114022489414,-0.3945405916489274,-0.41569769219822705,-0.4051863316291032,-0.34962322139762575,-0.29529790478186607,-0.24218814417593051,-0.22403467296091703,-0.23993986150198943,-0.20048018416202829,-0.20648350563608506,-0.19201030357531038,-0.2522389360489804,-0.12168242962877249,-0.27905893326352454,-0.27656946270931676,-0.2679944808796492,-0.2580516088192268,-0.26002619824638407,-0.2615092559127828,-0.2665672887495861,-0.2783082220540487,-0.2821227237745894,-0.28794535997501497,-0.27971564122972764,-0.2682327682503925,-0.2806411335316577,-0.2830692226907337,-0.2675071180931906,-0.22724658726084626,-0.2051908068493528,-0.20326688750071029,-0.1780760170676144,-0.14598589874137965,-0.14891950831860817,-0.13413411566810116,-0.11092332635129684,-0.1189441274099066,-0.12137242265071285,-0.1349276885173997,-0.131582076899427,-0.12387385373160155
stat_146,-0.5357418491060506,-0.27497507748969663,-0.04346921514329349,0.04288175537535345,-0.2988909198526097,-0.2183874089901458,-0.279978581505303,-0.2793090479031132,-0.2803002315228094,-0.28092875731365363,-0.2795792783853148,-0.2814513647613387,-0.2811996654306203,-0.28029578378487724,-0.28115426135581006,-0.28610609339825427,-0.29122970842050644,-0.29119322752207244,-0.29568721003010323,-0.3010071050444862,-0.3051325040864929,-0.3140580031670909,-0.31738955480775694,-0.31705415088137123,-0.31645753420380507,-0.3207330077118099,-0.3147230849188382,-0.3134271347989204,-0.3195435583101306,-0.32099847610658205,-0.32590729979052524,-0.32658621795985154,-0.3483833117081938,-0.34763639334508006,-0.3263577360476308,-0.3035406817787836,-0.2841547215456426,-0.2745969105543003,-0.2257165055610681,-0.14734333930276666,-0.15486556353103337,-0.21889971907148692,-0.21199871614371038,-0.23890265838746422,-0.2616715791171752,-0.23319843924718467,-0.14599102571436695,-0.024789062928134348,-0.06212230130380107,-0.18295153867232525,-0.3106269088212978,-0.4081316446672868,-0.4177237844508906,-0.49973990294730497,-0.5347054168709607,-0.5705162502035802,-0.5648521615025213,-0.49627698217911476,-0.4354956299738933,-0.4161539839710912,-0.34982213854297783,-0.20370206848229666,-0.07765490775506309,-0.003809866827701583,0.0015463291271324122,-0.014708553097780408,-0.05148311462081718,-0.0792225421803795,-0.07594385926314931,-0.04379248545334889,-0.008408298882050197,0.01683301392211798,0.05217195200100526,0.014333500024602371,-0.025031299226774755,-0.02837958250808001,-0.06037351796897614,-0.07349283434901399,-0.004514325803500313,-0.01695134772730635,-0.06233531512640762,0.008930503916099224,0.11746738439709,0.15935629084337563,0.13755356049918918,0.2005410245275441,0.29033260019017537,0.28962543025752374,0.24818350172077222,0.08096458267122146,0.24749411387653117,0.24605859441716743,0.21996445696373054,0.18102191909254664,0.12453491241861762,0.06544240076665668,0.011646764334074272,-0.025597557190852348,-0.03378626657980392,-0.02936842680089513,-0.013261850767749864,0.0003416711030888938,0.005489940914184435,0.004737245770485339,0.015910196975066362,0.0160406020149771,0.023714716081933974,0.023440204821513294,0.031842507086097864,0.04422426334869144,0.03153598289184172,0.027931689352381005,0.04424663190059123,0.058414288657291334,0.05572978344312346,0.052358483126294986,0.05822830920589275,0.05105588132831369
stat_147,-0.32188436337155674,-0.06304665253451226,0.10309737276771726,0.18572448541360204,-0.15831892193999875,-0.39615726350081953,-0.1514523295679464,-0.1521059333726356,-0.15079464415190158,-0.14957726600248172,-0.14393397905177152,-0.14445373125317126,-0.13678902918919947,-0.1289463670864618,-0.11842829902708225,-0.11613547428570631,-0.1161165998245746,-0.11633260441653187,-0.10868900818572201,-0.12335130444108813,-0.13486704166804317,-0.1417121716116114,-0.1032538650908996,-0.1182384782135864,-0.07438121716015242,0.0036860796595285833,0.08064684122002899,0.1456281668636777,0.16901266158380582,0.184841684221956,0.28261913761796115,0.28838295391208024,0.33274761022793103,0.32540061932070086,0.23505527439116414,0.19117457839587423,0.16864425889985715,0.05690418445318089,-0.014670932969340023,-0.047614337436173444,0.013744644592018053,-0.0009683034413090969,-0.004109434182205238,-0.07826420616724043,-0.17589694815500903,-0.28873965325844625,-0.33186041836931546,-0.35923861542537083,-0.44764345382754156,-0.47681710818491335,-0.5413365945791195,-0.49424244012968993,-0.48746918658077676,-0.4502359951200605,-0.4301068268493028,-0.38881415403172376,-0.35143459887470235,-0.30355650504864884,-0.2909343718858885,-0.2785511989256994,-0.3017500626194604,-0.37477506822452833,-0.400789240516169,-0.3353680205435225,-0.33069834180645313,-0.28588391017312653,-0.24692572956750775,-0.2944900113669269,-0.2999279465199969,-0.3049537022843845,-0.2888601502437419,-0.2711769253090512,-0.2383862575282586,-0.26091743738661743,-0.2528251938124687,-0.2581637918516577,-0.3140384795023448,-0.34296185141742225,-0.3482086812214343,-0.3827257626025017,-0.41190229731402433,-0.4750389950465338,-0.5500232796978305,-0.5395529828351711,-0.4415898244545133,-0.35214054129122724,-0.27064166859154665,-0.20531490251429244,-0.19047140023236436,-0.1363846409257688,-0.24191612234091542,-0.24168898793612137,-0.25309544857054367,-0.29135812060467753,-0.3151744170331269,-0.3052671831374326,-0.27996873545546364,-0.2610241319782905,-0.2599792626232799,-0.24146472404820007,-0.206461004069468,-0.1720556619270869,-0.13388849759563748,-0.13021618507794452,-0.08598261133547856,-0.0706783693375455,-0.05228820264994988,-0.0524869682661064,-0.056242848753625126,-0.06369714798048434,-0.05981761653535124,-0.0646366731540586,-0.0840079218587476,-0.11317001619100503,-0.11579511601004096,-0.1395762964221339,-0.1553254921000721,-0.1447741807166298
stat_149,-0.20720684729013863,-0.07602140169909986,0.07112721021191519,-0.022268109390696032,-0.08331941426265249,-0.1813999838999282,-0.0666413020681043,-0.06650873271671666,-0.06695774695757171,-0.06734304903334806,-0.0677802045515986,-0.06834932690659047,-0.06945718744739476,-0.07105194589172568,-0.07280335503056824,-0.07588021865661781,-0.07919643677314302,-0.07962184023657584,-0.0839268346238001,-0.08421157754516569,-0.08348779160255916,-0.08891626993543562,-0.09413910636201876,-0.09120292907031914,-0.08828126983011175,-0.08616961626593944,-0.08396222208341864,-0.08995944212097869,-0.09861557460676396,-0.09027002604603086,-0.09921272629743492,-0.09956686739807892,-0.10298491190287176,-0.11111663949910641,-0.09756735087801671,-0.0933036609776192,-0.055326689915073966,-0.014873000553706777,0.08607327679836903,0.14229277682754746,0.13690545448612013,0.12590743509297575,0.098320004255198,0.06436990742978896,-0.06063538863806375,-0.10826923039920237,-0.17465727679495213,-0.10913419279399025,-0.10362160455654056,-0.04370177034969431,-0.0033121466597992887,0.049781637663079484,0.05041915990086853,0.06194874163135533,-0.015262839262796923,-0.06542600596954569,-0.08267228905762321,-0.14170862860674802,-0.1535917832889284,-0.157366537025843,-0.19532870799790913,-0.21129316259706132,-0.19050461289619045,-0.1872361111195779,-0.18375202411707936,-0.13940187888829234,-0.18031225783941707,-0.22836381873836012,-0.2280238093391926,-0.24937572250448245,-0.2742233192857395,-0.25984003271029793,-0.22364418776771863,-0.23370211926594506,-0.21401552382062844,-0.20894532943964428,-0.17683864989284132,-0.1121512944419817,-0.042426943432972035,0.0025693333509347093,-0.010039654563417457,-0.007832919240095045,0.008842002392305655,0.04124865023456544,0.07250392915982812,0.06891182631544787,0.031578296502480466,-0.012474272804389971,-0.020880079983710536,0.03341237579139452,-0.040946481765250835,-0.0414499615962785,-0.03606368958557645,-0.04634500926425813,-0.07111737212117429,-0.11623976825251149,-0.11346247236402877,-0.1124111845665802,-0.11493520898057302,-0.1256182446309735,-0.12123608623824857,-0.11848908311403045,-0.12885885783221482,-0.12979821308826958,-0.10887803881264564,-0.09423996659520784,-0.07479960954892903,-0.07535775672637493,-0.09716468699737398,-0.05725659498512602,-0.04583227465840348,0.017746497169434123,0.0012911842467770932,-0.012493829170211381,-0.018832230957276902,-0.0076629804244155155,0.013484035492324952,0.009273740715189745
stat_150,0.33668525706118646,0.0019454690369500379,-0.5163944814270887,-0.5043563395574345,0.44462195720914816,0.07068147291146204,0.4524165786638345,0.4546635093095172,0.4571437334923733,0.45686270061575207,0.4606939371364122,0.4675003236420165,0.4701189452034529,0.45885207065261685,0.48164705402912766,0.5029725166120165,0.5131990257161514,0.5140250258186161,0.5274218659018903,0.5689471527246469,0.6189429036364894,0.6377683497890685,0.6567700055671529,0.6481695120165201,0.6355839297032175,0.702002475578901,0.7019313736197039,0.6717408524994597,0.6903869928788456,0.6066780286983375,0.564815026017991,0.5613827114160426,0.5402868814666577,0.4990342319762565,0.4877545979011407,0.5154180178721754,0.558304759250336,0.5620914972913975,0.4864131884710077,0.4621806831183163,0.5069484608646042,0.4917512096388958,0.4330513268694717,0.47130588199903206,0.4098626625620311,0.3454014196483146,0.3447139026294965,0.33025512046872707,0.3514235025911104,0.3203284960225567,0.22971376817363304,0.17922158348865583,0.17630594980317424,0.13872073740300345,0.14214756867156747,0.11201986866155489,0.10087545032220939,0.07399817573823682,0.019715454321173102,0.007772995857899156,-0.035328553068544565,-0.09123511754587826,-0.09375222135543179,-0.08542813209508625,-0.07180283782960763,0.009705678250743517,0.021884043478745563,-0.008888066634939521,-0.010438237373142601,-0.009630420895361003,-0.0022018642517453338,0.005704875431682595,0.02544004602128709,0.09944828660062285,0.1346884905280029,0.13626144474777055,0.12393149532206427,0.11279169460388136,0.11156418126945326,0.09396562730506292,0.11280809868210301,0.08632067316629297,0.07836064891379221,0.0538617165651885,-0.016421734563271447,-0.07121057824477196,-0.11544708192025933,-0.14259802483579828,-0.16247037373523238,0.00545687506140897,-0.14082682071854352,-0.138771456238318,-0.10177132066238209,-0.09590290267893202,-0.08869585231248245,-0.0938311187631266,-0.13497267537192326,-0.14624453470302926,-0.14460302404853662,-0.13195299068655922,-0.11677265452310326,-0.1252806907081255,-0.13073423125490394,-0.1317385809855323,-0.129373349528532,-0.14675101334318516,-0.1463485241720186,-0.14648202654472361,-0.13870294097873592,-0.1291478404155661,-0.10240925886848377,-0.08883211649435861,-0.0821657360338927,-0.06724697446791557,-0.06526514777954215,-0.03886836765643418,-0.014984515385436202,-0.007049061972248605
stat_151,1.036147245997609,0.4369113702424954,-0.39918024588695616,-0.30958117995650763,0.6757605583243639,0.18403826786602392,0.6712983500305786,0.6695653530579792,0.6701242243976061,0.6690328851675331,0.6702267275509551,0.6734069818249939,0.6624658924980883,0.6605572351552318,0.663045082449859,0.6685208740963572,0.6764791522461314,0.6763591446960429,0.6798765893757135,0.6881667431283596,0.6980680927382119,0.6987843931378633,0.7085618013615037,0.7077502196048976,0.7134099468403015,0.7266890774268676,0.7088153397522062,0.7600472910670257,0.8140407470765905,0.8585267527905007,0.8894057705806717,0.8935818088702017,0.9750619848296027,1.0505545933000562,1.1138243271058301,1.1690723092546547,1.1954721161814317,1.1066672655615397,1.048375179800972,1.0423982879531322,1.0469589588379202,1.106051006096568,1.1019530633007415,1.0350109225967554,0.9508999127703495,0.8546931632806071,0.8208402413078826,0.7995159398379207,0.7839027873312701,0.6287935019025362,0.4735802462216913,0.2750582562100329,0.26585047646624155,0.11885214418696351,-0.02056338991345231,-0.09877903702509339,-0.12087110421712455,-0.1727518204819604,-0.1986625109747883,-0.2108716161291861,-0.26587001878916866,-0.3220541817171057,-0.2922825195459325,-0.2851677738566432,-0.2867380255418976,-0.3443921918475006,-0.3151941556261681,-0.32951893002466537,-0.32822556378191287,-0.28164578327548745,-0.2297679411982037,-0.15322750095976076,-0.06946631055247587,-0.029604391114100223,-0.06676951783569353,-0.07685007636671187,-0.13024161923623492,-0.17200948211596556,-0.21864527504830122,-0.2639130534214524,-0.24758434077353367,-0.24911145920276181,-0.2574867820006626,-0.28631240464342295,-0.3313856415707641,-0.3578354779286589,-0.3873954665199709,-0.3983664706725181,-0.4085613951898701,-0.25751944402074733,-0.4263469125263232,-0.42790356155227743,-0.42614388185788726,-0.41325507413786466,-0.41915184853383547,-0.4314594414838474,-0.42049353675186985,-0.4024376851043895,-0.39778245761084247,-0.3609974915017784,-0.31831111805882273,-0.311267530755613,-0.3083125002928995,-0.3077382294263944,-0.3071883821794744,-0.30969240865595826,-0.28514106577166526,-0.2835198640553536,-0.2602357747677968,-0.26709161512975255,-0.2537675473749496,-0.22919170482417972,-0.25377491481844366,-0.26673737595809016,-0.26727712049777647,-0.27583256087972413,-0.2755636819505289,-0.2759710033448567
stat_154,-0.395908191598624,-0.07158465452777846,0.13704779700932496,0.1733214554325579,-0.33969912966921895,-0.10458374271616175,-0.32321203097953133,-0.32297605250988404,-0.3230071985861653,-0.3240486952209202,-0.32418934175224534,-0.3252506229968643,-0.3267037299566563,-0.32877623454371174,-0.3325526378541477,-0.33652127959142114,-0.33853923198612706,-0.33849075740734147,-0.3377353589385504,-0.3421777009353431,-0.34624806010973563,-0.3477386606876934,-0.3518172421899621,-0.3485370559170191,-0.348817614828244,-0.35021756028111567,-0.35557156704304776,-0.35141977193779267,-0.3461735939694907,-0.3365404598453626,-0.35753815078153384,-0.35701581594036447,-0.3480439309110109,-0.33496269414410024,-0.3256843310522818,-0.28395051462897686,-0.2684439512549914,-0.3217520945390522,-0.38078018657076,-0.4024724890354602,-0.38141506569420885,-0.4307441742113506,-0.448996773994393,-0.45750338506284227,-0.4977414783474795,-0.5283390099130612,-0.5047693227198458,-0.43400248240279715,-0.472810693397325,-0.5418388661345718,-0.569814810262031,-0.5661543744991752,-0.5634305543101964,-0.5264038146103382,-0.4637506475016174,-0.3576308357741984,-0.26727938133183504,-0.19944580106908966,-0.12939713904278372,-0.09991964997652668,0.06827957525658379,0.16053627145637656,0.16846842832167006,0.15125390183195134,0.15111755608948424,0.11690897684325012,0.04673483046369404,0.043119159189545564,0.04592352046931799,0.037316485311994864,-0.027287565748171903,-0.032313060926375634,0.05166149988185006,0.0830084141272056,0.11268494139254,0.11136238535812326,0.11069399270974158,0.12070025240409656,0.08799972427863874,0.07822071559752994,0.02114980622618975,-0.005376764947044415,0.016741705539313787,0.1382094054789211,0.2514812928828139,0.2798672276310713,0.27782122570702356,0.27793482301437294,0.2868157741513657,0.18537304618001205,0.25183756021381604,0.25246030317106966,0.23253388869122174,0.2034016998808357,0.1824301627101981,0.13874541727004885,0.098206063555475,0.06466579982153248,0.06530177015817261,0.07417009054094455,0.08606209770814777,0.06645040240129683,0.06041786123528409,0.05973151916540241,0.06632259872797863,0.11675941697082576,0.09948285090048987,0.09835580463401897,0.09383822247947213,0.09958617405605717,0.112748635634947,0.14755762920557908,0.17105750022517077,0.17459318637666235,0.16889457500372912,0.19323091006004917,0.203973956241393,0.19252171643202864
stat_155,0.3702043556554218,-0.05534867912111317,-0.6948781045567078,-0.5212787186342598,0.3731165086618715,0.5748578289089307,0.3774666918978567,0.37772766563168175,0.3772612207605,0.3775013997532957,0.3792355575528203,0.3803126312725689,0.3808289459466732,0.3825686936986275,0.37512320568334906,0.3690658774014034,0.3674281778368921,0.36720540954529135,0.36346136742230256,0.36028513928558514,0.359411890875709,0.35833301549526086,0.3612876776012135,0.35363727132703043,0.348357545214161,0.34120046086946243,0.33047277149011917,0.3233681260385087,0.3100658941249974,0.2958277889247425,0.27029761208993086,0.2686798193944503,0.249867911064328,0.22715536384395235,0.19505657220766223,0.17304169577153147,0.1318525275628171,0.10447506506588941,0.09959847744506074,0.09076661198429777,0.10792499551469119,0.13475178407658514,0.158454322140495,0.11247837720406287,0.13198603655032354,0.12750344298413574,0.11555765545046054,0.09884657483159506,0.08170422210241544,0.072278567722525,0.14507806121217495,0.19784555410024277,0.19941657243362215,0.2400339931217787,0.32426500162484995,0.36244134035503334,0.4161770388908941,0.46083939633503807,0.485391444131072,0.49681868153623754,0.5061947302797201,0.527074972405373,0.5341283457026349,0.6138930943707855,0.6257375949343761,0.6507378290320919,0.6097800104573674,0.6232821808620259,0.6240899768945976,0.6131478426771085,0.5958365650977038,0.5739115923987327,0.5651335866825973,0.5576125651255086,0.5215190647347185,0.5200546586298257,0.5304594865099223,0.5576161734515732,0.5727992379822118,0.5974369711203501,0.6087831405753545,0.6961184896893053,0.6622380351915251,0.6557852584818115,0.6315938013025373,0.5517354092741574,0.5414929013395529,0.5011581892866891,0.4883549840408673,0.5372446986714916,0.48212249422718606,0.4866672029637618,0.49427837535488417,0.5104756498703483,0.5138964188184991,0.5222467715531686,0.5345981462668972,0.5005347366484515,0.4912917185380969,0.4548061536927502,0.4162830436913162,0.39781698553861655,0.3666959379695622,0.3643164747792733,0.3683462914760069,0.3994406419503918,0.3706951259885624,0.37155881967597515,0.39122418241330353,0.401592599239919,0.4285113638154318,0.4659465101609843,0.5180007838862521,0.5124393202641293,0.5107022075228232,0.5110180426043391,0.5178496375222132,0.5215052079359634
stat_156,-0.6657234116320121,-0.39122214300230834,-0.058202487629667385,-0.09928908596496741,-0.11511359907977835,0.007157339922062252,-0.09976772498516626,-0.09943233034072377,-0.09576766199805757,-0.09124580111076676,-0.07993613691481978,-0.06787177653683611,-0.05569071432134532,-0.04599441021254736,-0.021542384708633948,-0.01274424877006763,0.007491090114837253,0.008909830141011852,0.015458437771085595,0.03716728696617544,0.017177878075773288,0.03447707143964703,0.07264771351575126,0.05781139069213441,0.030018554717548333,-0.016051138101028962,-0.06326012768452793,-0.10816870610365302,-0.16826580948817782,-0.20377700991207068,-0.24131339173030497,-0.24370011601588348,-0.2585282361542606,-0.28773368634113966,-0.30206674868269656,-0.2894036998069047,-0.2884544876194509,-0.2634535461000746,-0.23555953745644803,-0.24793635076823442,-0.24693265877613882,-0.25072672957615727,-0.24782178731612844,-0.26235256723944544,-0.28100761322922696,-0.26266810939334895,-0.23199818176738282,-0.20886078880641837,-0.18754139743008688,-0.19465017985687946,-0.1735200766734603,-0.15595127188689792,-0.15381230140297228,-0.10446602675904562,-0.07745256723464394,-0.039551837602432485,-0.0072940735157142516,0.0297148721502797,0.035388768308552844,0.03532872853589739,0.039303190743501165,0.06315218333894862,0.08635879994248898,0.08404242310470168,0.08288724030235863,0.09640521706891518,0.09342307596891283,0.13924767520854345,0.14302576594421462,0.1685302133412866,0.18610153215739358,0.178918072864841,0.1755290992741273,0.17013305291967132,0.14664718640059893,0.14048710931147848,0.13568607169484462,0.13657196290595583,0.1505007837452693,0.10730209894816203,0.0982792801173887,0.0860005116565215,0.09104837084945183,0.09066134236893995,0.07341089458573656,0.08254345635541412,0.1017942857724164,0.10707524694408099,0.09089182820201798,-0.009594596431734534,0.06281059926558089,0.06038339193854711,0.037114748864028886,0.03920191289975646,0.0733908710277859,0.06950185516365912,0.08933423812346909,0.09132455032813021,0.08309566195159415,0.05730177121834078,0.06100480023372942,0.062369820751999705,0.03669417573317101,0.03219289656441393,0.006653911989463182,-0.003556161866872626,0.011032270193128737,0.011709182343609797,0.027448111792208733,0.02559168455545019,0.04048795703940492,0.0494113121445688,0.07515923944975363,0.07381149355771052,0.07021066103133579,0.0460935407622067,0.029094565164414436,0.02006626655611859
stat_16,-0.1526138713388942,0.013606122592459694,0.47675850866326414,0.23126989596356723,-0.17420852457809946,0.05183836065813265,-0.15816521422814456,-0.1587829271171269,-0.15923810212040945,-0.15978042047548668,-0.15929836151952476,-0.15821320735494174,-0.15637666065585734,-0.1534110085925619,-0.16186299592393102,-0.17053574548873893,-0.17920737806473028,-0.17977794930385696,-0.18335917679462713,-0.1803101048991356,-0.17929354566791628,-0.18041866150884284,-0.18028125633328682,-0.18369280363466742,-0.18311192400802964,-0.18527570108574054,-0.1773155077684995,-0.16622551554688222,-0.1408293251901721,-0.1366121091370182,-0.17711986456472575,-0.1809841957400608,-0.2420122023016259,-0.2695693701815831,-0.24901708127055225,-0.22560369640305383,-0.1501297137202405,-0.06795761907413236,-0.07667755251500524,-0.13579556137233856,-0.16590428397379736,-0.2085715962553038,-0.2614619568443902,-0.31646748790440815,-0.26983580184031153,-0.22825165391559052,-0.2185263311395918,-0.23900265878372312,-0.26569458631780235,-0.2751740314890509,-0.2742152778466307,-0.22832249719450223,-0.2232664562648813,-0.11745963055123441,0.0009300858710201265,0.08077360640852124,0.10929173598725885,0.05106826264748161,0.020253249932437777,0.014451138295190243,0.03229910057678959,0.09738475519838757,0.18458618256767878,0.2488522990351303,0.2571185939343663,0.28261200448672896,0.32228692304960105,0.34584232799831804,0.3466418382122629,0.3242707703007924,0.26829658015652186,0.2593462966965735,0.28187125934104323,0.31875090400650524,0.30062824061727184,0.29537548990101786,0.30230343964205836,0.32859485168407887,0.337665529546752,0.3491569361650854,0.29378364148956587,0.20967771752858125,0.13327103217463374,0.13232577274725102,0.126303308500627,0.07333365984190482,0.0009998393861405507,-0.058075224238852426,-0.1025050051295964,0.0219857952605725,-0.099454614175143,-0.0982117788963633,-0.0969217602748157,-0.07669176594461802,-0.057918996861224446,-0.0486301588292355,-0.0450674396488046,-0.055980181599956144,-0.060809000314222005,-0.06474104633310672,-0.032609248252261316,-0.027200137713304283,-0.04234824570738382,-0.04312486946344311,-0.038580039810755085,-0.015598951017656633,0.02827951603567126,0.03099855336265011,0.05281708194037327,0.06388021014101958,0.06243469355436369,0.05421529520272012,0.05413941011942769,0.05178278507895191,0.05116542428621641,0.04701858414074371,0.04342791075711318,0.031447146226948386
stat_160,-0.2460604747438495,-0.08131628600771243,0.11953433624475887,0.26066787591031765,-0.20038835539910543,0.0167874611781543,-0.1883170634313279,-0.1892691554014273,-0.19028582625222465,-0.19086310389503355,-0.19144006721380957,-0.1929841024120187,-0.1948608927077449,-0.19851959382094592,-0.20266021072344756,-0.2060722956898327,-0.21224562245839293,-0.2129087965173565,-0.2197706961430686,-0.22476650471988852,-0.23110413632310492,-0.24000091314941746,-0.24280968449499027,-0.24956011947885692,-0.2602536705872396,-0.277423687724973,-0.29070369470842816,-0.31440500721421377,-0.32513450165729707,-0.3325350795761541,-0.36253926174601847,-0.3645104187992681,-0.41997234160392416,-0.4628428093861747,-0.4814497795902419,-0.48209853560509996,-0.4987840773315724,-0.49430576521391023,-0.528307379726772,-0.5429335951287683,-0.5234193618970112,-0.4842961720693818,-0.4224990446576461,-0.35163096478602635,-0.29459519192131733,-0.2573745544695408,-0.23333931653432807,-0.20501900060231285,-0.14120955560026582,-0.06794622552945054,-0.0008471815039899129,0.030176546228770446,0.033436476625259524,0.06786227771560106,0.08309909826474365,0.09602076575953011,0.08143390742162503,0.04157308246785147,0.08195229707882479,0.10078580167669021,0.1490134979986008,0.1983923573718662,0.19438430970307313,0.175446499405328,0.17698704210174207,0.16348827566005755,0.14117343610835603,0.1193875760326657,0.11805303880614702,0.03878320208223757,0.0026734821004156467,-0.023763680116504197,-0.06439297610148119,-0.07018331385515861,-0.06556518691029581,-0.06685992638757497,-0.08782860418959783,-0.029708516241898332,-0.01738060956467868,-0.02522177504054645,-0.13886258036742063,-0.1382274246759109,-0.11473533479453558,-0.1304458226712166,-0.18360846892382918,-0.26359891480222464,-0.27728525363614187,-0.2767243784538544,-0.2531188774372982,-0.22303215158324788,-0.24035485317582767,-0.23310289071665524,-0.2187604560566729,-0.14725065413223493,-0.10613688930926243,-0.07739124191942777,-0.03441080322037916,-0.05117800861686431,-0.06953845230893889,-0.11186019885697362,-0.08946425564213803,-0.09624391772049348,-0.08927305195817566,-0.08465889668186793,-0.106000095328957,-0.13362056523415292,-0.13420523018138245,-0.13258265416502465,-0.13028776032336795,-0.13382697232976654,-0.13957462553911384,-0.14924327986608998,-0.16526107755372899,-0.17379101138705863,-0.1744787697838929,-0.19051829836439416,-0.19455307316677217,-0.2013007382688177
stat_161,0.09331366868743436,-0.02047509464035914,-0.10124480763482037,-0.14630159889226946,0.2973893105576882,-0.09026195250242755,0.304979919197458,0.3049260784929261,0.3048433449530369,0.3046523434702619,0.3054993684652816,0.3079194734943051,0.30833324224711844,0.31014603612538316,0.31030833441273453,0.3160859883947997,0.3216230177220212,0.32211653638461746,0.3324156429461244,0.33758849561478393,0.3466199617350493,0.35248180645947746,0.34478655594369756,0.3453195687304405,0.3746844794917471,0.3868156441940084,0.3823539176714829,0.399175784756602,0.4224225723487086,0.45946852331673516,0.46918853483803163,0.4690686789346156,0.48549594135702934,0.5013297184326826,0.5017271196880936,0.49871830061058564,0.5181718198535508,0.5595406060642089,0.5607558708554228,0.5591092596279703,0.5556253182887514,0.6041130650003783,0.5954039228411718,0.5815330446110931,0.5393088608227223,0.482217543067322,0.438205522292787,0.40853455317957826,0.3278495408418144,0.27928881609538575,0.2652959748397729,0.1936374114306667,0.19173560343788715,0.1718292863985028,0.21901959692722503,0.22999480506839876,0.15284025963317005,0.11368309670275165,0.10163899607907351,0.10563009871584847,0.09642261851071897,0.07262705633306481,0.04789466936177249,6.259500517118381e-05,-0.004031414801601027,0.0005086271442666003,0.02759050774131647,0.07845934073141742,0.08158255024325917,0.08688977066311895,0.04952967307313013,-0.0259171020903752,-0.11624216094472238,-0.13473480720297623,-0.14704572037146338,-0.15172237689546955,-0.19834781252513883,-0.26239698100846826,-0.3607550403562578,-0.40707730722317303,-0.4601017462235439,-0.5692016288628811,-0.6903996950344087,-0.7358929306787065,-0.6962793856290495,-0.6913890887484079,-0.6440272769048088,-0.5967199795484376,-0.555964871744126,-0.002582163042206068,-0.5321921776115738,-0.5300847563500575,-0.48565416912311443,-0.4428196044333649,-0.42092431936038455,-0.4453224315693804,-0.46247254555968687,-0.43123261779404765,-0.41907799960725156,-0.3590994307068449,-0.34983503577913505,-0.3475644265705341,-0.32027491820139664,-0.3167120356161187,-0.2612663108146704,-0.188848711403766,-0.1282007719861992,-0.12525631320475492,-0.07542515319959928,-0.028501056127047182,0.017228202457956854,0.07655397538253177,0.08826947810348812,0.08863731161091402,0.09192907146415417,0.07032951848418209,0.025495170839469627,0.011657528513210492
stat_162,1.452808400731704,0.8797944774056602,0.2928112129565505,0.24446769284253378,0.48391953205929433,0.6290601171067242,0.4886140928349163,0.4883946748219887,0.4886706187615408,0.4890398395539789,0.48841363176489655,0.49040657440711877,0.494203212551303,0.4888470523000819,0.48754773675025703,0.492367709467282,0.5073237780106262,0.5073297054279214,0.5316760574760235,0.5405088872315669,0.5237259188339778,0.5446517752655825,0.5584082309476955,0.5513170523276689,0.5213252129961143,0.5171251817294474,0.493799151360503,0.4981129457182134,0.5081618538073728,0.550064765194748,0.5308620961952314,0.5256874487100214,0.48847492464515946,0.5012550547082679,0.5368432229111851,0.5678658611280711,0.5354908231081011,0.4778860543889129,0.49336593988800015,0.5266496677195216,0.5258710623160002,0.5260639167426011,0.524678329615691,0.4836420787191189,0.4633614107120504,0.4897804240238764,0.5721674446972616,0.5519640367200979,0.5367656284862351,0.5031276683190196,0.47113370812887634,0.5025125613114451,0.5059941914655719,0.5341262298587546,0.5459643487677784,0.5493800764078159,0.5281413630866787,0.5312587799680467,0.5583203449177716,0.5638321712923686,0.5997501286014147,0.6697253685347926,0.7321425913948444,0.7278427945937346,0.7242906322785135,0.7456325133958789,0.771239521880656,0.8098160171769222,0.8132393778853146,0.8092703946270821,0.8018490793343439,0.7697344944801896,0.7252934996389105,0.6851902754216217,0.7144603166916978,0.7201394839996041,0.7403215715850752,0.8440206282885291,0.8884052723319903,0.9086126446502015,0.8143238426939761,0.7596686338355656,0.7143880723893378,0.6784951444667218,0.7190548899355795,0.7074330347238643,0.6955191998888296,0.6796234479986234,0.6521345074330236,0.42536145096645084,0.6819731830357115,0.6876476035969412,0.6371629461919696,0.576316696701605,0.5027163368973754,0.4760101725721075,0.46235716888172107,0.480678571248731,0.48457824581933073,0.4802265228276218,0.4288684404621019,0.4323295138600352,0.42797323455459274,0.4238849847263412,0.35986562879946593,0.3180775432346856,0.3282207668554782,0.33015495808004186,0.32584855923897804,0.3398584940006314,0.34960404217357954,0.3730711654702961,0.4207206819714762,0.44218768576623785,0.4423959908297535,0.43326444305002565,0.4077785750150887,0.39791923880423674
stat_163,-0.6438303277423196,-0.3876098411011225,0.08073623675128448,-0.07603325425363029,-0.24992475760170574,-0.44538148928265164,-0.24429010785474464,-0.24415031478682866,-0.24447662576361653,-0.2446623369982906,-0.2471281997344449,-0.25255777933794776,-0.25001597097208644,-0.2540362675613586,-0.25352026996100985,-0.24275302917908023,-0.24154938648465468,-0.24296862867038285,-0.26039476767856573,-0.25901055387597344,-0.2533635764350873,-0.2527599984495484,-0.25906735286226845,-0.2705497403598868,-0.2819913991158276,-0.2779746605049661,-0.24403357155591682,-0.19204556165153172,-0.15580562879599222,-0.12585723847207708,-0.07206822109515526,-0.07180732790334628,-0.07231382181202708,-0.08463317226563219,-0.044013993102026396,-0.02671167618777957,-0.01196485969539011,0.006659763458905586,0.008783606935196786,0.004034565023674178,-0.0003340191384900759,-0.00034335031450006035,-0.02398083903746965,-0.0034239427026627246,-0.020343861898570573,-0.08095134273531449,-0.0947392376527036,-0.10048794688455083,-0.1356117148394002,-0.25972439310580236,-0.23950690714751974,-0.24228844070015113,-0.24430787222819142,-0.22266202603883728,-0.1678874076466195,-0.11786243513154741,-0.1350695356760254,-0.16082043186881212,-0.19443306458720752,-0.21318075360714817,-0.30475658721568283,-0.38683287325429194,-0.4507822320854093,-0.5252144639266105,-0.5290899843992376,-0.5766735547315218,-0.6137902385179833,-0.6512282667446576,-0.6517255353702619,-0.6341841330872482,-0.5702279599551033,-0.54602888439194,-0.515123504318297,-0.5288159801127207,-0.515260935343781,-0.5234247325018274,-0.5261161008802636,-0.5131980194255922,-0.45469552807996494,-0.5186430897089521,-0.5454097094170738,-0.5659615322224868,-0.5039485863730061,-0.5027035253835307,-0.48917724263128165,-0.4772890909989059,-0.47945203507812767,-0.48654563727108635,-0.49085045903949814,-0.21818114879077288,-0.5171006943552553,-0.5244350985230765,-0.4811880550406558,-0.4300858483856083,-0.44201308307008697,-0.46449215144981176,-0.38624893330880455,-0.38152971010745934,-0.38477124785990485,-0.3434108888824231,-0.3155392403473779,-0.3003876185918144,-0.2932289745845342,-0.2892263610708179,-0.2815783642439159,-0.28474197709313964,-0.3259181099218656,-0.32993712777593287,-0.3306966430642579,-0.29214077871890515,-0.27008147185161063,-0.2830842357576992,-0.2920759881564145,-0.29521942610529867,-0.29290314754958385,-0.2520539341711057,-0.23053381394291547,-0.2126415780469993
stat_165,-0.051850085895814156,0.002949379382837789,0.1194326890593281,0.13205688778336713,-0.08027045582413614,-0.11706230314389984,-0.06413370633787112,-0.05967030400686343,-0.05960097849854566,-0.049902512594604244,-0.03903568015356625,-0.03940101099421428,-0.008224139605021023,0.0148109801608337,0.02177847934898071,0.04789888670506847,0.10595881490660305,0.1107707806284532,0.13761196759618854,0.15834263164868234,0.19944950905572031,0.24661669971288114,0.32225363422746833,0.3247696015988486,0.30206903877798663,0.2875867084123615,0.24055314846335576,0.19802146067553855,0.1905755153735596,0.19489634874757397,0.1636651128909322,0.16494239627453838,0.18570887106852843,0.181863467705081,0.15281882798128577,0.07390405523228846,0.013727528819545306,-0.017994270348271574,-0.02438374012060425,0.0016163207926642882,7.32484625721314e-05,-0.03704787648328105,-0.10123029025837219,-0.08417568453433154,-0.03881861426726628,-0.04513123364113505,-0.05697753038757474,-0.08229315996290698,-0.12346723024877507,-0.05487394751218732,0.001797384497861674,0.03283221560389547,0.0357869132674063,0.023143666576555755,0.0069679926859479435,-0.005424852108396908,-0.018649215003136505,-0.04918598958258943,-0.03226933256423081,-0.02871702578025679,-0.03418477316156137,-0.061042182580041446,-0.08884623406461535,-0.16015211662335452,-0.16075725003146646,-0.08638943104548463,-0.031542909898682574,-0.05954658579218924,-0.05882530007193336,-0.08739656857259663,-0.12212619293465724,-0.1234156980899553,-0.0980374774771897,-0.07911496547899825,-0.09705308149981792,-0.10185508899157893,-0.12458072338939245,-0.0868128893084939,-0.07690526121428136,-0.021653188282644623,0.014070304378379927,0.10187195206062008,0.16423697837098655,0.2001186310588693,0.23019517530743336,0.2561042594651981,0.31936362894259285,0.39911624158038755,0.5009991382717096,-0.03325469554712459,0.5638054195090902,0.5690592720324563,0.5173499026606143,0.4629338458927238,0.3230111942812498,0.2559287572818836,0.20194270546345283,0.15115683878378927,0.138220456257514,0.07038419562823815,0.02127862591069753,0.0147879909863019,-0.012652885372626509,-0.015722548960925613,-0.046244411616825194,-0.051743428030033664,-0.04463143198636221,-0.04335803672315722,-0.02359470063711709,-0.012869915555704452,-0.004657047968516113,-0.003069046058707093,-0.00955325600320817,-0.02287265305036143,-0.02466418187890431,-0.006736124510088942,0.011862011635444512,-0.002708034699376103
stat_166,1.271556267985673,0.5809226079315616,-0.17287569183599158,-0.2730109942906417,0.6914124976612223,0.4633741728373137,0.6973705333919032,0.6967364844498324,0.6955867426648586,0.6940027645870789,0.6925048814380484,0.6922423278601618,0.6914849041617906,0.6909741730775362,0.6931178039220273,0.6950054694215523,0.6949623158968706,0.6954140661150116,0.7021916890497264,0.7029761868566556,0.7078168482966372,0.7082464832797227,0.696242030303657,0.6823408763077814,0.6946976671580809,0.7101105814325961,0.7057885834905631,0.7077962173519919,0.714140920143005,0.7403672847499049,0.7564735923722514,0.7564385472257904,0.7617822106222555,0.766698180620654,0.7631412078154779,0.7788717530142678,0.8128071402587588,0.8611416204206488,0.8725429266721815,0.8211594724081737,0.8161451436012972,0.9164457702431791,0.9845255002593966,1.009520185064597,1.0144985349439863,1.0432149594492834,1.0148025781319905,0.9282305699833641,0.8187259601710289,0.700142654190176,0.616800743305407,0.5838688528549902,0.5801536942426072,0.5196798542418021,0.47419795516509305,0.4242649086256289,0.38991151822923653,0.35646572301412655,0.3098557253800939,0.30000134036989534,0.29969153911758806,0.29724684117628575,0.28350152542999313,0.31034011001641504,0.3162319288108607,0.33340642105836554,0.33340584235672527,0.3519664024620521,0.3546116157374787,0.31648869051554634,0.25728739646924903,0.21538565912647173,0.18935825068725387,0.17364124489592894,0.19935802802373595,0.2038406103201246,0.2241473296281446,0.19229219213467327,0.17597943643787878,0.14059746653381683,0.12931910710077427,0.10261095611022024,0.10476029899475363,0.11575501294299334,0.12326396747919299,0.1440358440704692,0.12065630969233038,0.1025521396840743,0.06635421434060884,-0.04760522195889341,0.07027805943598489,0.07125723200143064,0.06968651274101277,0.07939476331120142,0.08679209606477231,0.09792916503816695,0.07995796520071632,0.0819854197296507,0.08513605045699402,0.09149804586656342,0.10855934343062253,0.09751246931985401,0.056908543989876915,0.05387453189965512,0.03847001355177668,0.019388960634030745,0.006370658790148409,0.00475076066679728,0.00194538641114477,-0.002707037813718398,0.0011173648872222393,-0.0184141276390878,-0.04065646847017134,-0.03234545210101166,-0.03095731046785381,-0.023660941967727625,-0.02677097950695825,-0.033386121325464826
stat_167,-0.639519598989813,-0.550579930752475,-0.33053510899488475,-0.3148340258118846,-0.19544351791840653,-0.041317931598693264,-0.1814832661602063,-0.18206990147028618,-0.18312769832871456,-0.18312417932180158,-0.18330579542273467,-0.18454837706986663,-0.18707232801845475,-0.19073299840192928,-0.19413632043273157,-0.19783408670307182,-0.20254249838764515,-0.20272341546505931,-0.2050376460985638,-0.20944024124201455,-0.2148214898457305,-0.21988027770794744,-0.2302370032905161,-0.23783820722552274,-0.24528385666503744,-0.25789088011465083,-0.27173304056181286,-0.29614799002486597,-0.3248336692157369,-0.3469142144356517,-0.37121450332443673,-0.3721245686007151,-0.38606611381647493,-0.40458102574472854,-0.41398928021773534,-0.41289379075652977,-0.42029661246560174,-0.4175868966128829,-0.40420865398059064,-0.3878311992712795,-0.3659864128013378,-0.3652728528556217,-0.35434263898164986,-0.33612223643905265,-0.29840286136535193,-0.26290837980998394,-0.23116640810256348,-0.19966793231685415,-0.15630160821151953,-0.1302197615874102,-0.10538934656304656,-0.06594889164127801,-0.061541287168776056,-0.018791110684945184,-0.004955970285793588,-0.007521482429376041,-0.0547056069133946,-0.08038826375144138,-0.10715466997839382,-0.11270190398870517,-0.11414851534178828,-0.09498946103911936,-0.07554945883339881,-0.07628265377299906,-0.0787902213002135,-0.08468657431528803,-0.08795378521684788,-0.05129523022033181,-0.04851448147261716,-0.02583072263710656,-0.0053098585796671335,0.005755315951255759,0.027347306933392403,0.0562698177384398,0.11090315688505632,0.12010762327292292,0.1807762142776127,0.19154859035967797,0.18229025964321818,0.15566768991356422,0.185659350943749,0.21897880795486077,0.1914746002712248,0.10881971709002422,0.03453212786543223,-0.013224168852626554,-0.03676604550643884,-0.019179747307813036,-0.018290645644436287,-0.04552881974156901,-0.035336021077609484,-0.036133835087693716,-0.053470393927204214,-0.09267405901643201,-0.14554713233111924,-0.16412866953018243,-0.15484223045310277,-0.1422975741592094,-0.142955250551256,-0.16668748881674192,-0.1849533961041087,-0.21610863949033987,-0.2330453425983528,-0.2357979975066319,-0.2460821873362686,-0.2460603503940595,-0.21682448369920376,-0.21469662077532947,-0.18784432299817452,-0.16744449828439814,-0.14558498210078077,-0.11389506848137566,-0.08312511916832462,-0.07292402623749689,-0.07261991511867634,-0.06510093334672401,-0.04226641284949683,-0.0384630339161111
stat_168,-0.10267692734805264,0.10330304184730733,0.38289729836958336,0.3644352389826943,-0.3465546518892357,-0.1820638956385294,-0.3302906893354948,-0.3305926670547797,-0.33151102848090735,-0.33275251105034753,-0.33301262376297713,-0.33489891965176083,-0.33568001016420673,-0.3382194776296672,-0.34013225204985403,-0.3423829520739061,-0.3483336435146936,-0.34861215106606763,-0.3498557546132671,-0.35094156397757104,-0.35181525124932744,-0.3587079457227904,-0.36283135644342046,-0.36333205179099226,-0.3636163143623712,-0.3646781301235022,-0.3734935581813221,-0.3751418495391627,-0.38340741556954316,-0.38977037982388707,-0.38900265430133646,-0.3883103508752894,-0.38231069898481057,-0.4096356488181136,-0.41307833169851016,-0.3985244835906111,-0.4095490101613154,-0.3982094755891502,-0.3536202083269429,-0.3170122617707586,-0.3437454092240978,-0.4128959652433814,-0.42138243256934393,-0.33502510292596854,-0.2405487836367278,-0.2623322550817932,-0.29570388738938336,-0.34688327731283,-0.3839936389748692,-0.3824779667769912,-0.393537660502272,-0.3713669143849761,-0.3664986627652596,-0.25510108945408577,-0.15357430861532617,-0.0476758141236153,0.0488121602739381,0.11973017609595343,0.04556770385850891,0.003965368303893911,-0.12595731941292335,-0.2355249258172772,-0.2808114743942653,-0.2959387434476621,-0.29627440876207983,-0.233686458034931,-0.1468243580550862,-0.12088394464704454,-0.11938140264586579,-0.047470720594743894,0.13166021935720396,0.2886339940883325,0.3993808832970067,0.3344126801639756,0.3199380351882303,0.3286256953765285,0.4521393396753545,0.5339083393151712,0.5036189797149984,0.3875454460564141,0.29529430615842045,0.19355357732843487,0.12872017989045442,0.06371597427204347,0.01821585558062861,-0.01738114334256461,-0.058675317641076856,-0.07856896592540463,-0.1023245373810205,-0.06446748988145437,-0.1259390037857487,-0.12613942331135902,-0.12430992292765095,-0.10608744597284929,-0.10708901503533265,-0.10902187435049121,-0.1227832656383127,-0.12556070202740516,-0.12616821775264597,-0.1314514788777948,-0.12406182833975167,-0.10096770020303207,-0.07958937273646896,-0.07562909908705351,-0.05472345734417829,-0.048662191557756605,-0.04223566226512826,-0.041760162671565675,-0.03327446542879002,-0.03825640871497136,-0.04894762501425559,-0.040124961433815234,-0.03246446145281475,-0.04063004500946298,-0.04239498260494788,-0.037539384691183175,-0.03801169840642984,-0.049255288485119494
stat_169,-0.31995451317193124,-0.13204276380039257,0.17222933657415052,0.06672846629987295,-0.23797853089103363,-0.1343850440486547,-0.22434292743877576,-0.2249879234629922,-0.22607938092127589,-0.2273867290173811,-0.22837286258069076,-0.2300557151519966,-0.23328959313691716,-0.23701380734722804,-0.23805008765688737,-0.23914584239154998,-0.2459033007963053,-0.24646140541600675,-0.2524282405262217,-0.2562910487592892,-0.2619955261669427,-0.26848328484277023,-0.280416968616617,-0.2921338030205044,-0.3063226409047588,-0.3203402927303609,-0.3416198533904511,-0.35559195478970324,-0.3792842095956138,-0.40796890719397494,-0.4268390489834056,-0.428077257924298,-0.4448115239687709,-0.4812129264332658,-0.52435649620077,-0.5354075844336241,-0.5373951663980275,-0.541294201088722,-0.5284668271816899,-0.49698803036222505,-0.47092462755256914,-0.45557939604395126,-0.40768425097119876,-0.3648085154228753,-0.3074170727694556,-0.21058335101828457,-0.10148720969034937,-0.020625618145135187,0.050833173388240574,0.0540863236402428,0.04310607275859983,0.07556903692266898,0.07821253842076037,0.1056213254538723,0.1306010979084248,0.09853831238129382,0.100136106110978,0.16946303894479234,0.15664067402162773,0.13135761674201965,0.022339859373155576,-0.06789106655571986,-0.16382797774523747,-0.23111937443678843,-0.24203196275455457,-0.2948606575710059,-0.295238690846413,-0.303341881781025,-0.3106656177752376,-0.2919037385611226,-0.2560560510181522,-0.25553916865541343,-0.26047373816358954,-0.2773919487647141,-0.3144598355312074,-0.3134175849139273,-0.31568552518347476,-0.320215505182841,-0.3133156414193037,-0.2513460814915786,-0.21190116286936214,-0.21111549189225864,-0.22487948155187412,-0.21350638311442802,-0.19502784625355324,-0.1657337036122791,-0.18243963107565994,-0.18453934754605575,-0.21447391655760709,-0.14614107371765558,-0.235587990419239,-0.2366682282124563,-0.2340801269385532,-0.22078487495877228,-0.20413224117284426,-0.19740005089406895,-0.16976095128746846,-0.15245508586143677,-0.15383684828533029,-0.16148989622583934,-0.16877943322209124,-0.15417750374040595,-0.14636409468559902,-0.14760277737081298,-0.15144510660362387,-0.15486583928666167,-0.15408981361124666,-0.1543869946052545,-0.15239856899768073,-0.12832194046633838,-0.10942485743694047,-0.08999654945544847,-0.08349678623634475,-0.08444479038279888,-0.08428508904404945,-0.08938247061726619,-0.10705110298919107,-0.12445514709401413
stat_17,0.06069359744456003,0.0531521074986352,-0.016558389725807855,-0.16458889382097394,0.15471352748183734,0.03237167078573651,-0.04294739709147131,-0.04299134726987413,-0.042419779312896685,-0.0426088746931019,-0.042367953724924495,-0.04368913127712332,-0.043037670274998975,-0.04285073992461077,-0.0407701869277386,-0.03782383133319692,-0.03606943524488352,-0.0356653395535733,-0.025605614618191146,-0.022598687393354893,-0.0371920946360229,-0.043415993903844916,-0.045725457855773685,-0.04898164482216468,-0.05714381127654495,-0.05984358938052519,-0.06179245710758559,-0.05616707083219537,-0.04335328910454402,-0.029633034942032174,-0.01644845073277629,-0.01554887746774114,-0.04977057322155153,-0.059175603561274534,-0.04893722756081075,-0.033828154891777096,0.0071461481545674254,0.05188684362632542,0.10553564173928204,0.12965196659923925,0.12679005285622402,0.08356483425805941,0.020982133777158202,0.017675815638456036,0.034301640382604956,0.010261788667218953,-0.04375838446773188,-0.08091181427561757,-0.07160410452025397,-0.04477444164108182,0.04913750926149528,0.06391529029636696,0.06292128929096606,0.0452947349401829,0.010203462492739577,-0.018401403372335083,-0.05364511610681834,-0.09509165134118441,-0.10577157847843285,-0.10500245751199722,-0.16096873176640467,-0.23929113845734043,-0.2538695103718853,-0.2117170701346623,-0.2079873094388351,-0.1549994983537245,-0.15915474963538231,-0.1675542027028713,-0.16536792348332913,-0.10607148223428764,-0.09684531180455744,-0.15145527098241893,-0.2087495139973921,-0.27044742765806895,-0.3139133875665812,-0.3180841466336945,-0.3711001640526,-0.4227533481089237,-0.43895765493133265,-0.44204075698845197,-0.3888673480480717,-0.3683687750228808,-0.342900695066761,-0.27337523470502506,-0.20743609059538132,-0.17275948139768535,-0.1131372293012564,-0.10457178137817519,-0.15380365538593735,-0.15670516230349238,-0.18895718110156673,-0.18971043605297427,-0.19659380397196244,-0.19321328776511196,-0.20688646825012955,-0.22981206626937,-0.23795077707674459,-0.2385926060622077,-0.2379100078728128,-0.23380102737278294,-0.24158001972526721,-0.230512007702682,-0.20746312257205937,-0.2006660106563065,-0.16883296078834295,-0.18933022077885425,-0.19675904771315084,-0.19770822682741257,-0.2067954953357687,-0.20975592729684364,-0.22345911525957715,-0.21091463929923768,-0.2002260567459441,-0.17381388997488675,-0.16950874649522993,-0.15543259558081177,-0.14243442607410323,-0.15142433964547494
stat_170,0.8334651782420646,0.34726891314852837,-0.10904729520054704,-0.26479829297681134,0.5143968304499846,0.313908889217748,0.5289976965080302,0.5288656698059815,0.5285065083926974,0.5285812136934782,0.5284430308377482,0.5275333139492036,0.5266810985772025,0.5266822005687002,0.5263480876451184,0.5238955003828889,0.5228643496476103,0.522851664148044,0.5215479589292435,0.5195670269554467,0.5228626907838206,0.5211517533483655,0.5186546883549051,0.5210557948977856,0.5257703684437427,0.5375088470216555,0.537075069120364,0.5295514761715865,0.5469265889989672,0.5495334868346603,0.5590353174909857,0.5594768527229449,0.560620138483998,0.5424591338816209,0.5360521270775496,0.5766967043471807,0.6005428409555681,0.5888425135365968,0.5568286015268323,0.5856381083084476,0.6498726525221422,0.7100640744914833,0.7497853810224118,0.7995983400364002,0.7860989477121351,0.7484398942446067,0.7514265156987723,0.7735082508470491,0.7091363571731523,0.7154630244176253,0.6823245398699981,0.5783269785584335,0.574291507580359,0.5613737557122601,0.48856482030998816,0.4115345628938399,0.3379671285125415,0.1791682627186276,0.13595504634473596,0.12828828959099128,0.1269915770792929,0.14389805966627023,0.11235369088499772,0.1041935186729351,0.10670962319474148,0.1605163291793874,0.1564734746440173,0.16525280219201446,0.1646615772149661,0.19287394169035568,0.21914010510107762,0.17636918178559205,0.08107758325391225,0.027960985358852997,-0.007406219965316046,-0.01571256314570161,-0.07725831850020895,-0.06235649257156559,-0.0404185726107355,-0.034562311279835355,-0.030041406203351696,0.0017745372243271212,0.03030296008307063,0.041029787067356376,0.008455030476793397,-0.0027702322816321543,0.010559964379290278,0.023088811438110105,0.035972916566674236,0.31926827572499383,0.05619214058035194,0.05810789521144355,0.06991596021375458,0.07798395848752779,0.0814724436937854,0.06869968657985295,0.05857799019914147,0.03185622083828128,0.026039471178372586,0.03016092870196037,0.009711088048723787,0.013648622577865085,0.04009246589374073,0.04647483235604209,0.08194244167395241,0.08672334964587428,0.09604382124842938,0.09540847063197316,0.09751318436821756,0.10501583108415932,0.11393596514860244,0.12646247424413035,0.200955657824169,0.24803735364802448,0.2568095937421017,0.3090195283600828,0.31547188611354626,0.2905056314563504
stat_174,0.04623136523332046,0.030717681031043123,0.20820323865040533,-0.03693744201647125,-0.039255894399593545,0.014307442960995882,-0.0302581584830537,-0.030679116985753672,-0.03129280856274119,-0.032026798307583974,-0.03202798172490992,-0.029670946525775867,-0.023758077081750185,-0.02011034872777155,-0.030551823182035972,-0.036707346132970185,-0.04103391983693149,-0.04138068871585569,-0.044706619770199046,-0.04931521883971997,-0.04982890910573621,-0.054126261846042384,-0.04978117957054557,-0.035477773168976275,-0.026921374467911915,-0.029561003822927017,-0.0006126730492352143,0.039473429265527424,0.08687054232192433,0.13023631408152456,0.11152147748798456,0.1112016141390407,0.1095783305114949,0.12207314824341603,0.1495677464169531,0.1758528863399341,0.1786198266835902,0.10919315786821182,0.09460460438280827,0.08422877523482394,0.04436041142149317,0.008583629079415215,-0.011239445847975085,-0.042248433380458014,-0.06651266978446785,-0.13235660944320485,-0.1720414914871177,-0.15713525458877722,-0.15727949074950845,-0.11848600721323832,-0.08372185529793683,-0.1314108427341531,-0.13191101274123515,-0.13042945021125207,-0.11418682381333277,-0.05153440175926274,-0.032077417351559404,-0.011066459358822311,-0.00033436083268285156,-0.011699892326898189,-0.04001140204939926,-0.003965687353438684,0.02939097052996374,0.057145363608066026,0.06557588531896136,0.08030120685847499,0.07095890402766711,0.10692478805897473,0.10388043032168598,0.12110102691511802,0.12918069780071584,0.100850702834521,0.07309529086416909,0.05498158139331055,0.028249211920680146,0.02831427653250267,0.04000509889394173,0.025154282050754883,0.05561236458726635,0.11567082021425278,0.15644007878927974,0.16956805659945,0.194973216108013,0.2088654828955644,0.2316447309846259,0.21729739292642009,0.1847450719473248,0.16905068419363214,0.15208351082972377,-0.07215680886123862,0.13623799701476252,0.13585236207582274,0.11889716372989381,0.09443678696974192,0.06835943348289526,0.05938371684175122,0.05437100704402082,0.04832173076204408,0.045805861889784895,0.041420625461495504,0.03467261992924274,0.040600751168106415,0.0397028755678614,0.03640435680982835,0.03112549946303108,0.011786934048734916,-0.031828134782437414,-0.03297354052102337,-0.03861205035288475,-0.040049057456765624,-0.008185080655443702,-0.015508787923349454,-0.025587545344155152,-0.022443332449231548,-0.022830167366719927,-0.03664046306781091,-0.04570465054233547,-0.06052969037627883
stat_175,0.6224345566773639,0.05304881601289329,-0.394072499984103,-0.4834023774946008,0.5634506464817406,0.27275207644831523,0.5760470347030613,0.5760208849092067,0.5758462257510317,0.5757693795576029,0.5756904725411279,0.5753442348753691,0.5731806938308895,0.5712254874956897,0.573229717153972,0.5733047150941795,0.5694930844440865,0.5693725595413424,0.5659265507368008,0.5652025622686079,0.5668447350210953,0.5619728949086945,0.5579506530098995,0.5563401617519491,0.5551727037274953,0.5486506583472117,0.5442240826694088,0.5442687172328176,0.5405854822925689,0.5373984791912514,0.5302588017777495,0.5305023352121573,0.5364846294231067,0.5503625439353526,0.5693635799674175,0.5682977067512883,0.5654632549318133,0.585099182708254,0.625315315122523,0.6979490073299353,0.777929656604797,0.8420836858346191,0.8737807482684894,0.8866229938326138,0.8817699641361255,0.856393343318321,0.7825076000008027,0.7193392906004086,0.6537524692181651,0.6028143892607821,0.4921310818215002,0.3937424672718173,0.388488231557502,0.300971450814772,0.26482139430616863,0.2647101019077926,0.29058896819661867,0.34256264368864997,0.36085075661950883,0.3568403915625144,0.31002479266493194,0.22330073061662473,0.16738484021358288,0.12873808318475638,0.11957163597476796,0.05735788044905744,-0.021868379231938052,-0.05361857556765517,-0.05497482864164998,-0.08853875816207316,-0.1203328814512237,-0.1498475596517792,-0.18340718856493696,-0.20163882253581633,-0.20168885093864472,-0.2012319117257759,-0.18685997620250466,-0.16769914852106263,-0.17413398750250392,-0.18403953757175023,-0.18862184605911433,-0.2088593612848279,-0.1885843591550033,-0.16249582141024002,-0.12026373716094484,-0.08081811211981452,-0.03916254331678994,-0.009737388024818883,-0.0031265210626079,-0.03241184915591347,-0.016915086914330156,-0.01940727995130923,-0.03848326345742724,-0.010298408094318433,0.019463016711623156,0.015417345394110661,-0.0001788962936688153,-0.00975298436401617,-0.011820332544408198,-0.014130601117368937,-0.0030382898812347614,0.015899298015282753,0.02104584484223306,0.01900266489332951,0.007806183161500072,-0.004287653783724497,-0.010889468912026785,-0.011274218980821446,-0.001793165048910905,0.012939314094122268,0.017043469988131978,0.015094101231317771,0.014285849192125605,0.010582072848730884,0.01015799700080912,0.0017115152425535934,-0.004884803603387239,-0.0069687836579461265
stat_176,0.21266537351154638,0.36069550575099635,0.43069582884271534,0.46475345471753476,-0.1665577917987297,-0.09476518990448843,-0.1612435206997616,-0.16149933394987567,-0.16227734399175775,-0.16320603332175737,-0.1648593751640583,-0.16565229560563494,-0.16633109410005856,-0.16856579076049447,-0.1691190562502804,-0.16764648100065954,-0.17093734391391377,-0.1712181441899824,-0.17635216428668418,-0.17547338443094554,-0.1791078067995067,-0.1865110696814783,-0.18971280279685157,-0.19918108994321615,-0.20271130611668953,-0.20879224800952162,-0.20657767107893635,-0.19857688874431723,-0.19613378373631235,-0.19850168737699173,-0.20872916768754735,-0.20827247794368647,-0.1949009712771224,-0.20239043072190938,-0.2122864380534971,-0.2092768575116581,-0.21624560472066812,-0.21364650000785917,-0.19100418638438682,-0.18567051782811939,-0.23156019615187481,-0.23361205973724053,-0.2244853860114655,-0.1834267634563997,-0.18382235787782272,-0.2513240589568074,-0.27399207185529817,-0.22954127980349825,-0.11703286802284042,0.0031903524671009122,0.00534727365836813,-0.025511990464212708,-0.024425993675241026,0.008812254379503464,0.039031357534331186,0.07223512262961779,0.05054982424371875,-0.01686631182564938,-0.0025336815769647046,0.009635515125855839,0.0871315841357478,0.15483335753699473,0.26275723700982473,0.32277914030831245,0.3204477695602709,0.29044123319829074,0.23864537167034264,0.2601500729700865,0.2618610660520844,0.20229421791077032,0.07605094235385297,0.03960005337362686,0.038938524459350775,-0.011133399627421754,-0.05469400616552268,-0.06428653585372046,-0.11218616285635125,-0.1419008921086151,-0.08232890333536189,-0.017687114326865216,0.08916594552755265,0.12473876648358369,0.047216358358295046,-0.026274111514503838,-0.07029576859312776,-0.09547921456323781,-0.10500725097737505,-0.10122457136325823,-0.07343994570243381,0.005728886021676299,-0.028245228989212195,-0.02605410465202969,-0.022373538715474633,-0.014631644237181048,0.02289126252726927,0.02727370236861358,0.06980733876105699,0.08703971344447713,0.09021585794352308,0.12708887462980517,0.11539218309052089,0.09731507978011093,0.07368002795033732,0.0716435706827214,0.056499301928175504,0.039781860476944715,0.013662537557947512,0.011180846256578496,-0.021051292103984,-0.02561764765367527,-0.03539333008509779,-0.05450225934994565,-0.08138377362237616,-0.07297725047237302,-0.06986267828713008,-0.053943147062766816,-0.025049014559441387,-0.0036610481860435066
stat_179,0.42069849594192843,0.46004126676530427,0.48420532178403786,0.4938723555958854,-0.09846973200455579,0.2256762926863456,-0.09457894509846902,-0.095834767349091,-0.09730334377709193,-0.09903786948718514,-0.10136647332974047,-0.10333241959158497,-0.10646385671250344,-0.11007235630030679,-0.10914351270474743,-0.1110897521700007,-0.1141760278764483,-0.11433480185632929,-0.11641109410709008,-0.12130189823714159,-0.1273321255034527,-0.13472958322095832,-0.1405310915296922,-0.1438858485264679,-0.15285831714013248,-0.15811808459942328,-0.15800189506247492,-0.16240609547381463,-0.16023963582903758,-0.15711319735574056,-0.15086301516551123,-0.1493178714715248,-0.14377233886631263,-0.1275791522438259,-0.08583178464880574,-0.0720850342595103,-0.035534062941241194,-0.07360481126462518,-0.10736475457344785,-0.14124755597292277,-0.15991931578218713,-0.2302002326402988,-0.3076299899873145,-0.3825371801081223,-0.404162913537699,-0.39882134782793816,-0.37165436697036813,-0.3474803034297202,-0.3607525512533457,-0.3788857935591517,-0.36924253847008154,-0.3392967557134438,-0.3350210310931801,-0.25810881768369337,-0.1656536484076489,-0.07671744842628037,0.05619577950895939,0.12707816680006542,0.18013626909426772,0.19120272564364027,0.31320445466370916,0.4600728438221836,0.5951448254251869,0.6133292011065131,0.6144733732065952,0.6392603745561942,0.6600695758029728,0.707128144739865,0.7120620802633898,0.6854388293587755,0.665185470772967,0.6368373749869618,0.6151957774468947,0.575365692710281,0.5209841567023525,0.5227343722482268,0.5272510077597445,0.4939592391989399,0.42989943639323663,0.3445462044108866,0.3034763212704981,0.28157892650096283,0.289660237748561,0.3158531048613717,0.3275577780369813,0.29994683798897803,0.2749028544074312,0.28289438120684285,0.29697624729745353,0.21487161601686333,0.29684747849893933,0.29645524750207464,0.296366519049606,0.30266056595456103,0.2978253785559088,0.3020620529161367,0.32023189692316506,0.3303849500715688,0.339076050091392,0.35224789670308576,0.34369820499267445,0.33211440906682893,0.3273244471196179,0.3262976488586556,0.3203123087131752,0.3147779600867397,0.2771046279575489,0.27382260397184166,0.24926037875200355,0.24174671027986722,0.21870467907520155,0.1960431662973568,0.18140997868963657,0.19231987633479447,0.19424409588113487,0.1933764557621494,0.20669092850102097,0.21128811857260188
stat_18,-1.7393444924384718,-0.8952474397684801,0.1620044107666511,0.014641883042752098,-0.8766495345800132,-0.6027039990838534,-0.8661825923633892,-0.8660674458923389,-0.8674653479277283,-0.8688238534578223,-0.8710063659349283,-0.8758876069286217,-0.8807232314732523,-0.8833174083250267,-0.8832272268359976,-0.8873330494900445,-0.8944057847794777,-0.8949014932477192,-0.8974870960869266,-0.9001566743561648,-0.9035545438649163,-0.9124758098733401,-0.9188112684148876,-0.9247117003825143,-0.929886903308399,-0.9402375001084897,-0.9436234061857981,-0.9463887314621948,-0.9668799979917136,-0.9996492801931978,-1.0321436834925404,-1.0344826315974711,-1.0899652873896981,-1.1072147128667313,-1.0927732583495595,-1.095594918782554,-1.0745498553037254,-1.0458290248868325,-1.0040705918733646,-0.9647348592064132,-0.9616170283945602,-0.9568982676333431,-0.9167059492633742,-0.9039513637626002,-0.892291434380752,-0.8842523748963709,-0.9103363178767245,-0.9409909873318455,-0.8866502451161479,-0.8712217113735934,-0.8548552040559936,-0.8100610965897164,-0.8027424947645984,-0.7130437578901283,-0.6780783668477262,-0.6523128019800877,-0.579348538505178,-0.5209621076494916,-0.470156993802922,-0.456668080605359,-0.4281763681726457,-0.37493252053142134,-0.3530530868646121,-0.315156466874309,-0.31050391804029653,-0.23233349733309056,-0.1777619183036678,-0.1490115155648971,-0.14728348558591886,-0.17442461806917312,-0.18766719646602503,-0.2023481211720528,-0.2122593490781155,-0.19636248490105226,-0.18675159767494265,-0.182300882413717,-0.1852024833540271,-0.16923460660996822,-0.08639115459213756,-0.058356535383947375,-0.01570977464139007,0.028853000427276353,0.06723331470655594,0.0922476735492429,0.0993907338150562,0.14957388216516013,0.14570217426755555,0.11780500329228037,0.1267126798762259,-0.047543128243878366,0.15803056151490102,0.155789821429703,0.15056879650075086,0.1456488426258102,0.14532259281574944,0.14483695039538041,0.1184937551851233,0.11072552537172427,0.10639700515532315,0.08738532035857471,0.09428589816580053,0.08922578951523391,0.060263803931778916,0.05157383921933736,-0.002962388166606175,-0.013755561623521137,-0.010098635361462209,-0.011130229469835579,-0.014678200972820868,-0.035174944113437724,-0.04150866591248982,-0.03789558996905538,-0.010772359438904823,-0.005122620727481325,-0.002879546865601906,-0.003226206291831781,-0.012420255129130345,-0.04562746352185689
stat_180,-0.4042018244500773,-0.33046274351703353,-0.7315825743299086,-0.2980843488164634,0.1295801317609245,-0.18430860470973104,0.1814548857050416,0.17867373049332744,0.16122185733374095,0.1369966690456544,0.1109614194453502,0.09963692415685323,0.10693061470942167,0.12452882107218484,0.14774412388779812,0.17312380630134216,0.20133460000259584,0.20378803887675856,0.23034750297651688,0.23949286949078444,0.23926902049377563,0.23542545752566219,0.20407486067101283,0.14388741013813539,0.09317880058043393,0.06061821356877449,0.046268048378141115,0.042389930809560904,0.06265701746725684,0.10793941198737338,0.16979984720135424,0.17339746397334857,0.22090444222680955,0.2402503184724351,0.23554052981076967,0.23403441304517622,0.2268619524708464,0.23212433765469237,0.22253943256915212,0.21062792256000948,0.2015015839325019,0.19661513372593337,0.17872436138113498,0.1366066041958113,0.1179046605015624,0.11094628570157511,0.10153761420725478,0.07660117696697805,0.03566299809297109,0.005688613253143326,-0.0224306628828596,-0.04363506138559755,-0.04447856340384744,-0.05953890293509912,-0.05124286785404192,-0.05107926983099525,-0.09030304929273641,-0.08976216063604234,-0.06979783748318724,-0.05647368056979799,-0.01655976239262699,0.012848129578776764,0.027675122628991612,0.021110935955018898,0.020025149502982977,-0.030484571640208454,-0.09471933544355995,-0.13034477447018258,-0.1266892501406207,-0.1485210202037521,-0.1808339194152152,-0.19032501858273798,-0.21376048571936485,-0.2294919858420428,-0.23417008985798535,-0.23345559332679014,-0.2249559362345186,-0.22621546847517784,-0.24137128423778137,-0.28741629224415904,-0.30501157359399134,-0.3341047120755018,-0.33440797374575154,-0.31141631610880544,-0.29812209406866047,-0.26971240002835445,-0.23970139832086165,-0.2257194393045784,-0.23497841124351773,-0.29432669506519554,-0.26018760745151526,-0.26640779671517656,-0.28627479235435876,-0.3021019297165052,-0.29840367428750236,-0.29626912144972334,-0.2908999201275905,-0.28159157395506196,-0.28202170630474993,-0.2682810214268468,-0.25820304118487575,-0.24363191369881396,-0.23228099640101954,-0.23538841856785217,-0.2309366418536722,-0.2322863968408423,-0.2311444482533443,-0.23473717590394583,-0.23625922698245339,-0.2472953035209077,-0.25476117528430237,-0.25983396278285353,-0.2665161187290359,-0.2781370160934918,-0.2765037777211418,-0.28426242598995694,-0.2854226459134887,-0.291255924440002
stat_182,-0.12060666691137094,-0.20016536995317633,-0.10294281131681554,-0.23616017313972684,0.1341316511063802,0.05660853757459675,0.15317396760375898,0.15447599125066053,0.1556321293439153,0.1577920671311046,0.16093228734022386,0.16485310088185953,0.16783145032105273,0.1702656548863917,0.17696506581147414,0.18477246298819408,0.20079500182721505,0.20211482388854538,0.2257763858173277,0.2531402985409851,0.2812883251456774,0.28207460489139297,0.29444544695712543,0.2852601669200461,0.2957769502835589,0.3631548500550831,0.40006945745624556,0.4606078696519778,0.5838047313547831,0.5345725531893278,0.4444722593581969,0.4372878633063014,0.38535998138722993,0.31023450828517507,0.23907949069353782,0.19023436690558526,0.14100220688059928,0.09325952098654725,0.08404442002101666,0.03830770598023323,0.00017069785331026764,-0.06729752179999103,-0.0697886129116788,-0.019121445294149386,0.040507558431323754,0.06351145614834548,0.014905632966244163,0.05501270281490858,0.024274389236329588,-0.012739478653754388,-0.04915476036218203,-0.04409405202474989,-0.04643719123344673,-0.044072276927085985,0.01445294012674301,0.04475459441886657,0.054944379928031556,0.061571910990157776,0.06414497334248197,0.07257018797228902,0.1132433001614986,0.11921514426809109,0.08986282620532261,0.048521806741524995,0.05533285499621675,0.07828459149364321,0.04239570286441474,-0.004813186902834429,-0.004921439698117866,-0.016276261781856222,-0.02855559219632671,0.00726627809222835,0.026166214431318925,0.012138006903408891,0.028181824400613283,0.029812001723464206,0.02792933800200552,0.04166373396779755,0.05512748855024883,0.046568352682935,0.05059539465797087,0.07251288677954988,0.04281113750899743,0.005774601611948241,-0.011812459748697823,-0.032560344062632564,-0.04527356520140943,-0.015685894699739873,-0.002729141345741912,0.08431424542957931,0.01048241755308469,0.007805640777952674,0.03078084446583399,0.06738841757332167,0.06900817643359393,0.0648046356868572,0.05264621434003682,0.04764870897141716,0.04544013848863131,0.04944361855172233,0.050513515612647664,0.02834253666103236,0.022474102470464687,0.023020576106630882,0.051130646424539815,0.06803885195500933,0.08543403123277837,0.08535659643713246,0.08930944327007517,0.08347162681386548,0.07407109879905513,0.07857317805085125,0.08531995720086684,0.09074144604724117,0.0906231417316478,0.106839730750194,0.091463154434432,0.0909684109848047
stat_184,0.40521768291892046,0.3161222828799512,0.15249883252721294,0.08794662789739809,0.1786080758584944,-0.11618533402870945,0.1898882199681236,0.19657175305861982,0.19364436807295832,0.17673218087602124,0.1662635174970463,0.16471292963788317,0.16860281845402278,0.1821092125099563,0.19760848296521358,0.21524853520360016,0.21834789943474484,0.2188514848952193,0.2331989391551714,0.2517673805238269,0.25832153883227504,0.2878588777621305,0.2583417602284258,0.23851823233854272,0.23212495964116367,0.21647429861058834,0.21383790843850328,0.21980233657901418,0.23088883191503398,0.2494542055175236,0.34556006412022927,0.35208345723573053,0.3616173324986402,0.3743350625464686,0.4090753707545127,0.4710386246344242,0.4504973871045112,0.4335686456703912,0.45818190775760814,0.4938366777570288,0.4483378428472418,0.4415194012844833,0.3595753139383524,0.2516757623376002,0.16219228289969892,0.11050781261204844,0.04294033038340718,-0.05981104700275999,-0.19235372683332141,-0.23769323452413832,-0.2623235229011968,-0.2781189083654836,-0.28017389332805487,-0.30218580997668637,-0.3188389199714245,-0.3310741353868333,-0.2910270195776799,-0.2125287354519706,-0.20484676615718284,-0.19775821370192995,-0.19602144456336348,-0.1826050147426912,-0.14453361468225784,-0.14349125999430884,-0.14325216518171388,-0.12409544129479098,-0.06022481425730939,-0.020846561608949682,-0.023209453301289967,-0.07849063353269543,-0.13350542044935823,-0.15004651788392454,-0.163433770605203,-0.22427454092793833,-0.30765772194053365,-0.31400123779622946,-0.3222750718280173,-0.3072602003848244,-0.2947571437960203,-0.35279241955776736,-0.3899095682895708,-0.4269941938256902,-0.4408914512635785,-0.4720124576172629,-0.5218578368352321,-0.49854280657974465,-0.4418838777518215,-0.3879304705541697,-0.34998026725655657,-0.36562482368440974,-0.4091102214270544,-0.4140746224673135,-0.4274876388101197,-0.3755376323454072,-0.3263559234210021,-0.3261461397132729,-0.3512976165324931,-0.4131625930635779,-0.44475851984600584,-0.49476184994308503,-0.4779317231733223,-0.46995876580433465,-0.484989692479768,-0.49189983893939526,-0.5201406847032578,-0.48211132813709967,-0.43010984841464683,-0.4294516074504272,-0.42509354292424645,-0.41764524151998417,-0.42011292969040726,-0.4158635459443488,-0.41530860870991837,-0.39147285268356585,-0.3878142466214122,-0.36036294247032546,-0.35006143671037876,-0.35013950112017717
stat_187,0.2818175553885993,0.16059486796132316,0.17931234367258606,1.8648664507885937e-05,0.20015792481839104,0.13321489555903668,0.20851705881714894,0.20809467444413485,0.20835458709803503,0.20848432520142018,0.20931791411648085,0.2114131515876601,0.21517413793930062,0.2194659238841581,0.21005092162792227,0.20592058953767967,0.20483352576342057,0.20479274206114312,0.20280085852789057,0.20198053851810083,0.19855517719674975,0.19993017209970332,0.20904615798062723,0.220444315567454,0.224087569757382,0.2356117336326269,0.23724439463360186,0.24619305126949698,0.2544044428693241,0.26863419460949706,0.27985990589626836,0.28107540233952794,0.3038987795070349,0.3372160198847019,0.367211916473022,0.38363125388929337,0.4056142220994264,0.43643791985664265,0.44636463435767143,0.46338612169727356,0.4399684908954345,0.36779904851758105,0.34021897591112454,0.3446464315422792,0.35619664620025054,0.32789026421345807,0.28416878773842696,0.21393936770239608,0.15711219274162225,0.16197292031422159,0.19245979805375907,0.1906671801628173,0.1908258166740935,0.18571086149049776,0.14832474907396118,0.11557865800696608,0.10005288347327924,0.12566351732179315,0.2051758279362497,0.22642284839708934,0.28081036602795606,0.32393531377767704,0.3442366499128744,0.33525679021817456,0.32974524810500927,0.3320336153400446,0.3321915370402656,0.2779505450793431,0.2746084452584311,0.2255763656144185,0.2175223025637477,0.20020330105601622,0.24920092063880558,0.2936091761612728,0.26134035295408975,0.25038043909630403,0.19740038158729123,0.23948681686463943,0.2844349492658793,0.32534882330756076,0.4063777106125452,0.437446598974153,0.36416823927290076,0.30086636334392347,0.24577725409018977,0.23254963108558369,0.261365437469258,0.21916974834217792,0.19819934782113882,0.3196363994358528,0.18623675503345682,0.1867744477765118,0.19961154071791876,0.21809673373216193,0.30213514422532284,0.40812022027643474,0.5660028306151016,0.653088381526383,0.6787992118899397,0.749047841117555,0.7778967560207329,0.7983248531527438,0.7933921614289583,0.7892414743285854,0.7595869803143521,0.7037781954367897,0.6507401039535287,0.6469103028991151,0.6081666120899534,0.5740840632896339,0.5372137220053441,0.5101846546301863,0.47079665891499034,0.4291353677226571,0.42389423527429804,0.3824322088342364,0.3684024490989991,0.35020731302501984
stat_189,-0.11090132856074482,-0.2234313004417275,-0.3031129952635571,-0.24384645892538379,0.09772860185883994,0.059189255813432255,0.10522217291377436,0.10593575937843784,0.10634031158476674,0.10558692919516764,0.10472028323842023,0.10488947878146129,0.10758067988518699,0.11478227296726498,0.11708794131358813,0.11945638881341214,0.11965483837865389,0.11946546979837529,0.11960240618363714,0.12933709886232347,0.1336161490722757,0.12850657252987702,0.13646452015783841,0.16094181588918052,0.16417833061895293,0.170169908313565,0.1914030130657476,0.20163210307339172,0.2109795085096521,0.19462814184738517,0.21074291301919698,0.21047621891775142,0.20616763821407139,0.1988974602569179,0.18979558352755024,0.1672915013116369,0.12616449939526045,0.07784113061131434,0.08605844178320707,0.11132097463694357,0.10055975774891043,0.0640693200294768,0.06608658560369103,0.08475801590050891,0.05076857765208275,0.017484698971149855,0.007518443303015897,0.034699032742353815,0.0331540849157614,0.016697238329373722,0.06796114347868518,0.08891857436066392,0.08901374635221795,0.07659078304903538,0.06102061585331253,0.06249762175631524,0.07934327684577892,0.07816039573697303,0.08185794419795196,0.0753150692840374,0.023360253254551946,-0.021693270850635334,-0.025269216872322624,-0.04517183987526349,-0.04884854439366796,-0.08180151138146238,-0.09894002519233251,-0.12743991460251905,-0.13657799638261156,-0.1620869637923059,-0.15969844553633106,-0.1523497210329027,-0.1460624940146375,-0.1388787157878004,-0.11899060198861564,-0.11442669144418509,-0.10590920503186453,-0.07172094902989637,-0.08115348564314168,-0.0611944864593977,-0.052614442985636216,-0.03845755782048926,-0.05022754657411507,-0.05440481308897772,-0.06109376466088926,-0.05761186397698571,-0.07768843012773309,-0.07515198876256855,-0.06012485342953282,-0.07621857620551636,-0.03794951325684134,-0.036232785723542396,-0.013667702087351017,-0.01015788267187828,0.0051478118206252236,0.010325773131387392,0.015124144775140815,0.01583912514164783,0.01653469450641927,0.018396864509886448,0.005555501988339362,-0.0034780582217114253,-0.007935179216338283,-0.007825844024022338,-0.018594888037351064,-0.039047900385577,-0.06483633374114736,-0.06652504238234054,-0.07987090557115858,-0.08198001806550141,-0.08528222776610035,-0.07740700462030047,-0.07334757551337512,-0.06783364574328132,-0.06637977355297227,-0.059678935551032715,-0.05952890230568014,-0.06817801123902681
stat_191,1.3609287157523031,0.950466486642959,0.3192796868542815,0.3545855106244964,0.443881914489586,0.292199912340702,0.44763378508449636,0.4485206427435532,0.4494923647899748,0.4511964485536936,0.4509541666365607,0.4532598435112239,0.45592118533093406,0.4583197903320777,0.4672977215263513,0.4694013096284108,0.468424078747993,0.46915699528203114,0.4819421855706815,0.49197307395264067,0.5230311095678861,0.5798509410815407,0.6480982197392549,0.6720606659513939,0.6455539040843357,0.6501253704869386,0.7061402246423544,0.713064711638361,0.6632680770275031,0.6300942456025149,0.6658116876920007,0.6655950906847563,0.7554909413071409,0.8626149308990693,0.788213565192035,0.7351476168713704,0.7092010777131181,0.7029836443010511,0.6191355925841612,0.5439860076123234,0.5461413200530155,0.5934592057360935,0.5639307671529417,0.6064993442940382,0.5707298598059904,0.5766715137091245,0.5705120315258554,0.5041656138045817,0.48010231025665545,0.49039193809337117,0.40551922049621986,0.43214343925772936,0.4379207175327329,0.4804063515204482,0.3898666229375644,0.31969872690642404,0.31709676350259336,0.277637587586776,0.29100856989784757,0.2863474131656244,0.2909223487827139,0.24947006515264167,0.16494230665271453,0.1409157975836796,0.13434089891470782,0.15917837986770786,0.3172394302113008,0.28962865940611354,0.28722659496729114,0.28184618521721494,0.3672911806627335,0.46732528476895235,0.40383614407174057,0.3933726747842373,0.43533059550051484,0.4441451280974885,0.49685194108481123,0.4647867768782058,0.3828793598264482,0.35841160975057085,0.3153235649223174,0.24888032054873777,0.2771515799192728,0.3063028023232013,0.34119839622645237,0.3790684472722858,0.35168545504793186,0.35484133956639935,0.3351390601858841,0.2843101878238402,0.37086362275969026,0.37295992438493253,0.37521767244638426,0.36660220022227624,0.3677226855828287,0.34616575243454717,0.3395855498917427,0.3383873901008643,0.3420297509478741,0.33865538265661527,0.3256087312025166,0.3323521007150436,0.3092671622013234,0.3033448103407546,0.26269199414504407,0.2597137679457791,0.26432591088490576,0.2650882861998543,0.27051868473419555,0.2787631761920626,0.2860155070011522,0.28597516001746154,0.2978371997444512,0.30422752701952177,0.3033300674549236,0.29324974805074056,0.2855000268207166,0.28454606597376203
stat_192,-0.9524329927750054,-0.5731227525684947,0.12516820238921306,-0.005922622171435629,-0.28218906488915496,-0.2956879052194033,-0.2688269856748032,-0.26946994926951934,-0.2679574767085039,-0.2671885654746447,-0.27238770520448863,-0.27832658510568076,-0.28018694789766596,-0.27850713349276435,-0.2756887931267471,-0.2726707426637653,-0.27842407031206845,-0.27896079185689326,-0.28297562505528256,-0.28606266632711946,-0.28886614274465194,-0.3043885573378183,-0.31886724232292757,-0.33055288058413657,-0.3309717897727985,-0.33975991962228375,-0.3306726761152612,-0.326577641061074,-0.31509069543060014,-0.24795294898431156,-0.16545349245753624,-0.16257512664210794,-0.1988438745356526,-0.2621549589676754,-0.25254261946851614,-0.22477490243010423,-0.2137775950217863,-0.21075026598716107,-0.1702101051985821,-0.1847859260372505,-0.23391642767910797,-0.2575937926343421,-0.24565584612676952,-0.17099350250722117,-0.1224006666542508,-0.16990474749657805,-0.2699808310169328,-0.3228130493334631,-0.31545584936110976,-0.307474074654435,-0.31768913178069175,-0.3383270171727891,-0.3426611475724363,-0.43567249136378605,-0.4495748249444271,-0.4759370786660271,-0.5058904909897323,-0.5351248023280178,-0.5335627123263323,-0.5283195751263141,-0.4454166060454713,-0.37663826968309294,-0.3604037431891215,-0.3426453553135921,-0.3431540573084309,-0.3431244930105211,-0.3559271185118114,-0.27099493417128295,-0.26712723920581727,-0.2425554896266647,-0.26960829429115396,-0.3078231157080969,-0.23636118684487326,-0.2050345320327301,-0.1665815867087854,-0.17006189403776778,-0.19597736534734125,-0.25934671201758164,-0.25014525864585335,-0.20924980561046086,-0.19858497329808505,-0.20407286094852595,-0.22612800557189758,-0.23003102944608636,-0.1949168162308657,-0.2228138498917065,-0.22328606415565144,-0.2212229523627408,-0.24419449631823498,-0.1383015659691869,-0.23436225601392685,-0.2328557757142517,-0.20915382659125747,-0.16126466571784687,-0.18897364277397277,-0.1803956786346283,-0.16454746476663057,-0.15262802938111933,-0.15500753352130953,-0.18227623810985155,-0.1696600152952425,-0.1973207541128857,-0.20597694686728366,-0.20352275136332074,-0.14379285455887889,-0.10194698107049095,-0.06878012539108695,-0.06579254447001176,-0.04865378262273403,-0.05785446163139164,-0.06820858546836639,-0.09332653894386585,-0.09215542385113037,-0.08740836538157407,-0.08679342914487208,-0.10447813544966898,-0.14201794241699256,-0.13819283343771604
stat_193,-1.7511015528177243,-0.8166026373183622,0.31576794846658507,0.27779836994078677,-0.8357035037244525,-0.42384519010603067,-0.8225037133826588,-0.8229426505112725,-0.8230232110019694,-0.8220868315103632,-0.8214131877214441,-0.8224533397332132,-0.8258634118570358,-0.8287526115720146,-0.8262461110897409,-0.8171494645715317,-0.8217429395273567,-0.8214741444236315,-0.8258609020863066,-0.8156920220562318,-0.8245998181042236,-0.8425234766256163,-0.8435923989753842,-0.8556654936098261,-0.8829815849899537,-0.8860076919280605,-0.9235061447740263,-0.9730503213445327,-1.031124896960873,-1.0464390501893786,-1.079550987343094,-1.0812465321462743,-1.135121985113886,-1.1889922554655852,-1.1919763076795504,-1.1997997253283919,-1.185765700894404,-1.1616444834168105,-1.1549240779133552,-1.1553382602650557,-1.1349907692039791,-1.099589970026972,-1.0610141686145738,-1.0466469421595395,-1.0028257993741947,-0.9680346116339248,-0.968787453491672,-0.9870970193130798,-0.9218518210920962,-0.9038212593291174,-0.8513120011306657,-0.7736814794272383,-0.7702608930290094,-0.6796546742204831,-0.5906405017973884,-0.6344721123677051,-0.6477668099354787,-0.5650009879106507,-0.5514075486423724,-0.5437287237567753,-0.5530736271509005,-0.5572870138714427,-0.46341635308452106,-0.46289534824274453,-0.47385784650789264,-0.5517336137040567,-0.5780086041575033,-0.5725992367659035,-0.5719238603296796,-0.501083768454083,-0.4678414191033673,-0.44221123275635177,-0.4694925740424963,-0.5176752535086449,-0.5165766433632254,-0.5120057561567772,-0.4515379403467598,-0.44280520438423926,-0.42502068861275316,-0.3747701291135727,-0.3675455992155346,-0.3534278883539209,-0.33440456476643987,-0.31920405280347536,-0.2906211876180371,-0.31489030671319135,-0.30301433522404925,-0.3009738111768593,-0.317677581367379,-0.2674695745141302,-0.33534638368701053,-0.33571495210505964,-0.32554980996369126,-0.2980611324705202,-0.28070864685918545,-0.34062040797863,-0.35601590527839966,-0.3032425194885941,-0.29100489609764574,-0.25160904825468633,-0.251087396338958,-0.24036341697527416,-0.26387791938309413,-0.2682691176664639,-0.2615277632722481,-0.2582138526129645,-0.24218747083300274,-0.24143423232383113,-0.22311528353767535,-0.18650576572400143,-0.1761095499513441,-0.18792114424390816,-0.21861883536511167,-0.23579922598961955,-0.2403760084409005,-0.26442585701500915,-0.24179071822553014,-0.24940019522178528
stat_196,-0.3522236485281075,-0.11827067662299388,-0.21574890691267923,0.12542482109663142,-0.04884629134952254,0.03262654004869336,-0.04324316786467727,-0.04415420257133106,-0.04435851914154986,-0.04348767717750868,-0.040216540442843694,-0.04020981382555879,-0.04281266633792017,-0.04512871813563105,-0.044274604491524344,-0.03934766378004152,-0.0376849050741704,-0.038152076758203195,-0.04057391178023942,-0.04322211770348768,-0.04811572593583176,-0.05378433384006569,-0.063430909196541,-0.06276971458577446,-0.06301627296488295,-0.07308545833675276,-0.09929273424346825,-0.10262288387559494,-0.10576871058755265,-0.11795095724980272,-0.1220386905015805,-0.12286342365948978,-0.1512134140916694,-0.15496140195933508,-0.16514384469296436,-0.15423483354207262,-0.13303896838273094,-0.15956493870966887,-0.1583172035480271,-0.1579098932791597,-0.12675256535355758,-0.06098539330441245,-0.04849506263203928,-0.10209739325836997,-0.13598265806026902,-0.17146551210742436,-0.1758412644491406,-0.12360787177174246,-0.06295815819396956,-0.04636546555168477,-0.06222204745674969,-0.07509638265709366,-0.07421852282929828,-0.0384184566795761,-0.024194142215918653,-0.03721935450003023,-0.04094873362752966,-0.03286992079648378,0.0028575839542624103,0.010429672593818658,0.028087008677879995,0.02220557079820393,0.002761034738168519,-0.05131060675968266,-0.06181906417476378,-0.10572705836204287,-0.12164195057915728,-0.1772258925303025,-0.17795476571004995,-0.17955016499667625,-0.1661647512748825,-0.1545032940421574,-0.1571094240287363,-0.12414934193500565,-0.10249887557803897,-0.101251410451925,-0.08636675790652477,-0.03420889208136307,-0.007970650015098503,0.023776977718148275,0.05597433882705202,0.07418330822463157,0.11324340322519942,0.1463875659050211,0.1466049971682477,0.1075949512995913,0.04572631190816601,0.0011684218528675886,0.018393038467684378,0.09386337944302996,0.0367449375681359,0.033942554862826595,-0.017383492841922515,-0.03533166730625216,-0.040526314873059396,-0.06191088584912719,-0.0535989226653496,-0.03982745236158837,-0.03663304822586821,0.01295221241613792,0.040736205753680976,0.03560033817653106,0.03176179538932857,0.03366306542378448,0.016982869763707227,-0.008506737089754473,-0.013382190438781196,-0.013365256734345944,-0.023922555083901214,-0.030605964871733556,-0.018758562675352846,0.0129828784001522,0.035649307079811995,0.06535519177637557,0.06790232709118815,0.07820192718055081,0.08426977639014992,0.10340858787334628
stat_197,1.3611253628735673,0.8604394004058182,0.2179133359769414,0.22967766849178725,0.4292451428965902,0.48999888183249823,0.21413657416346524,0.2141520308913315,0.21423688760237017,0.21413142008067082,0.21374505569776026,0.21263987993995323,0.21123354193770127,0.2087982643223479,0.2108989284679837,0.21006459145917214,0.2088613594451049,0.20872570218346123,0.20622334472680573,0.20546541439100463,0.20608348677870336,0.2074838377602388,0.20649991051836744,0.20428799683944407,0.20130459685440916,0.1974973603117695,0.19412058819515426,0.19331648877243598,0.1935919441479013,0.18756245950978773,0.18022889560283875,0.18043879354304385,0.18320302939697863,0.19509305037561786,0.22140721548336745,0.21459983013886286,0.2396165043737859,0.29001721246692175,0.2963804195598999,0.2755390227544662,0.2459615876428411,0.2656159341207788,0.27754356892805004,0.2508307654655627,0.2868607571057224,0.3025028074452259,0.3160694199588871,0.35221982824613923,0.39066560500598596,0.26246406991663257,0.18306636595097897,0.2318229150931924,0.23544239634060166,0.3316913947251221,0.42826279555480523,0.48083562742624686,0.4584333773687678,0.3199283997603826,0.19380120249069446,0.1539792460564952,0.05872545580449365,-0.0018719454035015526,0.04346469334350804,0.09872469510510369,0.10718026501313765,0.22425575432471662,0.3556269252777588,0.4421983246671755,0.44680230896155326,0.4303234273283645,0.39085868444416644,0.48516980962489187,0.5591895235120553,0.6431684868289668,0.7247373424099548,0.7336823358986719,0.826135355807066,0.9313425650960087,0.9880569268384657,1.018821394946011,1.0610722462627131,1.0072505381593522,0.8499322640039317,0.7256543061105286,0.6460725426706555,0.6023852286068532,0.5764245093515599,0.554332021731913,0.5349334577885994,0.507055560906773,0.5282517422403942,0.5285758030747457,0.5293152464649463,0.549380482327122,0.5648817360943962,0.5810548837177374,0.5779718500308884,0.571441716747121,0.5686000384420896,0.5563107454593781,0.550039076209276,0.5388882473472121,0.5399821969861857,0.5427408869480075,0.5544582367128259,0.5384816461723857,0.5279769527917698,0.5281630876291118,0.5347049029485685,0.5463488914121765,0.5537707492459627,0.5381577286683237,0.5318305126006201,0.5283182934702031,0.5265971348148576,0.5277130012220306,0.534680680976425,0.5236277334219549
stat_199,0.3214523772601157,0.3159415566072246,0.15779754614493338,0.2568055835132586,-0.0565759857065111,0.07848329230283983,-0.051605867564224216,-0.05213550511220105,-0.0524512138705967,-0.051982312497527834,-0.05052140314755948,-0.05223322017505939,-0.05376842150883163,-0.053591377940396895,-0.055497341656900595,-0.05576285170468573,-0.05849627626935542,-0.05866704400495969,-0.05940216165371751,-0.05676756659976494,-0.056130042054943104,-0.05382599138077962,-0.05302463854613977,-0.056600889144190855,-0.05277057416748974,-0.057756139064791996,-0.0669738087639714,-0.0757504088797104,-0.07666099793334674,-0.09293238862660909,-0.09701694381096185,-0.09824603321055071,-0.08865999479929754,-0.073281719574364,-0.094927653246978,-0.07894422558328605,-0.11200655809684659,-0.11930869006725722,-0.05114486727277577,-0.07152659214349458,-0.0324292327350644,-0.008655252356404292,0.06264258652279693,0.1274182101825917,0.053878763432418195,-0.00283575090038931,-0.02363152594236677,-0.010563504712047459,-0.009578031550595844,-0.005478467152912872,0.06657232334227386,0.029987785800438094,0.024825470501743538,-0.0594685219866201,-0.05561347029484312,-0.0836556075589268,-0.08146855290263874,-0.10037603635766187,-0.11349307005502901,-0.10465343001958526,-0.02893880492679268,-0.03259601625680832,-0.039215332993900016,-0.0711155767860895,-0.07408765407834737,-0.0968895658557545,-0.061604931398543915,-0.0017794416855537497,-0.0007783873606030369,-0.032713399824838375,0.013172206823207475,0.11276103874262593,0.23516881481915536,0.31489545583556394,0.4060704298713168,0.4226892211853201,0.521272816948024,0.49365138259826463,0.4501548518815739,0.4352813556145231,0.3106252746541091,0.21585375140222876,0.16342008405342315,0.1537748611572062,0.15617832415744934,0.13881583522015617,0.15046668520254414,0.14032678838744203,0.14083937543757438,0.029669214980984026,0.11548438111799995,0.11707286454481614,0.04699781598957901,0.02288221685374387,0.05681163523562381,0.0735975778813724,0.05858464052849195,0.05298722441145499,0.07090245309700348,0.0802863040870659,0.06075737629846129,0.05562509547795323,0.07262385575240567,0.07827540814409488,0.09324153244143912,0.10932138003956104,0.09250846213130819,0.0934565597909607,0.08845183111758771,0.06462108460012589,0.060182447882362475,0.048598550163393796,0.04021336823549423,0.031169118576467494,0.02976523807096987,0.018681750168273635,0.03287769640134876,0.03522285269364779
stat_20,0.039822737144602334,0.28288832866596336,0.3062680872683474,0.4103049452511355,-0.09381769914758822,-0.09072936286635848,-0.08952213210824475,-0.09017281782013366,-0.0908705051060291,-0.09150732705330755,-0.0921824269571538,-0.09236453774250161,-0.09411922991197212,-0.09462443946673109,-0.0969870201217203,-0.102083453404662,-0.10671080818680427,-0.107103974206526,-0.10725366104320795,-0.11214601370429483,-0.12124551510176754,-0.13026053208909033,-0.136063558319649,-0.1459295500563324,-0.14959314335730262,-0.15034506492097405,-0.1441818853008187,-0.11274712616350291,-0.12254358900270151,-0.1574436827688908,-0.1639191347097736,-0.16194547545297502,-0.14478823210042477,-0.12003483792650084,-0.1324719164415881,-0.10350053336951875,-0.05601324158515492,-0.08076277401966876,-0.06850853295916126,-0.02062057092418758,0.008123945882321392,-0.06244067863797718,-0.08986294521305294,-0.1415390781185757,-0.15338384421049198,-0.163857364850306,-0.20091244100909222,-0.1931670085205029,-0.1897334421181618,-0.20129241862828154,-0.12022403476085325,-0.04309165608746016,-0.040929525435752144,-0.01468273300450192,0.12600409625808248,0.11020653142309372,0.06607487965418048,0.02879665456071638,-0.004941473913865079,-0.01839259606207459,-0.035421535454361205,-0.046958019178793775,-0.02975156073218532,-0.03810411543545095,-0.038540487402827464,-0.052816349727879956,-0.07686969587226047,-0.07911587271567379,-0.07573397830891554,-0.05461605263902015,-0.018871734999855394,-0.02553880786246389,-0.022788440293767316,0.037445526343824795,0.05475891278070028,0.0581038984184278,0.11236457930545224,0.14408485639263385,0.1815501172353567,0.15767371998264268,0.16074917757096016,0.14931024995306433,0.11705963861601465,0.13794805005610283,0.17192065403148707,0.17178921182096243,0.07228654834821055,0.0491291650377547,0.06743947830269609,0.0903644959244613,0.06069685540066699,0.06072249409249329,0.07748397088486005,0.08680982218674445,0.09732695131692164,0.08786024035020207,0.07808767674810271,0.09829384787975777,0.10102815852775796,0.10634994404069668,0.06847934930259995,0.0692256874688364,0.06829102102431235,0.06402245261797089,0.06746247111550281,0.07979145085606391,0.06689824395309393,0.06333071247898305,0.03106374122466669,0.029370047015560796,0.04870553964746512,0.04201734907678014,0.04922029679529522,0.03772252078639804,0.04097559707458089,0.05347762708332586,0.06372755436202478,0.0892339769267526
stat_200,0.6352361898505157,0.36212690926291496,-0.21345158004869863,-0.009500321551089886,0.3411186089099134,0.2522113158177831,0.3434703740652568,0.34298629993026775,0.34255758957250093,0.3418587244291371,0.3428072798172552,0.34197453364450886,0.3404405577666602,0.34033074023357346,0.33900677528920714,0.3376481710035956,0.33607327300134443,0.33616722114962877,0.3393451295382613,0.3380659671726276,0.3337144677604343,0.3320817691584645,0.32694337094511905,0.3253200236716823,0.3252811337911119,0.3208159995028149,0.31629554439894647,0.3057796223181166,0.30043237330824535,0.28588967575979124,0.2876296145289104,0.28800300332491546,0.29007106121452647,0.28211436441168747,0.26331478800221425,0.27502676374196444,0.28605695531346226,0.2685025445951191,0.24383216620973022,0.20689762260851885,0.20590122079534615,0.23436918673461654,0.29955824546301335,0.38520383181621604,0.4528874514520332,0.452559110067414,0.4546319420615669,0.4594686099081859,0.4266661857688114,0.3600526426011771,0.2917701574913214,0.29794939693982925,0.30006605757068044,0.31741692801805566,0.3821360228182616,0.3803040632761727,0.41949260402206645,0.43918400112747663,0.4270211466689471,0.416536320762184,0.3867441001947662,0.30820184330380146,0.2757640982475493,0.23134151495403987,0.2181924188617402,0.1204982145043308,0.12223269012450821,0.12873902093349224,0.12867742309997235,0.08099954374761345,0.05851891915497347,0.11569724136174943,0.1372648490502956,0.14798652946908308,0.15253850779682487,0.14766511495970797,0.1493085334652045,0.18668516836032406,0.23102486279436585,0.24339949563530808,0.31302865953425074,0.36285647284297917,0.3654083741410185,0.34776151308129394,0.29558959079794,0.3047128988003738,0.31035385058863774,0.30823987804030273,0.30728436485388244,0.24643893578036527,0.31219468903782627,0.3151890406698972,0.28105592575450583,0.26150455445759935,0.28147173260401276,0.31665777923417815,0.29335847916432656,0.2739790184994368,0.27462812941364995,0.2516960278881524,0.2507455141466931,0.2501324714863527,0.23712047718601725,0.23323257251062518,0.1908014629595161,0.21098674225383557,0.23194453358193035,0.23352756133101799,0.22621922333780609,0.2224820686894815,0.216476809377079,0.21544415660997113,0.22029116491943138,0.23293411750672577,0.2354254403142187,0.23846978413644962,0.20843724261571014,0.23997788126920758
stat_201,0.9738287485993726,0.43582543474020585,0.04027648433102663,-0.06480397389201441,0.43180823019190806,0.48835728341865725,0.4409200812557984,0.4405410767031399,0.43922059639377237,0.43972300488027777,0.4403865451499644,0.4386375448029126,0.436289649178754,0.4355789860456919,0.43651826939437394,0.436575151606842,0.4316381965614925,0.43149407097306175,0.4277075764061604,0.4260720507601995,0.42948389655552655,0.4295935190630849,0.42378848463693924,0.4273239832938352,0.42128972305617995,0.41576701585988013,0.4100525110438001,0.4037479592313102,0.39614140420308275,0.3826433448007947,0.37178970317218263,0.3705040931185999,0.3605384718980402,0.34725793035561653,0.32776801671151923,0.3054709681240984,0.2853908062774531,0.268153481594336,0.25829678321606525,0.24267222111526052,0.21291380849377378,0.20243871368201086,0.2517575754276061,0.2528499612287818,0.23049309081282912,0.21312963978360486,0.24655882171593382,0.31433964543446197,0.3328012331176347,0.3253090195475127,0.36361990237204445,0.46886586894528504,0.4734639303592932,0.473393461367123,0.47960663910275236,0.516555848415633,0.5967669757764464,0.5876093078727384,0.6129398467379394,0.6279890512312875,0.6829481771635777,0.7184253597284813,0.7626116064732722,0.7409022608587627,0.7293528600202521,0.6719577293573522,0.6984880270811564,0.7470928549664245,0.7498067194587639,0.7446592633738194,0.7076559807696975,0.7456279219635508,0.7779889097143082,0.7676237671997134,0.673073337233741,0.6611013716517515,0.6244463816371324,0.5934639447330213,0.6910151823463445,0.6955408773924582,0.6350684311842528,0.5412868260161355,0.48440325518057875,0.3790918261336145,0.2354083459626255,0.19034752284433343,0.20188330115773861,0.18672427079176887,0.14565065861010315,0.318285230070193,0.06410058907989741,0.05999915359512754,0.03489543290741696,0.10576908441660302,0.1255220907576573,0.1594379619404993,0.226392642060955,0.26574370068342923,0.2707716256960821,0.255440346345313,0.235505014903092,0.23103918367645004,0.19935880843910098,0.19341051086526195,0.16752462335719695,0.1765670651143273,0.17618063929545127,0.17545528675790856,0.1640356641874828,0.16555185124587848,0.20578766882891358,0.2726244927783664,0.3103275580496824,0.31748776615862023,0.3193288936199193,0.3167813870110972,0.2517637610567529,0.29188570025578314
stat_202,-0.6902355068111224,-0.2840681882788185,0.25959045499612626,0.15252003051710067,-0.3771656976747131,-0.18456151445542696,-0.3616562484044706,-0.3620650120509543,-0.3625722323119094,-0.3634932362478031,-0.3644393821263491,-0.36609461700937845,-0.3665811432723002,-0.36674304879744524,-0.36714047532121047,-0.3722585541158484,-0.3756988853028971,-0.3753396975836682,-0.37531661605686045,-0.3768617875996867,-0.3750690770480996,-0.3733753166346473,-0.3775403099576773,-0.3775477186897704,-0.38544202928222054,-0.3899961660695315,-0.3968160286941737,-0.41717317344420396,-0.41988128916891854,-0.43957985737685795,-0.48174791672779294,-0.48510053993237584,-0.5308973688457103,-0.5712627203429214,-0.576760253521545,-0.5520948953943985,-0.545154168642841,-0.5329587744855213,-0.49950918522873045,-0.4780696855253709,-0.4212283696830439,-0.37769278409969637,-0.38702130956913317,-0.3550649970033324,-0.3657139554542593,-0.3491008257559882,-0.3223144095073167,-0.35132293700901823,-0.3790740739630016,-0.3322238879570239,-0.2691529555078941,-0.2311369526683815,-0.22916211160278713,-0.1634038322441479,-0.14165245893706216,-0.1190048098610526,-0.14726956505488223,-0.1884970475887954,-0.1674768978460539,-0.16426406386107648,-0.15329513904215608,-0.15249413822323987,-0.18203218256991507,-0.2120636180669359,-0.21787777099809247,-0.23347091120451274,-0.24602609087906616,-0.23272391944573034,-0.2356803188729145,-0.1980893085700121,-0.11226789384658743,-0.06062341046004938,-0.05565644344014731,-0.05579650824110462,-0.06788171745737766,-0.06611384749767617,-0.07364856415997037,-0.0601499759082819,-0.02892533206374246,0.0019002446070426487,-0.0327189404965134,-0.0752556606963497,-0.13089145883522665,-0.16414159188988356,-0.16872886299467618,-0.15913794286912647,-0.11502309554303296,-0.06824511171359816,-0.02181264227805041,-0.1241912394989572,0.029218998148283826,0.033051157046436935,0.01784106141750644,-0.03590667089470913,-0.07955411951274864,-0.09904816375238817,-0.10408190109005779,-0.11072445955813158,-0.10725070554174607,-0.08854247167186444,-0.06851115796526763,-0.059896751113729406,-0.07523396871572044,-0.07685696638896082,-0.09387379602642716,-0.09827224620701008,-0.09134636889351945,-0.08895680770176609,-0.07164556118015276,-0.07397227690694504,-0.07813349691947649,-0.06730771660847613,-0.05715382720954079,-0.05174480874225544,-0.055356930638474064,-0.07241833551471731,-0.08552456010475826,-0.10448267768605037
stat_203,-0.14096741384805897,0.033940818873208524,0.06190138194415229,0.1453960521392191,-0.1594838216401278,-0.004314085308977521,-0.15532802644608476,-0.15533982366574342,-0.15602304378701667,-0.15616387155517597,-0.15500660221460363,-0.1576108761034131,-0.16058890533146797,-0.16220647582189152,-0.16463733655900636,-0.16690456764234715,-0.17010685437495665,-0.17022872383499268,-0.16969326549081443,-0.17168951487886785,-0.17990134314000414,-0.1913566698194465,-0.20253524818668484,-0.2072444325551652,-0.21916073783652626,-0.23481143933745105,-0.2533399955775571,-0.2707430425828396,-0.2934018289045097,-0.31575310313911414,-0.33055849129830506,-0.3309624602721998,-0.3499944427979175,-0.3849495777129078,-0.41925115240475375,-0.42624297107823367,-0.43435155428142375,-0.44001194248904346,-0.4358828764598756,-0.38361117507766745,-0.31097434759744674,-0.3157857807467469,-0.31198228143592205,-0.30900594226251427,-0.35631181764908537,-0.3650508575954312,-0.3004422358099683,-0.2300581284109986,-0.11717314353660191,-0.0207128788581345,0.06514983842109238,0.08088074038809168,0.07744942882429022,0.06129577809667632,0.021188813383524855,-0.019281203359974318,0.007466667154788293,-0.015408323812166393,-0.03531251264280737,-0.028480187193525887,-0.0781204476952962,-0.09883271198458174,-0.0627315208190964,-0.05414379386812864,-0.06349192835795187,-0.0629001271826089,-0.009026868211672196,-0.04462132147456182,-0.04412126815816579,-0.029940745759755378,0.082642642287545,0.15261119139096763,0.11928631416946976,0.10053801369401796,0.12545399801578225,0.12844706621137048,0.1537006219293131,0.16959117002331467,0.1978091738417547,0.2040405081443131,0.28491574267951075,0.31943742386375307,0.3782662167571868,0.43213755286023814,0.48866009915041264,0.4829286732547773,0.4216603989438005,0.38246446157930736,0.3963849685035875,0.18226795811866714,0.39982744993047087,0.4018440633193012,0.3731158032504728,0.2977771620607667,0.26482975809897985,0.31705671361820287,0.3477281005782984,0.34811924673843453,0.3560252485514092,0.34675559533034156,0.30820048972593633,0.285643647419374,0.2916689301022345,0.2895104713567186,0.2789932059433765,0.28165198962989596,0.26010456110451097,0.25963793106178445,0.2584243781333874,0.24358772771734774,0.21131996521048232,0.2135452769937563,0.21646126243440772,0.22863660543514494,0.22784285136123736,0.20862377590972156,0.18498615188745737,0.1815372254778391
stat_204,0.12504484820511802,0.07051209193159909,0.35465997098837776,0.1681588550188975,0.024477781790837722,-0.10488399394761351,-0.14234973357297284,-0.14246474458792963,-0.14380875358641776,-0.14429776368037703,-0.14504972217689796,-0.14568206700275468,-0.14641916123913773,-0.1458059242587192,-0.1487628676153838,-0.15143460463002598,-0.1557083238208535,-0.15566546181266752,-0.1578401075098593,-0.1593984242396011,-0.16146579554238458,-0.15855810261806288,-0.1626567389810899,-0.16706412721385824,-0.16406125386985704,-0.1750957320866542,-0.18648892634875777,-0.1918268146407358,-0.1948107914079524,-0.2076307431669703,-0.22806297322919822,-0.2304117772753951,-0.25333645968874524,-0.2556247713769083,-0.2517417949029906,-0.24159163713846385,-0.2569457949133016,-0.26663359619326016,-0.26309937626683,-0.2590756047220219,-0.2774509344041088,-0.269160350823313,-0.24229023188013923,-0.20657863757583572,-0.2191278790734091,-0.20964901901988273,-0.18207609040178102,-0.17095746984282137,-0.13486496787571134,-0.11088247542013963,-0.03697500072642048,0.03144835773793659,0.039149453717152366,0.1009412503383061,0.09538695124053428,0.03537461176193104,-0.021990712358773777,-0.1181539395336721,-0.16104903987106783,-0.15395322533373967,-0.18475036607224676,-0.19324754612797923,-0.1964218355745393,-0.2518167465127001,-0.257106259441973,-0.23228731140771083,-0.27382005127727155,-0.2463437965737755,-0.24574459547096617,-0.2809000627948522,-0.28727188708951157,-0.23415939826139473,-0.19635061039882165,-0.17851748694790565,-0.19636057997476652,-0.2082772157696869,-0.2372168365225573,-0.2267546359116566,-0.23279426113213977,-0.2415325510372698,-0.2761811651207779,-0.3555210878692324,-0.35467826784329254,-0.3675622041382664,-0.38427581209220024,-0.47338565002023186,-0.5739571264028009,-0.6500915762821567,-0.6364915086159229,-0.3113694661953074,-0.6000653205630581,-0.6010790875873089,-0.6412299284382961,-0.7152819144479184,-0.6945497738288093,-0.6076550959974975,-0.47879700423608157,-0.42284814760687933,-0.4169520041434847,-0.43770228697078595,-0.43552002798725664,-0.4811232883269359,-0.539580678620062,-0.5464309503452526,-0.5624010853304751,-0.489135583098846,-0.4321128279762149,-0.43089637669896125,-0.4449985578999623,-0.4036819463672803,-0.346642654225761,-0.36795007158461734,-0.3457375076181776,-0.38695634906164195,-0.3898324878006245,-0.3567174065006184,-0.35129313863147904,-0.3219445986922804
stat_206,0.352080938143926,0.2054854073960602,0.01990509438016212,0.15190152756159966,0.158016860944698,0.11587792557164028,0.16612922302219144,0.1667367585938763,0.16765576658605302,0.1694209832167402,0.17135590359300043,0.1731539064537407,0.17303373221131013,0.17201238506889957,0.17254758307392593,0.1736114528562589,0.17197194010931446,0.17177882938846395,0.17419093063337174,0.18638742714268855,0.2037136139121637,0.22665013370648385,0.2495373928873117,0.2654600642247183,0.2629682679143576,0.24192377455999745,0.24437608093711263,0.2530458023394295,0.24983513746933064,0.2475479118172044,0.23989101202998264,0.2393113214333272,0.2201618117154248,0.22032977603991413,0.21321977880107595,0.2334370930196272,0.27066246561021645,0.28745112553010954,0.31064005285127794,0.2763922589084946,0.22386886053558291,0.2466059354807453,0.22498856421887636,0.16036878703344074,0.07853245838494136,0.05372214989423827,0.08629968031943762,0.1492768384083993,0.1761087248456744,0.1548726080614527,0.16617137447398708,0.1909796987046162,0.19460683057790787,0.27891913543502617,0.37032789701030155,0.41179249502997056,0.3758415080474127,0.3072241516418799,0.27069714287002644,0.2554026470693139,0.20114354129274156,0.12243057119556632,0.04189900718080145,-0.027321786524870592,-0.03988161858057925,-0.14753344422041767,-0.19507472360918532,-0.20673545239069127,-0.20689193561314773,-0.21030745509312226,-0.14827567326487928,-0.04879981466941346,0.0031136070682511955,0.01202009295496549,0.019726687981847034,0.02132122791582863,0.04231189418925748,0.060454155729472575,0.04980025590217698,0.010426120148630397,0.010723420470211667,0.012933302877041431,0.026047866654968575,0.05728199307117239,0.030182396894359906,0.013466383188366501,0.004835172511075014,0.00033957181893676556,-0.010768710158923485,-0.0694839098407785,-0.002588167490483395,-0.0003849081946366363,0.03698229547637173,0.03430087516443125,-0.0015728125551263213,-0.039088008391061906,-0.04798430810136455,-0.023943960403414535,-0.0159814211861042,0.01977294707155627,0.03136060907964558,0.04319937931144354,0.04615131489643217,0.04633918119935182,0.04052974536418865,0.027452313806273686,0.008135293791779186,0.00700476147169852,-0.013930615170446295,-0.03997879907225388,-0.06569446723489071,-0.09006792180151181,-0.10364388750341157,-0.10853815552257587,-0.10864464099179877,-0.09844590504803431,-0.0890629628810819,-0.07971596707253441
stat_207,-1.8024681880721036,-0.8848287576404483,0.46507351041916034,0.2865443182543577,-0.908308820383793,-0.72756874622207,-0.8752988039306534,-0.8723715612860212,-0.8713969705789207,-0.86108162578553,-0.8536354433133967,-0.853819428183782,-0.8487833308662914,-0.8456235692925621,-0.8423863804175978,-0.8423643499117951,-0.8458986984105599,-0.846409598779624,-0.8612428441638237,-0.8649425100423849,-0.8716980072103284,-0.8692246709963186,-0.88732890457772,-0.8905650350737442,-0.9115349639039081,-0.9279554272716195,-0.9447387199862218,-0.9561972578809523,-0.9724177540664292,-0.9835819541529629,-1.015342366836806,-1.016776817005719,-1.0396199479079735,-1.0626153498341206,-1.060916739627469,-1.0971810105360933,-1.0982291936137412,-1.1230490134026598,-1.1207620684432393,-1.0879672739092179,-1.052340887366317,-1.0489515850713977,-1.038974944150453,-0.9989507169297055,-0.9580268118836385,-0.9717858166425558,-0.9017777205522086,-0.874446605306451,-0.8606722695201224,-0.8390974448018259,-0.7784160199573249,-0.7000566616826639,-0.6952712410181688,-0.6460153174587812,-0.5679735874765321,-0.5011797757797086,-0.5489150314726551,-0.5477073965204131,-0.5163868989663045,-0.4990571024776538,-0.46383876381358585,-0.39107674449314384,-0.3429562202189098,-0.29431063649001876,-0.28517695133319637,-0.24960097656358776,-0.24903499458147296,-0.2455168043635542,-0.24465476474203648,-0.2998507493230562,-0.3913054800057001,-0.45896770702660394,-0.3904077008548577,-0.32740414608826013,-0.27349787584679003,-0.2675139203416508,-0.21738609644311307,-0.12931076076186462,-0.13067695226121978,-0.08257523473104354,-0.020793078205801535,-0.031093240602462602,-0.038215362774854614,-0.014893887349154032,-0.04475500102063384,-0.07256553730715753,-0.12213635736888848,-0.16575615900833768,-0.16900267669927493,0.0941374495521308,-0.18641129650800006,-0.18990267963404353,-0.22846934952781192,-0.2094346711974109,-0.15616338418383854,-0.05337067287441712,-0.003277761047190657,-0.009862626556113377,-0.010514928243606739,0.004694334422901455,0.012652632416683516,0.04987784865876419,0.060746230644360945,0.05959997499152939,0.04211112071910464,0.029528976700850435,0.033229835802821975,0.030093719356500424,0.03472468125899328,0.05786938497865273,0.0593815187285752,0.0567613498115491,0.04489243292992573,0.032848330497165346,0.03303621328927964,0.0625678181015308,0.07544257672457647,0.09165479146845897
stat_208,1.2450754809238642,0.6604727929100237,-0.0899927233307622,-0.07857434897366986,0.6460058023859792,0.6212320369614285,0.6454288822373584,0.6451683176623549,0.6449870325689614,0.6449598309902772,0.644965859477209,0.6459529487064768,0.6453611454051044,0.6458362948349324,0.6467980872288634,0.6476094566593661,0.649934792021896,0.650111847862038,0.6545171498784061,0.6585228612834145,0.6583160190246733,0.6698944833528697,0.6822358744533622,0.6838491544492494,0.6875742490293382,0.6796752018166133,0.688226650400626,0.7159121829268213,0.7317761385451986,0.713125146718597,0.7183179876915533,0.7184682689770964,0.7509762029327772,0.7488451348315517,0.784323855278557,0.7865962178980677,0.7977034446432644,0.8485294982119098,0.8657915082620057,0.9205191016879415,0.9493176617958163,0.9344855755839007,0.8491859994506301,0.7481696652223916,0.6381428027992785,0.5785002867433867,0.5864087607904301,0.5577590257608834,0.5394032213074667,0.5566762379130109,0.5671195798784421,0.5740257273318511,0.573399275250881,0.5470911228381212,0.5814664181226855,0.6049481353276527,0.6318763615510572,0.6804761384861354,0.7358741127356836,0.7456391263612248,0.7425810513608397,0.7097684698190325,0.6460957948635568,0.6065542622700115,0.6009713587028557,0.5652489943590936,0.565283051887518,0.5777437402782364,0.5777341256574422,0.5882586701249772,0.5646933260430174,0.5623171190038276,0.5235468843720569,0.5061776670311375,0.4938821096272451,0.48892546881676735,0.4463669730039401,0.4413103434949442,0.47670850365118583,0.5167617603485323,0.5321832689770108,0.5101462216920004,0.4856694551579911,0.4875286547186267,0.4922066028445707,0.49818453223363335,0.49084542655433216,0.49253478563932285,0.4921274055418369,0.3998738523381444,0.49640330307967095,0.49797334103081403,0.5016912472040023,0.49303078005714956,0.48065922781213644,0.4746127169124209,0.4591238731283767,0.45533831652371404,0.4569916515544297,0.44853630912113746,0.4422398884112177,0.4399767209906678,0.4356017297206629,0.43579519077254586,0.4213718213167548,0.4114010588537939,0.4044100071958706,0.4039198204117529,0.4029334847573449,0.4041792817536449,0.41270063923614275,0.4114598341760284,0.42097973363088054,0.4238603181873109,0.4221972299073616,0.4087963086774818,0.39652659999531215,0.3950217808257468
stat_209,1.402665918585254,0.6720088675488027,-0.02658648220252309,-0.08208185276180355,0.7035071691973568,0.42633301316957267,0.7014199193177362,0.701100688982742,0.7016703441118008,0.7002406367433358,0.7001283077469719,0.703406228396973,0.7018137765668168,0.7004684702334315,0.7004206008943862,0.6977347824104312,0.6981518436103991,0.6985259370978228,0.6993057912226127,0.6915387496450586,0.6831776467666619,0.6933196000669182,0.699446177144845,0.7073413624809097,0.7305774848642143,0.7448461825778325,0.7635358183809492,0.7797231861712739,0.825140082310647,0.8714926613977493,0.919157239921992,0.9216940415645222,0.9366402617326878,0.9857341985216024,1.0520301607239362,1.1219862372119105,1.23300832042387,1.2915508260275728,1.283095452064844,1.1783814941093915,1.1223400288013388,1.0246155618953396,0.911537211635965,0.8355701652005328,0.6686101641373765,0.5971243784031908,0.5826169897653476,0.5663048489841573,0.6415691254144459,0.696830359037988,0.6794486450251581,0.6505608862409097,0.6449412503798705,0.6705778545807679,0.7333396938837339,0.7674773330775022,0.737511500322688,0.651813842413558,0.5975210881529278,0.5786666160700348,0.526913516361362,0.46886522687052923,0.5102287232045335,0.5300689374013868,0.5336952862701915,0.53814937992377,0.47072000927489505,0.3374568639503095,0.3279511280097196,0.2900952920059617,0.24884289834251244,0.12594909829118306,0.059501750641906256,0.06951967910545934,0.08868242711078268,0.09533218891213392,0.18993173663420163,0.2734671952534296,0.24159625647278055,0.2084344571882206,0.14193189389459454,0.10490360371830844,0.06959961470245724,0.012593918901610638,-0.05381690275289133,-0.12757706483307954,-0.17104830166675225,-0.22366095078884313,-0.2603399544593708,-0.0640991091676135,-0.26620615367143763,-0.2631753501806847,-0.23621069270023862,-0.2070713276775979,-0.1688590081412515,-0.1302257339138431,-0.1127006009838777,-0.10154884996434443,-0.09748046308513506,-0.09259444294921028,-0.08250616721299293,-0.05179524664189927,-0.03936530934418293,-0.03654262514761043,-0.030529104608714157,-0.014267088883067864,-0.01576591905035742,-0.015504778444158597,-0.025047740058701914,-0.028760827233116865,-0.028850704479132225,-0.03560043735427152,-0.04005096367716311,-0.03343043967758051,-0.03239930845421627,-0.0427850443287981,-0.0472001460552209,-0.053325565937029216
stat_21,-0.43745807685647614,-0.2225736157477657,-0.09817137948009337,0.026166087449186567,-0.15981832428670373,-0.028954560873773034,-0.14679139982742156,-0.1472774088880589,-0.14797335333611347,-0.14838107343706752,-0.14841967418168595,-0.14871221219107983,-0.14962376179649442,-0.1494468563443345,-0.156923586043259,-0.1626094611175821,-0.1693169609408507,-0.16964848781914343,-0.17358032620985955,-0.1792142607443802,-0.18527448575550692,-0.19414251250680328,-0.20498377333541562,-0.21573860421217753,-0.23036220848529296,-0.24416301151222392,-0.2595296717464799,-0.2791856317656301,-0.30911193208122545,-0.34182613478361046,-0.37811560716118997,-0.3798512036259066,-0.40534080808484246,-0.4294699182313641,-0.43868736888712123,-0.43949718090540174,-0.43361223659209286,-0.4302842788206625,-0.42601564273514897,-0.4206916461733287,-0.4108156079969644,-0.38637475241511055,-0.3655927886675818,-0.32542823488834843,-0.2590740897819941,-0.203076712970323,-0.12074452314089867,-0.028181074197676056,0.07338948738734151,0.14772569841168742,0.20422171098282493,0.21781940515263765,0.21722687274389768,0.1824699502606806,0.11283748604826951,0.03479076107213332,-0.0078002797015449925,-0.05909450954288877,-0.08032860128507137,-0.08942766729895471,-0.10901850832885694,-0.12324049970659515,-0.10869207214648247,-0.10884402181040975,-0.11283282491565616,-0.1544058152618776,-0.1585805854338763,-0.1591774768793099,-0.16528242194664064,-0.18233930970329687,-0.17960492697245847,-0.18407156649009332,-0.2163115454083977,-0.23743151211450586,-0.2341876877938005,-0.23112441329162048,-0.2212139975321994,-0.22368227894435763,-0.2491837638445114,-0.26217915891242066,-0.2627901381213159,-0.2729276616569963,-0.2806346442536587,-0.26113261845760016,-0.24865394452052633,-0.2246770394723163,-0.18921328219655825,-0.16416353226111263,-0.14181161389661098,-0.19679681987954717,-0.1339208127139263,-0.13459488638798117,-0.14999268089807374,-0.15233213084685848,-0.13754052831423697,-0.1260997423608319,-0.12739659682570642,-0.12535858483161516,-0.1249449249132757,-0.12648524588086799,-0.12452343253255495,-0.1183167701779558,-0.11633695027561265,-0.11772445230196822,-0.1281945396827509,-0.1356912463938161,-0.13069061430842885,-0.13014811497691176,-0.1257124586931484,-0.12543626142997824,-0.12376120321084295,-0.1305619681315276,-0.13469569879344198,-0.14533615945661282,-0.14780491746159136,-0.16511582891691126,-0.16572019669857646,-0.1812438682976894
stat_210,0.5351234890834605,0.35941548039321686,-0.05773019806372236,0.09590656446580038,0.29594361394188595,0.22715200573875083,0.2996080911243198,0.2985453871366477,0.3014434337939113,0.30414837319625393,0.3052654257192393,0.30864141559847996,0.3124153648236231,0.3024175425819045,0.30926961645647033,0.32541521139187224,0.33673859135402606,0.3368512477999444,0.3371204298352893,0.32571649325058843,0.33295869437860987,0.33561379383343143,0.34567982125854907,0.33385611806676785,0.33950354594448245,0.3647533393260793,0.4031563124360286,0.38273538039254756,0.3534686570248358,0.32989541856013677,0.3467354433473983,0.34787532262035037,0.36531249865082055,0.3083498713493029,0.33233755619221417,0.33328439331155596,0.32142502264032813,0.29044453782117446,0.2899744883772374,0.28548265740161866,0.25336103050045533,0.31010886018160655,0.3516024842886929,0.35499218312378183,0.35211598305024927,0.3963727923126826,0.3435441819067661,0.3237383135351689,0.41889636050115514,0.49502918135034346,0.4365138052982323,0.3475962215178223,0.34420275122362753,0.37368618071261406,0.3799345657402034,0.33737710255429854,0.32399465476746,0.3499145391063688,0.3290626781457935,0.3035223587862906,0.2380599892016785,0.23779059487622906,0.22522372426217757,0.219386928833124,0.21060979547431632,0.18131290816433498,0.14227080015737645,0.14701142125763705,0.14667322164130783,0.13498166624874447,0.19683736170535018,0.2001833623219314,0.22154723632801815,0.23203464041921534,0.3084887435039403,0.3263707889154055,0.3977022673777166,0.4227409525118073,0.45182890720058905,0.5231120528222538,0.5460052804883,0.5499761187686815,0.5317935376541396,0.5420937742614897,0.5238409121370551,0.5663466997855643,0.5400904105319645,0.5409185686089665,0.5099404482948703,0.4466080809098771,0.46279718033840905,0.46075754470554103,0.4850339122599262,0.36440384701252054,0.31922936879814356,0.37126843413637134,0.3981919806736974,0.39505192847767173,0.3734323587371397,0.3356162612995772,0.3221817957729317,0.311813027631899,0.3579563658805675,0.3580109569339545,0.3403817030870831,0.3475256616249652,0.35256973767438915,0.3519420871284165,0.3267101129128862,0.3359844774115223,0.35848066354848646,0.3491269036500749,0.35210776385284265,0.36572284065671073,0.37176814717614093,0.43873285624414926,0.4714217397724686,0.47770240623415916
stat_211,-1.4585425195169948,-0.6672522687854514,0.2790575164209459,0.16367174410305063,-0.7075240093467672,-0.6253719905261264,-0.6872812477085108,-0.6874150934443626,-0.6872935590861529,-0.6863577073609939,-0.6867328601528527,-0.683187528882651,-0.6753899733891386,-0.6595754665476345,-0.6736237325908682,-0.6694292813076764,-0.6770321842332137,-0.6772851691274022,-0.6730352175145615,-0.6741126054302291,-0.6732206954327127,-0.7033434695851994,-0.7123916229662746,-0.722883436359931,-0.7233331406633615,-0.732293452596149,-0.737748061742579,-0.7423022528276015,-0.7434700757271426,-0.7568601243517206,-0.7403192769391577,-0.7379602836988307,-0.6897786448860582,-0.6138808126262053,-0.5349476472173954,-0.4426105866761824,-0.4881710276015454,-0.49127072789895443,-0.5175941263859536,-0.558908225488999,-0.5540792976354155,-0.5986585398538034,-0.6407199074023857,-0.6625629841287004,-0.671555244000427,-0.6965365506950743,-0.6783411935481517,-0.7097493288513879,-0.7130234377956758,-0.6807153481208892,-0.6893532863103313,-0.6692261073363017,-0.6677560650455453,-0.6763128365811292,-0.6449739028770165,-0.6078301303954401,-0.5756112480164745,-0.5937907330240869,-0.6256792858136929,-0.6186500777539413,-0.6197185787369529,-0.6402623346508314,-0.6083249848680052,-0.5643395818208419,-0.5573261128511252,-0.4925069183450585,-0.5475121941225444,-0.5656337749296647,-0.5628833806858183,-0.5436406357535111,-0.4882348183296684,-0.39584026435317116,-0.3460139680458782,-0.3440822754574091,-0.3487914914534168,-0.35257173606650544,-0.3818333084788395,-0.3778261754472327,-0.37667774195101766,-0.35234486221452155,-0.30539768360817743,-0.27381857308487195,-0.2553376815288272,-0.3043447397592697,-0.3652202854625873,-0.36502459941808907,-0.3368859092924622,-0.3335082387309202,-0.3217582920431206,-0.19883871918465854,-0.2921494513918731,-0.2928539357963676,-0.2194299197735811,-0.2100964022432128,-0.18207504102654087,-0.2102727350864019,-0.22531047736447102,-0.21211652623146907,-0.20711577656006452,-0.21762178394137974,-0.1928407155151674,-0.15686363849380525,-0.140733126120664,-0.14656593062010634,-0.1633032089548371,-0.15044699111286156,-0.13484137598598533,-0.13576132687189604,-0.13954739746290418,-0.12085457030908493,-0.10638248007175495,-0.10152997043029359,-0.11404048493597396,-0.11308115106347147,-0.11499048648174068,-0.12851450191837954,-0.141003827515509,-0.1643458191514272
stat_215,0.5071425946023081,0.4550342998057974,0.40921651375690926,0.39116969751690267,0.010528146452940066,0.08281888789824461,0.014794371854232578,0.014045071121124533,0.013154708213497892,0.011553574475574176,0.010514217014512875,0.009566013209597381,0.006529175500723599,0.0038780701085216022,0.006075338406281185,0.005110639909127068,0.001411947407597377,0.0009844442477601547,-0.002989205159089679,-0.0035947996970181187,-0.009589192415428108,-0.012695117074302004,-0.01250168406527095,-0.004804081908703702,-0.006014152999851911,-0.008698818136558303,-0.01915596463024762,-0.028556780672247532,-0.03735666979260924,-0.013769116884954179,-0.024744624687733675,-0.02460862916055287,-0.02163415690915882,-0.013556703386886254,-0.0062053873045749474,0.002438188766278221,0.013165100591269442,0.058491087019788224,0.0691285430031032,0.03232008964688082,0.029997664202457922,0.0949273333351751,0.1657647194319095,0.18072452362099478,0.05214156454430786,-0.03654012341384728,-0.006864338426743105,0.11497132999497416,0.22066181931198714,0.3012720471297267,0.3116351993113051,0.2768683913423087,0.270185539825042,0.22826871458115017,0.15282526759681106,0.08059907972151224,0.073856254166086,0.13241960533660163,0.1842096450988715,0.20284338340374036,0.20824196541798898,0.14229039963841356,0.11889886050311636,0.11359600811845671,0.11288676000164471,0.08732601220541028,0.07504927489686528,0.05420599468467448,0.054854847138346825,0.05419951064179376,0.036767263427685125,0.009861107601336795,0.03223319279247832,0.03371798564043979,0.043439883037890474,0.042427782018076995,0.06440521274784186,0.09571306568123346,0.1628208745774762,0.23768119322175155,0.27925854849757314,0.26440338329393576,0.2257228823046335,0.20958831617452872,0.2113596096404955,0.254775845057769,0.2937218118233135,0.271723633762846,0.236858590385233,0.16562028680955154,0.2181406197365807,0.21875010416086607,0.19538654912739645,0.17128016798568432,0.17660731878980454,0.16383375358993452,0.14630311677268265,0.13140190542316005,0.13567199960397905,0.12556810916610417,0.11012706003365565,0.11789611295996041,0.12819412639123592,0.13199534390540107,0.13361705056477588,0.11000861671438258,0.10988356633324461,0.11011794372440062,0.12093690074169042,0.12916513138259,0.09571345842986236,0.06114220545672966,0.027801664859400166,0.026948590406435585,0.030412609723650477,0.07114408121159776,0.09035800626965543,0.11952319048655359
stat_216,0.6297523283376716,0.28810708003013213,-0.05774723408014466,0.0030913339455729246,0.3485903103342741,0.22304250429178574,0.35210670016205975,0.35181371016424545,0.3512297546672534,0.3506737371255631,0.3495992017907188,0.3500655855502053,0.3485204887248917,0.34736336866768863,0.3462112785377058,0.3478585462578498,0.3471176267457728,0.3469246178593544,0.3472022007937563,0.34669112866374524,0.3505811194789205,0.3542347128103121,0.3539103576237572,0.3585230871010276,0.3634278580974215,0.36451001329279686,0.36622431721478815,0.3620944629713064,0.3675463494598066,0.3635410719214651,0.35929246311186164,0.3610626651007475,0.3892279929269993,0.4053125531454178,0.40162293443104,0.39618745751797646,0.38472856840443376,0.39461105822412196,0.3927637116290199,0.40607322803801743,0.43472165000146756,0.5406261641127154,0.610293852132978,0.5961506476909874,0.5959999811298836,0.5695622854130244,0.5463354216240118,0.42597804053515304,0.31479334338063886,0.2647883954189638,0.28946310254502644,0.3309721825407001,0.3341211140503633,0.35288850357322077,0.3249701330926308,0.34273697421023147,0.36436934611237715,0.3647224444867839,0.3909314132927474,0.40063343472352175,0.41857499890835564,0.4358111066062284,0.37056295155381364,0.3197454414446904,0.3126516169486278,0.30556268104267376,0.27297203577531987,0.294636124573978,0.29362025830079824,0.230285653462838,0.17980300898137208,0.17600183971423047,0.1322781659679965,0.0748937128186696,0.011012279412422991,-0.001333488448002579,-0.05710652952566526,-0.00022383768561665276,0.043719892565886674,0.08474485275055521,0.017082817744597936,0.027564196322897423,0.023013009954597624,0.03554140119679688,0.04899153892463744,0.027241763426757066,0.025462478899078395,0.0749468564253665,0.14408978025750918,0.07428199365528838,0.18732171004210388,0.19092065718877582,0.22220119814062744,0.22890460983631708,0.16092023949246786,0.19164064323153798,0.2556025422589641,0.29112135704071,0.2969982802696315,0.3078763414474559,0.2675688173237831,0.2198240554302641,0.17652208111527787,0.1790815511698247,0.1639460525089092,0.1234246232058066,0.08190050663650167,0.08157094623719403,0.09027521877955791,0.08498038448009256,0.048848290182235764,0.047566609087811525,0.02781162274854024,0.04588328597423184,0.04780562479155183,0.07002325242690959,0.09594506208397761,0.06830974732994255
stat_218,0.15375602835902696,0.17217763905200897,-0.11517165470682506,0.13020055676199535,0.11528337772250889,0.03754975415236056,0.12248785434758484,0.12254924069833087,0.12352444227071112,0.12424653647076107,0.12551892681467552,0.12478311421838467,0.12246804575061913,0.12375723369261188,0.12741845514099714,0.12845663857157616,0.12929682517247196,0.12953219135933994,0.12599607164134283,0.12753712428897024,0.1373545092658125,0.14162167463821665,0.1502196423497112,0.15434524816606424,0.1642019282337145,0.18318762077825568,0.20029466908876456,0.21789247436557244,0.24744645066006757,0.24372229510868554,0.22616184300417497,0.2290722463337095,0.28412250679276346,0.29171486357139165,0.2593070416205338,0.23159025137294156,0.27991982795956327,0.32559306270935945,0.2716568245614756,0.17997890417189158,0.14628001709613092,0.11157019642996747,0.061530445455130554,0.07130395516204871,0.16049013286936362,0.2612346298117552,0.2718138663016189,0.21222826230965616,0.16975947392119042,0.18414082382050506,0.17775984176354662,0.17783705211736703,0.1786115867932853,0.22147733627690053,0.17807753641506868,0.04216776131537358,-0.07309543127668358,-0.1259462544124789,-0.12984006016227959,-0.12221086463878521,-0.10984548479386734,-0.11164872170313993,-0.13979758803652811,-0.1590933910565196,-0.15959962309697961,-0.17202525095122473,-0.15331993752104459,-0.1267719563477258,-0.12380187970579576,-0.06958642030340337,-0.08838840232771926,-0.047974463923523614,0.009279632683588232,0.18311704696013528,0.26928951287500397,0.27231160130742604,0.2998053450630491,0.2730589114695614,0.2154625892104785,0.17770965535463548,0.14601353672125678,0.0994498721830016,0.05684365415359159,0.037473680208522486,0.026347165483596918,0.023043090666079624,0.0002684996096512482,-0.017807692520096393,-0.033781482471604236,0.001643469951984935,-0.04443682170557676,-0.044766918855766474,-0.049162867064330075,-0.038350857456728164,-0.019468569184093728,-0.011234413700814693,-0.020716825395472892,-0.027503357068210263,-0.0245339906093005,-0.024651997269297735,-0.035103396309877584,-0.05254616754714788,-0.06296618867436221,-0.06098028828208774,-0.04104560401116687,-0.04002090718284199,-0.031504810729525684,-0.030869997880735463,-0.020253887999965588,-0.019862840622205263,-0.008623820262183333,-0.011955300911758875,-0.013765377625382316,-0.01809081335530135,-0.018771387093209954,-0.00415624846229392,-0.0016865381440403227,-0.005320484918466848
stat_22,-0.11260609471412608,-0.10441467941699699,0.11141329257878019,0.0745737393785264,-0.0917004499132063,-0.2734999498436871,-0.0855916862980213,-0.08552422788356526,-0.08512790100369096,-0.08495679052647695,-0.08475402419859822,-0.0844862841488896,-0.08682136255890946,-0.08948366511471725,-0.08886280945348643,-0.08983103078178835,-0.09269215693675256,-0.09331490294408379,-0.09709794073487152,-0.09718033266669088,-0.10075702757205243,-0.1066326729130595,-0.10828074481523282,-0.10828573721226127,-0.10785666114949233,-0.1090074147632692,-0.10559152469240778,-0.10202166590345146,-0.10693961563072986,-0.09906881670131082,-0.08091267681521637,-0.07877174404991323,-0.07233637424289695,-0.07663475178675291,-0.06272004282164832,-0.03199855302242324,-0.010762069123799737,0.024549770702066327,0.05849653132159642,0.09090029741277512,0.09985023377171699,0.12441378359743765,0.1276871661665196,0.11706597170480779,0.12325975525973068,0.13083527308471002,0.10993287384637745,0.08053737171426967,0.07469777869705616,0.05767785342502067,0.011014677446754016,-0.03622454429701823,-0.03817713133989509,-0.0956177062787759,-0.12598734108802942,-0.17577516969964793,-0.2355874246493572,-0.30945799222807385,-0.33799736285623777,-0.34352450605324514,-0.34221240978057027,-0.3496959609628306,-0.3364467754894982,-0.29911290553983183,-0.2919277070409647,-0.25757303012277155,-0.2640434573833106,-0.306952616657286,-0.3095357214530749,-0.33311883429325334,-0.3253511128494816,-0.30537724025789975,-0.2748020096174131,-0.2232524167858415,-0.2191910954931995,-0.22271081935074216,-0.23359546072700585,-0.22143871249068456,-0.22024747338858944,-0.28835694115263794,-0.32855384680959115,-0.3086169639437363,-0.28829697305595275,-0.2945687081675617,-0.3297213059014981,-0.3699623929135655,-0.39380387017028956,-0.3984106269152966,-0.38487566331519746,-0.35334867426823996,-0.3483434702076688,-0.3456721549456398,-0.3252762664986962,-0.33486201158301965,-0.33963856694828065,-0.387704059070881,-0.4523121762991167,-0.4816076906967847,-0.4821800085044238,-0.48282005787088705,-0.476720734888103,-0.4706034053692887,-0.4599723151309446,-0.45643901510414164,-0.4430190398833404,-0.43610404025988847,-0.4277772855921603,-0.426672867150477,-0.40649072859535873,-0.38737520681541404,-0.36801980849240923,-0.34708685624201974,-0.3487577736426673,-0.35902078986751157,-0.3616373821808785,-0.3639810549207187,-0.35149341502457976,-0.3463077955950705
stat_222,-0.012142223460801358,-0.22812483596505628,-0.1313223610434826,-0.22661167022749126,0.16775768683515013,0.12120128015598021,0.17414989144539159,0.17367123751955316,0.17319552156518103,0.17277440807691677,0.17245086219733252,0.1719875595177649,0.1715938899162493,0.17003529085045216,0.16930490800115355,0.16801747861091584,0.1674558609433938,0.16740605330875263,0.16580541457771586,0.16626225866234864,0.16493418416628988,0.1614421779825105,0.15815003694148394,0.15944417434935204,0.16019225676546225,0.15663538892649737,0.14890987122522248,0.1521982495869474,0.15830226074764173,0.16202037723957477,0.18056373630624112,0.18015433279743162,0.16549664547464957,0.17818143363121242,0.1479374835828017,0.13846168557283492,0.1276136449961014,0.1517471719440817,0.1378275735290193,0.16471166802956283,0.1868688700923118,0.16813035938955945,0.10788203397781988,0.12484430631745427,0.1822009364303101,0.22943882130455628,0.2690058355989023,0.3028197631606361,0.2995009555623314,0.33283958568562394,0.3024467264275114,0.18353531070292775,0.1732993350868339,0.05659916825115915,0.07030570986812208,0.06695618739675349,0.09260268855684757,0.10906831919571565,0.1735286875939094,0.1961029985235738,0.23498449359581955,0.22409539331859632,0.2272430604184524,0.240140731317282,0.2390221418745974,0.2326138932672434,0.23050165203418232,0.1821172457384491,0.1765404840471665,0.08581052567590075,-0.04326826421935407,-0.11464132285962358,-0.1288059381055694,-0.16463745348381215,-0.1548861237675766,-0.1528750421093755,-0.16992974122455642,-0.1951196849947852,-0.19354946796131106,-0.17546941540151753,-0.25266285865026544,-0.23916350197579234,-0.16483211100470996,-0.06564855411047059,0.000725044671372515,0.005780734629800521,0.001368218648391744,0.048653296474325036,0.08196509125225408,-0.07766103122333506,0.026028357876256302,0.028388864714436916,0.0154527377088893,-0.004868613873160427,-0.03348328085584143,-0.056822889652499965,-0.06876364888544648,-0.05701604823317314,-0.056498490277333904,-0.08951960811601549,-0.10997141110991653,-0.08508795019887147,-0.06967537833849206,-0.06675746170878526,-0.061419491419237575,-0.06172521874959476,-0.058288366079970684,-0.056588264099601736,-0.039816853369869606,-0.0204556681392855,-0.020235582259169303,-0.021323422191609206,-0.02653874959096006,-0.03306322231427904,-0.03527108022190259,-0.051950991062711414,-0.05919380649861668,-0.06709358610472178
stat_224,0.49293182278336106,0.20668014653443836,0.022222728933533747,-0.1998658974620996,0.314108732481455,0.25856894667632385,0.3741619150985651,0.36750482638222354,0.3486622823285467,0.32910569184148186,0.3104908329282961,0.2987909155691956,0.30019188133535096,0.3162713955245546,0.33764849460170304,0.36171196355883745,0.38537186237144727,0.3871977965263571,0.4210962417642367,0.45048122147289305,0.45888512369936596,0.438897239581678,0.40631851962660787,0.3631594493272356,0.3218665104524266,0.2969742853556554,0.2852202398217665,0.27546645524963737,0.28941848289147265,0.3233207598037342,0.3623703593014524,0.36466886215095135,0.39062417684028283,0.3977835399406726,0.4228669725222633,0.4451742292654568,0.44542336238079244,0.4600602197024396,0.4603225032563715,0.451601486800471,0.39471181976842173,0.35077861951812805,0.31755097696287626,0.26777404688116235,0.22633981772781403,0.19701868213545543,0.19506334957281857,0.17835289795646134,0.1459947252695915,0.10935290525779427,0.09100120196789001,0.0922391280242746,0.09130857592252344,0.07147921050839906,0.07973014324574855,0.12780935323306414,0.1766024813221336,0.22508845936732086,0.27347860139510016,0.28965329887790114,0.3464988560594798,0.35706437071385894,0.3261265120311345,0.31706729077348655,0.31589329088867013,0.29385607616392323,0.2549978521820917,0.239595820158148,0.24157654356681732,0.28075486924508763,0.3492150788770832,0.42556299804630143,0.45718018808054295,0.427363448933629,0.44540202946748947,0.4512703241678181,0.502481664982443,0.510584804308368,0.5039792256632092,0.482236527369949,0.43387031334793813,0.3463704169279997,0.2676826248116708,0.21177426118979517,0.17398215614316984,0.14268628697059046,0.1257554403010815,0.15230743107510464,0.1660934942152028,0.054267424179800676,0.17587910685817296,0.1756465635359841,0.17883599368262193,0.21227865060090703,0.2522034769993131,0.2826607958492868,0.2830913444693631,0.2664228846872259,0.26137265487480915,0.22552180484078302,0.2061429963378162,0.20599565289345567,0.22016926259840516,0.22037387447270443,0.21766003646942622,0.21055861318981128,0.2000949451458306,0.1997396319319653,0.1895890570185505,0.1791682255790636,0.16922086911894196,0.1629484198480946,0.1438999767270711,0.1235517515340126,0.12022484529644245,0.10103390553847583,0.07523558698474492,0.06289141173322962
stat_225,0.3595457425635319,0.09166771827981328,-0.4534745026211239,-0.24967955358354277,0.29404400536961733,0.34425337711569,0.30592922619185453,0.3051245201049774,0.304088194028214,0.30347720394220296,0.3032874497304044,0.3015742567131189,0.2995549557788112,0.2977151697316292,0.29586994986950094,0.2941813571604132,0.28962841350713353,0.2892403785090162,0.28619111582261325,0.2834629355225544,0.2829011647802511,0.2774028965501426,0.26480237876185453,0.2658691527299133,0.2674084282294733,0.2692389382722595,0.2558267896455896,0.24826754415617125,0.24200264900451193,0.23826373346539056,0.2218249723859359,0.22014863073557903,0.21693260323267385,0.23331183551020257,0.23500584525662258,0.21622704700324702,0.19806336908799668,0.20658647326282106,0.19979836693337782,0.23021330845639879,0.22380734790832552,0.24722667956927377,0.22875132187104588,0.21066672477311835,0.18704773134095645,0.238377325417705,0.23999904034538433,0.28247011442228886,0.275900963615413,0.30051493727388573,0.3646865743516099,0.4232915669031729,0.43024769309641375,0.5102394133108874,0.49742753990286703,0.4783244710669805,0.47939860287601554,0.5138446259310935,0.5460955390270487,0.54435136046584,0.5190912278034503,0.4817277255511999,0.4604084724776633,0.4456619823940213,0.4419885598978883,0.37802333710230274,0.3300198613791946,0.25855274283745594,0.2570347863419511,0.22707087857933178,0.18422924177506378,0.15628872171805835,0.12266271632866732,0.08047032770978116,0.07895430827274114,0.07442078520508257,0.03396873524899312,0.05464811597851846,0.036274114439195454,-0.008361930373513203,-0.08986043790743543,-0.06073774048294265,-0.004331326080353705,0.04121540768019035,0.018670628712459763,-0.005125943380001929,-0.030001346543613108,-0.042719254948798996,-0.04944682978266633,0.05810879719730206,-0.04427708344841786,-0.038196291672260414,-0.02829556458268,-0.02255571156600085,-0.025358242366714325,-0.024465219290596606,-0.027708243906178553,-0.028265817027583996,-0.02360078616055223,-0.008328467683186838,0.015044644458073974,0.029341248796832805,0.04008346357726709,0.044428055258592156,0.04673430806239307,0.05834863994911451,0.06102943013322669,0.06294335803463544,0.07353526881932655,0.07483619800208213,0.07358384441253375,0.09001505564216332,0.10144178865299018,0.12698923079901397,0.12903480598438907,0.11777915678601288,0.09869835789885946,0.07721300788309755
stat_226,0.01894679069061605,-0.13308807052847588,-0.467586209388949,-0.2839078272785993,0.17130614509854727,0.19160540242592353,0.18020561408676494,0.1800942356807796,0.18033459108182087,0.18079701791752617,0.18126756711469086,0.1808108557090532,0.1794562912036848,0.1799575539504713,0.1823791077988449,0.1832789943890777,0.18140192511548364,0.18115013078514958,0.18262034930657434,0.1864892034681268,0.1868865576590758,0.18815356964527497,0.1941269800187229,0.1971230924070087,0.21792323591916588,0.24897446758093522,0.2991810119490978,0.36116213206223735,0.47396916818394996,0.5439261301700741,0.4808798027946564,0.47380311478825915,0.3623116606074097,0.27120243849856307,0.20619393957303206,0.17688533676269397,0.1501900449027757,0.13468714215234215,0.11841946577111628,0.08198502059875848,0.07534858619220713,0.05145006784463327,0.04269066757389876,0.022480906503787333,0.020584379399290333,0.025057139584092634,0.018100330618666945,0.010230897207601007,0.04180894133850011,0.08906626390998044,0.13930056331753288,0.1676790953364924,0.16832945138137173,0.13569275851914703,0.08609062031900057,0.054820296921129594,0.03968145264848589,0.05568444125199757,0.0882992472812216,0.09194230086578231,0.09309602921368959,0.07904274642537064,0.05938177697469095,0.025325315819754765,0.018318671735465572,-0.02644554898376473,0.04075614663185768,0.12633188441823748,0.12266180088935004,0.19238451903981052,0.22657348092152219,0.2594433841542548,0.28565265468106854,0.32329894136737225,0.3448869752052482,0.35005420726448183,0.3660415398374776,0.36147625771916725,0.3379969218526757,0.319244891926538,0.27766946134597975,0.2328394235547436,0.20445554485683767,0.18524846368404824,0.1692500070312927,0.17559317599965216,0.15674872549974253,0.15119122244181318,0.14977061009655443,0.11683102024210215,0.1489796960817194,0.14949502407145718,0.1542024604828154,0.14568602507612813,0.14251546474171767,0.13015972628315714,0.11794667673317417,0.1169496037867949,0.11715101018595149,0.10914501683085684,0.10031839208032771,0.09610015244870716,0.0921321500295937,0.09150027951651031,0.08561618968644175,0.07800489598372265,0.07264529456002064,0.07224246837372768,0.06816112193121071,0.0611627088628098,0.06252353876023686,0.07042117794318468,0.0769526234710186,0.07912970422227981,0.07857661910708946,0.08357781115112274,0.1013635435241291,0.1128311451329068
stat_228,0.02857447441671277,-0.20239431136060998,0.11168594594299194,-0.24871453876523641,0.09686449307459882,-0.008957259748581267,0.11285702552782094,0.11310328252344717,0.11362340309183337,0.11373114619770981,0.11423782840961963,0.11565500624134484,0.11672862210369309,0.11499912021266874,0.11441656038974961,0.11129910658461402,0.11165235423459993,0.11162490179730698,0.11202916252232847,0.11102325715052747,0.10957511332351758,0.10606706040432667,0.10400673761808402,0.10729452172411003,0.11164059768109882,0.11031270760265097,0.10810532162054283,0.10937727161149048,0.10574693698905759,0.07924347462648205,0.07264256639286851,0.07165603254458433,0.10067378086672223,0.12749946280136668,0.14692605751695687,0.2605549742705287,0.36688680152102987,0.3926824421698558,0.4309505929310842,0.4934904892492389,0.4478669905896912,0.4609434393254599,0.3931077382776375,0.2608572267129244,0.11035402901803475,0.06535582241888553,0.008337616397210987,-0.07608905560167764,-0.13373989649028353,-0.11418703674150377,-0.07022760748480007,-0.06283400665279976,-0.06269189819356469,-0.06677719035794691,-0.06682967088447317,-0.0043625272274674665,-0.018942740723979293,0.03404169547654995,0.07063753763428347,0.05568363444773477,-0.043133218819066926,-0.0012612842578187838,-0.002483785993436542,-0.06780576598180446,-0.07078637236800484,-0.005560277229285757,0.08047709841328764,0.029452531813569834,0.023677921068358466,0.009446189797576922,0.04760309570106716,0.02782457358199294,0.06251754917900519,0.07342975315673567,0.043625705278339796,0.031682661890774566,-0.06303476084717449,-0.09603604394319169,-0.08288705732756729,-0.053054782654518844,-0.06091434195527582,-0.04702292255435856,-0.04640030818601984,-0.05266882707296359,-0.03528841578479482,0.012227537721635609,-0.026216983649134124,-0.09720721332165921,-0.0981692519547028,0.17817721312196028,-0.07715684829039676,-0.08187038100734113,-0.07702419282179869,-0.08531035464391674,-0.08304468452401449,-0.10213050523648924,-0.08111180169876636,-0.04593762470268798,-0.04190986586403206,-0.036770719983086814,-0.021879092852085762,-0.011732262129550645,0.005127192704493791,0.005197007081230345,0.0019330344014385908,-0.005419890621558353,-0.010082328956318581,-0.011171582594570469,-0.00394228998377659,0.01847912303689506,0.036325698500233525,0.04307809255012166,0.08760584698133239,0.10231332836383823,0.10317862706602761,0.13216009487470115,0.15219739665479962,0.16269251395785292
stat_229,-0.4927990726986227,-0.09487867834702221,0.28476648578233027,0.2964627971936258,-0.5430589094800081,-0.27803379195090444,-0.5357177504269387,-0.536128536023339,-0.5368824704711578,-0.5384176389307611,-0.5411112423548958,-0.542593940034639,-0.5445280510754149,-0.5484277167929553,-0.551246555220993,-0.5543831695125958,-0.5591101228793496,-0.5595400797916419,-0.5632921425751977,-0.5662972376272967,-0.569634850042644,-0.5757447651172919,-0.582973217327932,-0.5908862267514392,-0.5963456264026922,-0.6098027488890854,-0.6245948069384644,-0.6379669490555513,-0.6536559831477672,-0.6524692676630544,-0.6618326123303186,-0.6630528179692078,-0.6731249902953653,-0.6832682870408469,-0.7028526072727639,-0.7210550015399831,-0.7067252809378801,-0.6955137204499837,-0.7180710638014308,-0.7465306961845753,-0.7680133378329229,-0.749516475128909,-0.7335360940495267,-0.7260570535652093,-0.6911309331084617,-0.663564535755725,-0.6097742991688324,-0.5550708057553377,-0.4981696761242166,-0.49731498360469795,-0.4577233539385355,-0.40224179278166194,-0.39933449208024147,-0.4034970957728272,-0.40812630230494795,-0.3141439266898604,-0.1963326778006444,-0.25702587497617235,-0.3251166997246699,-0.3548074405182642,-0.41272562662722395,-0.4219981730269281,-0.3794365407306934,-0.3078762043769427,-0.2924524169612437,-0.19061647995012893,-0.08713776352810906,0.021703078978819644,0.029792757171178866,0.15802337498559865,0.27281761446593245,0.3411807803514521,0.323797008286785,0.23177087176192784,0.1681267869985623,0.16458328843389322,0.11488924636125186,0.008403657079540237,-0.03254310544902163,-0.06439064465454732,-0.06824121551934667,-0.07466837568136983,-0.06707560294807179,-0.09126223166772328,-0.08192267923294767,-0.07815910087194226,-0.029931456925202243,-0.003782123596513961,-0.00037863316822698726,-0.17829179083615496,0.0011937081346015145,-0.0023237966653973136,-0.028935522398220188,-0.04850549275242707,-0.056706246540822236,-0.05609805756260704,-0.04903972509962671,-0.035702569444716066,-0.031695035321425855,-0.0241562116185631,-0.04567516951220566,-0.041120850487253745,-0.05527624029708508,-0.05652847590941085,-0.0718569898745025,-0.07870876768090891,-0.08128890614982905,-0.08195672152945371,-0.08937089981084953,-0.08714966608620281,-0.09564878931061083,-0.10168516506212129,-0.12054266540217765,-0.13113023405470212,-0.1321760346689231,-0.15186492338652333,-0.16993080176938016,-0.17370649430106588
stat_23,-0.45666432453785516,-0.06763141182102712,0.4116998859327301,0.39587731310566376,-0.4930148138794735,-0.47243504544644277,-0.48683963872032215,-0.48715559371891437,-0.48697668904331676,-0.4870529265211589,-0.4875125088142378,-0.48700448188711176,-0.4895526598715509,-0.4924603058614703,-0.4927711608436516,-0.49503955346959994,-0.49725042271878717,-0.4982593141428224,-0.5001369222619769,-0.49913856403884127,-0.4987826277762455,-0.5011940891520716,-0.4978145543244218,-0.4879502489758499,-0.4817516083791582,-0.4784987980720166,-0.47746154122895296,-0.47162373563629495,-0.46230713791459527,-0.458373410471449,-0.45374892363287056,-0.45232421437075204,-0.4416236048258266,-0.38315415341846487,-0.3342781012113042,-0.3279743655842112,-0.34262987040839066,-0.37295219089708836,-0.38871558825023733,-0.3200808158940408,-0.2379603869023698,-0.25583339233430713,-0.31324025579428444,-0.31010722278729136,-0.2547893207833551,-0.1854520015205463,-0.20293135009068586,-0.3786457738903979,-0.5317784806139535,-0.6192125712623174,-0.6528286486531881,-0.6404153944794899,-0.6380407351442284,-0.5967612543794655,-0.5037037110508777,-0.4368936775735763,-0.35729406948304737,-0.3368401976624185,-0.3461784784211594,-0.34449967669384707,-0.3445548588471529,-0.3452857663133186,-0.35639298848844075,-0.3205496868698904,-0.3117973330461859,-0.23926702318692464,-0.19860298443103003,-0.16264983689705975,-0.16084254813115012,-0.17076577431662984,-0.25410648244191075,-0.27595911414554714,-0.22290343292476328,-0.18114646671876242,-0.15686098714717747,-0.1558038196241936,-0.1915407954785183,-0.22609441374774558,-0.24808828638396876,-0.25903695339189015,-0.19996422319746854,-0.15554842270606242,-0.14388319579136633,-0.1715382257230255,-0.22713900150406008,-0.2593601874679858,-0.27037423310080055,-0.27029904774864755,-0.28609325777046873,-0.3568212660907203,-0.29895334935806417,-0.29814204227301705,-0.29213636534265375,-0.30902910700292036,-0.3160018872954165,-0.30379038604588726,-0.28393276814497603,-0.263427364560032,-0.25526174413055436,-0.2315397208489604,-0.21663677518185265,-0.21886497454649634,-0.22234743660142944,-0.22335570404962238,-0.2289263864693142,-0.2440862961572221,-0.26673014033635856,-0.26880798030456576,-0.30609399229385337,-0.33029358987698076,-0.3423306146176371,-0.3439502771535528,-0.34992212163014913,-0.35546788400378315,-0.3558756128038606,-0.35662968779452386,-0.3556073498285173,-0.3543194995130243
stat_230,-0.5799065196156924,-0.2019751501162362,0.23538246199178955,0.3123459923397791,-0.5038378883261564,-0.1963043417838735,-0.4872427341906033,-0.4875923758997057,-0.48814570435979676,-0.48826065985385614,-0.48835413363791685,-0.4898916359564587,-0.491509603337036,-0.4928524513173398,-0.4963406668643506,-0.5003130356348786,-0.5050504277507106,-0.5052036364257424,-0.5079201479083106,-0.5112729038118593,-0.5145933061417433,-0.5192771800557657,-0.5231056727958032,-0.5270343362636037,-0.5297711482011881,-0.5336242883028111,-0.5414111115920969,-0.5518109543966228,-0.5617020656334001,-0.5696481466612077,-0.5857473998773287,-0.5865033372403838,-0.594976678480476,-0.6070250110330174,-0.6082235998810392,-0.613800814695511,-0.6220189496025316,-0.6303194175931915,-0.630018414091302,-0.6242724059213565,-0.6312542712960514,-0.6955304144098806,-0.7129292686823161,-0.6887268734698084,-0.6152324754570904,-0.6344968849900282,-0.6671645419788168,-0.6450833814691217,-0.5817636497089052,-0.45582668887134675,-0.43319066621048996,-0.43895488868865723,-0.43780278044114734,-0.4401325553570765,-0.3928987658097134,-0.43437266312388423,-0.4685847130526119,-0.5100824420567373,-0.5440316286550968,-0.5355925788807607,-0.4295399652624299,-0.2717585988783517,-0.17642282060199405,-0.14504573799658962,-0.14026840855744077,-0.10465065908185933,-0.03374920652009859,0.06020059016623017,0.06714600937938174,0.15451521653957226,0.2243282120789299,0.22972691758252797,0.1923881333094461,0.2083086107145441,0.21585691318665653,0.22368473883381268,0.2786161690145683,0.277380673106016,0.17039168370116045,0.07029989589493568,-0.06022815772207671,-0.16317018977787698,-0.21886059980449007,-0.14237715622254854,-0.039716805085802394,0.10102780171769274,0.2734239256054567,0.3059644420531372,0.32392767093354446,0.0460998374421654,0.3267364144106603,0.3279823095620354,0.30085869138464844,0.24331817106065814,0.1911666512560945,0.13477182625184903,0.08992715974161239,0.07766501841093094,0.07096032492640371,0.05009941659500904,0.04522171582925253,0.0465485741294613,0.04726332129991321,0.047424898384710965,0.04108917541734052,0.040146527304974866,0.04529229514376052,0.04643318351198302,0.04942098981640335,0.03954483207957337,0.03228732650216525,0.021533172849548407,0.022180136546445482,0.027093090537942024,0.02610926757821948,0.011394967349937658,0.020636320403332242,0.03699863593500685
stat_232,-0.5600216441239242,-0.3940025932701574,-0.09322711532612642,-0.23708906662432797,-0.20064624851100646,-0.20701512236145006,-0.18588687322193584,-0.18656203907895363,-0.18693998968746553,-0.18827573034474346,-0.1898383812955435,-0.19248826972448974,-0.19530533023526792,-0.19787022632645165,-0.19701549688913056,-0.194703306041845,-0.19946872699412913,-0.200054808101569,-0.20559615923654664,-0.21229368810982152,-0.21268295206516633,-0.2209670078177033,-0.22643580995284893,-0.23266641948425495,-0.239429977362116,-0.24401685878007576,-0.2558969359155511,-0.2710315042919209,-0.28742242489223935,-0.29558890586535863,-0.29161465310280493,-0.2924131565986237,-0.29922474060970716,-0.3114620266809919,-0.29806022865426973,-0.3084471859245701,-0.29467759992137604,-0.24610634464905667,-0.1957735720738736,-0.15859918557951572,-0.14869680995192416,-0.21619901760477694,-0.2576864913323018,-0.3149133044536229,-0.29507748000535095,-0.25496413294845793,-0.2462941206146475,-0.19806905638622926,-0.13644877554818252,-0.06603154686088812,-0.024491889262534122,0.010736228021654335,0.01213600594462767,0.0345806624565474,0.07658880041738353,0.06882970864831696,0.014630398216775645,-0.027728513312101116,-0.05777524212622616,-0.06770678043944683,-0.12783274273650638,-0.1724461092549706,-0.24235433565861875,-0.27804162016836614,-0.27822658799854566,-0.3114098397411423,-0.3233715974268394,-0.2830238539107294,-0.2817387638995332,-0.23679666240094602,-0.21675644509446884,-0.29110222919701684,-0.34368792873249254,-0.3843344156157802,-0.39500708742725016,-0.3955432819279081,-0.4304573247535177,-0.45190570785583206,-0.4926450717993681,-0.4680935456129413,-0.45707322176804166,-0.45512320667429246,-0.43543696855391245,-0.4328121650640438,-0.3867647334165628,-0.34682389127797636,-0.32923929432520277,-0.33084755729477794,-0.33373148536225145,-0.2857413367864971,-0.35286608816402215,-0.35437346822545535,-0.35861130747394687,-0.36017256100383294,-0.3744341134848539,-0.41102732485877896,-0.43154450357962426,-0.43885176408706533,-0.43858135390662295,-0.43588356168519204,-0.4121272181524075,-0.4109904943864244,-0.39520158611757156,-0.39028184726456927,-0.34000838622281054,-0.3046541778856582,-0.27031396069953845,-0.26854003636832835,-0.2696917573797618,-0.2676152300841033,-0.261873428538707,-0.262909213361505,-0.28000666884535336,-0.2836909187651896,-0.2835980506184048,-0.282663480833587,-0.2718540066080883,-0.27113333338292905
stat_235,-0.44964043453729663,-0.17725974994354274,0.000247174238706716,0.22708368757155123,-0.15106889088665645,-0.11551666154823337,-0.13884712186044557,-0.13870201348082603,-0.13874066479832764,-0.1389346979286129,-0.1371657162938879,-0.13603546523302137,-0.1379152872716538,-0.13666198856436237,-0.13845014663213642,-0.1400269663006231,-0.13630849054946576,-0.13631342259741636,-0.13723793745435164,-0.14450228428441883,-0.1416030641892632,-0.13758450327289445,-0.15040719896883153,-0.15466165261182083,-0.15401026790358208,-0.15136229237315907,-0.1256923423893447,-0.1344070061465602,-0.13828280000178234,-0.1665913005682755,-0.14245288169306036,-0.14262634755216883,-0.14487497926203913,-0.16728787475212964,-0.17878598736209883,-0.16909900410079715,-0.18242967533795731,-0.14808477886649488,-0.12685672902317857,-0.10960948215268766,-0.13247733165380834,-0.11668510764207231,-0.10871868423592121,-0.11403795398429663,-0.1914326765559282,-0.26392177623203544,-0.23000867758979807,-0.1928666626196538,-0.13947112545258583,-0.1522555218443979,-0.18326217271612052,-0.15110932894487417,-0.1484063202425709,-0.10856523432503525,-0.09660206142678995,-0.11641293974102963,-0.1000573000303494,-0.06920056389970601,-0.07634604078275492,-0.08567110265108081,-0.08978230444620408,-0.07199994498095302,-0.03149539523806052,-0.0678122882643286,-0.07254303382971972,-0.09233098599343818,-0.09647473972564845,-0.1341282477845011,-0.136077548528333,-0.1339120507654953,-0.14107078066075163,-0.1611320733624014,-0.1120242788852244,-0.13664964957701703,-0.209870529186582,-0.22198832436093138,-0.284745109698604,-0.27470768569362414,-0.2372375393445477,-0.15898897765743186,-0.05692196899437386,-0.005951525212745596,-0.03051337703923466,-0.023485088715209844,0.009023466611314292,0.046291202333816936,0.12573612247119623,0.19404716859610163,0.24205406248183808,0.04898008023435142,0.2166643910996221,0.2110647606004643,0.13919567261336552,0.14126128992948742,0.11164659317033572,0.11089169676680247,0.11934148224245386,0.08989096683717038,0.10049608495620779,0.10657767012188354,0.1503889355382162,0.17235107124861943,0.17032317344920328,0.1736001688472082,0.17412312991266568,0.23080839724543062,0.2110843720749708,0.2067977320930749,0.17148898452959288,0.15787292584810897,0.11184692162281269,0.11648390731454744,0.12132576430209924,0.1216327070003738,0.12131420439345801,0.11925954606886696,0.09927588820173128,0.05746115207453086
stat_236,0.45193083644547444,0.5264774749699501,0.32082789874067225,0.38044173792754077,-0.12528323381064363,-0.0015059856481094726,-0.11938258475817222,-0.11975636321200113,-0.11998748219079844,-0.12051115529338383,-0.12049987143813629,-0.12177779716704887,-0.12308411702034547,-0.1234955902276904,-0.12466157661914642,-0.1269225490361436,-0.13033819613861233,-0.13053343716697138,-0.13119498121009932,-0.1342290830857505,-0.13835730340658453,-0.14314873092543,-0.15079468185535225,-0.15535119428669053,-0.16869616152534506,-0.17997600105006953,-0.1829569824869636,-0.19328055495633467,-0.18149955663464096,-0.20051999408975443,-0.17627836444521644,-0.17536512850659783,-0.18153590985803247,-0.20358154629752348,-0.1909377973732984,-0.18631568927143896,-0.23858707116886343,-0.21730704342303972,-0.22535111669544805,-0.2343781284955229,-0.20256099930245988,-0.15758855793159587,-0.1977557056916899,-0.2462881910997894,-0.26314529217157007,-0.2909778188825167,-0.292763561324653,-0.24276373316968486,-0.15440145773823435,-0.0995138899521325,-0.09069077875264277,-0.08718222852719958,-0.08495371053835496,0.014049214713577377,0.07362592540363065,0.12239904306134833,0.14430157836161975,0.16896461574113647,0.1962593434100776,0.1973834105023422,0.20499887557158417,0.2599734588519885,0.3131904567172737,0.22538737815510165,0.19424673203401174,0.05398164448776669,0.048174478534162235,0.06850888606256028,0.06759383815212099,0.03805741791075586,-0.02832154339245233,-0.0763091370416367,-0.1138571431971022,-0.0944556748926751,-0.046008648572752484,-0.04758019373811792,-0.059681382894714335,-0.05221004502744974,-0.07292608296188569,-0.004079886407019156,0.03513875108740665,0.13629701645253903,0.08589333528754362,0.03933779022747052,0.05197127724567313,0.009710481713385535,0.05213707436313664,0.06708640642819726,0.0889329649292004,0.12121488119171346,0.06480700168434124,0.06920668554083244,0.10790968587258207,0.08755372504777907,0.027163964070563266,0.017442873332181273,0.03234932353235991,0.027124932160977857,0.032179625799636485,0.04757568221995762,0.07582396779791305,0.12345962494472347,0.09442939155948356,0.09716870898822455,0.07587421068867543,0.08788828616659268,0.0892031413954679,0.09431976462351802,0.14908709322798888,0.12533402258863052,0.11508042494023589,0.12014184131333057,0.1311134488372771,0.10477755836836272,0.09939886905875657,0.04468323027342547,0.07440833008507304,0.08443041576612634
stat_237,-0.2400257422201425,0.18089682864774626,0.4142539783990966,0.5641505938103638,-0.3435494789473989,-0.12594232040520079,-0.3322110758290445,-0.33216513696760525,-0.3319055935305721,-0.3322611312239074,-0.33322636231904523,-0.3349511012859569,-0.33586928502721847,-0.33768448217877894,-0.34101591954912236,-0.3433291147995793,-0.34646035436879524,-0.3467247172824501,-0.35101509641174955,-0.35632537069697984,-0.3597784073700725,-0.3628196090889706,-0.369463126568708,-0.37810195055302237,-0.38295198330494945,-0.38593095473290423,-0.39198296345728917,-0.40450023330735996,-0.4039486259187303,-0.410757945764952,-0.42633537552945217,-0.42724934871356235,-0.4269387483998532,-0.3930237308799085,-0.3864892530791999,-0.4169127771075193,-0.4260536042881112,-0.4582432492456318,-0.4906933237877167,-0.4653767107327012,-0.4177283942124475,-0.3322552917991486,-0.2810375694060966,-0.2398758828943006,-0.2652065400658576,-0.34379170259980935,-0.41158359689096163,-0.49235678603625177,-0.4912036753873852,-0.42678245232905626,-0.3629179887986003,-0.321180242339675,-0.3177955782104387,-0.2515079928647247,-0.1845240222249314,-0.07799749844869514,-0.08504688900063472,-0.15083589702819772,-0.17004968159802647,-0.16075025250456604,-0.06664416953317334,-0.01765846607264216,-0.010255319799682873,-0.012066005710998796,-0.01474614626338509,-0.052051873481898527,-0.022680506141564593,-0.0019327014690784256,-0.0019173430111920989,-0.021660906392991137,-0.025030808066109335,-0.0015967253071974225,-0.056861200870379276,-0.1202162996641767,-0.18744403249335984,-0.19233199963973205,-0.21426799770927202,-0.18765590160402296,-0.16814365154572558,-0.18729577549576668,-0.15825504547638464,-0.1101804079133068,-0.07222872891868869,-0.027188694862445587,-0.0004348568124571539,0.06062995706337119,0.12707403685318386,0.15485509958795732,0.15153864244884077,0.07463787931860616,0.18939724436963157,0.19007676315317235,0.15502829591241732,0.12201672323262946,0.10151403313101738,0.11557685533154301,0.1594272804821477,0.15919503395618698,0.15499806556148915,0.18186949761244758,0.19846782176447295,0.2229863286512456,0.22894477513689465,0.2320728450570873,0.21261014240028653,0.19923081996048564,0.14690026394747946,0.1416950495281878,0.08004011592618772,0.09839518011680516,0.0901603310925827,0.06519782903612814,0.004852368881704205,0.0233037454208435,0.02638612886154937,0.010462562967225681,0.00040100884338359246,0.04867920468171785
stat_238,0.5529823420547976,0.10759721002552006,-0.49329384312087043,-0.5984934118297329,0.41492143809684773,0.1593443907391121,0.42708184964381823,0.42653387646674185,0.42605525211212847,0.42601778267556234,0.42530340855002335,0.4245672381810287,0.42367295242289366,0.4226757851029093,0.4228487924843168,0.4217733416587978,0.41963085916928816,0.41949753019933056,0.4201170431365817,0.41952245198192684,0.41944322115266375,0.42288412674731335,0.4221748144354498,0.42260688844471994,0.42149343085058855,0.42951104867174134,0.42447777204988957,0.4210280758578449,0.40960618018455186,0.41320976264236037,0.4240486822952812,0.4241338278927655,0.41855880379726784,0.4069708024265621,0.41864233027522235,0.4279878258778117,0.4272321785348498,0.4241184089303381,0.4801794132216823,0.5006415500066593,0.5181278416102244,0.557037209988112,0.5803864115673183,0.567316283061592,0.5565404976461078,0.531686988587337,0.5711812243211033,0.639406144888098,0.592461729649032,0.5430021735035301,0.5526215893421913,0.5956081699916368,0.5975610633184462,0.5434903904958607,0.4881937283878462,0.45431920482584587,0.33680604321305646,0.32231185781210164,0.30395236075127885,0.28824620967137193,0.2431144414910051,0.2034319780970825,0.16901727724224908,0.09572710363518998,0.08265939849277605,-0.027705760781781857,-0.09159378723518494,-0.11043907838962114,-0.11041762950898941,-0.09316151639909798,-0.05975536320314543,-0.027729541552106843,-0.03957797329117926,-0.0028196983763251735,0.05817692198703267,0.06791390567823657,0.1329070734143239,0.11620025378610258,0.14818793666161845,0.1641044637355192,0.16843993444835206,0.1877148413052603,0.18572395329469818,0.19610929240913968,0.19041036924593085,0.1599725901808729,0.13406231610838457,0.1273294061729645,0.11316603639954387,0.39343870977435436,0.10876385274040064,0.10203111382608626,0.1166489419622241,0.16649525106091284,0.15029883030635435,0.10793910491870205,0.08799433885854228,0.06945900775203294,0.059737250042686006,0.019518720358109268,0.014521758976594714,0.03310601264446971,0.051988220447562905,0.05311397205334652,0.07920689576618095,0.09619965102258517,0.1052161626131179,0.10553048874849529,0.11798857618283277,0.15610940656570593,0.1818628542783295,0.1476441263945975,0.19123824000631567,0.24541575714151867,0.251009402883272,0.31254400358878404,0.3283085012041822,0.36992547294509803
stat_239,0.09828178107293667,-0.17189664498596557,-0.3338077573769039,-0.4762510593957464,0.021636082029464713,0.18002523558623548,0.03561191735986073,0.03549845193095941,0.03489833820155242,0.034389590187911524,0.03419540682772901,0.03314617637534115,0.0322860518015732,0.031611761491463955,0.02855751471493096,0.02534741119648054,0.02200255018777796,0.021837189300345634,0.019119611282027636,0.01556257671250518,0.011511659224527787,0.006560061604644235,0.002733931311930338,-0.0021563592854869276,-0.01098366789909453,-0.01899399845448345,-0.025812565075886224,-0.029332863831597392,-0.03453800396454479,-0.06243971277250616,-0.0824594613318685,-0.0850535241720498,-0.09123008502910193,-0.10606232920533164,-0.10883633740082008,-0.10047200064409012,-0.12602676515095157,-0.17959674599472247,-0.18795471957471846,-0.219225223887098,-0.23569918234215662,-0.26815387067103885,-0.2665989339402612,-0.2658073447840875,-0.30066709405654785,-0.270842512199428,-0.2521307390425156,-0.24747293225236025,-0.18139769168340583,-0.13908080773876746,-0.17115386204087557,-0.150620089839261,-0.14994816902556157,-0.08009526807003349,-0.007453113646184943,0.07241911462389215,0.18694772706068888,0.2943088833440639,0.3562371829331339,0.367718798871777,0.4687215328247488,0.5533719550944369,0.6347221920132593,0.6426157657908436,0.6319809408310784,0.5009291619848357,0.3896240667080185,0.343812883505555,0.3463076382326534,0.3918348757199652,0.46576594368083307,0.5001033918382517,0.5317277603995767,0.4665716291845418,0.3766278734007799,0.36956525097457843,0.3217597822257047,0.2698655938560748,0.23831907515264503,0.2108784157470584,0.20737735749962607,0.19085071911114623,0.17552530645873804,0.19730718037659886,0.21250891583542894,0.17851123045502562,0.14288819622956728,0.1390513171938582,0.13397633749592644,0.1670280852658187,0.13108176913384503,0.12333362587834464,0.12307548718142965,0.13477930148076067,0.1679618272074922,0.17604194122911337,0.1649370150456113,0.17556786378301661,0.17412549471267746,0.18054143645082468,0.1860353445374155,0.20058497035698078,0.20026983136008064,0.19629814352586855,0.18015924553469023,0.17041708187285892,0.16550132866970454,0.16458013218304593,0.16681294943887623,0.16049702821145106,0.1612839052709111,0.17696603500736197,0.1875996139830344,0.18873828079538263,0.18459388979408023,0.18286200058475766,0.16721006013289433,0.17277245757332574
stat_24,0.23944649273871074,0.24738247699176263,0.10581053783609272,0.2402796379036127,0.007690152926437297,0.10458807054669579,0.011175018544543565,0.011878414442254629,0.012477887277973753,0.011341574000186289,0.011169386476388602,0.00931674102571333,0.009321797925735268,0.008647242184651974,0.00800764090377876,0.00748864104418376,0.004931180313368422,0.0048445594097979916,0.0074625849218214226,0.006997513359557237,0.0018503619473952246,-0.004632809969413287,-0.011538353245551166,-0.015138984378610342,-0.014360611586973104,-0.024907223996276723,-0.03255009135265442,-0.043055358152405764,-0.05220429741970293,-0.05749747471962722,-0.06802795914570595,-0.06780690892507168,-0.06248643738855511,-0.07049060550811108,-0.07113598943214522,-0.03381830533859268,-0.07101561633461743,-0.0854578313911996,-0.11282817009409364,-0.10792290826408113,-0.10154320614773499,-0.10604758588096061,-0.059086738606669846,-0.001469565577043638,0.09219747867859124,0.09422595880988095,0.030295308554435407,0.022432972302181182,0.014862490571534982,-0.0242117512155537,0.0008207251704442236,0.08868234051004402,0.09550807276531433,0.1579363637679843,0.15293137642889232,0.1725923603418203,0.1772644779701322,0.13369793510761704,0.13420030480992554,0.13969807215113397,0.1599171532324547,0.1537115150238501,0.19223403054898744,0.16603561343771508,0.15416153997758786,0.13430828184996416,0.19919036762332654,0.23766591250621866,0.2384728983502247,0.21723263330107564,0.17603503050463573,0.2165869183156719,0.23829209590216294,0.21960882008344196,0.20825792858210052,0.20712984349899452,0.20538524543266676,0.20809793458144812,0.20780426955522796,0.19704323453734957,0.20699318158014976,0.23407607017755766,0.26222605241812147,0.2157777134905862,0.18632531380583098,0.12934694291821747,0.06404186306684963,-0.0019117428473719447,-0.024707863337782715,0.19389668447514571,0.006389543955216456,0.008819337161771315,0.047365273291031566,0.08514984365704388,0.1307812536543709,0.1596910111972154,0.15207526478045258,0.16292505554587497,0.1783031010362935,0.19702383326513503,0.19294275332072927,0.2126979434890938,0.17809537715428098,0.17100938815747357,0.16748154001397092,0.16735034952864442,0.13923332602646823,0.13695171073589574,0.1173616167210101,0.12217878538945177,0.13067714579677103,0.13483012347887324,0.12795921662785678,0.1454099676427505,0.14723220947206858,0.14669056030793504,0.13492318734544592,0.1461667967409196
stat_241,-1.288848856806465,-0.7149615003202399,0.07131777027134348,-0.07994484153016695,-0.6513169341934487,-0.5478890599020637,-0.6348728534749268,-0.6352020655949968,-0.6360244740156207,-0.6364945509868991,-0.6379233765845006,-0.6393628866883053,-0.6416665656962072,-0.6417983883091455,-0.6430695596184585,-0.6462426849647606,-0.6512372989330976,-0.6513203291989228,-0.6520035310050326,-0.6548799440986665,-0.6588538895912798,-0.6665698853701059,-0.6735399649224838,-0.6778951252731683,-0.682462111137355,-0.6920060206149519,-0.6955623438546428,-0.7030710140217484,-0.711769230131988,-0.720834566772781,-0.720170471229848,-0.7206703389632831,-0.7321199161595464,-0.738991500037638,-0.7105191139288646,-0.6659617387625723,-0.6441545848356063,-0.6336647082377245,-0.5916947588840602,-0.6065348153090877,-0.6082327468282455,-0.6652593069473184,-0.7048278721736804,-0.655788736071013,-0.5994642524970822,-0.5637178215226251,-0.5174275306510804,-0.5255108208419293,-0.49205067337542485,-0.378331049496397,-0.32500698728759003,-0.35446981634589475,-0.35671759835822947,-0.33565191353494445,-0.2544628367040133,-0.2508950536672721,-0.21649895111710604,-0.22079037206409952,-0.23044361485212048,-0.2161781159912899,-0.22711185193578912,-0.2173716690203069,-0.16678560161457348,-0.13819495738401083,-0.13018029894849228,-0.043456470597942,0.03407414473874239,0.08635002058637452,0.0903648407420245,0.01914676715398031,-0.11347057489146806,-0.19739614683584109,-0.24567660697113264,-0.24330165766290746,-0.2196017599598277,-0.21399009564630195,-0.18716774320042598,-0.18839577547705086,-0.17649699209566927,-0.18219839368865398,-0.1784674854912418,-0.16433171452587705,-0.11242278185693663,-0.11535992367855889,-0.05947791868456162,-0.07034497733233157,-0.0978507149585806,-0.10561752936593934,-0.11957927770036092,-0.13440326883646553,-0.14759319488424363,-0.15280014212644524,-0.20783487794816685,-0.25863808024921753,-0.2696445253658331,-0.26749453769246595,-0.256093873510202,-0.2420944866026634,-0.2459998926301875,-0.24738426143226586,-0.23752718802245149,-0.24472778896981565,-0.24611813658027543,-0.2504089560410334,-0.2330085765727334,-0.20606316940241062,-0.21217305928330246,-0.2137490880150791,-0.22024522796865656,-0.2220956792346198,-0.21384247355518357,-0.21266434349795263,-0.22552217167348934,-0.20551307101952124,-0.19670945610197524,-0.16923723382307027,-0.15092372212123645,-0.1306301267444338
stat_242,-0.07268583735309425,0.11740243315459804,0.5998502736277791,0.42704665523447205,-0.36178682462972667,-0.22284697251012067,-0.35791977769477523,-0.35835091419328635,-0.35858222118902183,-0.3588130950223028,-0.35917433996027953,-0.35998757653010605,-0.36318653630503234,-0.36721009305238705,-0.3687457802841711,-0.37190157367132143,-0.37587687133988673,-0.37623503196350766,-0.38082790066409844,-0.3845386199630727,-0.38730144222020624,-0.3918898392177737,-0.3966974720077626,-0.40172732456385923,-0.4059830395929792,-0.41347120959738315,-0.4196539069688869,-0.42681805095485004,-0.4327207996689916,-0.4361117339966856,-0.44312465911235327,-0.44338768814907875,-0.44747290105388565,-0.43914888298003246,-0.39807834268597553,-0.3642380913818569,-0.38948739019949874,-0.4587739506283388,-0.5118687036709585,-0.5043509730725321,-0.4530111333318988,-0.3213035724069785,-0.22493531388263213,-0.26664206880992586,-0.3219246446189641,-0.37481224493338117,-0.4244517730868061,-0.41529858795493046,-0.3499366434849398,-0.28540908835992984,-0.25163811412402465,-0.25056682129708824,-0.25237254638504203,-0.29126511451707043,-0.30241947030276944,-0.24078834275253405,-0.1346657459831953,-0.04419167141428259,0.0067667082833532686,0.019459406519385467,0.07341302342144011,0.11559270580508249,0.106823800378313,0.10313145148967891,0.10639324336441315,0.14195369734099494,0.18454056896582582,0.17320112441498242,0.1707416257700913,0.07935981249188401,-0.011150059476054842,-0.06875174048607763,-0.11023169277874763,-0.127633739903243,-0.10091063917886192,-0.09630561404509375,-0.05841752438718211,-0.0979774498339272,-0.1897651488843141,-0.2355773959828425,-0.23609274823936047,-0.21306661525405676,-0.19189986750094057,-0.13851095927201146,-0.11549899906350984,-0.1269748323113474,-0.15487315823260916,-0.17225350998810934,-0.17257333918097004,-0.2059527659384708,-0.13794154389897173,-0.13437135806380893,-0.08344925536909502,-0.07206027600831189,-0.08567617870908906,-0.111520854136233,-0.13655375358699037,-0.15518514637645967,-0.15940819782266577,-0.17414153341494137,-0.1701492242114824,-0.1623830364452244,-0.15748148560636863,-0.1564099435846225,-0.1460193787253797,-0.13033294394247583,-0.12895149760317354,-0.12978716111028815,-0.15343086135632497,-0.18039367059329453,-0.20319769343310326,-0.2177382081443273,-0.21740730912103912,-0.2171359111737073,-0.21815837481841013,-0.2161301879434111,-0.20475464938975427,-0.20044441220473286
stat_244,0.7603865855904919,0.42926369705823736,-0.1696839386043302,-0.02220184215046677,0.4974226615267278,0.32447501047294164,0.5036510286201258,0.5034581469076855,0.5038144080638018,0.5039278343960011,0.5037741088752015,0.5039755588473203,0.502493638608368,0.5005235989570869,0.5019364215378636,0.5003632573349917,0.5024258278807539,0.5022817947991324,0.49903057398398426,0.497744152688406,0.495172897742856,0.496006834581887,0.49447585129697785,0.49392428686176215,0.49107294149427183,0.4862727306340351,0.49452500242293573,0.4844755612759263,0.4844420698754666,0.47775114291655185,0.48111093214509204,0.4804636603637262,0.4914128707116954,0.5169444141570754,0.5343136684576334,0.5686973654825807,0.6164002188906925,0.6703990641078867,0.7326341090637467,0.708620344016167,0.6618798096739951,0.6114556900955219,0.6037473603921288,0.6166256818565193,0.6489082168625648,0.625532564725147,0.5776345643787606,0.5509395878295062,0.5694667464010501,0.6235822165714714,0.6118243055100661,0.6055622450701782,0.6049620651414994,0.5859816649844786,0.521299733522636,0.4574292590431449,0.38697861109078074,0.3190694853374441,0.2749554474575022,0.27614879215906035,0.2785742706874116,0.2731415068603075,0.2506584202528685,0.24659217832667105,0.24776594399437496,0.255318679008641,0.24165921645065216,0.25122221994619476,0.25287758802137783,0.2581089183180139,0.29329490847037376,0.2516463456126048,0.19971562661220169,0.22940969516153384,0.25181070441715253,0.2496729202009031,0.26786075242002316,0.23552606140087542,0.22864059269622003,0.237304248619399,0.2734411732116366,0.3122781681412186,0.34642727287008485,0.3310071384129126,0.27844219998676495,0.20186020949437278,0.13504236296399275,0.09362708947260924,0.0736470678381127,0.30099592812176745,0.034346071645007144,0.0301749864098972,-0.03419424591307181,-0.05487310347574995,-0.02705900079451981,0.04444557070106633,0.12020385015359979,0.1755419461294293,0.18374741333071037,0.20007966082293951,0.20261618031480527,0.20083510120035544,0.19869506417283148,0.19896833072239803,0.19913787758768128,0.20284243615826322,0.19114943164591325,0.18979212561452607,0.1804767292660594,0.16366952582229735,0.18087178915280364,0.18249244612325374,0.1886202812199669,0.19779005418884055,0.19678267663875385,0.2128890164577094,0.2387077970477004,0.2665822040083148
stat_246,-0.8856601573055556,-0.3122209838107523,0.3514901939459366,0.23226282076220214,-0.466099155417329,-0.6199197722166567,-0.43875929237355105,-0.4362514796759428,-0.43265165523921145,-0.42644624063843156,-0.4152300550017734,-0.3951702864630352,-0.3603925445413168,-0.37004817523845557,-0.4263775794569033,-0.44834506757404846,-0.4629777282097419,-0.4636315784405391,-0.4698868689153808,-0.47843040342784127,-0.48355488011179054,-0.48754005463914946,-0.49129630816718495,-0.49404052779654756,-0.4973169944620516,-0.5021950250065675,-0.5022426809231847,-0.5099361305250812,-0.5224857625030876,-0.5218944550518151,-0.524385357368375,-0.524542708887219,-0.5336812551841982,-0.5434781443396214,-0.5489301482861406,-0.5541881222982954,-0.5593412259189634,-0.5411106777443038,-0.49392270810031513,-0.4277418977300282,-0.37754388049608495,-0.3212643114042173,-0.24517676888042847,-0.1927224493556906,-0.16295942594932936,-0.1297642662555343,-0.09359024175836925,-0.08948542669625942,-0.054505475538574044,-0.0827599189003407,-0.1861853962895888,-0.25623235874745587,-0.2623646628103113,-0.3246764564440307,-0.30881733288240254,-0.32611970449125777,-0.40359073755542413,-0.43140899459182663,-0.45182930652543396,-0.4653173918867956,-0.4575626327796522,-0.4695288858469098,-0.49227242364195445,-0.49957389166663774,-0.5016666194041461,-0.5324121621628538,-0.5304897922247459,-0.5271659818577263,-0.5226589741418336,-0.5156637639794531,-0.5537658206226622,-0.5863523237248959,-0.5726957727339421,-0.5638134544395583,-0.5562556314749473,-0.5493626843992024,-0.48525793477807144,-0.4475227847984172,-0.4225386650368327,-0.3590292715632762,-0.283259585795922,-0.23148503440989904,-0.173077480719755,-0.13604465959637055,-0.12059110180280132,-0.08745126749756467,-0.03864796549870337,-0.05604364148338435,-0.09403158716552205,-0.30204747886147904,-0.1272263395701915,-0.13119758955186187,-0.15197540316364377,-0.18498318887867993,-0.17217048247672848,-0.2081893378948149,-0.25031024996204976,-0.2638346365043562,-0.2740456329150184,-0.30098515097229445,-0.2825666990485529,-0.2754386069209474,-0.27662102146436784,-0.2788205989410205,-0.2661098137036415,-0.2354114649088277,-0.24789933512314502,-0.24991199317722446,-0.23145478272071446,-0.21169941628996303,-0.2248537006266608,-0.23400712841778257,-0.2254605353332772,-0.2249448334115344,-0.22620341342858702,-0.2428694692812501,-0.2534963343017192,-0.2861770769859948
stat_247,-0.4297236851794152,-0.13850847020793491,0.04853873577415132,0.2049616294253538,-0.2569074971844664,0.037327170388731304,-0.24846562962023036,-0.24814268656243121,-0.24862847839657964,-0.24957240254114943,-0.2502835578000806,-0.25356814746643747,-0.25578903524533064,-0.25597377919174824,-0.2553846188168802,-0.2588436472068351,-0.2622769162650935,-0.26264050510511544,-0.2666860381017162,-0.27530337171219366,-0.28601967999483224,-0.2922372309032674,-0.30154797541768813,-0.3103213766705388,-0.3208170817499828,-0.32456980421211734,-0.32699898177796677,-0.32402086032183125,-0.2781147458400362,-0.2401802175029565,-0.24851839696193706,-0.25081483805091515,-0.30288787044978144,-0.3755451017900795,-0.4550202275397485,-0.5037240898438842,-0.5228090055162974,-0.4755136102386752,-0.43173685982207705,-0.430045364141971,-0.39691928815029576,-0.40198206457860686,-0.4497985293742568,-0.3503943166793622,-0.2891901775224506,-0.27994275346228426,-0.3045984790782893,-0.28195976389417216,-0.2545572686434479,-0.20917543684312845,-0.16147769433210762,-0.1226878899369478,-0.12165443046144027,-0.13606634774117,-0.17940574712795804,-0.20901886590592156,-0.2145740442541556,-0.20864535817575913,-0.16251527915801522,-0.14307020457281927,-0.11144637158603848,-0.06468865502482317,-0.05129534490400621,-0.041350685181906516,-0.03520740325528155,0.00455764690151336,0.052710620599261654,0.042082023777188886,0.0394345410509314,0.054222054801982375,0.06810926505800333,0.10230586658563966,0.15587550088725866,0.1511779663101678,0.13846475575668685,0.143388613225745,0.1894662756548391,0.2033439325009762,0.21713209622318186,0.23622257819988277,0.20804963094623397,0.19284165998467362,0.17200102567624106,0.1347731899346105,0.16488758556620822,0.13678808835267967,0.08512340127303816,0.0922187621151922,0.05061673295771715,-0.0034102163092455673,0.046029484622872215,0.04761333520940017,0.07490851991596365,0.05717813617816564,0.08621987636078389,0.11703242968090265,0.11252419194748062,0.09145988002160116,0.0834377160799933,0.05890439851166121,0.07056420712422129,0.08609421151393219,0.05232003376151842,0.04874034179053449,0.03075691650365081,0.025395692450171238,0.024257892280450777,0.02335848776965909,0.03545308608547269,0.045395436125573736,0.03782815510516349,0.025185226099540232,0.021598945375962023,0.008208223569605256,0.006688489407474079,0.009286223331553023,0.011935731449212193,0.007483465979129156
stat_248,-0.43369093379086154,0.003918596285824535,0.2684194517835664,0.4308271824895564,-0.4030855189036623,-0.20565601763220012,-0.38517314060712204,-0.3854810879108218,-0.3857329072595937,-0.3854714706026348,-0.3856187308232007,-0.3864114659770973,-0.38550596487723876,-0.3872517859700683,-0.3911798102013131,-0.39467864165640104,-0.39869906023184637,-0.3989632264568518,-0.40170197066733515,-0.4050176193418569,-0.4071356691680316,-0.4091532221514425,-0.41221158205189107,-0.41304917407024755,-0.41820487121548716,-0.41906984886617993,-0.4183309361646998,-0.4284556728316359,-0.4269220203495262,-0.43237555322678123,-0.4453061645367433,-0.4463768255293688,-0.45859329012961636,-0.4584817895365826,-0.4514283372845175,-0.46049700373028973,-0.45924818702587394,-0.4386462506818063,-0.440469710293226,-0.45627741069703776,-0.4995025230103657,-0.49110731281244574,-0.4798342693315282,-0.41510939605123753,-0.3492378740122311,-0.27945448364988507,-0.400008606201606,-0.44954121392747015,-0.44823073262562985,-0.4119555576790344,-0.3360130661069365,-0.28640580855502895,-0.28748586015772754,-0.3659822886357739,-0.39901219249140507,-0.34392276840592967,-0.2976212663851608,-0.2843913014679384,-0.3099494818970005,-0.32194745237408456,-0.32982315629309766,-0.28535586690319464,-0.17787199472151582,-0.12140759963653318,-0.11712871761943518,-0.12006254992018639,-0.06443085269029557,0.018814586247153483,0.021782314734002575,0.08395408810421741,0.20760938871737272,0.24774828959080697,0.2031919329332884,0.10127125866748969,0.07799675199981454,0.0802976210603536,0.129330823292834,0.14487867825008274,0.1326295783951067,0.07055433317823474,-0.0004380993624235524,-0.024577722354566293,-0.06579226687225874,-0.06058833189767285,-0.0032374338465606172,0.14638882577766088,0.3813181499131185,0.40651615658410545,0.4067554158298494,0.2192395047350834,0.41384751974543027,0.41095886816348526,0.3946125922852057,0.30312055742586586,0.24098693370869564,0.16622936012800427,0.12117544627154143,0.08980012109965044,0.08184155015499536,0.07785658875439799,0.07532652652764757,0.05745810664910119,0.051588619241584956,0.051385694609566844,0.03879841971307355,0.032331448157703405,0.05015159685686689,0.051958267767337786,0.06254306825721515,0.08824866289492059,0.0734752763967541,0.09469853503153342,0.0941763718998925,0.11153215328737079,0.11609492739571287,0.12379166882933092,0.15990524590233104,0.19123281438932901
stat_249,-0.350744483208393,-0.2139087628586282,-0.18780358072027417,-0.16752880795186229,-0.13532426750736795,0.005967213371530128,-0.12050015434198122,-0.1209106551775536,-0.12165158270877083,-0.12243087247149774,-0.12274283519923301,-0.1242815213501032,-0.12678446795734835,-0.1304218532939078,-0.13341627069547674,-0.13728880411858954,-0.14326616683050117,-0.14351206444245912,-0.1467586582377256,-0.15122495553534926,-0.15562441330787738,-0.16285625356501532,-0.17053830460599037,-0.17703044254412884,-0.18410836477097228,-0.19420172479479791,-0.20818560039578168,-0.22334700932341883,-0.2395286919293797,-0.25261746105288296,-0.27573198158138507,-0.2775466696816615,-0.3014050738397269,-0.32829849348315215,-0.3386607336424593,-0.34498173141634125,-0.32081559835514173,-0.29412235238671663,-0.2801943011853569,-0.24906906294478495,-0.21817654269878778,-0.18944413414216033,-0.16216960877202832,-0.1289647734710285,-0.133081105159106,-0.1433622907945541,-0.1634854496728131,-0.1522614692962415,-0.10017994431172358,-0.042737416197831966,-0.025298716515564375,-0.01979556209503145,-0.019420255935859998,0.00485729521073267,0.035101001132167575,0.09745860072286319,0.15529455452175567,0.16740975328683352,0.21024681442113521,0.2231556492015812,0.19645911575824554,0.13763275700433245,0.12041055315917684,0.13585285116088705,0.1388748888342631,0.1787634984151485,0.21629970106163812,0.25334547324276346,0.2578777019924345,0.29199738323701036,0.3057806423965875,0.31994364128077435,0.30822692479125813,0.28053356339516744,0.2667608489840612,0.2620984149762638,0.23511132374010274,0.21141493700390998,0.18796917943921204,0.21916644700174007,0.2473995646010233,0.22478210336757387,0.15524529218289038,0.09182940432116612,0.04631031167495935,0.02740632700343986,0.026000193578202584,0.04492598135270001,0.047658726328187774,0.024009953160387506,0.062267647259623055,0.0640784685086263,0.068511063020219,0.08038337188328228,0.10896862847549285,0.12053842502125525,0.10950301154727418,0.11108439971862505,0.10759167736711238,0.0894697426950801,0.08783408282459226,0.08800849178900015,0.0856933421431386,0.08354910296962756,0.07754180390596004,0.06693103169444026,0.07043972100115849,0.06939840217914955,0.06781334387296863,0.06409761492391915,0.05843015155616127,0.08160248910302553,0.09081711288436804,0.08074504504319366,0.07976853062649866,0.072392982980167,0.06507928408939427,0.04475895980144873
stat_251,0.8379974018145733,0.6081720703856323,-0.013016617182205027,0.05182787913507407,0.23238768208741234,0.40394398576269236,0.23502563217490147,0.23710852740979155,0.23848924456880527,0.24204602526278465,0.2413882158267463,0.24048070305722904,0.23065181202853066,0.22981931383409668,0.23703221200841706,0.228968806789244,0.22429586309606275,0.223556660652864,0.21668393152825527,0.20732839517351792,0.2015982278928863,0.19947276169545103,0.18937123965915054,0.18429624865021554,0.16596971228993437,0.1439609646913637,0.12672659615543072,0.10884045318673256,0.07329341450849944,0.05420718177168893,0.028868719366568003,0.02647986592742913,-0.019763821512593503,-0.048425105238735035,-0.08357336348674499,-0.14421462814040809,-0.1659403770474963,-0.17549080939717465,-0.17527833194831258,-0.16731013443028603,-0.1526634722850507,-0.1504487289673094,-0.12013686121981909,-0.10783391681539996,-0.04377339996222774,-0.020697890617926734,0.0272878145920478,0.06290785785589258,0.09754081203798985,0.11605929960488669,0.13359109836806954,0.19587241519346715,0.20396109828319775,0.3077630231692439,0.38648529094961614,0.4191585920713794,0.48347803206536005,0.5389677477919915,0.5941934827528549,0.6023523578331029,0.6440817415593022,0.6232138745627247,0.5791806475593281,0.6586669392658979,0.6653212846715667,0.7102764379257971,0.7797472250616796,0.7849656318698623,0.7799180242205123,0.7464666330674592,0.7383003254445881,0.7305730119377206,0.6941133551747968,0.6932256446436087,0.7433890095336997,0.7537657264329726,0.8182239098356375,0.7821673489826927,0.7856484398345231,0.7058459136171472,0.5897911921471489,0.5434106927730291,0.46302403319541124,0.38549168059553224,0.3091717211197253,0.26314594201878083,0.25889635796784416,0.28072220956486266,0.2860803913702031,0.17840439529567714,0.2653048831231882,0.26587897633199004,0.2414583855724218,0.2088103684690523,0.1961228760446302,0.18557534218471144,0.18368516576297084,0.17449690281790606,0.1697747858998832,0.1632172648381757,0.19199134232919754,0.23382174065097627,0.2660187092640725,0.2680616538041366,0.2560458387332532,0.25309693501671543,0.2525247483264446,0.2524090242666415,0.23830253744844213,0.23876683656604392,0.22149187875023357,0.21437187421500353,0.19337556425774122,0.18077818470020804,0.1806725689996191,0.18143414984614828,0.18033482092969835,0.17969025001740188
stat_253,0.3586123031028381,-0.0032586859263984583,-0.2809760392140219,-0.27390778755325473,0.2584986384213725,-0.06155767964010337,0.27549785556434103,0.27578470229253055,0.2761160408001894,0.27661129752284813,0.2767100253473129,0.27810737420227444,0.27848633731055805,0.2769801665937922,0.27409066383380104,0.272853931054813,0.26834845403588375,0.26809010415895707,0.2680893976806776,0.26956149392759227,0.2692085083707294,0.26981036374588757,0.27078627449061893,0.275679496138588,0.2831211328672084,0.2867119041116456,0.29229314664606404,0.2977072124675467,0.3119118128985335,0.32193722732163094,0.31149718219915445,0.3113665747314367,0.34146035175037703,0.3849267508405869,0.4242207887806049,0.4582751558583514,0.43655326245718096,0.40435187822791885,0.401252161739509,0.39818646519257805,0.38358845820864995,0.33338679072165145,0.35328044399816366,0.40817701688813174,0.3867441192692067,0.3286855746912891,0.27308196003104424,0.26095674443079686,0.2670469057214931,0.27834688712798616,0.3612637178896961,0.44816402560016366,0.45382194486775673,0.5185566372466409,0.5500372203162724,0.588391947133359,0.5596805495884931,0.4478218036181617,0.3028804099275659,0.2502256924715733,0.03802090333315591,-0.15247050841892604,-0.31198072828468093,-0.44702285873218195,-0.46326425438994157,-0.571042612868949,-0.6535824900565578,-0.70607311100971,-0.7091468885510577,-0.7282791684557237,-0.7477180732623334,-0.75924371950359,-0.7271110195358702,-0.681248803813208,-0.6369994075479435,-0.636189848525398,-0.6084469402635148,-0.6175780362688617,-0.6007355585670292,-0.5971196294061214,-0.5389645793646923,-0.4880767052068203,-0.4631155293011815,-0.4544730559622935,-0.41659595532073856,-0.39489783244481846,-0.39167855432046095,-0.391842904474585,-0.3604291100033909,-0.2170693151178382,-0.33384394823043445,-0.34017313861117615,-0.3087691496283007,-0.27469133133867063,-0.24904496161531148,-0.223023388853227,-0.2004887827812332,-0.19961204204632446,-0.2104310506157658,-0.23998151733745002,-0.24549677029028827,-0.23769590729395845,-0.23655267031838437,-0.23890835117440481,-0.2534255906494228,-0.27221322955961924,-0.27126772247792336,-0.271632122776053,-0.27638704512941087,-0.273050815082838,-0.2657538823914839,-0.24425297317218053,-0.2472941049793117,-0.2553869431366381,-0.2541853990790195,-0.23320656421906552,-0.21831243138494,-0.2104265745999286
stat_255,1.3704599592544642,0.7630895407701653,0.24655815583073898,0.08337526104554854,0.5501844793021433,0.3114823481935124,0.5444841852427135,0.5415218337278557,0.5417027221996682,0.5445173503999179,0.5459870228153537,0.549419702311091,0.5458488133024326,0.5428800727387944,0.5432877199874017,0.5415837939311099,0.5344052936681845,0.5340974385259746,0.5401099236457225,0.5390823398118901,0.5462664298228008,0.5529248829615393,0.5682172893402841,0.5671056615517722,0.5668876772238604,0.5754498943880076,0.5982480061819417,0.6256099133444394,0.6396895936051816,0.6338719063895868,0.6654278377173487,0.6662948960773423,0.6536960883199345,0.6693002187993657,0.6827102518345655,0.7228291695780013,0.7183564785790549,0.7647648088638516,0.6949638918020328,0.717098070192769,0.7828921360758813,0.7898353288392411,0.7408330691581885,0.7348143058428275,0.8025406786754031,0.8155408060197098,0.7531939590627584,0.7297652532407642,0.7039043549096888,0.7051317071897515,0.6826244449005379,0.6669407511092472,0.6665499890241058,0.7302546309424948,0.7855040504367097,0.782572669938125,0.734404225228021,0.6414073087686168,0.5217791571435891,0.479663520809666,0.39315322365745786,0.3140676159910693,0.19932638076178522,0.2472935368127387,0.2593658832191914,0.25411034549625033,0.22443396188159928,0.29077261983715513,0.2961105446207302,0.3230909081143253,0.2978746419353608,0.336825399607972,0.35269752485194567,0.3162477296798638,0.3328195650419354,0.3417189142447278,0.4026488179080432,0.2926451111304388,0.17008817628267192,0.18757385454815986,0.16762003849548587,0.12375556672980445,0.05995273346075592,0.04092473335506461,0.02479583725097351,0.0006513031128811591,-0.014070458727651423,0.008262518596402316,0.030262210072208067,0.06438258415652895,0.030988520200623763,0.03183266175196094,0.0005099701131895873,-0.04816881429842647,-0.07738272173338019,-0.09942977429822282,-0.11136507471568692,-0.11573678048367343,-0.11878144987944185,-0.0938693377331598,-0.0887644195225331,-0.08531501843844035,-0.09610581817684101,-0.09749397833712714,-0.07545019819168503,-0.018599594779326382,-0.00039667105086122075,0.00116980068752493,0.013246426766387633,0.026810767712242164,0.0415010667624391,0.05719771329211663,0.06347810228393785,0.06553757784140378,0.06650204560031835,0.05903180126992351,0.049362811276233896,0.06632349029123834
stat_257,-1.9779096343343174,-0.9661080742220381,0.2557272746595957,0.13347943991164682,-0.8690694966453312,-0.8201839607397332,-0.8516235110614802,-0.851161236829747,-0.8513469535603282,-0.8511589851416992,-0.8496167983552216,-0.8500273149227751,-0.852166700038004,-0.8546732216680221,-0.8571558947161834,-0.8565963247675819,-0.8599927903702023,-0.8601707104428978,-0.8550690698369434,-0.8550124126662441,-0.8587632406725882,-0.8641673023848889,-0.8699410178679232,-0.8682105868095714,-0.8665692781017399,-0.864206972103388,-0.8553435390508243,-0.8574095046758434,-0.8497043083221758,-0.8413480956621304,-0.8419848363230642,-0.8418688001641091,-0.8366996326935049,-0.8252562813894843,-0.801157644995813,-0.7736507259864583,-0.7584631993865669,-0.7362378429185865,-0.6917939759063441,-0.7099546678295512,-0.743382296197571,-0.7477147668841173,-0.7323041431205171,-0.7192838181774679,-0.7280810812929329,-0.8072616641003288,-0.8833710861731696,-0.9344661729773412,-0.9418055761226511,-0.9162761082702637,-0.8875792717273885,-0.8816153656424265,-0.8802364363072818,-0.8697451962373582,-0.8764769800679613,-0.8726777677097304,-0.8832154644468162,-0.9070422940787188,-0.9202883884613975,-0.91944034370566,-0.918866787277708,-0.9427691713356702,-0.9716644313407024,-0.9961045911469956,-0.9999783370727238,-1.0132170943613905,-1.0020433350653044,-0.9379438563329611,-0.933725968477215,-0.8844940140451248,-0.828306417647531,-0.7783148997523862,-0.7564743456503799,-0.7281689752957482,-0.7006041537075665,-0.6946571219301731,-0.6611226762596645,-0.6339121914497742,-0.560171998779941,-0.5052353417555421,-0.42707561279709527,-0.3725037226724337,-0.3554979141170003,-0.3087474016157847,-0.26197464073074334,-0.25639266103575364,-0.22817641414553388,-0.2477232200173709,-0.267418223886125,-0.5225693531110038,-0.2988418250454457,-0.30235749589479183,-0.33568747360970924,-0.35163280283108783,-0.3579322734709258,-0.37260206592101736,-0.394736992008778,-0.40629866327439046,-0.4061208241700236,-0.40708279443486745,-0.40147704164213727,-0.40808394533489295,-0.3958006211629879,-0.3954260105961994,-0.4076008433460853,-0.43333191748806754,-0.42495058982955375,-0.4236734108745995,-0.4177735820278076,-0.4222346700254939,-0.4006966901396669,-0.4120274785697253,-0.4467138877684265,-0.45366481243315565,-0.45512547336041,-0.4641190620853726,-0.46606879194454737,-0.48671558184053154
stat_258,0.7741039199918229,0.38209893462959105,-0.22090212799925127,0.11126273322865571,0.385941261011675,0.3408234576634877,0.20063790820277974,0.20111069298914344,0.20174394943282337,0.2013847017929072,0.20268533621192697,0.2037888163385068,0.20214996637239788,0.199376303007078,0.20003883996901775,0.20090067034023154,0.20109952011006085,0.20102483898904724,0.20789005513718165,0.21455317272677557,0.21684787409033868,0.2190741711616958,0.22815072723528856,0.24445295529788522,0.2631290450989406,0.2919785909446711,0.3297685390498492,0.37241482597787134,0.38721292547403285,0.389540091761576,0.41313758896948394,0.41664826183503484,0.4628744265931877,0.4569459317531967,0.4694081286145033,0.48098858496981195,0.43797818373569875,0.3810170287706855,0.3639208243794589,0.35171532158405283,0.36923638753643473,0.3537412628122385,0.3073953959595165,0.2973094168820768,0.29122539663665253,0.24193594451627573,0.26136691520260064,0.24640970853336983,0.2155525154819524,0.16446151253576852,0.10062234765353238,0.04675835946052245,0.04056496286225409,-0.025995721289506748,-0.029298072476408792,-0.012722752754286821,-0.025410186468869275,0.03346139312791632,0.09036693092516417,0.10616693688724255,0.17893180734506078,0.2038752076238065,0.19297458692282526,0.20553233227249518,0.2124727357149916,0.2173734611012645,0.1808215726096102,0.16318852800378916,0.16080697159016963,0.17316670147516322,0.16785370015609463,0.16704556999689574,0.15425995593959613,0.10815219321115459,0.05668187130454424,0.05340453241958684,0.014546762225852692,0.02616310446873499,0.008057014828214162,0.002397208984353497,-0.004828626308007059,-0.05119256733904484,-0.06870668712015895,-0.04557527468529936,-0.05898788455037519,-0.05150897264114487,-0.02733616445453402,-0.020983661319984134,0.018984459961246855,-0.09587977190544673,0.043412656290190206,0.04402868005070667,0.07576948723759214,0.1259999395785045,0.12760081124350872,0.11504792820479696,0.10212146941939765,0.10055615008907169,0.09905858256780328,0.07895335427456024,0.07505724132971563,0.08755668614241881,0.08681739630116858,0.08664672804977736,0.07600707412583643,0.052024697226894956,0.03255172258430255,0.03186116920663403,0.026454412139870348,0.019923287443838117,0.019388943306517737,0.010032057654354668,-0.009964823259762553,-0.02713813962251093,-0.029039457706696168,-0.04236451904374274,-0.059418599898894614,-0.08401693763212337
stat_259,0.8493779601328584,0.24620353182725244,-0.5853808351064819,-0.49063865757056146,0.5445711082420407,0.19069030110330606,0.5512371615172342,0.5526024819678993,0.5537915264487786,0.5555006282585906,0.5579856261074666,0.5600635699457752,0.5585331296906516,0.5680111040383375,0.5614778880995369,0.5648695810964146,0.5637986156993994,0.5636390020759796,0.5784381647999056,0.5993997021212855,0.6104374631026731,0.6127653865835722,0.6649099506961985,0.6953210745590078,0.6925074585902564,0.7054167955519753,0.7240718323085321,0.761894035635796,0.8098245090186033,0.8644215382695443,0.9180874448588048,0.9219907829588587,0.9432097868586913,1.015100495392481,0.9987698627904468,0.9084398152140327,0.8695016736410895,0.8314020708095634,0.8567102049546276,0.8813468377522807,0.8652060469129549,0.7751359958988987,0.6586934628613295,0.5204243202816359,0.4880173509065922,0.4560395955247862,0.42501457704736656,0.44072762710721636,0.4771480699774582,0.4747026459746305,0.4236150326851375,0.3352294906704691,0.328881513837521,0.2681220498189693,0.19377798702709678,0.10233950061868546,0.07878603653546021,0.060794170028717044,0.0945183876012395,0.09777623678302455,0.04020841728771767,0.017450303132780984,-0.03706513364494702,-0.1046316562964023,-0.11379483598670825,-0.17503158936521365,-0.20958927756271253,-0.2005477972396598,-0.19948185036851265,-0.1831683051301797,-0.2017554001160157,-0.20821991344357033,-0.21592672793012946,-0.198410721012295,-0.186499916016704,-0.18643218470720868,-0.13895809876866527,-0.13061795635112314,-0.14351814306313393,-0.10462077815178812,-0.07930140917358665,-0.09022007406563771,-0.09632561649547608,-0.0861232557311609,-0.06663756383224945,-0.0377816368442416,-0.04981133510530023,-0.060301184964554486,-0.05076004176717771,0.0405002256960722,-0.0234941651405059,-0.026671394802082003,-0.03804371418550342,-0.04139549936469924,-0.046593083303686764,-0.027536458842489276,-0.005460779444776992,0.0028096483713139545,0.0011263905320256515,0.0023997542281374374,-0.001621520337230227,0.008260579744420814,-0.0017169037042425945,-0.006267677196685097,-0.018577400955730065,-0.03133165782379386,-0.031172779667163253,-0.031948794701116924,-0.03929135956881228,-0.027398375434813896,-0.017191536005817614,-0.021673661360864144,-0.011566508151796337,0.00477077452620294,0.0050339941673396595,0.010155389503676433,0.03253178825611504,0.05024083995013257
stat_26,0.19458786166249636,0.15919880468822503,0.19461371611740313,0.17929516864562167,-0.015791938405492683,-0.04754724153039473,-0.0070856009779116415,-0.007650175517663643,-0.00851966019932771,-0.009665115642115796,-0.01164661848561615,-0.013806514631735533,-0.0175953589453078,-0.01958252675563724,-0.017964643145062662,-0.019375975324454172,-0.022957846120354237,-0.02308575090981176,-0.027634871934102977,-0.02958638787318843,-0.032309475869863144,-0.03939752251611319,-0.042545767385539376,-0.04422432275633095,-0.047482329268797696,-0.05147885209071984,-0.056889208223276415,-0.0607961142653403,-0.06618266284109074,-0.07664538707788475,-0.09506259968976304,-0.09589028867723662,-0.11057503624128592,-0.11127150305911536,-0.10397963932829601,-0.10220505192659722,-0.11152754056003249,-0.10607564634463879,-0.09774046539115938,-0.11582014843471751,-0.1088057496403569,-0.07491619946814526,-0.023629034346150074,0.00758929785523704,0.038246441104916366,0.07037840386589087,0.12887316943132385,0.1745195274068749,0.20739282235006815,0.2340947536543076,0.2599395647596871,0.23344778255733187,0.22995613871039272,0.18841549832338142,0.20971877274875114,0.2325523236425848,0.2020649778211275,0.13433709220893494,0.08520703242194327,0.07487492895124936,0.02835337239000111,-0.027828569599425222,-0.057921572583617645,-0.06395195504687098,-0.06395871578691258,-0.06569400831640215,-0.06617544092079,-0.056915861886153885,-0.05665272950256343,-0.09280025588629441,-0.15596562619187845,-0.1938987116064664,-0.18936416414540283,-0.13908994998743854,-0.12666272461326472,-0.12999341835980424,-0.16463739567764674,-0.18516221865674973,-0.2084778445447501,-0.20734067477906484,-0.1715485203189019,-0.1373325431682789,-0.08865802195363631,0.00013058274819294062,0.06270113976525325,0.11730625803139588,0.1561291055506986,0.19092408429104568,0.210578690040328,-0.11056243311237189,0.2362550778446077,0.23769685929404918,0.2579844679962903,0.2754907684446245,0.27152193925724527,0.26739243074512303,0.25591763787721894,0.23159525946647602,0.2209440701664454,0.17504072751908367,0.15721340247125928,0.13300810401229088,0.10609989847624955,0.10244744556764887,0.08688275237022239,0.06821405115614781,0.06129693615018201,0.060383163349761855,0.05357017910069282,0.03793538768159436,0.023529871197974506,0.012610803974561166,0.008563995787461559,-0.003830030226548092,-0.006229380470292754,-0.02865248873177374,-0.044969620626840026,-0.07790263662849907
stat_260,0.2981325580195165,0.2945009850890438,0.39831764080762333,0.398987286431036,-0.09993972765232315,0.17167515656929433,-0.09623036597216145,-0.09663389970058733,-0.09682610555485059,-0.09708739887453428,-0.09714941924701477,-0.09773946883733844,-0.10045398254244714,-0.10400486149539541,-0.10540988040963799,-0.10796828733889598,-0.11117180163695171,-0.11150660737411427,-0.11505564580923484,-0.11706401321512902,-0.11715881559780221,-0.1205402859202103,-0.12412251038508995,-0.12788176347132263,-0.12934632035439378,-0.13672405075252098,-0.14372882277557708,-0.14897995894855434,-0.15307631470925384,-0.15684859574367077,-0.1630689987226072,-0.16320029964365196,-0.16273744154866795,-0.14166331523230033,-0.1199438857501634,-0.09260242912655124,-0.10069800281320046,-0.13062911606815544,-0.17327375744486634,-0.25213736320620783,-0.2964863460343369,-0.3243757867305503,-0.32651990960195326,-0.3402813790884204,-0.2970519854057725,-0.2783658651569505,-0.29498467980646426,-0.3217785062678983,-0.3173192918000634,-0.2678939090455558,-0.19624623282224,-0.14455172101346236,-0.14082664045060128,-0.08829601963601415,-0.019518650354416155,0.07298069132939243,0.16333907114830515,0.21663344930004708,0.235547634298142,0.23930191202018644,0.2708603460370402,0.32283600322742206,0.3767982620492704,0.4199455500244806,0.4261135811985446,0.48903361330865336,0.5573113912035087,0.588776888487105,0.588232357110155,0.5623132061149538,0.5294466477424754,0.447671942331581,0.354558980062175,0.29154083919143237,0.25247780951366594,0.24729859194274076,0.2124324237770231,0.15596260809615353,0.10396434771870619,0.08024981902492508,0.09207672522623679,0.12094997768792838,0.16508207536516853,0.2018539464244811,0.18932409522674903,0.15529322339825716,0.13946906507260093,0.13959252472522204,0.13464490706425933,0.04258656650485631,0.12460043951787343,0.12377735678075151,0.11620475134571756,0.11016970053246837,0.09535525550058473,0.08812625252083002,0.0946664181239126,0.09547189420267549,0.09755802661716922,0.11239125599360034,0.11877324149402027,0.11441150608973158,0.11201827590246005,0.11257803256731987,0.10009821089954166,0.07396673407117248,0.051647180833150515,0.050537423116730054,0.033065334126576966,0.024089108282563543,0.026866989564443448,0.02602123526926053,0.018837397828363432,0.018796247702977022,0.01822869180431372,0.026295930490653867,0.03737658934701529,0.0442237133046368
stat_262,0.8782850527315862,0.5007564375593909,-0.006441760663473767,-0.00718447976125131,0.2828567272872986,0.23881816777776085,0.2843813181708274,0.28589147834455525,0.285015358830725,0.2847222311209341,0.2835692602599013,0.28533367179944696,0.28355290225198304,0.2820243794078576,0.2800748661578402,0.27849235538455425,0.2746773852167123,0.2743598300984103,0.26990945711788394,0.26267064260995643,0.26142850788193794,0.25796975838757413,0.24609539870349662,0.23064947450700388,0.23162318320644115,0.2316726009906931,0.22638830052287132,0.20040142457584043,0.17626907058607744,0.16808260261563351,0.16475663665683724,0.16636713000360784,0.17022839550225397,0.1741207133905089,0.18058799617933796,0.17086168743494579,0.2154228005933555,0.23236465562448122,0.25789558098800874,0.2952891727740248,0.3075980374305868,0.3194870164992064,0.2557601714684137,0.2822443640941232,0.2897545046763768,0.35285875965656316,0.37349800630040314,0.30252701487298944,0.3809593682202107,0.3983288897439599,0.39649885621081704,0.49912954025921175,0.5057926763512081,0.5468179681377899,0.5000405044414157,0.46468902642344173,0.4356929519535833,0.44710561075386224,0.41098074582069083,0.4209446525469214,0.4902632019168521,0.5113076181540674,0.4627245040331468,0.43733994881614746,0.4376309074147261,0.43744179489841784,0.45021396658684687,0.5239534192383601,0.5276203742564277,0.5275749382318718,0.459799386009717,0.38279676050013883,0.28194175626337586,0.22830957425283843,0.14989180973577654,0.14162407689221276,0.08620209899958446,0.01857222267985834,-0.043861269676589286,-0.016534975102286645,0.07384052101880487,0.15404254516172933,0.18829396707352106,0.08511841818365365,-0.0038185490769457623,-0.060477995286620456,-0.12095948195342134,-0.1671890741878273,-0.18973265516221952,0.0530116633702318,-0.22465122424489237,-0.2267838355053836,-0.19555508184794898,-0.16335768908659343,-0.12855167363470926,-0.10172490021842409,-0.09750788847294312,-0.13507914378830813,-0.1426598527052576,-0.12457744649220223,-0.10082519577041184,-0.09117976251795988,-0.08775975362860816,-0.08734857712393,-0.07508863747945368,-0.09225948379069213,-0.11902492919703295,-0.11989072148009837,-0.1314168880430439,-0.1336903823368535,-0.11412422583579587,-0.0877938251221739,-0.06367547321800668,-0.054982151259556036,-0.05378065647459176,-0.03240119893908864,0.024181828731104225,0.04502644029209347
stat_269,0.392632937655679,0.1841885900925973,0.08653648073881884,0.00024154998784297154,0.35151822031257435,0.16595843635969548,0.3564742072319058,0.3570378814915382,0.3580352197317007,0.3618174283945487,0.3617204568999673,0.3621356263314102,0.3586238488941848,0.3566548636055949,0.36334966647157446,0.36210907824118854,0.37265874372646995,0.3728340110556329,0.3723228950326109,0.38200642652047734,0.38505842715568145,0.3877108832986011,0.39668817768846515,0.4090567817883031,0.4047346821536077,0.42057197245586936,0.41167765761948694,0.4327276657690919,0.44673824743127166,0.4628799154630151,0.5024848415174388,0.5049397583243148,0.5057648789194268,0.5094026361532653,0.48738708204444414,0.44951563424147406,0.3694155391054068,0.36504293367044127,0.3479943121298623,0.3506875166407461,0.381468912487324,0.4039007052537823,0.4751554061235189,0.46952018045795213,0.4712637728256531,0.5338643585389468,0.5669208911171952,0.601391252783401,0.5730796388659074,0.5460612461540266,0.5378294236825174,0.5535816148364284,0.5526208025829294,0.5301763365277211,0.49307737110069366,0.5054894218973897,0.48187209968405464,0.458417023290807,0.46520446304374774,0.46874228180178823,0.4562608979877193,0.4632284913388855,0.46316399526008906,0.44995551258670147,0.44719229234830815,0.425603759971893,0.42659930908076943,0.4135837857635889,0.419183363648991,0.4549784246498385,0.48347921388100645,0.47241440138827856,0.4733882323578726,0.5368693306590053,0.5358165863281462,0.5352171178735015,0.47813452728981154,0.505010636424177,0.5493656690816828,0.534468384759399,0.528773002746978,0.5713809225494478,0.582035847741547,0.5704475750850689,0.6588159324254516,0.7207326826269436,0.7112989924042611,0.6209786151974382,0.5323694651729801,0.2046504284238465,0.49229658762403034,0.4866053016174497,0.47941826375972435,0.4632702623228635,0.40716334020672595,0.4029527819907748,0.4237434365463842,0.4299937446952364,0.43815403175999246,0.46214505720625526,0.46858256116012226,0.4691572278427873,0.4786801912246749,0.47624295125543736,0.5054731756843419,0.5047524702939727,0.4504313473738473,0.44501301703726437,0.40709124228829807,0.36951597310873197,0.3355364213878839,0.295267984071907,0.29132795398766653,0.27732938505620713,0.276530357295367,0.27250307853038525,0.23918086698496668,0.22350857850557246
stat_27,0.02729180636558474,0.08548156957806453,-0.000984789123756473,0.11189024649644581,-0.08349743216269377,0.04187489292767667,-0.07655851123638453,-0.07604753784007082,-0.07624199239228932,-0.07546669897495611,-0.07297903563946195,-0.0734779322617221,-0.06944896831774075,-0.0713342882755556,-0.06819636848304256,-0.06623941032873552,-0.06981282502038716,-0.06936236568331268,-0.06471931686614354,-0.06461790676139131,-0.060434878592200314,-0.06870893983413034,-0.0723553008006435,-0.08434726237697303,-0.08159575299815923,-0.08770788540819896,-0.09009010986220617,-0.08041907324602313,-0.07124656682288275,-0.06812408706503673,-0.07820479071419231,-0.08016631862952137,-0.09935508556574983,-0.1303589334816594,-0.13028878435778354,-0.11795044184414354,-0.14023002493940587,-0.16457489246821944,-0.15525012381694298,-0.17911272726247676,-0.17313330721167183,-0.13114579000968116,-0.1582646516641409,-0.19483807455442811,-0.24635986844544275,-0.2685541274570629,-0.2979858179408006,-0.21517128479974812,-0.15950075774259068,-0.13947753841725505,-0.14452916026343507,-0.10612916174955375,-0.10318908000116289,-0.05423550049051179,-0.004351208030376869,0.0903939240514821,0.17792189517146095,0.2535653026854103,0.27026259106881273,0.26560654897799596,0.2514886296330751,0.22237660172442011,0.22523879567582347,0.19906188581724807,0.19794606137599638,0.16441936003708388,0.14395200502145358,0.158330799270176,0.15913915756615662,0.12784631944076225,0.059406868050168066,0.010221316953727863,0.04060824610288344,0.09037463347119444,0.1314403799930025,0.13546554441847578,0.14578175866252563,0.10952765193345715,0.10001786488799255,0.09014095725559049,0.17918046532047704,0.2632841549825474,0.2857382670792185,0.24263030640560804,0.1262460729633549,0.01855350984420305,-0.05071456366683086,-0.044049965528280055,-0.02769137758983092,0.1131781807873648,-0.08323446001404725,-0.08732087847523595,-0.09038198735928399,-0.03307670388104335,0.03302318513904773,0.026631610224007087,0.03665011561183161,0.030900267921370236,0.02593045230566215,-0.025610037872102913,-0.036273891278819435,-0.010946757103893147,0.004196402718894751,0.006651543897167224,0.030092712305493676,0.02542870421314607,-0.013959496990196595,-0.016573043294061684,-0.03769988606012055,-0.029838843254851845,0.007886472796110478,0.03614695251820747,0.07901857359359578,0.08827504574571078,0.08805193663864154,0.09793294666843501,0.11678468198931781,0.11303975417318832
stat_270,-0.5208807167764145,-0.35619602558556557,0.12348855188020626,-0.024703414848300017,-0.36244229496574704,-0.19214663920859915,-0.3464442279994571,-0.34618677743516096,-0.34606936079715817,-0.34597898323744475,-0.34639939777446016,-0.3460062345152297,-0.34742443157248704,-0.3499563323816183,-0.35384728861113907,-0.35611573616268916,-0.3622896214221085,-0.36257506405170187,-0.3628772126474406,-0.3665794970220119,-0.3692592639963009,-0.37366405557300514,-0.3770508517397377,-0.3811868048026211,-0.3820473744548006,-0.3832297682442511,-0.39364431433609237,-0.40601691107261084,-0.40234594744005664,-0.4107313099692881,-0.39899700814238737,-0.39819506540634375,-0.4165790269974711,-0.4045744089081011,-0.3963993081549598,-0.39384390237656985,-0.39891797867072226,-0.4450167763646355,-0.4773281821526492,-0.4680180330437081,-0.43778339007468076,-0.4461313647830936,-0.36852820568180705,-0.3081221241876889,-0.2909639753351427,-0.28463211136009126,-0.22976811945259196,-0.26476321617196347,-0.3555257310471535,-0.3477245176870133,-0.30280859966260426,-0.26904613030138835,-0.27038117827651587,-0.25173476835464814,-0.23392017293223635,-0.2500887365730613,-0.26498713699034415,-0.2648650949754739,-0.22057874345641523,-0.22372775530251976,-0.2494152786478568,-0.16856672074597792,-0.13162901716852432,-0.08646715333283875,-0.08292203169329274,-0.02142158234953429,0.1263868552582171,0.2030335237821306,0.20353944381024716,0.12931344026181316,0.08406223526136172,0.09344819354350037,0.14017729893166245,0.15724963964684754,0.20594187872358094,0.21176112867995037,0.2953139718701215,0.2866251402338874,0.1770232124752154,0.06546680624271023,0.09721276838055275,0.16093971847540425,0.23177151303968485,0.2038066373898738,0.15487858970710386,0.14598266287747955,0.08769163845573669,0.039889603007996474,0.0013031682700825262,-0.11172975542219343,-0.011542611772764017,-0.013009458783630943,-0.06122911363045473,-0.06036275873185512,-0.0640095299008678,-0.07541469109322037,-0.10933067616621255,-0.11777210054876011,-0.11946515715239055,-0.11722352103184167,-0.102609371191407,-0.11392769329857273,-0.10754879010244951,-0.10335096224876383,-0.09433715179351214,-0.08649289192629733,-0.08555747327238662,-0.08513672899372925,-0.08027788172975309,-0.08632649178634863,-0.08502696266774276,-0.08406021308550808,-0.07043297746121754,-0.07443181052780197,-0.07750758608226344,-0.08629849671335357,-0.10077047938023549,-0.10011725912234468
stat_274,-0.04150050867115567,0.21536051399499803,0.46660328571983034,0.3907429268034262,-0.3314016817395376,-0.23182621929278027,-0.3260101424580653,-0.3265698651949056,-0.327635477989201,-0.32972647418141027,-0.3310282316488254,-0.33224433965124683,-0.33483939834644333,-0.3373258312838926,-0.34073661763590146,-0.3445970035855608,-0.3468456095299127,-0.3470965244126041,-0.3512974822926614,-0.357061591446818,-0.3646192275414953,-0.3753830226178835,-0.38225877095851496,-0.39191904519166026,-0.3950420625540388,-0.4029030359222158,-0.4150434774838092,-0.4131069184868538,-0.4184039111548945,-0.440617297046597,-0.44266900142133175,-0.44210405842638195,-0.4460216268918175,-0.4400007857475654,-0.4179198042293534,-0.4106146653660088,-0.44462494311698025,-0.43727444703892654,-0.44879939098559263,-0.4525023398372986,-0.39933340558458863,-0.3798077944696128,-0.3700438085387764,-0.36740408959821247,-0.31780959454280866,-0.21980151544188203,-0.04197553253200702,0.11906877944444809,0.13860440502695717,0.009979294198667001,-0.08742832915764809,-0.17734571211234484,-0.17930921486696244,-0.17258834313776608,-0.1793102590834085,-0.18603846501637625,-0.18852405763809024,-0.24631772170850147,-0.23954820510215818,-0.23521966685635934,-0.176466222386405,-0.1486373305755406,-0.12774374775841585,-0.1274701906586112,-0.12369078312782701,-0.08530861267963277,-0.03141030381061699,-0.05428357841405964,-0.05776006637076321,-0.08500978260592615,-0.09589350007432453,-0.07314037188284962,-0.0922159456399266,-0.10277413442090619,-0.053506190551789394,-0.04784702364123557,-0.02589966712664788,-0.07392683849880813,-0.13581721684666848,-0.14478992967932156,-0.09412180360512105,-0.05911792429251051,-0.003793291746374738,0.03710218049335879,0.08408221313956458,0.08961625015374716,0.07060372224961481,0.016043891149280204,-0.03734901513673776,-0.008725614335378598,-0.03836997494684319,-0.03681673036314443,-0.05008589237014784,-0.057847473020866125,-0.06669827644183803,-0.05991737662621269,-0.023493425064660515,0.04507136655798678,0.06076287412210028,0.09335983063954789,0.08121484265166606,0.04883606268188764,0.023634024902844736,0.02107808076541922,0.04734944885130638,0.029967871269080005,0.017620532988184348,0.017379047377044373,0.013251825668952328,0.03533410906587789,0.07172668837706071,0.032439774764906566,-0.024749751369549294,-0.05301134745276464,-0.05105635779864099,-0.06602588386537948,-0.051088867363612823,-0.04122512594143732
stat_276,0.5911518017884965,0.3045849570233499,0.10807191183862763,-0.0008597537246820102,0.21329998673671674,0.2859945337131133,0.219437229385141,0.2187841541386,0.21873207855972404,0.21813483340233328,0.21801718481871477,0.21728929124689791,0.21543444221753835,0.21518339969145542,0.21571268449864284,0.214946265014314,0.21738687150383323,0.21764717709212064,0.2199609100505293,0.22053017238755004,0.22385036589167073,0.2233639627063897,0.2147697445904671,0.20074540680563327,0.20661009915992046,0.20958342764590954,0.22917180571068244,0.2524817987315292,0.26795288870864986,0.27455616279233575,0.27249917649943395,0.27151185605522715,0.2733319640359902,0.2733435896367365,0.27923384556686437,0.3077325680279522,0.31459276380825946,0.2993895877004132,0.2812814662919186,0.26771576979742245,0.1939258476372484,0.14533157118331286,0.10740321434766793,0.14229244746601488,0.16089434162818592,0.15262786002564235,0.16597202236350742,0.1185378297663869,0.10666353224056062,0.14663121650867797,0.10163593488999216,0.14632409859135395,0.1489561396234639,0.16085358283061815,0.21457402930914965,0.30304108762510046,0.38011102155848536,0.4310369487813501,0.39818884724660236,0.3985627964934636,0.4173333543264714,0.42213337130641443,0.3861591276405339,0.3572224539159887,0.3533591859983228,0.37112469291893674,0.3625762603323967,0.31791922708367615,0.3171799532041303,0.3056928965699325,0.33859644118401894,0.31605610593963285,0.304473622872882,0.2566004526653394,0.2354009100469677,0.2407043678111863,0.29310629150027645,0.33112175743602273,0.32914897126634846,0.30516112268212353,0.25689015842159174,0.3174809409433833,0.36645904018065306,0.37624117663041273,0.37097565587821163,0.3297353589836065,0.2930578631363272,0.3053167313094406,0.32291061661292525,0.3657075371144559,0.3594000553688043,0.3644314976463256,0.3809796589960929,0.40059373508329027,0.3972078824390691,0.39717261885803506,0.3789502053764257,0.38653888988320245,0.3941980946779964,0.3843596052396867,0.36892980194255987,0.33865822652229577,0.34817885235762297,0.34554418562823375,0.28162440918554854,0.2530464326407907,0.2678352510137495,0.2719377816178847,0.30344460042411675,0.2995879629074654,0.2995141968291749,0.28875760821012975,0.3135531382500642,0.3154451476932975,0.31562369314892086,0.31448545364160235,0.32233219892826115,0.3556665709346429
stat_277,-0.6194149218172245,-0.26557941755996045,-0.03865499700065433,-0.045494234088337034,-0.3704678904272157,-0.3428023413484676,-0.35456635283010984,-0.3549273435713484,-0.3541236726459369,-0.3534856100286147,-0.3538184798746429,-0.3535076645958829,-0.35461309762813314,-0.3543463236360979,-0.35407103027562814,-0.3558277679994492,-0.36376351204280233,-0.36432751964739735,-0.37105994600105563,-0.37124501554757816,-0.3553847108376172,-0.3460670859543813,-0.3692233350017548,-0.35359407353580746,-0.36050080070369955,-0.3684116777647644,-0.3646125354270513,-0.34463138998850934,-0.3168361769352581,-0.31888616831343514,-0.28268002914887336,-0.27905817090498947,-0.28514878952951433,-0.31051668037283675,-0.3834860181737675,-0.392127217301833,-0.4023497522151526,-0.4312634965933046,-0.42730712208871563,-0.43072993873030135,-0.3571660842538454,-0.3313772739339153,-0.39250096307737853,-0.37390157626824616,-0.38392328329161907,-0.3474469179716199,-0.2878457556350503,-0.2661508400004741,-0.23209087438162762,-0.08372425386959426,-0.044726766622410256,-0.06273812495417323,-0.06587528762064429,-0.0560774403911281,0.011699123265190828,0.00929384590173287,-0.07666520768348843,-0.08223588223977153,-0.0951434538467419,-0.09656900328616475,-0.194963840084588,-0.33965034684542156,-0.368318152636713,-0.4139521537629908,-0.4250473141564047,-0.47299837941429523,-0.5067134133290299,-0.5589845130595343,-0.5597990228956512,-0.5369451785014411,-0.5430668030396837,-0.5552915770950267,-0.5076593239190472,-0.5250015426351233,-0.5863205063107387,-0.589714040090217,-0.664917463307132,-0.6160170411825661,-0.5628104113099833,-0.5116310906608396,-0.4427832424471647,-0.4476541500286074,-0.4846429727654627,-0.49168275821485247,-0.4926538586459938,-0.49883691247053646,-0.4614585781539804,-0.46942184682641397,-0.5276113488176922,-0.12807076115698182,-0.563466798434091,-0.5618972777193726,-0.5471759915565412,-0.5555234054117498,-0.5465811507944567,-0.5813007152392041,-0.579480955053071,-0.5518255900761788,-0.5445892886186864,-0.5065833570847874,-0.4690381274388829,-0.4289078033485547,-0.4287239852067882,-0.43286012074545077,-0.405213475224951,-0.3513618125276648,-0.3325838285456924,-0.3293623225241653,-0.30954577545203715,-0.28350788785926845,-0.2581666492749896,-0.2768387561062562,-0.32049616258333063,-0.2682652705176946,-0.2578385749299698,-0.21741510092586377,-0.1626154788842888,-0.11717254886589723
stat_279,0.18987951683316823,0.043594497296538075,-0.10273648207311913,-0.01997605933872284,0.17375732297573415,-0.01895205815969455,-0.047932905937597255,-0.04768586546944815,-0.047421018213017245,-0.04782095395358119,-0.04749680864559166,-0.04838065749078945,-0.04993561653677254,-0.05210562436745725,-0.047380574821830876,-0.045321232615917695,-0.04474533588365293,-0.044691430322452354,-0.04404655510659254,-0.04310413715145192,-0.037582837135158254,-0.03659399678233995,-0.030794244678877303,-0.02132591700594458,-0.010937918499477913,0.007261346067639906,0.034207446977141225,0.045816771690889956,0.05332549667761027,0.07133105479802469,0.08255761409825717,0.08409051138938455,0.11694535675467507,0.14412314982545305,0.14515232198437802,0.16274479501506162,0.15451926607182764,0.1442024727323345,0.14339190619104614,0.13435953360711927,0.10453610087314363,0.09213638847522919,0.06231444236308686,0.030735551375927855,-0.005442573369338613,-0.02413862588179148,-0.001281597850516333,0.011989396721568629,-0.018799602089238004,-0.031411092087884444,-0.080211742616501,-0.1663184661522965,-0.17006171962995661,-0.20097907968437403,-0.21249377677015072,-0.22455307393074295,-0.2453767114089862,-0.2661477243948155,-0.27035574703379783,-0.27099901630577,-0.27365338278735984,-0.29334147116954473,-0.3212525244172256,-0.33882970139550644,-0.3438948324385982,-0.38137753573723343,-0.4159193602941082,-0.41254093409499354,-0.40940894961298246,-0.3805507252981817,-0.3549765224745906,-0.34105238465195514,-0.3398801154476615,-0.3080161764706745,-0.3037985956789101,-0.30723195100097805,-0.34492422613072393,-0.358078384578631,-0.35537803609563884,-0.4016488274952995,-0.39186460593381583,-0.3719603133119197,-0.3664348219869552,-0.36347296753576097,-0.35911037579311667,-0.32188146668772105,-0.2942758656484394,-0.27224899587904,-0.2880245635889899,-0.27504294316885014,-0.2932967403515515,-0.2918076030390265,-0.2700545252210623,-0.2560511529328919,-0.2623627941664128,-0.27656519962601767,-0.30512790795447736,-0.31646916442251666,-0.3187935990307868,-0.3114506431632485,-0.3022201212993778,-0.28434211315858854,-0.258949646162669,-0.2551095380030026,-0.23522993711412868,-0.24711682257709988,-0.2548052831021177,-0.254987667348953,-0.2463003828550114,-0.2381379738734071,-0.2281052651423135,-0.23106412318395347,-0.23727892223673142,-0.23884495686959575,-0.23985229865475097,-0.24879898188568197,-0.2656795387751895,-0.26841240756165874
stat_28,0.14277567753260764,0.013517746426570434,-0.1985901339790685,-0.061867119025247,0.16499296888874693,-0.0022354910925439495,0.17213687473579734,0.17236116517280595,0.1730987170863042,0.1736552976813773,0.17407153697275254,0.1740304037189142,0.17278652153437538,0.1708835423148959,0.17130267833482338,0.1706190824616421,0.16873316102793454,0.16859953635180175,0.1692787701983256,0.171472055401726,0.1755377566996794,0.17856065519145126,0.18699385174926975,0.19375121610203047,0.2076755832009402,0.22400204615905617,0.24337417282823867,0.25868107469192253,0.2869580734728853,0.3079007829003244,0.3108389419651304,0.3116172377761485,0.3168874234004185,0.33240632403130477,0.36225715368035283,0.41655120872039675,0.466424491441344,0.4990135488793969,0.4902796064279681,0.41557701532198876,0.35114159017575575,0.35028709490970045,0.36857647512824276,0.33311595752184975,0.2834698082925404,0.2530772978270423,0.22699248914264203,0.17587542742146176,0.12299411997318921,0.07592981193760945,0.04771760083262226,0.055237149296560054,0.055791464658804794,0.02932153176959405,-0.0024744260918283354,-0.04790452673022625,-0.09338767788577731,-0.10974849500568969,-0.06539400898260221,-0.044496444713947016,0.034878527737801236,0.049329661319373594,0.01224745294724378,-0.002446021534081597,-0.0020955345831805217,-0.026281670971863052,-0.06288134254494356,-0.06668565713954469,-0.0656862783083282,-0.05485680713475378,-0.015218092919246596,0.0011481242048817957,0.012910290252091696,0.025112927341917606,0.05243875035382742,0.05405572359155319,0.06212966689786548,0.056571443577857594,0.01630790691610724,-0.03081141792340996,-0.05020769740980397,-0.07521695781826182,-0.11234635843711424,-0.13681463482838946,-0.17123252864736993,-0.189294445042826,-0.19713821184920222,-0.19443595094120697,-0.18092881642372763,-0.11094093523584785,-0.17253772081142957,-0.17197074420889727,-0.1622853516640948,-0.15655098441679818,-0.1479151113435899,-0.14562881242127804,-0.1419299450134305,-0.13432708681261796,-0.13153731271305652,-0.1264484381038435,-0.12282537559992632,-0.11825767544404359,-0.11912780214825724,-0.11909846622437043,-0.12110304286387133,-0.12138768871824202,-0.11879963532292125,-0.11860990895749118,-0.11809922294826755,-0.11532926774513465,-0.1141761084343389,-0.1121968607056509,-0.11129746455647173,-0.114635213405014,-0.11544398208839354,-0.11419788521425468,-0.10965280923031558,-0.10989470253112557
stat_280,-0.277059610300452,0.054690815185790595,0.2912382530354433,0.40251776482183727,-0.3049411769706635,-0.10297489889108002,-0.2885399330695533,-0.2888166691785184,-0.2893162289677634,-0.28934656115967533,-0.2902316388944405,-0.29060455570203775,-0.2914386228047637,-0.29347828341428167,-0.2969937912349139,-0.29967846669657117,-0.30455968593231747,-0.30477772162798095,-0.30614540418064057,-0.30871278867345825,-0.3112318758083258,-0.3140302677089903,-0.31942916704514446,-0.3188563326973949,-0.31970852103053704,-0.32292108640266387,-0.3302850195121905,-0.34097481244926564,-0.33865166877795533,-0.34368108216692994,-0.34636171635430635,-0.3462219187358674,-0.3457435029723002,-0.3650553206302711,-0.3606963946619088,-0.3835650190929485,-0.3865713949285146,-0.39309566371399174,-0.4008044991274526,-0.4109023176107901,-0.3807438177050699,-0.38720200039752656,-0.40608221532810784,-0.35594664281099114,-0.28502415004350656,-0.2557230562952075,-0.28255795842237863,-0.30272002792533964,-0.3611147801745577,-0.3020189164792059,-0.1549444824051595,-0.051875589561441594,-0.04718863851623994,-0.05389084949027893,-0.14966948781833414,-0.2779285773738585,-0.34237124977364136,-0.3181809069124339,-0.2955799145287134,-0.2874346125618568,-0.2872848741774078,-0.22447119250592548,-0.13422630796056528,-0.08736702460656189,-0.075937887343111,0.0022192902990446615,0.026927664179803593,0.004120880407955665,0.0050068382354588594,0.05942982523147975,0.19576218587299715,0.26798285536748234,0.18696609991491597,0.16650559561660883,0.1518530577732768,0.14729128972605807,0.13158564958289512,0.11507758083996734,0.14311024277026504,0.24703335198578863,0.38439356888957804,0.5010294563352705,0.48808645332269646,0.4174363163282093,0.35927841649940495,0.32318643426203947,0.2812721527060774,0.2357092730245632,0.22253220887782685,0.24378540656296774,0.21146897031075546,0.21172818261015294,0.17735232978966353,0.12430688021983151,0.0902162192778305,0.08646511269826514,0.07503106579817179,0.06621544178814417,0.06170124796594379,0.0510924917713348,0.06088769114229456,0.08375028302176672,0.09788620373257742,0.10399410007452714,0.12091410506861987,0.12269569940567977,0.12808409110736627,0.1294039028338269,0.12867493716803594,0.11179315011791051,0.1032932250758014,0.13466715021918052,0.1732031775190396,0.1927085548967545,0.20115452564962846,0.23388339917710876,0.21871341917614526,0.21581549275088882
stat_281,-0.23490389677242404,-0.28453243461464833,-0.607174285092756,-0.20370653572293937,0.037607106921646385,0.25992714890191626,0.04502305555691246,0.04436877021217388,0.04255782432701948,0.040911298007568556,0.0416693808677638,0.042065027382071324,0.0415845877330706,0.04016762052848635,0.04135531798740089,0.044081626014923075,0.043229292664228466,0.04298051922487817,0.03581087053647983,0.03490743488099863,0.031270786447761253,0.027149207745852208,0.023173621336036714,0.017681444738618542,0.010944904088441459,0.003579097190586346,-0.010487888707981905,-0.02900734300172837,-0.036084164457623205,-0.042110064289700204,-0.05000376646752483,-0.05133304931126046,-0.05495815250451315,-0.048123982692393916,-0.04256875176332451,-0.042449521624870874,-0.05385945371881696,-0.09090161626313156,-0.06205857993731432,-0.049684204298525964,-0.04247511697816151,-0.03811866579119785,0.00913212250007636,0.018008029663603223,0.007841391696838498,0.011915506976829577,-0.005934662506847686,-0.005223766137765051,-0.0060353758959208765,0.012729361292414799,0.020274690932452467,0.021780192386725645,0.024370393998158685,0.02035181254869556,0.020939207269398172,0.04611881538736622,0.06599019634407473,0.06509637909114241,0.0547591209817419,0.05649416371188009,0.08826139128954165,0.09306148923840757,0.11671605220470603,0.17742981770915978,0.1867783141306926,0.22838382216534936,0.2370069116070463,0.23407029150491765,0.23293910018762573,0.2324637947692434,0.23854091029739377,0.25116569192958754,0.24714055905253798,0.271468550416274,0.293128874391207,0.29427982603301345,0.3278252113857046,0.37882032832090495,0.4292541789452654,0.4304993704616422,0.4201854134330811,0.42043249291445184,0.3981606102094752,0.3843536610962724,0.35961078037410504,0.3720886508395462,0.3841759155278505,0.38462261969859196,0.38476684788045745,0.36304612030992317,0.3846012979971422,0.38669638057296235,0.4044406941168263,0.39978291214064576,0.39063758637720825,0.40974540403355614,0.4281029635595776,0.4324354392349288,0.4330798288612046,0.4137298789845651,0.3975678425565449,0.4009184918304743,0.39073049494509743,0.38861591922521604,0.3715409058748456,0.357162041579797,0.34691960711081454,0.3481378639263477,0.35843657411622704,0.35429835996153014,0.3581820579969644,0.35672108982748213,0.3656174245516568,0.35788995464871065,0.3569372126220066,0.35421718285181253,0.3577743026844766,0.3629224865970131
stat_282,0.11368506688347262,0.21396955072655874,0.2331968115923553,0.3258976855926127,-0.08669358661177226,0.017086343435644073,-0.08007993196971142,-0.07972634870701324,-0.07958012151744547,-0.07964545046048745,-0.07896709901614433,-0.07776690448446084,-0.07866442892326722,-0.07942200800132426,-0.08492124817512925,-0.08623261584332141,-0.08779418237851118,-0.08801627450502279,-0.08928545178556356,-0.08843342894478427,-0.09434700097066263,-0.09896378138052174,-0.10012262234764834,-0.10387653990570378,-0.11125418464055134,-0.12327735531744498,-0.1261615282082775,-0.129822450552381,-0.13612732207153908,-0.12971452023572105,-0.13614742553579826,-0.13671260973500565,-0.1328173906869081,-0.1357596034995041,-0.12930171779889582,-0.13617242348496553,-0.1545678349557252,-0.15086198489846347,-0.10996791045806613,-0.12986057671650705,-0.21209812196568475,-0.26862871917985776,-0.25670715904924724,-0.21620075895962132,-0.1714017213468917,-0.16474287447111555,-0.11295899140972983,-0.03505218601840498,0.017217483603375418,0.10839459232686717,0.2162365218747503,0.2070286670807505,0.20522623619717173,0.17030458964577164,0.06702345482159076,-0.026784526132526538,-0.09474509607654656,-0.12176110704306363,-0.09102248941168058,-0.07587018250628973,-0.03221870902613418,0.025728818141335826,0.06702449159406432,0.06282172423683938,0.05899060203119241,0.010355969359523052,-0.002969445553286439,0.05184290570936457,0.05525008579403701,0.0908528373423818,0.07968439457918354,0.07324165118369286,0.03970789609818485,0.016389114500936764,-0.005155280246844505,-0.009096284007710924,0.007957524068102873,0.05664320115291391,0.09726565212980337,0.08341891902805781,0.10485816039011463,0.09870149506359752,0.12677426292566302,0.16934189870221267,0.1813910913998794,0.11806840254687914,0.06803410251258356,0.1001153075538688,0.1059026441549699,0.10801625946417591,0.11190629310468453,0.11173708824225066,0.1399956924158586,0.17259474292903718,0.1826050636297378,0.18400178438798076,0.16038683037498927,0.13762956438666438,0.13819165841966846,0.1519125705094715,0.15935082468198597,0.11557205923427145,0.10064448255478053,0.10166932902264036,0.1606740581125273,0.16942375672435356,0.1359333138248005,0.13153362208605812,0.07546592227131543,0.07414992492319815,0.06384902963882864,0.03707154214186759,0.008414196076707185,-0.0024915789930178094,-0.00013209364175993042,0.02975139908750084,0.061086904199856365,0.0781409164621522
stat_283,-0.38181744847066895,-0.17455606251228822,0.11824070660320413,0.032576408234024905,-0.2936878260349324,-0.31879932149656304,-0.2803726858078197,-0.28076464238145993,-0.2826839663447678,-0.2820298400842468,-0.2818227918579596,-0.2804388085639753,-0.2802162766601952,-0.2868439419604764,-0.29369810732929624,-0.29501474409327066,-0.29455894263571186,-0.2943466496927679,-0.29423404931017405,-0.28824175233595417,-0.280787126400108,-0.27446554970243775,-0.2792628771994294,-0.28031343600647723,-0.27092514999751005,-0.2512035606966793,-0.23531109001424633,-0.23104675362557828,-0.2281898071468701,-0.20362239671336632,-0.21153242964579122,-0.21161592654839514,-0.22444694831275927,-0.24637971426290792,-0.2395496168645076,-0.24447084876723343,-0.2260030903836266,-0.20132421206377518,-0.21770999960331586,-0.22841087832969284,-0.23058402795415542,-0.21247194887284385,-0.20598652390017191,-0.23424930652705866,-0.24608520717161342,-0.2300160508483999,-0.18892805696500808,-0.15547901559236546,-0.16634245831045535,-0.18093201347696056,-0.22517800652911457,-0.28347757435628296,-0.28392879669719157,-0.2915312974486249,-0.2306579113821186,-0.1960305554921252,-0.1499200484688796,-0.18139461909835947,-0.20018002741332672,-0.191464967125194,-0.1616234248941286,-0.13456672164277128,-0.15976508453033753,-0.1716449301454554,-0.16683138413631332,-0.1593980028176046,-0.21044517219933914,-0.27917342181329285,-0.2825498561193913,-0.2985561655815651,-0.2604436727733057,-0.17610186330400032,-0.16124219907785087,-0.1973352344972626,-0.1641711667885735,-0.1598848585637909,-0.1251242263245817,-0.11535926759291995,-0.09868003942635593,-0.08676200273859998,-0.07238028284220521,-0.04529862829196901,0.00324215334213503,0.03671532078826738,0.055822081898260524,0.04641109939416117,0.060648474932781686,0.0661188410361808,0.08693544822209087,-0.14964257346978382,0.11212507776126936,0.10552739224010588,0.09690490914019136,0.08476300386881189,0.06372663269950551,0.021683353326929014,-0.026444019340787765,-0.06139118771921496,-0.07149850002613288,-0.11325217493644991,-0.10632606453660315,-0.10610500924711495,-0.10320140402053736,-0.10834595592927965,-0.132888082052493,-0.13809714932004827,-0.11627582581468336,-0.11613124720711722,-0.10346389739294959,-0.10310108136637557,-0.11104164580864057,-0.11125820529948649,-0.11231096782582009,-0.0938307576580184,-0.09374162440458358,-0.10802281655314344,-0.11015324827566919,-0.12430506148000908
stat_285,0.2990595455171244,0.07849156329194845,-0.37527063935797844,-0.22944675755674798,0.28096840447606586,-0.027081408634981183,0.2871537557573694,0.2873771377558512,0.28759191409353274,0.2873409365296232,0.28775235788552805,0.2883903492636054,0.28792382870040517,0.2858756347988911,0.2844573371248464,0.28418477542313647,0.2799747827605014,0.2798914400227861,0.281433637202548,0.27882109951802103,0.2764488417737557,0.2758517721266934,0.27886057737630965,0.2724609309394804,0.28932432669707203,0.30417746617010116,0.2881175496690904,0.28200490724965316,0.269351034390995,0.27113768546194833,0.26022696924925637,0.2594533067232007,0.27404129196955485,0.32789088224964735,0.37465375144542157,0.3875608880687503,0.3877764880531662,0.4254456475315565,0.4661913411760501,0.52287973528197,0.5726610846747154,0.6072042164480103,0.5714956714642242,0.4649188964031977,0.3620829036084564,0.2999140801587865,0.2626045918720562,0.23010543029079275,0.21352685020102355,0.2273584416301398,0.27670738778721027,0.3324743363336915,0.33479881446402726,0.31948421334525284,0.22579818246638397,0.17173830647584007,0.15330479268327507,0.16569659119613575,0.16905355184129225,0.17031799207713505,0.1516844906016634,0.13424109427014058,0.08768940088453428,0.08685382288741746,0.07594705755500197,0.016431194487603332,-0.014826712592391787,-0.021157296425009277,-0.02172888275350079,-0.04837965492839492,-0.08862953476910632,-0.043043845548736144,-0.024153918726690624,-0.07041686496645784,-0.13990486666649693,-0.14549291214827195,-0.16410306008977155,-0.21014647026997557,-0.26867802217336145,-0.34826196766002787,-0.4693923502249382,-0.557575201170012,-0.6309478232416632,-0.686277278092213,-0.7710012920157385,-0.795814872790538,-0.7761961269996835,-0.7126873285339508,-0.6530660432046037,0.03654003061711194,-0.6591807900567961,-0.6607056217582249,-0.6517682913309879,-0.5957846431841336,-0.5374439501486907,-0.5346701481457389,-0.5267768078288595,-0.4874755485972899,-0.46778083273255405,-0.40501939197617537,-0.3509055475052697,-0.3084446030890412,-0.2733453595024107,-0.26538538374781045,-0.20384690201554212,-0.19034638678238744,-0.16887658281240864,-0.16587567726123714,-0.1632218729068069,-0.14725226547283363,-0.13195656475467032,-0.10146452299462673,-0.0780276548399653,-0.06660747459953566,-0.06616814471321414,-0.03775503657851868,0.01019145523122025,0.027414181327441917
stat_286,-0.2147388671425932,-0.2815245696011783,-0.6327298593011187,-0.42054013006853835,0.10606901914951025,0.22930386505449812,0.11723016732870196,0.1200645756874195,0.125816801338028,0.12736128910205058,0.12924657210233761,0.12981166130217597,0.1264599833625247,0.12523976335245057,0.11999931340911436,0.1208020315776614,0.1265304966733259,0.1263742942240385,0.125053104034397,0.12759399749036462,0.12185876074498198,0.11096780669339286,0.09149250287975555,0.08246229451028378,0.0693522231938029,0.055016603514786155,0.03902650863871739,0.023234529679732337,0.001743480208896765,-0.03141792718394259,-0.07611753736923664,-0.07750874890299789,-0.07420947783867217,-0.07722819675047946,-0.09287151545947436,-0.10869659156487992,-0.11068584244037208,-0.11266588521134942,-0.10532606066905335,-0.09604990250465571,-0.08338662082401939,-0.04992134078338894,-0.01623271358506975,0.00010127539865873984,0.023203649626273,0.02822475171940392,0.050714661970767544,0.09283924771123994,0.09914014329912536,0.13717416880627337,0.17273503924167946,0.2034927875626108,0.2031640631393925,0.19834822499011073,0.20968848968144482,0.2037575644353361,0.1836033264294406,0.18966462084900956,0.18954062283103515,0.18705181804968576,0.216823249390428,0.24800512590347887,0.2576580665163081,0.25991740327192875,0.26170452172072145,0.27586423444712843,0.2586313181120404,0.23637584274045537,0.2376487060271077,0.24733868540811205,0.24567073106143256,0.2613688265805977,0.28840004094542676,0.3073598607435514,0.3080708617014112,0.3082124043275228,0.2840898168985731,0.26311107827331026,0.23746742269490909,0.19728417270856166,0.16790397311258506,0.1176504644585922,0.060727886717714105,0.020833913989985187,-0.013310310403719527,-0.04931007551193709,-0.09403594649176027,-0.12822666230208934,-0.15261491418007714,-0.10140274776214829,-0.14219256419972748,-0.1412249105139769,-0.14110826348208286,-0.1521074198850675,-0.1318211649858214,-0.09208684713831519,-0.07737525947483635,-0.054456629758896216,-0.05437714475064872,-0.05120720491564031,-0.041312400156758244,-0.04243390330393604,-0.050563910408427205,-0.05197793124484951,-0.05602301355584628,-0.06731174657103507,-0.06482935922232483,-0.06535210194611864,-0.07638833057743448,-0.07299690190796398,-0.0819385474741267,-0.09100286685504419,-0.09212541918436307,-0.11001451978362811,-0.11326856936346213,-0.11171084338543276,-0.11170113364147423,-0.10764396106181434
stat_288,-1.1516620846533072,-0.4814717188913836,0.32121011200054284,0.2463457803985137,-0.6612531343084999,-0.49837830939271505,-0.6514991755133364,-0.6412668486224096,-0.6205753174361657,-0.6370482035989624,-0.6510127506883614,-0.6579551121708028,-0.65977324367964,-0.6645367137444749,-0.6667744819277364,-0.6707482557646939,-0.678718647961255,-0.6790677091183296,-0.6816673383309662,-0.6853354379592198,-0.6900036802850458,-0.6925859358531351,-0.6942116201258602,-0.6917323772124712,-0.6879184836438036,-0.6824061648062527,-0.6631246783270953,-0.6176501943126622,-0.5748472771411096,-0.5332108209562234,-0.4088220650476505,-0.3989627560055792,-0.22048153857681724,-0.14205198276639566,-0.29556922844047856,-0.482363815088741,-0.5200645432468531,-0.6199645678660105,-0.6375414543636114,-0.6186832164674214,-0.7319469794604407,-0.7981559531626369,-0.7121094888719535,-0.6766587658961651,-0.6006976590747669,-0.5333685974872168,-0.5502929040306846,-0.6396917720751734,-0.6534568039289037,-0.6020789589277373,-0.5253858813405768,-0.4578185939180736,-0.4544600831343618,-0.4314890613962837,-0.4111303145276076,-0.4508929779911172,-0.5185474602488872,-0.531052442242641,-0.5874034701095424,-0.5843874466382473,-0.5093211681917538,-0.450592621001448,-0.41757171319588193,-0.372376210389107,-0.36986643563498506,-0.3622398881878355,-0.2435184323853575,-0.2664638688313612,-0.2664311127805229,-0.2693225108293064,-0.18577655154649955,-0.06837820739043048,-0.0764434319685305,-0.0083285702855737,-0.013037598388806677,-0.015859874527104727,0.011604403328746076,0.07630003866824286,0.06661328323407732,0.06844759545483621,0.07835547004338568,0.05775093769309371,0.053212338354027076,0.0854976822118021,0.11650140085797676,0.16370100428167517,0.14353090640718238,0.17310975786123053,0.17612064262995764,0.35103005640694,0.17782260509413567,0.17323698618222746,0.1469899655593816,0.0605126577112012,0.06764058397775903,0.11772966815056213,0.12193423104029029,0.13025642088938438,0.1348558120870374,0.1703012055504407,0.11767815095634711,0.14294218954728136,0.1471631805915328,0.1462104359173232,0.13432114730947348,0.163602635982692,0.1649653944951616,0.16472002233811264,0.13798055853046282,0.12821325841501546,0.14129376265324448,0.19990455848453298,0.23968129903270383,0.26236712392137185,0.26950519922421284,0.31055015805398317,0.2910346596933871,0.3302742978434331
stat_289,0.18792680026160755,0.07084499668280203,-0.02893323028224478,-0.06650771507149694,-0.00034508291095133897,0.03281091220862802,0.015079084687992812,0.014745708719653673,0.014290678759739618,0.014286514569337815,0.014592825849468843,0.014197382915949505,0.013553895831358756,0.01157389482966572,0.008530922065517796,0.006799714143893692,0.004477667648588663,0.004228236358409432,0.001796027676116703,0.0009185523802072289,-0.0016304580561817342,-0.006991788426055781,-0.008337586224999437,-0.009812995550227575,-0.010558856537863143,-0.012243922678786694,-0.016085939678757114,-0.021871630379495518,-0.026521146525101676,-0.032970424593511446,-0.04696741983978655,-0.04843944261980943,-0.05679136560054718,-0.05933319501128692,-0.054513330671734625,-0.03758630580927826,-0.006053521010526892,-0.019227233303369645,-0.03871603136941464,-0.03047677806703846,0.04950690247411216,0.014078660932581085,0.004820016656139022,0.105143834713026,0.190505630222974,0.16054979227553112,0.02739206819014149,-0.06136445151545025,-0.14261777360666772,-0.1249937149071166,-0.09348285124668862,-0.08051194320490758,-0.0782335395005015,-0.023275862231942206,0.0739384290003502,0.15362098163981272,0.19560209117846167,0.20809861145686667,0.20797091029722292,0.21005772861945038,0.2921532081486527,0.33456680626979707,0.29241114813401486,0.30481413959299,0.3040029622700846,0.24339802026549862,0.2284312787765783,0.20761101760570666,0.20888635671773678,0.20774938618552924,0.1694006241909845,0.10794638590091318,0.10287388227452074,0.08542415740352395,0.033762174715587935,0.01840777436767447,-0.05874878333729975,-0.09606042763810334,-0.1294407026930767,-0.09907746353790357,-0.07137706304629947,-0.053960652055400946,0.008623234702278678,0.016967797435400816,0.023435462857046545,0.02253666523153825,0.04435692546036852,0.052999507764333834,0.0508940819358616,0.05642561459917501,0.04332995617001807,0.04269508759142769,0.04820040558367796,0.03054528907565453,-0.01284445428546803,-0.05549664679786317,-0.0725731884005888,-0.07123351082490624,-0.06678359288814156,-0.058385554950374834,-0.05524127995012174,-0.04926433865100517,-0.06372292388078828,-0.06296623362151348,-0.04675744749383331,-0.054253711957429326,-0.04777123664765513,-0.04596114041924525,-0.03648034016428716,-0.0228330859373829,-0.0016950574830246854,-0.020340559401525123,-0.040774415939075194,-0.024526895066416973,-0.022153009744254767,-0.00453268334020157,0.010822547630648896,0.04268699244007667
stat_29,0.7870456352918076,0.5184629841377965,0.06651318034238178,0.12981693294899907,0.20892677960828804,0.6795282353554175,0.25020925425030216,0.2479008476210466,0.2495471527263684,0.2547749097697565,0.26220433219100836,0.2695807235323275,0.27087455952771766,0.2598907096413385,0.267486456988343,0.2689590203151011,0.2653931532188008,0.2649756181402272,0.25742392463910396,0.25106174464593417,0.2352918635335556,0.21351448912063686,0.17926699348651096,0.15452152664585245,0.11758096102569451,0.08140847102249939,0.047760688440061434,0.008891988619985369,-0.029693249621969026,-0.07195378258478138,-0.12460624821897726,-0.12829291518890404,-0.17770481451890166,-0.22229341048345436,-0.2632426025193499,-0.28324362545820697,-0.2940556776454784,-0.29623125812921003,-0.28362373517917927,-0.2819152517157799,-0.2648147564271375,-0.21482792486820473,-0.1781716090238,-0.15557969608351524,-0.13218856343161411,-0.0911220807764165,-0.0018072862855881252,0.0701019600276483,0.1480510341415319,0.25666542699802924,0.3070194460870913,0.34970822477661,0.35217238015554,0.37825119839626026,0.38479242212549647,0.4792001801053748,0.611741642429792,0.7129038074390135,0.7758893980492677,0.78821984113244,0.8211338251358626,0.8252174895568004,0.802827867821192,0.76704730955674,0.7613842926384266,0.7371465004321325,0.7484241725970896,0.7847614129188414,0.7791048323572916,0.7998912873803492,0.8694501642924894,0.9157299784453128,0.9175498611701246,0.8817094954076092,0.8493984873318206,0.8498086292171066,0.8424136575258615,0.8471241411350238,0.8566474169126937,0.8796221474749513,0.9028355686583238,0.9056931381539145,0.9075517496950696,0.9109173162374508,0.9007908864431832,0.8819875125298382,0.8935202730164546,0.9329948325319445,0.9526833638845769,0.6344757293532033,0.958946237856377,0.9593455379894926,0.9510087447332033,0.9651656080918584,0.9738026197102635,0.9721611373362232,0.9663876621094996,0.9498218605592498,0.9515020799122381,0.9499512734885958,0.9137656414669516,0.889359963371408,0.8633994035441969,0.8582083324904523,0.825207058405871,0.803344332904654,0.7822010754176375,0.7815308043505456,0.776787218906882,0.765195799972467,0.7483238435203392,0.7282318431440613,0.7315832214273529,0.7172525379522615,0.7120903312203101,0.6825430018678371,0.6714027569006692,0.6561935151146414
stat_290,0.597667302767941,0.239773268910895,0.2380386805409984,-0.1245765939952416,0.34819229129822116,0.033136899098229235,0.36890515954057834,0.36926302816702194,0.36965185046593774,0.3704079995220702,0.3712806989500445,0.3719166037935439,0.3709388490929962,0.37035697828195197,0.37288069910037225,0.3746839717242399,0.3725814252222095,0.3728004403466967,0.3759436711341919,0.3828293711603863,0.39452682737156153,0.40351809414544787,0.4162123131234017,0.4382454820056533,0.46354913983758383,0.5002489578723871,0.48983831497536645,0.47408889242461316,0.4790266900255385,0.5336821055860225,0.5669184868312898,0.568427390851159,0.6101663276584484,0.7327692289518323,0.7743179596441467,0.6840198332985932,0.598008362406616,0.5062843675309274,0.4920980591438174,0.49486424384585115,0.5790946500389516,0.669452709299174,0.6451126506073331,0.49855345711163523,0.4289341973832084,0.4449995118020989,0.4567609233032801,0.38091850669318483,0.2386492543452032,0.11612760326632617,0.014354211481965041,-0.038622346654137475,-0.04080970465068169,-0.06901143805661258,-0.07240728444470641,-0.094386393742252,-0.0897750347033591,-0.08643595182455681,-0.10184187998247128,-0.10842404181270611,-0.1565526681359109,-0.1831625445890226,-0.21475264110293593,-0.2653047489219016,-0.27368969705216784,-0.3208782267811848,-0.3052612149928738,-0.2699854077230885,-0.2757526450486531,-0.2609702570686859,-0.27210502220251687,-0.28188044626578246,-0.2943033266156622,-0.280883445046764,-0.2721902925353565,-0.27038050880513664,-0.30213552268002813,-0.3499210515202773,-0.34536590376164317,-0.32666232620945995,-0.34909024723871673,-0.38002754074749984,-0.4178108311162025,-0.45982360465264416,-0.4669452083790993,-0.4399285268584808,-0.4070259167403501,-0.40061230663343267,-0.4124171022063831,-0.302022869293442,-0.43408016088946816,-0.4335811187582858,-0.43479775653123987,-0.43011327040183256,-0.45622535035035205,-0.4842501772685587,-0.49574792016531855,-0.4876819556030356,-0.4893457323834178,-0.482308688939454,-0.4476666080268025,-0.4271748886658499,-0.4014706930134406,-0.39383836751119383,-0.3459226318829954,-0.29831941586514316,-0.2504265959080223,-0.24697422649347137,-0.23450994258132077,-0.24440958039115904,-0.24221472261706228,-0.26025531519509126,-0.26335395038398085,-0.24927002755479521,-0.24984161731561444,-0.25339530366266266,-0.28027469432085095,-0.28999947417383787
stat_291,0.5443943195026834,0.12007003189745626,-0.16841941887522718,-0.28353560030336217,0.2590073547557039,0.3917912736583806,0.2640454408972504,0.26388388193582135,0.2637740422122229,0.2632315936944987,0.2626732706659503,0.2624900845574126,0.2611446295967139,0.2591632532716746,0.2575671403001713,0.2531208035888583,0.25094893532243295,0.2509117408205616,0.24915021900617346,0.24708407935437812,0.24519583253595048,0.24192838292479002,0.23913590268930543,0.2323633323451192,0.22697198515995518,0.21634305482758284,0.20575207401000958,0.20058757742293784,0.19049282015692717,0.17679561784803227,0.16131907991515626,0.1604535155468194,0.14221611602340295,0.16234162235091942,0.18675535905696125,0.20756176565541828,0.2352147798859011,0.28267913983057735,0.31514335842260666,0.33721152352142,0.3469390009469602,0.32392461743462303,0.3051778811863069,0.3050008928003305,0.266936389140947,0.25018480146597855,0.27421864793877687,0.3306741502819066,0.3625668730921202,0.35306995663288443,0.28693981638715393,0.31735362169797643,0.3236858481954526,0.43411698685801914,0.43536223372075966,0.36023953395494523,0.297877886917549,0.3032994926362125,0.32063342286630137,0.32075291377366,0.30326798523401033,0.29842110690879603,0.37452477035111464,0.43265186658937715,0.4435819666454668,0.5116726336178605,0.5193250793967054,0.5845560484027258,0.5894998534875594,0.6739960439521888,0.7698416103830744,0.8030074160664081,0.7699728641183214,0.6943229224733782,0.6267820941884483,0.6201907238157849,0.5828142433086471,0.5332313327645074,0.5057710824940322,0.4844412462906555,0.49323383948137023,0.516087388316402,0.5211300311764191,0.5385735726695146,0.5363498417193971,0.5336404322747524,0.5314532955320104,0.4961257281540649,0.45422349528185163,0.38003142852864663,0.4245813474303605,0.42206408367092796,0.4021445260495091,0.4192186647997419,0.42884569551700785,0.45624407461183253,0.4864226787319262,0.4967432501810997,0.4977373385320222,0.5005648954383813,0.5169801712923753,0.5137905221659091,0.4968200189485969,0.49395148790226295,0.4701720216676914,0.45542323399006235,0.44258470271442746,0.44213222028104904,0.43243330702944116,0.43180956231154144,0.43371127100400436,0.4300217014386709,0.4131748030353598,0.39448616004500237,0.3922080625603401,0.37897131291734304,0.38304074639956287,0.38393710195458447
stat_292,0.8555160585927483,0.35988047821838187,-0.18647912702992867,-0.2920326017177986,0.4021566284741212,0.6126964107787902,0.40785082721060023,0.40657512208608537,0.40552793215771765,0.4043790724190765,0.40344540523783345,0.4024332970678255,0.40195142377357856,0.40234833861743713,0.39852271885671725,0.39320537680599965,0.3923482792296964,0.39208109336734126,0.39025764485206066,0.38729578268395276,0.3854825234369161,0.3806756034753336,0.3767147200349779,0.3704854297285808,0.3632588976774719,0.3548690302187288,0.3504485972209682,0.34585482247268723,0.3422038985670772,0.328093383803754,0.32503277434708866,0.3255256170711517,0.3301317254426702,0.3386850634391089,0.3401490190093125,0.35331814721725335,0.36312515441884063,0.38521582489900474,0.3600663456915354,0.33138276449004445,0.3570149944581607,0.3882518027007869,0.4329960202883894,0.48728272527115934,0.5394242602300438,0.5453681611032626,0.42367545948567376,0.32767173868349475,0.2799183253314737,0.2736281759679026,0.30875035635869424,0.37819643701950223,0.3847977828604428,0.4699775473889992,0.4971467639461571,0.4925687459498389,0.48691650120044694,0.4976067643429915,0.5061921009943103,0.5134718182551808,0.5412235303158568,0.5755068355974778,0.6062511581918149,0.6465777716461848,0.6562614125991818,0.7470279734517354,0.8552600513428827,0.8991824487227839,0.8995442100281812,0.8871323148180281,0.9410976405280512,1.0361077921909514,1.0257593757737735,0.9648279971015763,0.9002618045237128,0.8929060835319234,0.8489683518109535,0.8111141258534205,0.7290072580764737,0.7024576898443001,0.7350739222396471,0.7439446151890731,0.730086913849809,0.6983344026360682,0.6627888786775815,0.6676247308923786,0.6689538517461935,0.6347917244700594,0.6373816378290038,0.5493925814136661,0.6384450138476564,0.6390758744549601,0.6436620078530279,0.661181436530858,0.6746218920108195,0.6885175942356194,0.7202948479031783,0.7368101834048402,0.7374687162420833,0.7152458948862814,0.677453906629531,0.639954822994504,0.6185517423131662,0.6161455567224279,0.6004604164893785,0.5959162177752946,0.5819812666479083,0.5818168737589753,0.5784544644538129,0.5823578523714723,0.5682614059004486,0.5569679985919553,0.5713506448361475,0.5707400946667273,0.5712454063284715,0.5611341698374045,0.5564940757281236,0.5414693441372299
stat_293,0.7052159746008844,0.48502428592503644,0.23396439503484087,0.16424269288619112,0.11439989697573066,0.021540884762072714,0.11898232236857377,0.11763268634813834,0.11612226081107686,0.11493799028222587,0.11307367057294933,0.10952513054506871,0.10724684804787064,0.10577783856206796,0.10530745971134128,0.10323770760861616,0.0995728551057019,0.09941113019103116,0.10083222802448806,0.0963190307174107,0.09235099674523728,0.08691315921671876,0.08491559088834663,0.08188440219431309,0.07630694284638044,0.06903786047889901,0.05835394414699805,0.05055871515790714,0.05483540330468353,0.04812225357066595,0.049940648192605186,0.050101807509534295,0.05158471264573841,0.030801908946080155,0.027000056427821238,0.03890195276794802,0.051524174206044514,0.05779443943476092,0.040915400369437104,0.0642983244614478,0.07139746868816808,0.09195056660104566,0.17027509235851584,0.2713979955822786,0.34491629356557246,0.3422175939650588,0.38585141763046416,0.46183982770104276,0.5901589519812346,0.6931795985499642,0.6507727894798669,0.5477107652401835,0.5367281484507176,0.4128108365412975,0.25855719507880504,0.09828620770784562,0.04769525196626055,-0.009000130747664982,0.006243819259288518,0.015182573686907487,0.08691199424090791,0.18500381989530115,0.26010105673255324,0.2296410180621396,0.22002279832445554,0.17269797553695163,0.16722268944723417,0.10571320374291743,0.10274998589447375,0.044414917433403235,0.012782961701274525,-0.07938791597591109,-0.09789905950840191,-0.12355820732033716,-0.14631042221137455,-0.14490094514183513,-0.0915659807236861,-0.08790443309292827,-0.07188527169782477,-0.09663323807492616,-0.050901541273800914,0.012826635647994,0.08715815563966763,0.15648614978465847,0.12418414361534587,0.06142949342973932,0.04438031077931545,0.08992089998136851,0.10137619578752631,0.15787409672431765,0.1314326352082853,0.1341583500043661,0.147131108126234,0.1607210661052642,0.2083235056227904,0.24058222760908113,0.2976857184019074,0.3356125973134786,0.3423322784129176,0.341705202051117,0.2923623273143317,0.2693892587946365,0.26977433842228116,0.2658983696259836,0.25886362303623456,0.27273938107957973,0.2234582306777017,0.216744704454355,0.15893860346397803,0.14729975535042888,0.14443006978000655,0.11228287554843676,0.07961012373177129,0.08094039434444086,0.08576145524135659,0.09412062066291824,0.11322641498099406,0.11767797595248339
stat_294,0.6240787320750012,0.14232798852554998,-0.2828614175055065,-0.2736040949819127,0.3968768817158285,0.2776483004884846,0.4082584954094316,0.4086511537389997,0.4092707168066502,0.4104045723367965,0.41112353421811,0.4121936257931186,0.4118732647966967,0.41188267209213625,0.414026774289257,0.41946790841141124,0.4207475848789776,0.42079789226673986,0.42602117975001125,0.4325136745205961,0.4422964701588563,0.462570243504966,0.4893030951924007,0.5299790376465807,0.6080997040859847,0.6797788789148684,0.7337639141898827,0.7325170074044712,0.7285817799103169,0.6939597411855799,0.5993745699013332,0.5937741705240062,0.5299031608676245,0.4807756275628133,0.4319772885514987,0.3877779482009459,0.3753433638925333,0.3994139011618437,0.3807806666557344,0.34209471758514276,0.3271321506839824,0.32155110497561623,0.3116926425027868,0.3125796569882784,0.34703518592280946,0.3776020994868298,0.4030762002928962,0.42867530343573396,0.4585821089403762,0.459456446421864,0.4617633646836689,0.43730454797379686,0.4357410424826961,0.40424489769504535,0.41893043966416293,0.41701533358385723,0.4152880996394933,0.382030873257219,0.3534754938500186,0.3443347467189682,0.3183791377264101,0.3051513255572981,0.2999740990114531,0.2828351083505791,0.27708268169891054,0.2404887187445874,0.25400573902046786,0.2618311425481529,0.25845209418635656,0.22930246185970365,0.15953251866368537,0.1397910020458818,0.09626302996452815,0.07360779186536866,0.06959421755910353,0.07211420879820096,0.10159683555987502,0.11619721854174252,0.09826742383623976,0.046712857549998696,0.010533113520243324,-0.05744816166339162,-0.11022486917275319,-0.15383835532351067,-0.1916326056745475,-0.2228549842568594,-0.2532405622448287,-0.28075762460288717,-0.29559209027680244,-0.05460887252082019,-0.29365755540833827,-0.29248639908526763,-0.2752939221932534,-0.2725779009874473,-0.25641781967354943,-0.23765367821085207,-0.20799810046238315,-0.1777814938356688,-0.16822013420176737,-0.13126125161020943,-0.10241162674244142,-0.07792399460835561,-0.061571340046304227,-0.05988915698448459,-0.061080668664797354,-0.06799270682301616,-0.07553777640607529,-0.07627073576659685,-0.08712806322362157,-0.10694196430259532,-0.11433435346645784,-0.10892557847348763,-0.09673922559738728,-0.09059466312943071,-0.08875512932694227,-0.06939662800306182,-0.04840249559531262,-0.0514063131931157
stat_295,0.43791710349413243,0.14694851933946848,-0.15318946209863774,-0.1833152724131658,0.24718974187177883,0.03809865470937524,0.25263339913598065,0.2516841047250443,0.2509238723291283,0.24998760333709596,0.24849683035051284,0.24823625437927363,0.24496636539860872,0.24207421526689343,0.24526159083849206,0.24735226122000312,0.24640818433313655,0.2461188089316348,0.2451295217477436,0.2390903041757667,0.23610390459497008,0.2336303026100648,0.22824223786697215,0.23924238828511774,0.2389136176733652,0.22052338804663982,0.22286811636717185,0.2136604073547538,0.1871865393956514,0.17826994659906314,0.16997150231771305,0.16944545804585456,0.15519910698818185,0.13392565796710382,0.12476576427457098,0.1458657984729412,0.1738559409424145,0.21651683164727487,0.2711311681128014,0.3254175764569627,0.4096074081813677,0.4809923433092339,0.5456588047878576,0.5306293463511612,0.48185254443605974,0.4730704586803434,0.49502850277657945,0.5705921240875652,0.6764878589067784,0.6957763538330695,0.6275448915106661,0.5117913329892292,0.503388707719034,0.37694018822909436,0.28221917302760346,0.1890683113924637,0.09205156528659135,-0.01887961929348101,-0.07237007845282363,-0.08190402072570128,-0.12702884762825647,-0.17106213506552495,-0.18010788775900005,-0.18316669434521027,-0.18238957164759464,-0.16211625810929337,-0.13886071380402534,-0.12171188289988459,-0.11842814975160337,-0.125525898266226,-0.1658120150079007,-0.17026784815904217,-0.14378174346602143,-0.12216650405332843,-0.10791541144909471,-0.10768318160943903,-0.1057821172516873,-0.12935106423676873,-0.10581728440468006,-0.09675924355432215,-0.07662793449973242,-0.04848915338886891,-0.0394359755092933,-0.0373729985864502,-0.03902186061991435,-0.043130479922886475,-0.07503550283764694,-0.09100347469611153,-0.10075603778707289,-0.2186315888414425,-0.08927991288219266,-0.09040348021677541,-0.07458715116165314,-0.07506272901146192,-0.070877182014961,-0.06748891147351431,-0.06629904267864448,-0.06668731313650343,-0.0689393055778893,-0.0643014204577414,-0.06674674080576898,-0.07578935587996533,-0.09327632629549361,-0.09739482635446414,-0.11410070207761544,-0.15036350777550037,-0.16622870038022855,-0.16898488203027562,-0.17728209643156806,-0.17539159532880239,-0.18274660659688474,-0.19203256853517253,-0.19652828970078295,-0.1952173610540204,-0.1945491632025026,-0.19352175064861415,-0.1887782764054148,-0.20279544625097481
stat_296,0.07089662646661635,-0.1777514869342067,-0.3667784469451955,-0.3023707199365891,0.271852747222644,0.12740362784829892,0.2772578021412435,0.27674292771027803,0.2768867070381056,0.2772649642335034,0.2773402965230539,0.27754289896824885,0.27564176469140816,0.27605170213170316,0.2789443098919909,0.27832089188346487,0.27750477146826114,0.2773871255864763,0.2738410310190388,0.26724308364524946,0.26472238674107984,0.26540872585121367,0.2605584520020041,0.2543976051634402,0.2447559664078602,0.23717973628229527,0.22367193188311987,0.21387003019615172,0.20702889614745887,0.18968238995107659,0.1931585025030776,0.19336840732620753,0.18889769366952958,0.1908213677168191,0.21581643935307698,0.22608768788088962,0.2370425120495069,0.2506556362359605,0.26416364361368005,0.26210587262568136,0.25627411418240303,0.28377276014662384,0.2795948080662035,0.26513149679781367,0.26267330990267124,0.27918190026213,0.28256492331431543,0.30681248591683935,0.3409619277131829,0.3611412464551843,0.36841101486316474,0.3377116596582153,0.3349079686905009,0.2792759046030888,0.264377992643585,0.26639942027808805,0.26530281424250735,0.25802978757694556,0.2297415605324156,0.21742702111294498,0.18798229099922187,0.1620095948361768,0.12980907144916676,0.11557705054861832,0.11465953255979719,0.12227140324700603,0.1187063506117379,0.11489114999613152,0.11472441974459967,0.08493595942157098,0.08540047456810025,0.03014950892303182,-0.00041881286902711455,0.007328389363480085,-0.0033280310150500575,-0.006166894635465026,-0.011376495047594819,-0.0544319925975568,-0.06534700666018314,-0.07908519112130323,-0.13799327148769408,-0.23541768619714337,-0.28422418154727364,-0.22643713051292122,-0.23058413592824412,-0.28458182684211464,-0.40890368437407537,-0.48948450494802875,-0.5082427136247347,-0.08293709590405421,-0.49894144903006715,-0.49862752925858955,-0.46765509941137345,-0.45411458445378244,-0.4520757841186683,-0.4439650327199829,-0.43299074980295016,-0.4413091785712833,-0.439638671836696,-0.38099075788501097,-0.3394758586668083,-0.36849506339485266,-0.35339047991277817,-0.34601290894755937,-0.25651596352028666,-0.189409471282176,-0.14756631766840078,-0.1449798680620918,-0.14029604705402185,-0.16990626688860483,-0.21424603367784537,-0.23011032619229732,-0.21642185822025792,-0.19530457700844803,-0.19283190536473493,-0.1875566411469264,-0.15094909067902096,-0.1097870885460237
stat_3,0.47505845268723756,0.22654081955600747,0.19095452721968847,-0.02464361195273941,0.3905166826527502,-0.2320898295727781,0.41130289490434996,0.4131803750377091,0.415768139560941,0.41861915320535065,0.42244788850764703,0.4261035982481471,0.4305150264607981,0.43709571138558234,0.45020564995546697,0.47053757908828414,0.49178613940169114,0.49408929228005205,0.5286960386795042,0.559409180046048,0.6019032882667179,0.6403988110834529,0.6694824873799433,0.7172776498666639,0.772215017472065,0.7931093524459916,0.8090134964531298,0.8783302570921093,0.9348456213453749,0.957526793000952,0.9689432369379364,0.9696052943129669,1.005322899612843,1.018802397559747,0.9832680631320813,0.9642928194799485,0.9459714865201823,0.9032072981455602,0.8454570478447804,0.7608913919289332,0.6894661143819572,0.6322061632989588,0.5475027264877593,0.4150596257175942,0.2518017902624428,0.15570134794055768,0.12880504166820156,0.10688464882182984,0.06598841962090746,0.03147732162290095,-0.015879352273321806,-0.07719321377563633,-0.08177114887940044,-0.12931160992488702,-0.20085796202208472,-0.2945610611457063,-0.36829906247563576,-0.35559598788004243,-0.35268824277201155,-0.3517196541684423,-0.34233269659001064,-0.39032013316270764,-0.4149666841823813,-0.4249991626943788,-0.4256169457741361,-0.4386796394425116,-0.4618575115455287,-0.48758562451136583,-0.486944910474794,-0.5017967005753262,-0.5269501442274629,-0.5473956699768714,-0.5572418871711107,-0.5575135252892857,-0.6028586368605992,-0.6103455843837591,-0.6622780443595551,-0.6685876670199306,-0.6517308014492605,-0.6374583137521723,-0.6105495977285499,-0.6345258772928188,-0.6548293405184977,-0.6445214584481074,-0.6544460161178044,-0.6347620637084517,-0.6043786434475507,-0.5810244781351851,-0.577970015906389,-0.44812849631777935,-0.5779485362848716,-0.5775591834617947,-0.5243704246574336,-0.4782128932420372,-0.4586459991872758,-0.46570470809768777,-0.45755608740670684,-0.44562350554591856,-0.441005747489108,-0.43232600767290935,-0.4402262635080364,-0.44433856356551416,-0.43167497091340906,-0.4308189328613693,-0.4348464278198512,-0.45007569831584454,-0.45438689640143737,-0.45554460736954766,-0.4567520139596655,-0.4646690539028589,-0.4496733219363134,-0.44759222687121913,-0.44665708784594493,-0.440536920830855,-0.440055038017262,-0.4370759093456286,-0.4413804357362761,-0.4459710744467072
stat_30,-0.2794100262021989,-0.4972126419327388,-0.9912105408447227,-0.6191599132380363,0.14403532430693697,0.24512577921888115,0.14753430985271962,0.14766254077375227,0.1479697173153396,0.149393293105629,0.1501132277223493,0.15049932479128522,0.1483115933542027,0.14310242456148298,0.1390620769321064,0.13431086971257053,0.1304613742866452,0.12989176774213954,0.1238850208841641,0.12192763466113496,0.12402973840106807,0.1205856783562193,0.11277622751347498,0.10601323573736687,0.101926378918916,0.08896144508305827,0.07598667781913707,0.06294578353603991,0.07697866235757642,0.08671703370115054,0.04616578964511422,0.04296822006935905,0.0247305116414547,0.007413148779236195,-0.013637311151672183,0.0295573827841404,0.03131792309614482,0.03848774750999208,0.018945566468809825,0.062259969513502995,0.07141641698195143,0.1058563381741196,0.11858869383034817,0.15406594421327544,0.14943251491696208,0.11483729009366538,0.12164487778053101,0.1278338941782212,0.193216713673398,0.26017194648462716,0.26124082437309626,0.22524414814632285,0.22236119807219737,0.1733321785888892,0.1632189604859175,0.19413324326511386,0.24500418496786583,0.27248454778660824,0.2535246205292596,0.24943078717553477,0.21290027804584344,0.19734471192215694,0.21008673495618893,0.24646595567911594,0.2512720014031847,0.23579610211976057,0.23748383054197156,0.2442272556883712,0.24462290695293895,0.22797279056841502,0.22843210856008864,0.2285079124226037,0.22259285215247698,0.23008816954635822,0.25400422755533725,0.25632187503177317,0.2508688097341188,0.2279385426462132,0.18930606327183935,0.13247386211920664,0.06467309032957202,-0.042039008799122306,-0.09878858817674206,-0.11078315835606124,-0.10946915157492566,-0.11363246673609359,-0.1349338124736315,-0.13876813956917455,-0.13227870311485543,-0.1587090533798094,-0.14076390615776263,-0.14368400284776972,-0.19258558573892945,-0.2322337767067884,-0.3013149359178695,-0.32698095735857136,-0.28533529102616123,-0.2787431897778665,-0.27377674030707205,-0.24337991102594664,-0.2144470754980387,-0.19621811771954611,-0.18774986284400993,-0.1901213737732966,-0.21203021743317962,-0.24813103939549858,-0.2692597086669706,-0.26984359421368437,-0.28289461643343844,-0.2833842199321,-0.2651763554498307,-0.24836995083886756,-0.22751741383219842,-0.2080416057821819,-0.206517672913837,-0.18695112282593715,-0.17291109592804949,-0.16064781960679703
stat_302,0.011872850702096671,0.040723609941715526,0.2738027402014856,0.14846196537985695,-0.0477130519306273,0.04225115386549604,-0.04533736385412413,-0.04377574294550222,-0.042579664078250284,-0.03959603500270343,-0.03420022950259524,-0.028148618127292458,-0.024096772700909704,-0.020321157711873105,-0.033759813358882305,-0.04044044383554899,-0.04668559402981348,-0.046726346395943356,-0.04488095160567951,-0.04526447431997972,-0.05128747381534246,-0.047646529469703255,-0.029481567333124105,-0.01103245629169646,0.017488743457122258,0.005328429502403973,-0.0023950166468894724,0.0018771993464503666,-0.0009225459573603875,-0.008010982514733717,0.01369688088397301,0.015398393215221339,0.019282053425899684,0.037294319041572294,0.055147938147526915,0.06947295773324075,0.12456644629350724,0.11033082919693146,0.12626987592133695,0.14305530206135852,0.17875703308561838,0.2476959650722449,0.18747684597236633,0.11359045370754955,0.09900191291332967,0.140273742818311,0.15802774763379418,0.10530418853259679,0.09540136775036362,0.07974285804633051,0.022938319390826137,0.007424568076630259,0.00287121732497102,-0.10319314104946915,-0.1467362555004417,-0.15959196713330007,-0.11711672955003491,-0.09664831921490448,-0.09886207045022409,-0.09245247336822361,-0.07400578461786247,-0.0687914302093249,-0.05510685812317841,-0.07491235264256059,-0.07956166159337136,-0.10361540743049323,-0.14430185721364708,-0.08694290645726346,-0.0804772515032928,-0.04163195700652365,-0.02227571422585379,-0.08230704030050505,-0.07288617379142175,-0.05390803433861023,-0.001023039507460689,0.007016229150134801,0.0912444809978951,0.19163821389329086,0.23619296832380193,0.2295711084348368,0.16055807426650529,0.20725255718331567,0.22515328391758468,0.3231715459390715,0.3789046501578138,0.42171055758376114,0.4783201113812816,0.4829240811840803,0.5073208189673248,0.280868715556823,0.5644168218906443,0.5733696781328709,0.5907795145658511,0.5867992527430979,0.6043692846881427,0.5755782800356801,0.542467861537218,0.5392451964396221,0.5492482186339273,0.5096384842972933,0.44431016297595,0.41663887197391425,0.34957065990279884,0.3432438545924457,0.3084080877183113,0.2782840155864004,0.2672655283288769,0.2681642729822963,0.2657335233741306,0.2728735619155636,0.24937986643042057,0.262626188560626,0.2866885727340621,0.2656110313205608,0.2580312449795493,0.23555569391802345,0.23098063839773925,0.25097534635526
stat_304,0.3588769143978582,0.3963637864868462,0.266699102670848,0.30735532030922186,-0.10778586821318567,0.1795499219085537,-0.10105335509597295,-0.1014259544860729,-0.10237051266308124,-0.1030669177146191,-0.10406003905593168,-0.10730232414626488,-0.11010833467126677,-0.11228782091036994,-0.11349744858820203,-0.1165186529947234,-0.11802247641960126,-0.11826273351745267,-0.1223712277881433,-0.13060788702707632,-0.13545259751898295,-0.14586473197988462,-0.15550738879039067,-0.1542381558063056,-0.16167115540949314,-0.17221455810123568,-0.18634044758897036,-0.19758022883498866,-0.20923757499341852,-0.23239966513532803,-0.2551382906064971,-0.2550038819975018,-0.2668560347318431,-0.2806207598407518,-0.2949640951544482,-0.31495217024609634,-0.32036782966657995,-0.34195857999007073,-0.3543607373184524,-0.3828404656334294,-0.3636242180209164,-0.39700021508631395,-0.4122946410495159,-0.41695990025385093,-0.37582770947438143,-0.362879030309661,-0.2999132477528771,-0.17150671796222555,-0.13396824598839246,-0.054656677562905175,-0.05585252456355828,-0.09344774117456923,-0.09156309238316435,-0.022840213352287572,-0.04990931662211285,-0.013978298538041677,-0.03703626707278201,-0.09279545126173724,-0.02061535815439036,-0.007007247470402471,-0.025729860695412117,0.004074239097474232,0.008281182390879747,0.011876630728728875,0.015674483930312236,0.0728812134039199,0.11275395794380798,0.240612183318058,0.25266601328735755,0.3522793158665626,0.40552611251998133,0.40528962658807427,0.4265492261419665,0.47969504444592287,0.5508674369781862,0.5530701049097897,0.5169496812414103,0.5423326053043835,0.5738132012728118,0.5146659480896104,0.416186421348464,0.3862739287828088,0.37665632833187623,0.3820546361704692,0.3033864261600683,0.3127943130416934,0.3027878897789529,0.2962313231087177,0.2809547203728868,0.12074208260146328,0.26393627230731714,0.26571132252666213,0.2716018712754632,0.24195101871663868,0.19804256955984867,0.18333805893957938,0.1779881688279068,0.18663956677948088,0.19773458369526228,0.20111312160094094,0.20241464506525172,0.18525117169473976,0.16117037849808658,0.1585504788588995,0.15062499165453755,0.1498765962196131,0.15823404926022328,0.1589153129799187,0.17473051517338814,0.18538679906859348,0.19211460043607015,0.17489429632764128,0.15727765606626296,0.15084632098348172,0.1478231127882563,0.1261640945614179,0.10856054415477216,0.10853064597729326
stat_307,-1.5920808306286724,-0.6949360962222882,0.2909058852232268,0.27508742644322676,-0.9021549343277852,-0.6435348538715175,-0.8811092251231739,-0.8775823155087947,-0.8747082448096832,-0.8730322703512127,-0.870716722357033,-0.8631294969453052,-0.8675046032756966,-0.8717858392934895,-0.8807668277068155,-0.8931932677596865,-0.90192273505013,-0.9020157759589795,-0.9029002133026268,-0.9132309842120667,-0.9257975983893847,-0.9420766513228201,-0.9612918500214472,-0.9782816501103794,-0.988141621924015,-1.002217210458956,-1.0188318674337558,-1.0243153452378928,-1.0528388560066684,-1.0738533968862962,-1.0846923371710822,-1.0871791738549044,-1.089030847612741,-1.1202864544918012,-1.1426656792152967,-1.1441033199262087,-1.1516853491781307,-1.1329644345558116,-1.1630979183099115,-1.1409559009078867,-1.1027810603566697,-1.086778883124318,-1.0398738865175363,-0.9765458824727631,-0.9608633096134468,-0.9166497393000239,-0.8371795917344412,-0.7804931250412381,-0.6942950375537544,-0.7414786936220339,-0.6996377177747296,-0.6775381001216844,-0.6768239016375027,-0.6640846142930187,-0.6836234810263443,-0.6909457985796896,-0.7234785611769141,-0.6658888410150084,-0.6407939146353497,-0.6493116602807751,-0.688542971857707,-0.6997670310034952,-0.6321361321550779,-0.5900816357153458,-0.5808461205968635,-0.5671099714965454,-0.5145633264722517,-0.5615105045756582,-0.5634741899985396,-0.5925248967832693,-0.6186235231269289,-0.6001171028457394,-0.5158157660904849,-0.4367936573719151,-0.38329321766971947,-0.3803400017132635,-0.39237473062120415,-0.40184377159588797,-0.3126899765855943,-0.24159487653904982,-0.19393207092468565,-0.16786441215807818,-0.0670549839646942,0.028933883871719187,0.12906311767489687,0.14756177902203224,0.0852461647494815,0.06861292228336666,0.11010990496181514,-0.07157876793725304,0.09245220621962208,0.08302526588613661,0.06964474481258591,0.06831669067189639,0.02260902183560255,-0.0005133454416973499,0.010767114121284716,0.041697716696949494,0.0621780845126479,0.12321430317839137,0.09361967091846948,0.06163637097265332,0.08183692847142604,0.08186425901568127,0.07469442980742248,0.04479883143105162,0.028170076006653944,0.024377029439943434,-0.006758743104409174,-0.050356757781961296,-0.07824646363517465,-0.09020778686384849,-0.07929774054240567,-0.04467656872839167,-0.034244882962328416,0.005633213491464729,0.015026599338314444,0.0008262276361810413
stat_308,-1.014817310156616,-0.38184918346947444,0.2815965267706708,0.3297066761861592,-0.743380623561113,-0.2078260430220057,-0.7274951832739672,-0.7278341637424911,-0.7286796953364315,-0.7303285143823721,-0.7309127921154784,-0.7306740593555487,-0.729692284736774,-0.7321036383445204,-0.7370118780044423,-0.7400907422536652,-0.7439640004311878,-0.7441725115528991,-0.7470091161813616,-0.7508995410409293,-0.7551428182824456,-0.7619530639400299,-0.7688546183041058,-0.7743460899255078,-0.779476999066023,-0.7879224808791364,-0.8013250295902914,-0.8133145522668987,-0.8251520910384799,-0.8422520907188644,-0.8596241172813919,-0.8605561092225802,-0.8829480649467176,-0.9051526084715042,-0.9205141651087477,-0.9362662631737811,-0.9635285736383862,-0.9715519975710003,-0.9609087423050041,-0.9709761232766552,-0.9727745043865976,-1.0031876549057444,-0.9977699141777939,-0.9629036227906874,-0.921448796884432,-0.9121606656988421,-0.9516259231885944,-0.9624060887509268,-0.9544739018302213,-0.9445749880372878,-0.8959000459312505,-0.8536010191532444,-0.8508226407275348,-0.7865289153777317,-0.739058110901627,-0.6712293159646103,-0.6549995624226326,-0.6414256388326068,-0.572702760331528,-0.5414055307815843,-0.45059636326341446,-0.41090902191972895,-0.3927471647965776,-0.36025692064470977,-0.35249354932261645,-0.3193460915408515,-0.3018575772733853,-0.24225746170811938,-0.23421708862445473,-0.133819463723819,0.017819546213561157,0.14942472891452746,0.24346612648324076,0.319699545240523,0.3752672667073573,0.3777535865623428,0.38036659451889326,0.42161409727459315,0.48526266849784094,0.5201066246622484,0.5540318054201692,0.5171545113807517,0.5156595532160826,0.45496464195699393,0.38289950364800424,0.3285433792326435,0.2873184853405159,0.2527434869583644,0.2102472940193047,0.02723316580075309,0.16277776129676436,0.16068052628256554,0.14063557505234267,0.12648763275550198,0.11400763598420639,0.1127658146893839,0.10119243438588085,0.09314710217593639,0.0911554704375256,0.07743917349074173,0.07799907130132246,0.07872247525215453,0.07268294210639185,0.07289982771424124,0.06641763120020153,0.05917523331903216,0.06778464735478598,0.06950998163407815,0.07857356513796913,0.08131517912460871,0.07579344123604094,0.08154484152952649,0.08158666837600438,0.0627966142096034,0.05860309109170509,0.04087829807986656,0.04449504869462954,0.04582825176361429
stat_309,-0.12558904889767455,-0.19067568540062615,-0.2900677890876774,-0.18987350393023722,0.04943731532055956,0.0646459974521886,0.06634543065743391,0.06633049955002158,0.06593716869034917,0.0662900301129449,0.06596323984569512,0.06646491568572517,0.0670196138327713,0.0660592848543776,0.06388218949919469,0.06162152778472489,0.060545707138986715,0.06012587926817681,0.05368952614842028,0.050378959756868784,0.047288614681393906,0.04472300937514397,0.04145937761599234,0.03994829141287523,0.03820994949308219,0.031163303205307247,0.024024967607835006,0.02226735320269136,0.006851813557283855,-0.0056930699582793415,-0.01411611811375478,-0.014211499403408948,-0.013319545987586065,-0.0020764275131895126,-0.010470048412959874,-0.0025768410245855995,-0.007476907509664105,-0.02041186319412725,0.0030508035443395894,0.031642772400899744,0.04308511243666889,0.046975790370914726,0.037007039182087094,0.09466395898180197,0.14741397174296042,0.19963193351562034,0.25463247454268795,0.21665151989491088,0.20931021513560952,0.21316529977007745,0.21162733305144055,0.19357172793420793,0.19069006707494093,0.1397630010638565,0.10805368951726702,0.06294150497446746,0.018562965083418276,-0.02507686086784968,-0.04013022458047363,-0.03762988988726681,-0.032739186432978754,-0.03147291800654614,-0.044101934248259624,-0.07079295718743961,-0.07071450360979996,-0.04576421489844069,-0.01906953791330864,0.04116327531220037,0.04753437092398835,0.16253167308207817,0.22744744705863204,0.19327423619649092,0.15609110706178464,0.16801652942714382,0.21940412713934615,0.23396273176442564,0.3195739828504304,0.3251055321293567,0.24039580593365167,0.21838607926773582,0.2710150962194806,0.309267761893824,0.33636723395963775,0.35707806886074894,0.4124003962809238,0.45637955919268025,0.45027720500119206,0.4548158765152282,0.43986655160274696,0.08328105108492193,0.4268164781830347,0.4263923997521016,0.39227519538384137,0.3570275497484317,0.3257112646710917,0.2985201481827493,0.2646175002999122,0.24382946405023614,0.23347320834311844,0.1969135890397022,0.17060264414344672,0.14217981654548306,0.12609745008082834,0.12583317085502838,0.1210720055606898,0.10821947789451256,0.10521438374775204,0.10612788622995671,0.10446381371326363,0.089970557556865,0.08057567242952102,0.0840710521036196,0.0817629846269719,0.07402505917601221,0.0738902048254132,0.07881923891439847,0.08751118096617196,0.08610861882142687
stat_31,-0.41894131007690955,-0.21840581638588735,-0.12762293509633427,-0.14588442469046942,-0.29179479720459206,-0.3494343372415088,-0.2810129973843669,-0.28165419200278785,-0.28223908058575814,-0.2827383385859828,-0.2832829824169646,-0.28434935735652744,-0.28649280565431084,-0.28890428887120395,-0.290404589363306,-0.29343517612702635,-0.29993767245255043,-0.300447798697823,-0.3069184728104447,-0.3135417365135392,-0.31985153948313344,-0.32613379089310274,-0.3299410627095625,-0.3325187832024906,-0.33668041437639523,-0.34775450072794356,-0.35580638723727137,-0.3666948350736112,-0.385906893108074,-0.39773437631797487,-0.4090986438450339,-0.40954266532243755,-0.4129818573088521,-0.43210466799399677,-0.42529534068801367,-0.4211355541897523,-0.42513445351633034,-0.39688970280268177,-0.3678392026806927,-0.32480542488013475,-0.311093677650426,-0.31087836619755604,-0.23896487827388782,-0.2022347634768206,-0.15789299163115292,-0.20144810879657135,-0.2282481516959396,-0.20650410149732318,-0.17793356912023817,-0.15879436337198577,-0.11604930493648473,-0.04492336195388063,-0.0446116390480786,-0.007548772721779003,0.05348366850509895,0.04368896996860753,0.015507881355562534,0.03810237004855194,0.046846967222544285,0.04255647840912156,0.003938732387864256,-0.030577558942072737,-0.014357113534595931,-0.05358092704140719,-0.05496462121821422,-0.11942688152209074,-0.19108548639756373,-0.2783710305944358,-0.2817819779355851,-0.30662818370381784,-0.30837948956182026,-0.3298106659541778,-0.35716315314902203,-0.3429731493895893,-0.3572431573462245,-0.35635004528045766,-0.36571469370305393,-0.384277750737659,-0.37798407981326104,-0.35257241620765395,-0.29917078185194595,-0.2829303685888953,-0.27738881528246023,-0.25857718956751863,-0.20540383230698236,-0.13510447782885449,-0.10498281871481968,-0.08172991002595595,-0.04376471949404896,-0.23784135715787427,-0.02970045802920045,-0.03217852012622929,-0.0196848809850022,0.02166953055397869,0.022626823029892777,0.03185871988266138,0.005149980652878685,0.014862042607842438,0.012851482351310587,0.019346791975046712,0.01047593365667553,-0.015179083430577639,-0.03459933346903533,-0.03744173513345585,-0.05275512862848493,-0.07400885758108851,-0.07494076186594294,-0.07582977017862905,-0.09504109148538456,-0.12353653572586797,-0.13135904675095691,-0.14526352356949873,-0.15757049835094616,-0.1874988336790569,-0.1865925231885542,-0.20841290875498245,-0.21919415498071318,-0.23334262146995152
stat_313,-1.0202315099354649,-0.5121574203711508,0.3559586312585266,0.1104461135506217,-0.5858557503864172,-0.1972334381145288,-0.574253963735386,-0.5749028683563171,-0.5761226633780494,-0.576005201647393,-0.5759258179578465,-0.577621556561655,-0.5806304737914001,-0.58618580176826,-0.5849304483820188,-0.584564490553564,-0.588508029040632,-0.5884252039809831,-0.5957276669091842,-0.5980929319385182,-0.6017908089046997,-0.6072286145278314,-0.6172184180061616,-0.6177666222652203,-0.6130048075262933,-0.6248419412826961,-0.6308969611511978,-0.6390256197792327,-0.6472812837088604,-0.6697256376447391,-0.6935752676080784,-0.6950347925380934,-0.7163738600140688,-0.7432672833690129,-0.7465154604371451,-0.7431645271313014,-0.7603468598760286,-0.7453919145596405,-0.7444610811593079,-0.7439383398902825,-0.7471837420350779,-0.7688802127059932,-0.7743512792566077,-0.7706636156323694,-0.776452508491948,-0.7791792128986177,-0.8058960256189801,-0.7959223450117838,-0.7842135950629241,-0.7683652075560814,-0.715821379240218,-0.7086398466781089,-0.7084971404982513,-0.671113037920299,-0.6541223870495625,-0.5827953026987667,-0.4914345125260927,-0.4509289781605819,-0.42095344166568954,-0.4116250000423199,-0.3554681587621964,-0.295501290203808,-0.26284066070116036,-0.2056559780747167,-0.20037208737457343,-0.15067241114016725,-0.10603009833650177,-0.08114230489114642,-0.07967420469814697,-0.058296370970576425,-0.07751054375842013,-0.0747538783224214,-0.07416866336881363,-0.059114477441135016,-0.05510996885150466,-0.051809104313883005,-0.045516635332585785,-0.016244198999837107,0.002176759421648707,0.042078670289245494,0.0929441406738104,0.07031780267979597,0.01102671575482941,-0.015746447066994226,-0.018069423299690635,0.013663212877207388,0.03464767678419189,0.06244267819556205,0.10608352463531082,0.07221197022013406,0.11945739783410599,0.12200853011674868,0.19031106359094363,0.2422710138795951,0.25267627767802114,0.22135237403481112,0.1716999253605664,0.13432223247366004,0.1300961204253047,0.14829730171460664,0.17189527661465284,0.1608097568718705,0.1444581202343155,0.14117369170947397,0.1214347455477512,0.10661496658229791,0.09713915105457595,0.09836686229775744,0.10543781516073072,0.11290242390564054,0.13782943005454026,0.13916293519607223,0.1374072822764475,0.1335497142564009,0.13319566242030695,0.12034151706684118,0.10260588256320381,0.08685271742277492
stat_317,-0.5058164960676976,-0.30172772233007605,0.18190149339003658,0.037968854647214154,-0.33511451437241047,-0.3781290382798838,-0.3261019673801367,-0.32642819579545274,-0.3260302090719206,-0.32425590551209627,-0.32314468074217095,-0.3216490115443453,-0.3207851447428637,-0.31877946320468903,-0.31538263025092095,-0.31278140248241987,-0.3062570143434683,-0.3053242994928644,-0.29600705457861765,-0.28316136723810764,-0.26809749489009105,-0.25461885895424186,-0.2431487304144645,-0.2231821257837023,-0.22889440534663524,-0.23888697167413597,-0.20973929130671995,-0.22479907267487143,-0.23847407249223274,-0.23607666371573072,-0.24409213127728813,-0.24579733360969197,-0.2356622613670977,-0.2218422686954273,-0.21053141759209526,-0.20644084250905792,-0.2083139911001841,-0.20558371359993685,-0.1908015006271577,-0.19976767328645934,-0.27522394519482574,-0.30187485854227314,-0.27067370303283333,-0.2459087849007274,-0.2250994473690717,-0.20162430079689972,-0.2145070425185657,-0.22073417473997936,-0.20437976260683702,-0.21618527996790957,-0.2705673039566689,-0.3358794640898161,-0.33792681622305654,-0.3389717659614506,-0.360200956456896,-0.399370564251524,-0.4260155771153732,-0.40686407374207206,-0.37040585195165765,-0.35562283488068847,-0.34473791355064265,-0.32410496122707105,-0.3476817249687751,-0.3586290324746488,-0.3606034316044829,-0.38967392977239346,-0.416711055710373,-0.3991930864249832,-0.39818516109165764,-0.37307017865869885,-0.3791547910570764,-0.37666866628092865,-0.3397212810339462,-0.33045821971735645,-0.2913328484534851,-0.2831601020115786,-0.2600685153632736,-0.2755359058451071,-0.2805716313614737,-0.2952802459294426,-0.34726901257853365,-0.4321073622438275,-0.4969399916882245,-0.522732672476651,-0.5052406839998638,-0.4700255479971878,-0.4946485770041767,-0.5475626427383509,-0.603156865731763,-0.4961555764548715,-0.6426108302015534,-0.6443357415351733,-0.6567985906045095,-0.6379828696536866,-0.629922704805311,-0.6105512196020029,-0.5938786038365683,-0.565954419317201,-0.5563410327058841,-0.536881123936317,-0.527074301659119,-0.5320840359597927,-0.5411423566928383,-0.5426691788319132,-0.5500931746914764,-0.5578585140654647,-0.543691875244977,-0.5419626787309414,-0.5097593673853299,-0.4664546646239876,-0.43679440087542853,-0.4287696503080692,-0.4418672781986582,-0.44367871377233586,-0.4453672824072058,-0.4588521900813392,-0.46235175466027517,-0.47600129964813004
stat_32,-0.7260453705316754,-0.3781081332614485,-0.2641533932568633,-0.08653718471012174,-0.21354171880817802,-0.13350515809505684,-0.1987478853040316,-0.19680778772311666,-0.1942047591180624,-0.19024214953823604,-0.18310058544927973,-0.17278059851560015,-0.15666083211728,-0.15617329574131114,-0.16130048861193752,-0.15475216278061074,-0.14674249025007435,-0.14675809865673645,-0.14275120994662077,-0.13202599717133992,-0.11123303330170538,-0.07425366240120884,-0.046294270491282236,-0.013513548965506718,-0.014966424189667451,-0.026144091871928545,-0.03406741360187375,-0.05232376960327786,-0.06170805583629657,-0.07501620379078085,-0.13295582885337703,-0.13754363094995498,-0.20522991354952133,-0.2503822502706204,-0.2786931697340931,-0.2816854742888826,-0.28379961796441827,-0.2845685712255951,-0.30149740575317696,-0.3255678120910675,-0.3537456233036926,-0.38767625601054556,-0.4271378783719469,-0.48291601183587946,-0.5344674922169074,-0.5460146475057692,-0.5316556965597428,-0.4964591086801055,-0.4151052175619112,-0.3203256024588496,-0.21129244061601243,-0.12536089598972064,-0.12013166349509181,-0.05213935601976873,-0.029628141538194423,-0.03808106693415503,-0.059183449535873824,-0.06825428196636912,-0.08150545366622056,-0.08754011666701222,-0.1037088741080795,-0.1421719377685267,-0.15374448055075576,-0.16243365749429592,-0.16382479154340215,-0.18729807907448898,-0.18945929725102922,-0.15767162998920464,-0.15558679752709076,-0.11013159310398267,-0.07673906090782062,-0.03939701614358121,-0.029535651839589366,-0.013146489761746117,0.008041783509217157,0.012162554450986908,0.031061803186429694,0.020071732646980953,-0.01308968560326175,-0.0714949666099785,-0.1213326185011413,-0.1759446859526455,-0.24469916624708068,-0.29287723403890836,-0.3320747845417594,-0.35683523010167784,-0.37933061175291416,-0.381910301379476,-0.37452064666375834,-0.3412494017539799,-0.37205937021728847,-0.37179501005429266,-0.36389878026926326,-0.3504368018223856,-0.3413223309608603,-0.3361671897895137,-0.31687026152774056,-0.3027839628693219,-0.2973872970970694,-0.27897177197839484,-0.26953578201422473,-0.26086412825356214,-0.24462389238664337,-0.24272205803986718,-0.23273239776406918,-0.23801626805799317,-0.247406585189055,-0.24827993972963766,-0.2634536829661128,-0.2756622390536817,-0.2850703543809296,-0.2913113448808873,-0.3034001865303025,-0.31731573143013864,-0.3198772815078482,-0.3279592416409958,-0.32705271688418674,-0.3329790115486049
stat_322,1.771559198564617,0.9156523115413516,0.15353784700638762,-0.07125948879146443,0.8759968273948626,0.37387112493529995,0.885728111481227,0.8856181180995019,0.8857645272763037,0.884991969682566,0.8865845793444407,0.8922935215342752,0.8937563820977293,0.8939532999233066,0.8980725625957867,0.9068039510694136,0.9243880621378613,0.9254342663888601,0.9351690973599133,0.9381183580211855,0.9544992976704058,1.0044546265741938,1.0628934460619235,1.0736277173670252,1.1339498179281173,1.1102786672316503,1.07751488691656,1.0340912491069436,1.0390616175048617,1.043885025837584,1.08813152794633,1.0941056194532888,1.1825834846721066,1.1710461577050575,1.1844064045820009,1.2738079419287123,1.345842091233254,1.3519701728879019,1.3176661710152417,1.2593816633566588,1.2764513677132436,1.2420234980527673,1.2983667492650635,1.1972655485489614,1.0711722707089908,1.0106857906264939,0.9259074016010197,0.755639497180394,0.5612903170016493,0.42650278159608035,0.3151797683388793,0.2144385975755317,0.21040808851955944,0.18274907425058634,0.18089540652962985,0.1373014181226498,0.13472397093196525,0.13495942734195046,0.12691048833516225,0.12053393333067126,0.07339969712769773,0.010470124667448821,-0.08898071346975937,-0.14171913534035008,-0.1508752400271755,-0.19716333983758977,-0.23565210586082513,-0.2674321009978351,-0.27848214283073097,-0.2752478771973396,-0.28453110185392677,-0.338008715653139,-0.30345811563846387,-0.251202572469864,-0.23932431433116072,-0.2347627496854409,-0.17384867787704322,-0.12471854482944199,-0.06841944686202793,-0.04144706247426465,-0.007047066369379887,0.01565770785440134,0.021206868422602936,-0.0020215855055385206,0.020144825384084523,0.016177893846900507,-0.03780653973100672,-0.059366508748060834,-0.05054650482834516,-0.09252897175195589,-0.04958475721026773,-0.04846958951718229,-0.02596727990522133,0.0008721134965686893,0.016211822647782627,0.011222111115882316,0.021312270789222404,0.023068014388415495,0.021788853596173073,0.003543619271797223,0.003790430626688117,0.016220026024068836,0.020843080476659503,0.021472072154631594,0.037249229164667136,0.037232884151897565,0.045280358203940774,0.04575027987043718,0.0345007239564113,0.007059550361746333,-0.010156779116050141,-0.023731750263110727,-0.08299450242105069,-0.08617693254118952,-0.09092750020240062,-0.09603986103029107,-0.108018494020939,-0.10702006700758662
stat_323,0.05975088780145064,-0.00748233756295713,-0.11778490774174513,-0.22286706615804855,0.16124824349414685,0.10169233248219489,-0.021241407373140838,-0.02126094298534793,-0.02122651428503437,-0.02030798525918513,-0.0194965066815508,-0.019292915764130173,-0.019460613003911085,-0.019266954536141693,-0.018665510138078354,-0.01977211941486213,-0.020047507666843108,-0.020107470458941047,-0.023120752782128808,-0.027742877031558765,-0.023934742790928352,-0.029958102755786146,-0.03768590194919168,-0.03385721310307719,-0.035676646964741016,-0.04053047346596615,-0.04366791896402357,-0.06857287731968509,-0.07783418563196155,-0.0914411280314655,-0.09510680927781558,-0.09519448847676772,-0.09752535522919738,-0.12194664682750515,-0.12824628593268286,-0.1277278275144225,-0.09259323615386356,-0.08720662426499362,-0.13936241933725926,-0.1454290168018411,-0.052122232076888736,-0.04215082985394951,-0.005074365358018557,0.04648944204502129,0.05611935255000563,0.07602047098870139,0.019916371312045756,-0.0380230833644068,-0.14242901080611337,-0.18720917621383704,-0.18311115980035655,-0.16648954039802452,-0.16845838018017542,-0.18401011323810018,-0.1762261091635997,-0.21096422838317885,-0.2020924402787478,-0.18462613179043896,-0.15701585927069125,-0.1417398484909679,-0.08977824651424011,-0.07967655611231489,-0.04421025415861742,-0.02482376096888012,-0.029587390684089335,-0.03305071988625678,-0.03925016828883635,-0.07155867360334131,-0.07390620145329253,-0.1443515012934205,-0.1493591968974589,-0.16696731528207767,-0.18827791545605826,-0.14225056392715074,-0.12339213858657909,-0.11642562935210808,-0.08233587618905713,-0.14437911259820208,-0.14043177775863122,-0.15535339699973405,-0.20118019114020486,-0.20128760004593726,-0.17332761873881183,-0.14880535203923512,-0.10714652173196239,-0.04779295766231407,-0.06645721688114413,-0.09085391401877746,-0.11509604777633625,0.003168075923521893,-0.1281631626582351,-0.12882586920997888,-0.14340939808050812,-0.17452684217679537,-0.17070133988352812,-0.16207055671872386,-0.15920659859131933,-0.1501599687599684,-0.14731190045626832,-0.12351279647400988,-0.09331400589260803,-0.07704452891486425,-0.07727180609512022,-0.0841886658543869,-0.059054792007107434,-0.042438298017626434,-0.0075223329177664475,-0.006284039229512207,-0.0228265995394816,-0.020664642418746344,-0.030382041907934466,-0.012112090844999776,-0.06666088098677994,-0.07084526521890125,-0.07366919765886691,-0.08954194986295647,-0.04692528023219899,-0.038267087077769435
stat_325,-0.48403820360604244,-0.10271729550001205,0.19289011652297694,0.28792698891769714,-0.2619710811824476,-0.34418508948988213,-0.2523438054995557,-0.2532363996680618,-0.2519715732759694,-0.2511107293545325,-0.2505358916102698,-0.25090605709155844,-0.25368243159506954,-0.25405090863348107,-0.247305861385606,-0.2331912129753669,-0.22263220954761787,-0.22205451580272487,-0.2152597397990738,-0.20955331784933784,-0.19418181137527726,-0.19112779360649912,-0.18930450297389423,-0.19067508286598964,-0.1921613614994211,-0.19715602455071093,-0.21530238069124571,-0.19792290016618766,-0.1732170148006203,-0.11013013908925387,-0.06218321580355876,-0.05814498545974408,-0.011853370544850812,-0.04266018819680442,-0.040848115969360096,-0.062410661000995786,-0.08596090240704493,-0.14252220797270743,-0.14891162008611442,-0.18398486345571713,-0.1757367895616626,-0.1528407275454226,-0.15221999487012644,-0.1785234047883945,-0.11625113418771474,-0.18886432488049362,-0.2551414308812138,-0.27253050923111527,-0.3155308452249292,-0.3870516206713892,-0.4477112745528658,-0.4487719141238076,-0.4477148101908457,-0.425907550159271,-0.4300205463603034,-0.40853210201886075,-0.3844294254127533,-0.35128614409414455,-0.3505913477879337,-0.3542473843945189,-0.3530637528124288,-0.2985392198322066,-0.26420118190062575,-0.2262443014532439,-0.22497236912607346,-0.24245858683950905,-0.28039628470987404,-0.25604976907485566,-0.25258689562083986,-0.24984752921610598,-0.26829090196273914,-0.2667400124706413,-0.3010299445248586,-0.3423401934663488,-0.3246252178702674,-0.318282169678284,-0.267601925226643,-0.29834558820174845,-0.3489200083623102,-0.3517798186722066,-0.30610598580932935,-0.26607240870099286,-0.3185436429101289,-0.3943120091544743,-0.44734919294220815,-0.48302095540967854,-0.4795265596057371,-0.49754177462870086,-0.5131438435505716,-0.11047220702813414,-0.5187705362394194,-0.5180622762623551,-0.5400834206566467,-0.5898298319888565,-0.5615034315220917,-0.5543015037424156,-0.5345624180392429,-0.5178609544331413,-0.5108101948520324,-0.4729848233319628,-0.3978039281410637,-0.3055497819446684,-0.254513015031341,-0.2482290321070284,-0.22693455469769022,-0.16901532264994798,-0.1412398756834981,-0.14228388510162482,-0.1301706100655762,-0.09797743887221305,-0.061837516639331146,-0.06848642275097805,-0.08900506315699451,-0.10571518141751314,-0.10660753134668004,-0.11330953043962452,-0.10447571614610698,-0.1143025404166873
stat_328,1.8134407100134535,0.9302504438674456,-0.08044375754937258,-0.12155210756552952,0.7322435855114084,0.6772158012308415,0.739169558451994,0.7383686930187606,0.7378354600202373,0.7369397350291591,0.734841618884652,0.7345233065399556,0.7358806498967196,0.7380456695819191,0.7352739086708656,0.7239094612338989,0.7137383947654925,0.7130672954335593,0.7054092738887289,0.6980203662814122,0.6929321672914177,0.6869884868656547,0.6826296928136633,0.6788127581699884,0.672625707899089,0.6662236422585617,0.6554929590412877,0.6361413551233394,0.602430734018597,0.5746660935827297,0.560741309975121,0.5590784734442186,0.5405439077030615,0.520446357634005,0.5031029060006729,0.5004480559592193,0.474818772922707,0.48772155681906265,0.5217579260497719,0.6000428014806914,0.6438180705873474,0.6802588150278549,0.6520049429280029,0.6146116950639926,0.6478850213720992,0.7189623320491572,0.7547775371720642,0.8033817352613498,0.8344492430398252,0.8337071710543557,0.854106881732935,0.9103344395231019,0.9154341544705694,1.0286811031247909,1.11168362587483,1.1053071690085476,1.0330869883446532,1.0271492025207896,1.0148763808435124,1.0087156335519054,0.918860490452854,0.8378370684065727,0.7970663606758098,0.7668825815306402,0.7588367911857422,0.7118221294558276,0.6295869502423812,0.5812826190036976,0.5761993811004339,0.5323836829673562,0.4430405203803144,0.37045520313943914,0.3216553790422393,0.29353951946782325,0.27834344801572924,0.2816686987489596,0.26660669902721884,0.25744090465363406,0.24137664646993565,0.2604055586967992,0.2354355288640416,0.23432731816698094,0.22490079791488082,0.22766274169132356,0.2030696776619924,0.23187905130004313,0.25807961501602295,0.2708890832385735,0.28885676690737083,0.259349836912578,0.3209875240755451,0.32345642416368947,0.3414371979915726,0.32721675632575425,0.34173577098751295,0.36698330079887614,0.37913848065766226,0.38814102462709293,0.3868293620105709,0.38637345786380434,0.38705072440538457,0.3642472853734011,0.34284336230555934,0.3395990604520946,0.32732948263791317,0.31251177621054876,0.3053786804735301,0.304965734385791,0.29315474221108107,0.2858052852965265,0.2777039017391806,0.26490872694793394,0.25859763239062733,0.25605994745406946,0.2555773392595898,0.26040721391488564,0.2645159231666135,0.25709558551998324
stat_329,0.12252401577165224,0.08355008985581219,-0.24845795720004,-0.16680825854260317,0.09506001886082607,-0.06813809408933034,-0.11349651657472606,-0.11335210558778448,-0.11290303971522417,-0.11194655382327928,-0.1118927313511178,-0.11027970343977817,-0.10587857885558345,-0.0952609454900666,-0.10528696250316745,-0.11010787007705458,-0.11426840864132452,-0.1144238476753281,-0.11606864072646614,-0.11721093012580903,-0.12054871827013058,-0.12157746589585604,-0.12406200395318243,-0.12916416366522793,-0.1336326720953555,-0.13831937661299043,-0.14467708929818235,-0.15397817338885522,-0.16488595898188135,-0.16858577483399964,-0.16969457295705803,-0.17067902953719571,-0.17272502854235347,-0.1649362533793264,-0.17838047929456485,-0.18997752099541043,-0.189048949839567,-0.16861166305496836,-0.1497010985837518,-0.131497735786818,-0.14949139706508455,-0.14696312548489482,-0.11466612994228732,-0.06367035700425525,-0.015691769591097648,-0.017102810621314832,0.0206068970801882,0.024939047853145626,-0.03946787138873194,-0.03334895184891829,-0.015427269892429476,-0.02788161027352489,-0.030628885904771933,-0.05572286142701716,-0.0773258537257583,-0.04076448385173019,-0.01334674187138102,-0.019090500660923698,-0.0414960323083859,-0.05997080136707443,-0.10560591808239378,-0.07430375987263044,-0.09202585590314043,-0.1623700476607161,-0.16989062058297874,-0.25809581044513447,-0.3102251075925563,-0.39709464972423913,-0.40044556270403686,-0.467064928866447,-0.5409168654364109,-0.608445740382124,-0.6424190887697954,-0.6752772571104382,-0.6708746998065147,-0.6740613511969579,-0.688710437221053,-0.6890198673276033,-0.6552304378924062,-0.6031036389510113,-0.5046059669376081,-0.44351447386917825,-0.3444311922288771,-0.31009597850242865,-0.29371809852044595,-0.2944126150241547,-0.32248206810362906,-0.34612430878214334,-0.34136140619987393,-0.1743257887558056,-0.34126725500293154,-0.33978095463030367,-0.32314815166430344,-0.3154803709862875,-0.31573169281007113,-0.32374151285583763,-0.33653290279623965,-0.349115614264441,-0.3468547065553226,-0.3461228327194677,-0.34743734525437614,-0.33087680942289666,-0.30924242579730815,-0.3067343302897523,-0.3001498838592671,-0.2839476480717487,-0.294343148788151,-0.2948674283115575,-0.28785194357646954,-0.30341166903152594,-0.3209513296279749,-0.26985125658410425,-0.24775179114602858,-0.25358621867949666,-0.2502574588244347,-0.24251901601291823,-0.21653821902311401,-0.1822550701942963
stat_331,0.4228765824190039,0.1251638283589135,0.15389627903161873,-0.1360260266217107,0.3435626013464895,0.2737018226490491,0.351986133708225,0.3517156710697832,0.3518299898130911,0.35223349802682635,0.35121739399824387,0.3528023765671537,0.35453880652579595,0.3497691849539157,0.34494811911348705,0.3461739213847197,0.3468524745966352,0.3466714534557263,0.3431092419176497,0.34179342530870577,0.3433726069678485,0.3502551624539243,0.35644140787525774,0.35921310347299445,0.35414099961490636,0.36126504390372477,0.3712971044075177,0.3918455374968857,0.4269132207689635,0.413889309148489,0.42856587829517595,0.43051514041620115,0.4136448517922885,0.43293737894678125,0.4839362383370202,0.5117303185141103,0.51684222027862,0.5338376832185882,0.47526118864744277,0.46853358523157407,0.5075678252535268,0.521429765697374,0.4433874485567637,0.40773240191348015,0.38208975480659324,0.36982700644194894,0.35524697380492315,0.366837844132126,0.314261962472846,0.29636813307318816,0.33584549183116635,0.34569241695189973,0.3449462459438337,0.26737188911928683,0.227162907470062,0.2220675574185982,0.25279632442446726,0.3212739924532223,0.39102623533093317,0.41456706909215213,0.45074559594782054,0.4574743354411089,0.411876232738175,0.36206310358421673,0.35326034205543216,0.31625017299244224,0.29233825573659294,0.2763254010618558,0.27346317507419743,0.24751740185003857,0.23951441928460324,0.23300351492869803,0.18814344154225618,0.15851834152868993,0.1553517174831331,0.15493588714393192,0.16357535021767478,0.1977727834812011,0.1863798823532489,0.18282075662073885,0.1661960999723446,0.16002207150342732,0.15686037521061402,0.14287421213074988,0.1614821172092685,0.13807187393656792,0.16988632857281327,0.17854899599132698,0.18227380395454176,0.18253230621085653,0.1876011156698488,0.18834363796131282,0.19896043953711548,0.20240999477852822,0.18307968482226575,0.19438383591453223,0.20501589824099062,0.21424937246066295,0.21702299299916572,0.2118895802851943,0.20935504920550219,0.19602752814669483,0.20718992088658358,0.20937370987223194,0.21200531244026385,0.19561364240178153,0.17752369094905673,0.1761681641432388,0.16929448364253646,0.1655476883734931,0.17353572641546725,0.16889429598410025,0.190823754058043,0.19070982466728756,0.18843001557116593,0.18240502189729627,0.17983048770281052,0.17499146446894528
stat_337,-0.36698873467474347,-0.24400431955823804,-0.136044604115153,-0.13402704707529678,-0.13136872567623714,0.016840735242049893,-0.11809719265945465,-0.11899723191570256,-0.12026423676916727,-0.12100007809709581,-0.12164975145319162,-0.12385013941128309,-0.12563253509825,-0.1280655734330589,-0.12728704982818018,-0.13136305999099265,-0.13664735645870643,-0.137032778093589,-0.1400188141677079,-0.1430698012686369,-0.14811795243456644,-0.15610417025965254,-0.16010379294555266,-0.16188983744822866,-0.16078016271527362,-0.1592520945848798,-0.16837253145756245,-0.17506002873683885,-0.1920542650578291,-0.22488016968052443,-0.23260952936764073,-0.23331270640393434,-0.2474506906822104,-0.25642688144378845,-0.24330086133390552,-0.2457014295484465,-0.24562755321424293,-0.21651550885251414,-0.1808905357489185,-0.14504948354807898,-0.15147450759705228,-0.10958918241832516,-0.1503560830956961,-0.21300703106696714,-0.2537498261457898,-0.2614425015352311,-0.2240978782965158,-0.23093303236384258,-0.26746586389023924,-0.2363651355476034,-0.20938929226676425,-0.19339259954629764,-0.18959974588346118,-0.12686367202477217,-0.05031875315347315,-0.03602204363914662,-0.03692105024877584,0.012700279930760878,0.03942753755468665,0.050177959937648606,0.09236813744542827,0.13592494724645995,0.12564989421943643,0.10509282085706487,0.10420383650019893,0.055433606635206106,0.023953604400274157,0.0023498147758952773,0.0033899848061645036,0.0059009900296980574,0.006685980061114544,-0.005074500712625818,-0.03180138698795789,-0.04924480815566978,-0.023943474094654246,-0.014646020809343836,0.07168313994630074,0.13630135434803137,0.16012250496422906,0.22415905543661144,0.2601879952118584,0.26292145194873706,0.19557533424619272,0.19081289911153584,0.20810092789947382,0.20897335603698564,0.19912986245759115,0.2051745325807324,0.22494655048581524,0.10863660875103151,0.21129429938955274,0.21017824837939597,0.1927352644635181,0.1832877762419686,0.17492432362770372,0.19466391053727647,0.18446773432891628,0.16008800320591282,0.15263165673061277,0.14928632004800735,0.14743862302088295,0.12907257633591215,0.13605353639191659,0.13735005879791087,0.14386589938701896,0.14043112066249994,0.1436800502242103,0.14428330635954814,0.14261464932267653,0.12396915801236304,0.11888106585108975,0.1265897255624238,0.1349919156763498,0.1396747833933595,0.1397528405154488,0.14130087932245428,0.12658997558588875,0.10442264896386594
stat_338,-0.8108174689787446,-0.41734575833724386,-0.0896104953691638,-0.08797039766415846,-0.2453177251095825,-0.3122186429365394,-0.20356106962479578,-0.1979886070357486,-0.19176394341140404,-0.1763984188255318,-0.17747535366792233,-0.16759989356809113,-0.13722702273900003,-0.08472179671060627,-0.05788177954102343,-0.0602778686281533,-0.04427692967527326,-0.04500432687454159,-0.07936460277433312,-0.12641998609352126,-0.1593491284798258,-0.11594183774650274,-0.15471857176580134,-0.15378308692554252,-0.12042080480842757,-0.16599245499848003,-0.19420367423387264,-0.1869517244633436,-0.1945202113518185,-0.16618658952154755,-0.19053393433466198,-0.19079995541234812,-0.26005910522198666,-0.29424852101832066,-0.26013555865204047,-0.3363945435486063,-0.30137691678367057,-0.27731762598028886,-0.21731825821437167,-0.213222070976909,-0.225023160520541,-0.20632681351636323,-0.18779081478629314,-0.271056237178413,-0.34578747757222683,-0.3186273933311824,-0.3922163035779561,-0.4164753772303421,-0.43035754538360677,-0.47402931083889366,-0.42281910361709557,-0.3746968985784683,-0.3717829284137198,-0.32760056858259634,-0.3372013357072656,-0.3581543929449928,-0.3966803884629658,-0.37453702660268434,-0.41245294514702247,-0.42443011400906205,-0.4381175091365359,-0.4392537888078996,-0.47628329561558186,-0.4177344363946047,-0.40660850603889276,-0.3487873918446195,-0.30435350216928686,-0.35296093494217723,-0.3536727086240903,-0.34187524732323815,-0.3377949205590036,-0.35872975694316794,-0.3434713753363462,-0.285991107875331,-0.2232436979025889,-0.21246299980025873,-0.1430281339232459,-0.1036024621376057,-0.0967418039956458,-0.11016659417936499,-0.10683757329577094,-0.14286779054038357,-0.17676501569659794,-0.21409020675067952,-0.21584503835426208,-0.21315759717107494,-0.20107496215349208,-0.20763772500805722,-0.22263316675802985,0.002603644570091803,-0.19009523007641757,-0.1869764449524534,-0.14895288064391746,-0.14757423458649815,-0.15869198810861457,-0.16670683373974135,-0.17906435898306425,-0.1884442782107978,-0.1940641631207338,-0.17755732311386796,-0.14777100170624918,-0.12912005905601337,-0.12201498194062911,-0.12442962959812849,-0.1272335138516484,-0.11569707850856951,-0.12270344228811293,-0.12246536784920542,-0.08017325295141621,-0.10610144366849075,-0.11371604175347509,-0.10636052359823175,-0.13791153458576716,-0.1350547941927087,-0.1261979121823964,-0.10146939751100005,-0.11674697143173769,-0.09941279219722984
stat_339,-0.004535604315884077,-0.1424906797761137,0.10541358019350042,-0.12129759306243285,0.131112567048502,0.15040440734148208,0.1377017691276662,0.13705107403152225,0.1358272595488647,0.13563062271388057,0.13622755777256942,0.13779590675186137,0.13962010271174385,0.1326839479451218,0.12905521065229025,0.12811220825841152,0.1273416434257897,0.12753177155288933,0.13890974256947794,0.1426315961268862,0.153043222242629,0.16936917755803144,0.1669393807952322,0.18129335159075982,0.1968379102362342,0.19698112564835676,0.18239389684110063,0.15956441354735715,0.17173610853396776,0.14677909529628957,0.13555780372167847,0.1346663509765309,0.14121139695953597,0.1386120226193975,0.11243955251721591,0.06457659373256022,0.07534723476787163,0.11009494349047078,0.05986743248595664,0.13048578786414852,0.11224176055733497,0.07904143681664094,0.09959270390499077,0.07963291635678132,0.10767137479598474,0.13924132022007646,0.12031777254309318,0.15767198364137486,0.2040113524194824,0.18250041289681357,0.1865767776350993,0.21830870618639062,0.21799227637088311,0.22606535577047696,0.27026277380042457,0.328804166241274,0.3078562605953883,0.28493017078032956,0.2771325827875919,0.2938864301549868,0.2961119956392505,0.3085937294196048,0.30459175891460233,0.3825552286541488,0.3971357403880243,0.4437209303240157,0.44558152233831183,0.44633818758568744,0.4490597776521047,0.439201321263876,0.41488618767586943,0.441057208047817,0.439695027044868,0.45429842925024033,0.4744367068796678,0.47637977748639054,0.4090248347132719,0.3686565098707204,0.3722478346032664,0.31772962099090823,0.35902016978275825,0.34280726878202916,0.3291312101321991,0.35559142509274816,0.3789571004124814,0.3244114066227549,0.268272812844051,0.2516487108871636,0.26997247504574545,0.038679099276482796,0.30252282748836035,0.3016652345917068,0.26817096366454723,0.19954932113015858,0.1618914013631444,0.13892181203033013,0.12315565278421596,0.11467739402762975,0.10821457563128711,0.05763532419933695,-0.01719476199114903,-0.035661259072368216,-0.002115885354245495,-0.0012927254963982914,-0.005896765047334264,-0.008094084466639314,-0.006054005414194842,-0.006862958060797697,0.022242320034728962,0.054609272998814934,0.03815675016103758,0.021677324856669178,0.04559373728683768,0.06901059951502718,0.07517837767641114,0.08724329385380737,0.043884888303088884,0.03407483698222583
stat_34,-0.28239293894468576,-0.19972576532232536,0.03650931437292607,-0.09666858932935367,-0.173220131181251,-0.10731411543396246,-0.16517018180819032,-0.16599864283259588,-0.1661539222666736,-0.1671980921911114,-0.16911325731787533,-0.16978847432372643,-0.17214392407486656,-0.1741147381535941,-0.17039501673751034,-0.17230301932127204,-0.17346084199162579,-0.17366952969766342,-0.1752979565204826,-0.17765842531409118,-0.17646442868027618,-0.17631181749736488,-0.179391263183996,-0.1777866898333462,-0.180179227088201,-0.1825094289085947,-0.18918313245484775,-0.1767134857102191,-0.16187751559502225,-0.1504630651423477,-0.14195100260295093,-0.14224008393542176,-0.1600540099617749,-0.17266009758149262,-0.1568010187925761,-0.09580401493656245,-0.002950798841624813,0.08076814447565404,0.11448487529632399,0.05545706079634471,-0.023831195717243903,-0.08457172564488113,-0.12039567841535602,-0.14696781239568116,-0.16208368504349588,-0.15806545485555765,-0.16352863045430668,-0.1912613561747635,-0.18567420195430928,-0.17170285357531923,-0.1300472916354231,-0.10339235064557332,-0.10329115184294548,-0.11154847467912803,-0.11352748484682954,-0.11490768923953511,-0.12386176295858492,-0.10908242198887955,-0.10080538797679414,-0.10026353490488649,-0.11378380102068762,-0.12987200258542644,-0.13259579989642534,-0.09355875777740269,-0.08190536459697353,-0.025224007156203692,0.03470594222347377,0.0038042365924913614,0.0009230758773448075,-0.05890940438208466,-0.10002187933095033,-0.09283273665415931,-0.06657218589412357,-0.07552153912064152,-0.09508575960500795,-0.09803998784283056,-0.12108945447994811,-0.1166787130569641,-0.14687423511960285,-0.1398266152995588,-0.19311259152156598,-0.14374856518518506,-0.08828617976879366,-0.03054071949115536,0.0033888094915692827,-0.01989164575671946,-0.0003779830151528798,0.04353776827450608,0.07337267120800546,-0.15396991256022569,0.08522113845042682,0.08943227254172126,0.05699941306898575,0.05057121521797907,0.024696832290562402,0.01862260127270574,0.003155267434418604,-0.006589895050080329,-0.004546068375629237,-0.024477756231778735,-0.021773281395393675,-0.02465315640135093,-0.03715309954210208,-0.03517208912595062,-0.05121801189855043,-0.05720141820376964,-0.06550522190250405,-0.06266525045674123,-0.05638836424997963,-0.05277212394884432,-0.06580939731387425,-0.08708521340630947,-0.09435135429171528,-0.0996724577932953,-0.09912955300068715,-0.1097214948441506,-0.12440440134992624,-0.14091592605312941
stat_342,0.4905575619307562,0.18034464081004914,-0.6063106430838396,-0.31987164581590455,0.32293668456877767,0.4142318828909246,0.10997322533846322,0.1098140979359086,0.1097677865132071,0.10952127751135864,0.10882285467596103,0.10840761443139421,0.10818138209194057,0.10603894770310623,0.10573985755632336,0.10402846839618608,0.10195865472383667,0.10179655405785748,0.09857343928783428,0.09516675787933536,0.09368055837287963,0.09162875585614333,0.0875031265880886,0.08205823667334347,0.07511611457587149,0.06625572151003715,0.055856816385276016,0.044681710994802226,0.032358294968495384,0.021253157065942652,0.005552545853906717,0.004286392127474026,-0.0043602835695216524,-0.01671488074642157,-0.029869225725455133,-0.05358119288433209,-0.0623695405645915,-0.06702960024299744,-0.07454123445439288,-0.07655858750978406,-0.10943885614073108,-0.14145622371388505,-0.11512086508118223,-0.09531151817253149,-0.04588655240458959,-0.006312384094331525,0.003577111217656128,0.012884741961966671,0.07327849148030342,0.1472794053583681,0.19081325392069676,0.18386986157524574,0.1836195865220549,0.1625282561980907,0.12335705741065592,0.11644408167946976,0.15319074309388103,0.21059128034203517,0.2442166230016691,0.24783025789356164,0.253195226459355,0.30298462607970145,0.3466304485635098,0.3597560783123487,0.35792591435794935,0.3231422135419317,0.2889363498471179,0.2996989126266322,0.30283475843702884,0.3430599666326612,0.34952846114561426,0.3286852607055607,0.32183079972192064,0.2722820409633883,0.17238388762823037,0.15907212000880053,0.07060807646431506,0.05571229233439454,0.049970352644911925,0.028533476148224306,0.0310346017833196,0.0422573515717625,0.046568226719775174,0.07742613888042119,0.13657031099595546,0.1686254820830888,0.17907458704841175,0.18485295678729657,0.17040102753939798,0.23486821140804254,0.1609075162027008,0.16111067153821917,0.17046553784530122,0.1811139045542837,0.18390256972756153,0.19085428622709658,0.1811280234437573,0.1758066959091817,0.17564618150026315,0.18675002086939077,0.18343874338696656,0.18577419234514214,0.18932241462182312,0.19036240082483039,0.1760739849721332,0.16088428369206342,0.1621066572289907,0.16353751832200097,0.17693364778365722,0.15452726130130937,0.16239227284192953,0.15467723657216784,0.15634223371587963,0.18959968395127416,0.19355024764389922,0.20296981802953898,0.20161125931615295,0.22007493082192112
stat_344,0.7549982420715445,0.37491740446941446,0.09602022271206435,-0.020180262544011514,0.3332492187071117,0.43619617374730363,0.33944683824616534,0.3389652664577336,0.33786684735277855,0.33700769013069354,0.3369302934028823,0.3341687903797898,0.3300983336809457,0.3264250966740437,0.32604675101143904,0.32357911953724966,0.32146877874082924,0.3222896164315449,0.31858968105926183,0.3161658662259832,0.3141778130104933,0.30798602446579526,0.30358409381308477,0.3016558969849117,0.3019030043860103,0.2980710226565503,0.2936611683826456,0.2853129513946848,0.27451590221236183,0.26524979553086414,0.25825714529262733,0.2568926323766838,0.2539006266941576,0.24723380672671433,0.24238399917909448,0.2363244648682052,0.22398829201208648,0.22296584145657072,0.22271711434302321,0.22581291088629363,0.25448151414649517,0.26066815172299757,0.23742528775481414,0.25318194427226615,0.32128066138222633,0.4122996292490353,0.48611790926761267,0.5143426241548889,0.4806939161636298,0.4741460878144428,0.49590597369358036,0.5217970053562827,0.5242700967546466,0.5872696314033242,0.5916923437625069,0.5094919804424584,0.408823844628975,0.3285964570333229,0.2978365677514158,0.28956359302013673,0.2797933466193883,0.27695915458355613,0.3027285759168109,0.3410569595446836,0.3482684174293523,0.434152687785114,0.546553028814914,0.6713622694893306,0.6796759291397662,0.7739972111493577,0.7771839761147188,0.7462787127133498,0.7076543026608744,0.6314058695642855,0.592781301061359,0.588813929942755,0.5838247121690351,0.573017143103404,0.5230786283335518,0.47776420594688246,0.48162826640902245,0.49438172291354454,0.5291972983693953,0.5913430342615418,0.6298683754789404,0.6707001633010891,0.7300361115906948,0.7765145872682451,0.7744495058035311,0.46784797963849434,0.7720524399340509,0.7714089671029406,0.7629372492168048,0.7824162061379444,0.7857247907399846,0.7880814551878437,0.7575655614682185,0.7221595770597539,0.7093150561767536,0.6705814348857823,0.6469084734966304,0.6228007057801592,0.606317389220373,0.6043730327869137,0.5797863682208435,0.551940160770279,0.5349058142936557,0.5342805940953386,0.5259283062174926,0.5148644544943146,0.5133417173215777,0.5097663662966927,0.511867391898009,0.5072272515917858,0.506133646566649,0.5035724378244105,0.4979659572095525,0.4814578639805809
stat_346,1.1084574939424767,0.6993452879154153,0.5365836085166585,0.24632296257679584,0.5077902092248787,0.33023047928213456,0.5261061741819579,0.5270295760552447,0.5289602586332118,0.5301024069465585,0.5297476260851158,0.5316995899731141,0.5331271484511516,0.5337197538132782,0.5314952261966707,0.5351212866871425,0.5337830548137015,0.5337297735778405,0.5337087762896111,0.538541281670728,0.5523305610547283,0.565433655776303,0.569077289503097,0.5649421644220356,0.5482910529637938,0.5365595815212526,0.5253141592168598,0.5264934766738384,0.5124635431820137,0.5220677404348912,0.5312505091662422,0.5301626964529799,0.5194877952556015,0.5062895644479976,0.49183364218672987,0.4988812759166199,0.5309210370279123,0.5876890767724978,0.607837476019963,0.5666070583779746,0.5412768797185145,0.5474837371242822,0.5755002107557234,0.578978228890165,0.572174374535956,0.5914733011931276,0.6296559718020136,0.648923247771225,0.6641025702872647,0.6740074440577406,0.6826988820456208,0.6482357419791539,0.646747695209697,0.6232138175604767,0.5912532947251362,0.5012085025881726,0.4119133096885163,0.3286825053607135,0.3055684496264537,0.28812288518360163,0.2208934880624616,0.13717973963186056,0.06763410757597586,-0.017206071702483186,-0.029187919909933253,-0.12114292581748624,-0.13666878509408792,-0.14246937555259426,-0.14993114299215685,-0.11051834867547149,-0.08626450371571165,-0.07736497158646717,-0.12020231404760655,-0.16799114530860174,-0.1824668806103978,-0.17761186229363832,-0.16851719683271688,-0.08570895916408586,-0.07134348620456855,-0.03690839254768049,-0.006454687332653247,0.001077789525062893,0.03487963109756723,0.04613780884083488,0.036677976550983434,0.01620301974634003,-0.012704660576385536,-0.08559232926856235,-0.1096881222233777,0.07833505670243902,-0.09548509667662258,-0.09355814817548568,-0.07987509673522154,-0.07868022111711709,-0.0852947587549431,-0.08576638942677028,-0.09246114681774299,-0.09386832150877926,-0.09204966246069826,-0.09957812011776752,-0.08477114775674027,-0.06349197725768282,-0.053104379274230645,-0.05089573088161396,-0.006302277270654441,0.021723297806440032,0.047228071809820804,0.04870519327060378,0.060584711196906775,0.06724484473003405,0.06927908152702231,0.07432220756933734,0.06518724269159977,0.04611584718845001,0.043197999111390495,0.04458560289586068,0.05057211767411058,0.04975654223601399
stat_348,0.5953906940199477,0.3919026176908469,0.22318004530296487,0.2010836787531779,0.2440874720755818,-0.03755510854249923,0.2518667077201983,0.2528528400987048,0.2563203670580866,0.25911880144666205,0.2592340437379908,0.2639491289115448,0.26820150227772144,0.2765104995359754,0.2862037675134895,0.3013510049144984,0.31781884594300563,0.3171028129223056,0.31381184033658055,0.30288942524875134,0.3212748309702766,0.35359633932349893,0.40183997219451056,0.44878406769469065,0.470113226786444,0.515474882505107,0.6092402931287036,0.6690611249614896,0.6645648627365259,0.614551196080561,0.6250032951198078,0.6280302746687911,0.663328932570751,0.7326714970839967,0.7724171192922308,0.7673356121207177,0.8199458818713217,0.76262575700949,0.6589931411721374,0.5424035538885369,0.393158731922546,0.26272822109229477,0.1557271593078305,0.11302366500800382,0.1327685007986148,0.16704611615640938,0.16936240119275517,0.12618282236390344,0.07494701358276609,-0.0012028675360916737,-0.04861452674506615,-0.08437429826130048,-0.08559193785376604,-0.12143816581761707,-0.17739303567797218,-0.22956224566047403,-0.25080889866691836,-0.30540991024308284,-0.34135978874134926,-0.3375901938404167,-0.3610745133298042,-0.3659660197848232,-0.28721428193502224,-0.24655880512856176,-0.2342339409950321,-0.18859264499261386,-0.0944046610602479,-0.04890504852715888,-0.04443570546287986,-0.02457026486145916,0.05307106011679738,0.1200591890482677,0.17173144497384596,0.14124832683975527,0.09554995949813762,0.08944971595711138,0.03767376380477742,0.1485952844280349,0.16264650731078378,0.09669136047732663,-0.06101432252668493,-0.009726083929035003,0.07678173957518378,0.09150249526613051,0.02306265287175904,-0.003059280943381047,-0.016025122457823643,-0.028095884115540707,-0.04505731801803389,-0.085769110528523,-0.03606419012331516,-0.029018021596907036,0.016816362752333353,-0.021306477247029963,-0.01948209182303416,-0.046456571333921094,-0.025147426949312178,-0.018825398752729688,-0.023943091846629797,-0.03775954253459986,-0.060825553463119,-0.06828937569578182,-0.07019872366010796,-0.06251591469411559,-0.0622683089670063,-0.071518936569865,-0.05684595036887825,-0.05327500085469057,-0.022968413599175723,-0.020052719310249413,-0.04067848255788666,-0.03770929760305315,-0.048875492485677505,-0.05430635340637141,-0.054562009848585176,-0.08065833157497955,-0.10505650258011744,-0.10213649333289954
stat_349,-0.7879152353916461,-0.5947087547944313,-0.4357847880916798,-0.2826743255273397,-0.18011911435452818,-0.07691476908566403,-0.17345330250624394,-0.17371543802430253,-0.174120555257853,-0.17532595395111875,-0.17650368062258043,-0.17793073743294505,-0.17780748743141406,-0.17814847788777285,-0.18172964626677238,-0.18403748096431244,-0.18646652160113072,-0.18665036869215376,-0.1890596723189944,-0.1906594242649931,-0.19364193746375472,-0.20085737234482887,-0.2115881092745801,-0.2165567467432543,-0.2256750055718488,-0.23244490117876812,-0.21903726868799037,-0.19180065991420525,-0.15880725560853015,-0.08557107071670565,-0.021147518292690157,-0.021137623100144585,-0.06859265939935673,-0.10614959370301037,-0.19256881963854702,-0.2579819512508824,-0.24621152026623713,-0.23342093505779546,-0.23005319399198543,-0.19181840767865535,-0.17764624659904596,-0.1676158202306112,-0.21015691868499625,-0.19575768310422276,-0.15302927455412374,-0.18192979972362622,-0.21735385316102748,-0.24544212788014133,-0.27495341790606437,-0.3326137875794565,-0.3527066465968522,-0.3416564009840209,-0.3413413346967245,-0.3155595445528882,-0.24699364507788035,-0.18338683457325855,-0.09901086342930397,-0.047860775457372044,-0.030478759724360472,-0.022549139513228143,-0.03193576057786304,-0.08163020476763712,-0.12130629819811967,-0.08693066437806941,-0.08223921949990498,-0.08779512801561568,-0.05080695833911454,-0.027917596932503595,-0.024772942875359052,0.019351965015192627,0.0657942143253305,0.05799859177380932,0.033322080381201644,0.0859893527055825,0.11341287371345928,0.11466188239515913,0.12900004087634115,0.0800158968473184,0.07603824289356277,0.03739343912559941,0.04969380437275161,0.05239783013610479,0.08680619955677883,0.09117233265514402,0.08323911622290787,0.03480074471142468,-0.0049236335617338246,0.01940129968103686,0.03767744662575639,0.13661726012524905,0.08187132747064563,0.08415212208795822,0.12559768780326888,0.1367351319784735,0.15994784777796736,0.16475830067074088,0.17707816497457488,0.16219948134101206,0.1573843800694178,0.15149279995368392,0.15847583208034424,0.16965753522901447,0.1605090791347341,0.1568344796327531,0.1376502539392408,0.0967699414775235,0.07982894133939034,0.07964717929111181,0.07118557976882868,0.050260510132097036,0.05115057954615697,0.06113582413014957,0.04228835711969955,0.04086978244896123,0.04188334542002403,0.03558116169156075,0.0879425221996495,0.11782941158193046
stat_35,-0.6315091615086365,-0.4595099458877408,-0.22093385260724263,-0.1359807078056859,-0.12867702243619156,-0.15182155909314285,-0.11936637810146851,-0.12037912707792044,-0.1193745985396643,-0.1189939612178933,-0.11656612456031326,-0.11486907114313516,-0.11345574035945019,-0.11395168535908622,-0.11393622555508393,-0.11171029670923366,-0.10700652801828195,-0.10634065388957044,-0.09785863461140099,-0.09277703158758034,-0.0843013371131655,-0.07088145386188424,-0.03958661110082193,-0.01566308106030183,-0.014817633665148513,-0.036779434908019305,-0.03938137928358443,-0.043719564176162976,-0.038757207348444137,-0.054939884349358474,-0.04877194001226419,-0.047643782600022985,-0.053970279618423475,-0.0652933183136905,-0.05357796416920452,-0.056497529745046744,-0.046329082329277155,-0.042177888061563445,-0.014548534053955193,0.015619820960926555,0.012608633478902044,0.014604782917371318,-0.033311478509727294,-0.06710615579328283,-0.05171054773611415,-0.017546102626070398,-0.02513474448908154,-0.08329404543243804,-0.12794695753319194,-0.1337235722478773,-0.15347976046397177,-0.16007352042836073,-0.16072963039096358,-0.1445420528232962,-0.14089394514032003,-0.12677669946516074,-0.13206783921490944,-0.1722576291154532,-0.23797540036207496,-0.2668797471659401,-0.33212707589507173,-0.3117606048546623,-0.2846608182356529,-0.2492836375773902,-0.24869354876445018,-0.27907729425139455,-0.27354704877482583,-0.24834711156023292,-0.2465978580586042,-0.2364281913164452,-0.25219065932099344,-0.2676673033261141,-0.27587833571652143,-0.29498657192934563,-0.3382959924037265,-0.3474215765705547,-0.3640491301310713,-0.3432902667914913,-0.3347704977269431,-0.3066413219368049,-0.2324869385575541,-0.24391677624511496,-0.27385021156458067,-0.3080323230751721,-0.3026834518854138,-0.2447450433321154,-0.15165284194783435,-0.0726042455263076,-0.04397301132025209,0.11607281785218924,-0.06812154905856439,-0.0705575456840227,-0.10933985756306187,-0.06096381743488439,-0.014714917357634876,0.037694066575245745,0.05454495259263329,0.06209028536438622,0.06455368284912635,0.04453894942881739,0.05540403354859883,0.08967641987057376,0.14338942955876102,0.1513360967308357,0.19693380794291399,0.2042415452472885,0.16306355517094087,0.15775218460831555,0.12160390713127023,0.08886076151853162,0.04811699209373891,0.029730498904708583,0.021928365506387562,-0.005366313216611786,-0.0042464636468406225,0.0011138856992673862,0.043286241991308524,0.087377194497743
stat_353,1.9823227177413205,1.0068938521540367,0.14004880848499,-0.12781347215024055,0.9088405457825447,0.9257918664397985,0.6914870667540755,0.6909290775934799,0.6908254959290032,0.6897625050381568,0.6895098759511176,0.6901810631569395,0.6899266434925532,0.6905525772181011,0.6908482728926654,0.6919165224122573,0.6951463569038866,0.6952213567418081,0.6947794133508657,0.695276347825958,0.6963938939789474,0.6998005116018369,0.7006412550314344,0.7016860653235616,0.6999204224309771,0.6951418505806513,0.6918170078875293,0.6871941713632583,0.6831517793003984,0.6888895109630414,0.6942052388661799,0.6949059998484018,0.6933180041053174,0.6767315818089806,0.6621641261005278,0.6578717909345954,0.6555609793197055,0.6623298182657512,0.6557194568143945,0.6804726530878539,0.6823880602720706,0.7308772780813073,0.6894445125098994,0.6454052963368097,0.6240503011047309,0.6195033692121256,0.6082619511174309,0.5758942046575833,0.574370274687107,0.5970510896046736,0.5820445855299926,0.6105570781539574,0.613253105534979,0.6193025989581475,0.6300741502326048,0.6650769528664768,0.7386664960245563,0.8667140014226242,0.9245361597334213,0.9221088771498053,0.9262694124652193,0.9311981241247304,0.8822736022186785,0.8656991257667149,0.8762679811068413,0.9319258663750069,0.9702069809187188,0.9677145856782092,0.9655370537922605,0.9465421998348238,0.9301844181097423,0.8577126129660668,0.7818646841840726,0.7456660976674979,0.8343880034618049,0.8509918422750169,0.9314856254932509,0.9581401935978767,0.9429351274267164,0.9950152312398168,1.032228821318762,1.0986293089249992,1.1145239692390938,1.0557356871338495,0.997172546940257,0.9771378908255778,1.0017394888805926,1.0232155657750268,1.0706359129886847,0.702017620110315,1.0737778428860056,1.0729733570117306,1.0304354773351552,0.9930115744990607,0.9606127732536782,0.9454653474100657,0.9328501407193922,0.9241361953030316,0.9204665196304248,0.8961889595195882,0.8527384304526537,0.8245860598257345,0.8056890856681164,0.8028625470794011,0.7619648695710416,0.7592453319518662,0.7571574252089778,0.7563454256623954,0.7606189717872897,0.7441197990701383,0.7268005956777059,0.7498492749933671,0.7453286595245334,0.7304950368428761,0.7259378036784054,0.7024975684075441,0.7286153733497134,0.7033660425558241
stat_355,-0.3852305730274356,0.11087237882868983,0.6409175007918932,0.7045148284608004,-0.5105522727389986,-0.24359889031496512,-0.4933833602179612,-0.49347350522987427,-0.49373212697557634,-0.4926691641292476,-0.49430132813277694,-0.4957824687462751,-0.496518014066965,-0.49637388343225497,-0.493567486645879,-0.48991674179208644,-0.4859008221058307,-0.486022122968462,-0.48480694158483,-0.4899982749018651,-0.48749940085470184,-0.4806980837290529,-0.4631792280035715,-0.44392127497335554,-0.435076718118859,-0.42408051514741435,-0.44426922577333583,-0.46091291129489986,-0.47091872183737166,-0.48335404578282615,-0.4996933463318927,-0.502115519968576,-0.5258892360090875,-0.5157752904613259,-0.5013721254968578,-0.479801975867118,-0.45879515864253706,-0.44728481779795776,-0.4715226760232978,-0.5136863833216565,-0.5669297529163945,-0.6036845222196839,-0.5957983714688473,-0.5538264782002189,-0.5313397860771186,-0.5528574371999033,-0.5296676852739048,-0.4692341712644269,-0.4648467537474778,-0.5139278825894895,-0.5431612409531785,-0.58462475900826,-0.5889963294247321,-0.6283334648829115,-0.6148069310639049,-0.5610098551828405,-0.41541403921682785,-0.3161605289319088,-0.30704222425190447,-0.31505914224301873,-0.38246302574181124,-0.43336557206474957,-0.3918132276687887,-0.33785596987229216,-0.33554642352609976,-0.3495238548467861,-0.3514443161196182,-0.364723630659585,-0.3638077325059699,-0.3353868251207906,-0.3405829520250787,-0.24434740389761364,-0.11341698674186255,0.028616283743145166,0.1083255277281591,0.11899506825827397,0.22464544674003412,0.35386088836333446,0.3897834700901673,0.47660023180206074,0.6408164363026876,0.8310937582506713,0.9379714488812696,0.7958122621552126,0.6103394527378511,0.4869010649022469,0.3992612264444403,0.3389344310017213,0.31838356825995956,0.10108276221241466,0.28578964634272214,0.28548363155187356,0.2659073071667547,0.25982024361388234,0.2620925489212671,0.243743949851817,0.22301063617232383,0.20023866285617162,0.1918754204577305,0.17258319102169167,0.1675476698145391,0.16687348010875477,0.16576594095264818,0.1653483114772534,0.16108324332709442,0.1527408095432859,0.15754439207477874,0.15831286917601903,0.15708610259984732,0.1484200168835599,0.13659887492864034,0.12210918501987844,0.12311106319110436,0.11376697791741996,0.110954129380867,0.10470694149132272,0.09438459758505367,0.09423783043849464
stat_356,-0.23612958916417146,-0.2291587451006395,-0.19285436950782958,-0.14417232198024418,-0.03846766037803233,-0.1669596580444751,-0.022345285998834386,-0.022010935494831962,-0.0220038418611718,-0.021926515764406133,-0.021881083358098553,-0.02276840997886271,-0.02480840621958386,-0.027086490813187283,-0.026040027500359473,-0.027158990774779304,-0.03050541184382307,-0.030580322445752088,-0.029584204870467284,-0.029849784720501434,-0.03165645344789407,-0.03343314403671953,-0.032458702590946936,-0.02878895759523015,-0.02497376127875175,-0.019982949961214174,-0.011739637687862648,0.0021324874860436725,0.010864507400618138,0.023897369899519415,0.04861623721313084,0.049815736675475134,0.06955177113200263,0.09777447206797873,0.14857065077565412,0.18019398909366327,0.19725863293721438,0.20700751501436548,0.22102310982438048,0.2051075170874701,0.1981799958921458,0.18212852631870322,0.1660606557966045,0.12257533057411796,0.08297979345137342,0.04463632397269441,0.02268642759288393,-0.015503357404951413,-0.02968269633005158,-0.06280240834456328,-0.12124276320007835,-0.16124716177772705,-0.16302839671443606,-0.1670388560747625,-0.18073860856792717,-0.1970290399503639,-0.18750767184585995,-0.19250239746181314,-0.20997410794551224,-0.22222320334983134,-0.25665444068586496,-0.2750943893419989,-0.2718904732990861,-0.2684212842452119,-0.269104064829663,-0.25861076836585517,-0.2407694642218218,-0.2126721270050955,-0.21062138378963102,-0.2113804175527163,-0.2254649795040019,-0.24011632159405213,-0.24887113720820161,-0.24016099423829826,-0.23747889815140974,-0.23716175662531805,-0.23027160143979036,-0.23413643818918706,-0.2461470456795163,-0.27359166771772875,-0.2995402979940775,-0.3453526825250657,-0.4244695656747469,-0.4938842607448486,-0.540102554476124,-0.543927641637428,-0.5304820738627174,-0.4972519349621665,-0.4496226595959379,-0.34243062195641105,-0.4085425545733926,-0.40516924562554785,-0.36046670538479725,-0.3205011159107797,-0.27599926256244095,-0.25313367510221907,-0.252817316249627,-0.25300841798760226,-0.25321322250854567,-0.26270142037371064,-0.26419634032140693,-0.2626884517451578,-0.2603958110576736,-0.26052680545348633,-0.2699164744159121,-0.2808555080042229,-0.27957676811666193,-0.2791697009305224,-0.27970343048890683,-0.2874696415651415,-0.2936624312388345,-0.3025064592416196,-0.31115004418889003,-0.32102771091280896,-0.32268785164410624,-0.3319318299667026,-0.33106724119278735,-0.3339569630213665
stat_357,-0.06414310461782549,0.09514126219885453,0.21063557129911872,0.35337457834085506,-0.008420956086209805,0.1076527610649961,0.0005224732207518996,0.00012124030758722144,-0.00038899539330209716,-0.0006974502675927651,-0.0014251099387688033,-0.0024220676738094193,-0.003511698176889468,-0.00476477202707862,-0.008505426865696192,-0.01226328412775757,-0.019703222020337093,-0.020159347931280568,-0.024016205148669836,-0.027568747680900414,-0.031950837570498665,-0.03238052262376543,-0.0335582139575759,-0.020672423400146477,-0.0022563928110292688,0.01486631380749946,0.018812647897799,0.0345793005776825,-0.010792528909202178,-0.043008128847756094,-0.049503142666761965,-0.04932442876712762,-0.042302698400690855,-0.03902986123597131,-0.028248201435257136,-0.03835974163799972,-0.052974277930795205,-0.02971437444003421,-0.06241953776442085,-0.06681879844925731,-0.11639570991250214,-0.14082311744171538,-0.15061697512286282,-0.17151101932060514,-0.1532456379951426,-0.13197563815212404,-0.11121681690265131,-0.07156205784813655,-0.050162621624681686,0.028174059728075036,0.06442339824780655,0.05798973943973585,0.05751443527732528,0.026906412932702208,0.011442040678334778,0.041934154655306734,0.0657260674310455,0.07671506720117444,0.1031508620364809,0.1291125257951893,0.19222073750985713,0.20031272091905503,0.21933505175938392,0.26223769392784585,0.26857793931455826,0.3089865382272383,0.3070663704673528,0.3050570977184907,0.3038338360647969,0.256588810529026,0.21132173633430376,0.13618009166601283,0.09830733739152261,0.037671201023772534,-0.0207235754419711,-0.03164267037926358,-0.08473608967142499,-0.09658056906144821,-0.12452736338429464,-0.1258975420093814,-0.19534182792050578,-0.14114074262951487,-0.11494498883951092,-0.07934103769228334,-0.055739634346413394,-0.029797234028496374,0.004521028344114598,0.009361042922829126,0.005874821260559953,-0.058278776021138325,0.01908767820464155,0.024506023010663708,0.0333908571245368,0.03353392632286724,0.013350184481402131,0.010793894079966306,0.02552391548110173,0.051390721467258,0.06424098280059505,0.061820631400214696,0.04022065786096654,0.020944834310006804,0.019031716747444995,0.022686687833511465,0.011078002021310976,0.013073924695669032,-0.0024742441162880977,-0.001269336737515052,-0.00210728561035634,0.004492156150931994,-0.004148380648544024,-0.00543862949986577,-0.015574372470558845,0.006829784858559693,0.007708026378450966,-0.011458627306147948,-0.023869709055814054,-0.04026364871572788
stat_358,0.29794483867884597,0.14240790677497386,0.31993736664139794,0.08728709438633214,0.15366605355227186,0.17847427790538523,0.1694782430200941,0.16912308724011413,0.16865626494566177,0.1667670364615291,0.16698128402312656,0.16413811183074736,0.15851136553560907,0.15559223838392802,0.15840916715869904,0.15817592720455223,0.15426280806175344,0.15419173388114918,0.15454369536189078,0.14940033038043438,0.14703017819961053,0.14207027347231926,0.13712091750238908,0.13851331093839797,0.1341105066967048,0.1188024162698061,0.1155786413201193,0.1064401889024623,0.09835305437394247,0.08363354016958166,0.10120823411473763,0.10338593392424206,0.1520629900013559,0.23431724564461104,0.2501268664126976,0.17258409405776054,0.09926402672175913,0.09985424507841903,0.09498052146355157,0.13236410220877207,0.16930132541994083,0.20002355542140007,0.18279833395832684,0.16082994624556157,0.17695763070644496,0.21289412136468153,0.2334282083240176,0.2826327440788068,0.2910128520635242,0.28334922897061493,0.31930633533152475,0.34352274031407315,0.34583915578283636,0.33970989911574434,0.313979076187549,0.3248888195390774,0.31362429323282964,0.3081568448162223,0.2893687924501263,0.277687729832645,0.2844482843924105,0.2978125679382348,0.25473022448432336,0.23749342860009479,0.234668099335544,0.20802060921487206,0.18152290856125788,0.17770187402093282,0.17439342159405957,0.17347901425847573,0.1252602920056286,0.0744875864519858,0.045770424772368305,0.04261780211694648,0.05268416311415035,0.055241863354752396,0.0490525297552437,0.047318825788225216,0.03679369815848049,0.0470264067039077,0.07676133883796774,0.07124586990091604,0.09746969363134339,0.14587715014645355,0.18966569080028908,0.248941475083121,0.2577397564123991,0.23807492584486586,0.19367391905482487,-0.04944312021256281,0.13662097804973425,0.13403757371860736,0.11023050206297078,0.08433867402614711,0.05932575393796301,0.04656305934874708,0.04263189133115025,0.03405881671473945,0.030954343159602035,0.005653814340143692,-0.006545966870855153,-0.008190566298671155,-0.007275303280899201,-0.007348058287786139,-0.013292870015144308,-0.016820443604855958,-0.007433130490609894,-0.0066071268206028605,0.0010211632778853606,0.0016739872614546134,0.0013477170975719182,0.008995421434605215,0.0058654240907583515,-0.014314240954499798,-0.015648915327408138,-0.020086252767572657,-0.02326647758495126,-0.029805794095812015
stat_359,-0.7590663466814237,-0.353692177362065,0.028035703793028242,0.07566116782203032,-0.47146521718635953,-0.27022132028125967,-0.4558440593340731,-0.4562630257266315,-0.456700510544068,-0.4575172797795818,-0.45767143576179353,-0.45883374195573845,-0.4609258203600043,-0.46303831175468774,-0.4640428458545331,-0.4676971097499701,-0.473497389296131,-0.47370883831576593,-0.4759236725927188,-0.4803578542342173,-0.48392354658755715,-0.4903347495572047,-0.4957870273342142,-0.4996984733998837,-0.5045917021653215,-0.5113276896935425,-0.5163481286759161,-0.5249036298962787,-0.5358140125367549,-0.5543173862180247,-0.5708632215160588,-0.5717910746661293,-0.5822072716803944,-0.5981682467074897,-0.5990760596854388,-0.6041367483324477,-0.6053079249966375,-0.6306103347432226,-0.6354985925374783,-0.6293177032630507,-0.6027461681447456,-0.5769231397564409,-0.5454880851028295,-0.5671373384609397,-0.560451191515195,-0.557367538163561,-0.5409802389123433,-0.5226093671777604,-0.48535640180312284,-0.4754773504212402,-0.43313709516751286,-0.3591469478818735,-0.3531271477949998,-0.2957841747144838,-0.25656494383840933,-0.22312250579077808,-0.19654355569268656,-0.19124333602641597,-0.19770486407747337,-0.19769597058023014,-0.20415909786111422,-0.16294768238263835,-0.18305982177245492,-0.13387193859381408,-0.12659680263390044,-0.08162020458757327,-0.03961243419156043,-0.056233600025532536,-0.0576083474878241,-0.0775760569998318,-0.07720491375667807,-0.10205572676827865,-0.15573902307630508,-0.17358596404908627,-0.1685668215159867,-0.16622237973122964,-0.13843075837356728,-0.11184974127660569,-0.08976652748907774,-0.042438846900503674,0.02640939778779041,0.04759748266969066,0.09123559548823267,0.143894576190803,0.1767002169318729,0.17199502803147998,0.1530220713662218,0.1498498712411882,0.11865579611010149,-0.1494014119663492,0.08217321795676781,0.07896619162315584,0.027939176778418836,-0.014092016567905654,-0.04723732781817785,-0.05727998531268311,-0.06447760844905724,-0.07667665613037304,-0.08264691251493922,-0.10292355581173226,-0.11568486917472229,-0.11899184025040752,-0.12667568412158256,-0.12755575735179356,-0.13332218017835115,-0.13816268378197608,-0.1346815817352022,-0.13461427994920483,-0.1319454346211889,-0.13707619177564423,-0.13345851088425098,-0.12410700432920523,-0.12903874080640435,-0.13973007294644604,-0.14011723333371548,-0.13612647758020052,-0.1269812458044684,-0.134472565943236
stat_36,-0.7940831933553505,-0.3231913523150515,0.003695534724220498,0.08990141594815104,-0.32529563594280964,-0.18720050758765644,-0.3098679109176108,-0.3098145522963055,-0.3102371743262091,-0.31024069923233033,-0.3104786831271457,-0.3116705892238853,-0.31202220479276294,-0.3132338542435623,-0.31675959269546167,-0.31883700580290636,-0.3215133617796182,-0.32176066626856475,-0.32526607158016,-0.32705042539765355,-0.32775799365314884,-0.33151422543259546,-0.3305212172197083,-0.3373191896362467,-0.352118697395388,-0.3541199358806342,-0.3667980032842788,-0.39495881088026275,-0.41776332432061414,-0.42125037099535284,-0.43152573445077036,-0.43176634050789375,-0.4394965975949614,-0.4580474014987537,-0.4659040117856642,-0.47817261343687983,-0.4722350328471837,-0.45114260823860475,-0.4725877150768446,-0.5054733249447285,-0.49739474902619696,-0.40375725758614783,-0.43876347068969257,-0.45649916931048534,-0.455171811655051,-0.4709968065647807,-0.4340133804200152,-0.35471951092545934,-0.2781586594695844,-0.2626760925860531,-0.2606384483816666,-0.31123713975633877,-0.314407748369243,-0.3657569170252213,-0.3792698201826418,-0.3213263820863096,-0.26877662609029385,-0.26940619314095826,-0.2819439464062041,-0.2754361433445272,-0.256324350731762,-0.17168075567556065,-0.12756962569905228,-0.08121632142910218,-0.06933718086209555,0.020564259363028557,0.02357932339000417,-0.002670045263184602,-0.006437000646840242,-0.04069923242032344,-0.05406591729296681,-0.04145501724607728,-0.08897380521914292,-0.0594803201206599,-0.05882484582584089,-0.06216855147741679,-0.057443420265413984,-0.019301257640544904,0.0275942314529054,-0.010544027545489111,-0.014625226808555028,-0.005995200306157689,0.03222293754551022,0.006554930199083354,0.02764072541399711,0.028455240614475515,-0.009907784191357778,-0.037742781974673366,-0.08843905674683152,0.013351261313606779,-0.07601263424336266,-0.07402057624888388,-0.0755586590583829,-0.035643227287997674,-0.046145191813058144,-0.08817808702846014,-0.07689597961693159,-0.07895969065029734,-0.07903122778573542,-0.09554715097122281,-0.07963623679941115,-0.07828682148395809,-0.08285527775097525,-0.08035784425736267,-0.06893546169832333,-0.04773608758002007,-0.0684444225185249,-0.0715452378903708,-0.07585104359253832,-0.08354976272745657,-0.07635043398008409,-0.09891245635105472,-0.09426658003398772,-0.06523225065478529,-0.05358113023525182,-0.021037297626481457,-0.015102761091426303,0.006122539346321251
stat_361,-0.32662756854723163,0.11918426102693577,0.5759430819259086,0.5191323812431319,-0.4524424509346244,-0.20470279404883648,-0.44297339222464527,-0.44260143249109996,-0.4426811669543665,-0.4433992874920951,-0.44413577009460753,-0.44700306319833516,-0.44838680831964084,-0.44745360694041453,-0.4513470391112374,-0.4527333654753317,-0.45599878870725563,-0.45619812130891974,-0.4604700025642825,-0.4660954703330057,-0.472680495702289,-0.4804152729078342,-0.49172276910180723,-0.499205949759834,-0.4991058164680534,-0.5014434443196186,-0.5155882713531889,-0.5222515607053474,-0.5332925922711055,-0.5530831831836737,-0.5564007046439513,-0.5558014553215975,-0.5839172657129474,-0.5796873680397403,-0.532269473315738,-0.5811622486345844,-0.5782387928509706,-0.5588696763307133,-0.5672862984407597,-0.5319357982759437,-0.5326618205307632,-0.5189752745539582,-0.505368593207213,-0.5209768025078095,-0.5207863973398404,-0.46307322203084605,-0.3873958344074073,-0.4828185881808469,-0.5065019566179586,-0.44975114104519254,-0.4343937205549052,-0.4370667465346626,-0.43858225177437804,-0.4334455647118558,-0.4525229382765305,-0.3988388623520804,-0.33030635270264097,-0.27341394436236893,-0.23543490592114283,-0.24292520020885325,-0.2611671279282361,-0.351248584842713,-0.3868090463384619,-0.3186068538200194,-0.30800658835957734,-0.2929149627770926,-0.31813257390721433,-0.2940658582210865,-0.29756880237575734,-0.20972554196627682,-0.17308004536850666,-0.1725396072400681,-0.14811941247645496,-0.03532159416005118,-0.004910693468032546,0.0003194545543913332,0.03033402876149335,0.1417478628199752,0.20863908933202896,0.22864531333159127,0.16668409942072834,0.1480365889254488,0.11353517684897134,0.0686069830554401,0.020108178669457126,0.015533267356500785,0.06580565601812995,-0.0021383908507261145,-0.06507002338213265,-0.10245592132488823,-0.034315316688564745,-0.030726092441208563,-0.05633629233694165,-0.031225632745500963,-0.006500729452702636,-0.02383794756968171,-0.03403535279704222,-0.061213402804913844,-0.05611851564226475,-0.04538195052327263,-0.06172469472988924,-0.04500613188134826,-0.05666802909502241,-0.06388067622140851,-0.10463919900153028,-0.10421763552045256,-0.09863709097028146,-0.09713428650442711,-0.11767392042153432,-0.11398976904326309,-0.09906675683815375,-0.07728124297581286,-0.07497842079717443,-0.07076865520464706,-0.07409426691008024,-0.09412380696611643,-0.09492514081143907,-0.11328099616521738
stat_362,1.1259907631313388,0.3818028356072129,-0.5632562147444329,-0.54286557920684,0.7903537145296836,0.2270158697963597,0.7999305651870517,0.8005166454198428,0.8000381928009441,0.7975444562967476,0.7967511568728423,0.7965290416125196,0.7964549133015405,0.8015491283777401,0.8101744341419117,0.8178016415744895,0.8226051107628387,0.8230549133634176,0.8172389779628824,0.8419150725591189,0.8714534757478751,0.8674765837112647,0.9009948743425158,0.9439948143647093,0.968846699024745,1.0175888961220032,1.0331180697206837,1.040924762846654,1.134812652252493,1.1725406675576662,1.2058988202375829,1.2079269687278351,1.2707514971631588,1.2927427430217027,1.307006802201943,1.2399551465075136,1.181974951619102,1.271479227942266,1.3902508470704038,1.4232872743307525,1.3727723578733884,1.2583763368889926,1.2300684053525677,1.1541608716692915,1.084009871537096,1.0130584601331976,0.9845282233396316,0.9095829839904934,0.846675906011142,0.7725084784242295,0.6225044856135034,0.5518030568087688,0.5449436399780628,0.44192201482271765,0.3481175613384789,0.22296921078889811,0.10463955506386688,0.018203477232339418,-0.023338944156212633,-0.03677637898875041,-0.11755328366039393,-0.18854532732810886,-0.23583945059850503,-0.2290529294791443,-0.22721114567060302,-0.20909002699820392,-0.27588625641993797,-0.37198668808845065,-0.3769364721822078,-0.3543534876009515,-0.3415435719100313,-0.34764939148703716,-0.39857692727064487,-0.39470641318969407,-0.4122959341168063,-0.41945005550090064,-0.4537795769381284,-0.4926520902690428,-0.42518912183353286,-0.33110303916697686,-0.29928235805826414,-0.29272088484181813,-0.24633542893675076,-0.23786783054213786,-0.21819132590367554,-0.17352265681877335,-0.19597291911511164,-0.20879211004522633,-0.23001252720047013,-0.12124318012395177,-0.23545267385079055,-0.23917273446866505,-0.2081321609903594,-0.19612140637539643,-0.1857180615716142,-0.18462517850665106,-0.18533032287473963,-0.21450964488244392,-0.23557609828355972,-0.2323900910825917,-0.24268325804689686,-0.2600301545929492,-0.27549333503300627,-0.28002000439547414,-0.2307308708743662,-0.20124555101336566,-0.13709279020504628,-0.134796752286982,-0.11331464785241581,-0.09948354516988335,-0.07077771717654925,-0.04309579671386704,-0.04151903954056843,-0.046169546335007416,-0.04260939925181116,-0.04850830634886343,-0.06063595241507471,-0.08500977631847571
stat_363,-0.2404466784389142,-0.10126816342358634,0.003650119449896235,-0.00276683755020778,-0.10331403351650685,-0.2749296443981418,-0.09191845816536974,-0.09239736997169445,-0.08987840010224002,-0.0889619235048043,-0.0908152550532472,-0.0897349710159154,-0.08491178395237096,-0.08046792685215381,-0.08081497148852113,-0.07271627000545888,-0.06826857416775037,-0.06878084028096598,-0.06802822780646359,-0.047735420735771084,-0.058154047664046304,-0.030889187805907742,0.012959747684416881,0.017927619224300105,0.05225636413195211,0.10202168418483916,0.11671397713194744,0.12790794670415548,0.1295823575958544,0.14263136109298846,0.13618736977988277,0.13561612379126642,0.14596978546711772,0.1986751335774992,0.18028121629353436,0.2030945087856188,0.26068553079476786,0.24949738143065855,0.2693244933930091,0.27754079249478747,0.19405659666562275,0.123257865538292,0.07711761870253817,0.025012266656936604,-0.012484165504752863,-0.021864487023901327,-0.04141444351430287,-0.03843050316422973,-0.03107744326110025,-0.051957602305475824,-0.06720499470289491,-0.0707054450712461,-0.07441009567094482,-0.13476309629117308,-0.18287090385750193,-0.23227368055130893,-0.227585674904673,-0.23553401919621175,-0.2262439570906616,-0.22898694442112597,-0.24418379193389328,-0.254489948187759,-0.1945657861306677,-0.11127963750875045,-0.10102896611903589,-0.09577912990116295,-0.17138600603153567,-0.21855475953030282,-0.22168326751552817,-0.26083204964703993,-0.296188294133363,-0.2733344572296334,-0.2419115395482009,-0.2763160906193471,-0.3546986475028931,-0.3645506579775907,-0.44185756191998704,-0.4042526171729187,-0.42441770719051153,-0.4861424933057473,-0.5811589123944852,-0.590966644639541,-0.48005477380391676,-0.3388723344824638,-0.22415817489714424,-0.03828773628409048,0.07436388146282105,0.15914573567371337,0.19023035117089987,-0.10382797939952905,0.17649294267336946,0.1864610171547547,0.2924687522435605,0.27303126586667065,0.21555186582282962,0.15652025928987628,0.09260783465988037,0.052576828811267524,0.0456345678734996,-0.007016222390058662,-0.053320280001424844,-0.11634852029783178,-0.13782467955681157,-0.1372117086890593,-0.1310277438356205,-0.1298513238115382,-0.10895741117065,-0.10739189880876433,-0.1048858478261748,-0.10453875449450975,-0.09059220898192764,-0.07056540777490042,-0.0868314553290714,-0.06996358250658231,-0.06465441492516781,-0.07478318160186428,-0.08689156573265827,-0.10351397299632739
stat_366,-0.21597311899308533,-0.19959785107343855,-0.3110821891416404,-0.1654344040604404,0.07296470035906125,0.00019119658501972017,0.07885833474494318,0.07792630992650809,0.07827702057872546,0.07655008639278113,0.07409461872431164,0.07726580414362562,0.07552885380526751,0.0775309712042172,0.07833458150729194,0.07599340944303953,0.08400306833246211,0.08497532420520139,0.08278049886477734,0.08489042505760083,0.09540538828251847,0.13503355450940108,0.126284258804183,0.13015735447117097,0.11232379184045448,0.08631899958516127,0.10206892548908154,0.0863630359873817,0.06822529014203393,0.04622868494796178,0.022449841634040704,0.020858938469666747,0.0025820769165885264,-0.025491635357120263,-0.004295788098462872,-0.03389398572016144,-0.03735089856460786,-0.0372864745362525,-0.0134321809684823,0.024566056846015653,0.0648357912116994,0.07332516823985274,0.05264625836562591,0.01723081355897736,-0.013143236102541428,-0.01985613934881995,0.0015683276466805789,-0.05039701680327323,-0.082968965837606,-0.09312517756330693,-0.06756521312057392,-0.052114787723298965,-0.05394348736018706,-0.06013669116577968,-0.0746910818399342,-0.0720608761969361,-0.06630064120399917,-0.06099412983832649,-0.060337309889187084,-0.06279914481566913,-0.04550285528623463,0.037456491921659237,0.15122849286447185,0.17797743879146366,0.17556696449842207,0.1796976187413835,0.12740124010851203,0.10861987091038357,0.10928344480638764,0.11636243799321214,0.09427001688639007,0.022156007500028937,-0.004950195964923148,-0.005129037778007865,-0.003931232367992513,-0.00465635874729064,-0.024617615498176034,-0.0065236755786964645,0.009917277599403288,-0.029533086049546887,-0.01845187624482055,-0.006590205466987238,0.005253323807102848,-0.029763787382375215,-0.0093867102137145,0.001083569582325888,-0.03945627504840669,-0.040500882194941856,-0.007266008841932334,0.40282424299062874,0.031772444507667176,0.035566945627407,0.10489461778085699,0.1606218048350271,0.17783555555023509,0.15266243175166463,0.09621686840389415,0.07670649340074312,0.07692523622547695,0.1143808182520595,0.13307416042720915,0.14437815473256374,0.15599929618788105,0.15668910391447344,0.1612292565768557,0.17990383821783906,0.18476017719615317,0.18414883953015135,0.18485803210438367,0.23559334461214146,0.2809153782417429,0.2789539683927731,0.3149822032746321,0.32011690985627983,0.3213566411912925,0.3608310569865969,0.37838046573893397,0.3881773844803804
stat_367,-0.8062454824774359,-0.45104574038002054,-0.05952121272897818,0.034857828006566914,-0.32401388551623445,-0.2351198993173303,-0.31709752239053474,-0.31714033967586314,-0.31746715930527036,-0.31664678585671774,-0.31556635494279406,-0.3157252806086365,-0.31444633444517295,-0.31836292204950034,-0.31973180279531704,-0.3227731899197054,-0.32397285692062633,-0.32406036989630954,-0.32502837952189356,-0.32778825865271016,-0.3306139272625782,-0.33720834257717996,-0.341734331581641,-0.33525463443633535,-0.3274040986905787,-0.32308876156095695,-0.3248206516237024,-0.3394928523386077,-0.34072104249658774,-0.33644298769398057,-0.3253023708641762,-0.3232351468867462,-0.3169887863588436,-0.32020830100522246,-0.31865372837498984,-0.34788381495623366,-0.37896188085762506,-0.36595203982913865,-0.3601193680922715,-0.33994229229362,-0.34408954585236384,-0.36121474091898187,-0.30638496559779593,-0.31298571400852376,-0.343134490830236,-0.34817783514653416,-0.30694320166621125,-0.300738044745698,-0.3589766336537731,-0.40222018696204603,-0.45577133898862726,-0.49122357641718534,-0.4915532623535746,-0.49054478820099157,-0.4600082070885472,-0.41762581758953254,-0.32755698884805257,-0.31575888246853295,-0.31634521006390437,-0.3111643253198881,-0.261977867250909,-0.20298669285619866,-0.13153029218959328,-0.1747028101448787,-0.17791978382483334,-0.1563097853009998,-0.1309763403144725,-0.16252614980528826,-0.16444200573775927,-0.16376863787870033,-0.11503132839467571,-0.13239746958320633,-0.08407289133591869,-0.0894722328946553,-0.09433711722862528,-0.1001031743458123,-0.1227510082839164,-0.14741820737487418,-0.25997683143463923,-0.33384060009952093,-0.3258221586504191,-0.319489515209067,-0.325356797878144,-0.33030978895002117,-0.34143191637412645,-0.3403762370741391,-0.3164018444234538,-0.303956463711052,-0.2889424320520685,-0.14854560105838593,-0.3013523729595934,-0.3031979721793019,-0.30818847958962875,-0.30062320165496426,-0.27002996682420255,-0.24715830299716127,-0.23231751388478394,-0.24687919257932245,-0.254559770296439,-0.26186939427206896,-0.23699705048863814,-0.20911984003663436,-0.1858367982879214,-0.18511674244381457,-0.18338926654883242,-0.17502294086926368,-0.16553693097126926,-0.16507032925158924,-0.19208089323278357,-0.19354524075147245,-0.14660384519880287,-0.12228357277175646,-0.10850368358423067,-0.10887823239740463,-0.11017256226313873,-0.12741206719101605,-0.12492099268716934,-0.1329004231063611
stat_369,-0.5466416985189627,-0.20086259186894595,0.29094197789881704,0.2071624727658424,-0.46530487498159884,-0.29175106590631855,-0.4473608140582361,-0.4474395086708907,-0.44777968648228844,-0.4473544935281676,-0.4467282821612598,-0.44591301123941546,-0.44536074222072336,-0.44836340620218984,-0.4519944105517684,-0.45518653847005847,-0.4595983592053741,-0.4597483897793943,-0.4607779577184654,-0.46333973071291695,-0.46617359275953324,-0.4693506020672558,-0.4725500503740235,-0.4748035250455652,-0.4744600375060918,-0.4763170631118039,-0.4752221958738178,-0.46970622024567626,-0.48125496338936213,-0.4934387363299594,-0.49222142159076776,-0.49192884383204133,-0.4884911241596802,-0.4810783803818477,-0.4801315996587468,-0.474961900531505,-0.4718962169153408,-0.45428523484907035,-0.42793188897413276,-0.41551171878810306,-0.39398948883328005,-0.3613880838571473,-0.28076304270054175,-0.21937931753251336,-0.22603530928941826,-0.2641412508493075,-0.34390790456988407,-0.42340303188180345,-0.45608149325676034,-0.45738568612431196,-0.4502639354280235,-0.437667873803877,-0.4357546066581279,-0.4298388990661246,-0.403111875342677,-0.3752881943748915,-0.37634934798185443,-0.4068389882795217,-0.47070531065112076,-0.48675323102335954,-0.4981424449392855,-0.47485928104463865,-0.43150595149088433,-0.385887772057607,-0.37709404784438705,-0.2688125063382047,-0.16695087525153945,-0.05934403175448878,-0.05089909697423932,0.07837502447961238,0.18910148246745914,0.2095511076535369,0.2940566188010766,0.3789488551077457,0.3375230604689825,0.3310239734491237,0.28350391689583593,0.17978186279389682,0.1902708982232128,0.23962919526447643,0.3151359580854913,0.26689485795185675,0.16093963167591027,0.08467014018627456,0.011335992421580551,-0.04131459169404808,-0.07880789402824928,-0.1219661474313319,-0.15712651297728578,-0.058465640667799676,-0.1872620792266025,-0.18868785043980685,-0.19961838093128886,-0.19896767031960244,-0.17893074783982912,-0.16170061110925946,-0.159565160574675,-0.16427879796885794,-0.1649483204799308,-0.17046902333629374,-0.16676122188715367,-0.16590188031102818,-0.15325797929593207,-0.14982551522219656,-0.11805814798642453,-0.10041185528537973,-0.08557836127028365,-0.08404814559372994,-0.07971040216022582,-0.07500949552228349,-0.06926088761851523,-0.06509911252575563,-0.0593508958706464,-0.06113532536961323,-0.060266479242721764,-0.042004767598187935,-0.031219584001590205,-0.04233221904462924
stat_37,-0.46776680258417336,-0.19391647247755794,0.12107310006830299,0.08017019224890742,-0.36157715398689905,-0.16467435298477132,-0.3519174503667789,-0.3526796231971665,-0.35389662289060814,-0.3545153259789123,-0.35620859855502635,-0.3556811195626817,-0.35902254274878453,-0.35825324890919563,-0.3508913846045805,-0.3535615950339776,-0.36099927760407713,-0.36118332900857986,-0.3668733765983491,-0.37134241887297004,-0.373422218223528,-0.37133612921265885,-0.37439763169368645,-0.37339340677664223,-0.36434991962120006,-0.35954506156987737,-0.3612309259157022,-0.347002000888415,-0.3398228190405294,-0.3440943297016474,-0.3698633475120186,-0.369575261743878,-0.36297895743594727,-0.3604860863525711,-0.3512296079344292,-0.33213441435371915,-0.360996532869119,-0.381738059883279,-0.4064886398598698,-0.4201329565890355,-0.4222725448480127,-0.4297113476775485,-0.4350510337061603,-0.4280273918320002,-0.4186852148038918,-0.3734965016263511,-0.3872824930051783,-0.4149325284900329,-0.4203628079684872,-0.45233137701190107,-0.41453894347642806,-0.44334692000296344,-0.44754067638562023,-0.4739293067708813,-0.46105505753247183,-0.4406106835202939,-0.3548870208331414,-0.2598197526004302,-0.19510138661042167,-0.17962880097447156,-0.15509108695118812,-0.14085736817064937,-0.12836065912787623,-0.08758611107826864,-0.07497813564875236,0.016628234104433592,0.0340699275441101,0.06537953270882728,0.06761546418383285,0.08073840438916595,0.057603816249618855,0.04042743236885102,0.049055118203275,0.025440112112236797,0.030860594625278858,0.03129324333096717,0.03589152307744816,0.02534966823083175,-0.038580517793243854,-0.042884611678517426,-0.0789038913863055,-0.182170695294865,-0.28729085312421704,-0.31548979986336023,-0.31296979540918435,-0.2777203006335384,-0.1823220274685291,-0.09489941047162416,-0.021438576895385426,-0.017651265922602653,0.020369543070767028,0.02120536300611356,0.06623622539474375,0.09432926728951999,0.1043075657780219,0.09744759538416246,0.08779828643716137,0.061368740241290215,0.048264005483643,0.01185259652080509,-0.004736143667304553,-0.03211607651013856,-0.04086409087028055,-0.042394609508094636,-0.03689144966857892,-0.020297828732953722,-0.019173890779792157,-0.016751688429694534,-0.0069408588460819235,-0.0015013556495136811,0.019931069530791722,0.007033139683732473,-0.005407052614368578,0.006575412234891397,0.005841383135424766,-0.013670064953098129,-0.04784328115436922,-0.03186310161502524
stat_370,-0.15089101714072917,-0.15696048343872354,0.023087418176298856,-0.08160326908616963,-0.06167275254819801,-0.04226485840841162,-0.04576823086516148,-0.04596489758728637,-0.04669376943011477,-0.04678228963128486,-0.04757651983028136,-0.048534758733113297,-0.049331841055104145,-0.052090603824366255,-0.05485935289831089,-0.058615753932142974,-0.0630148131598876,-0.06320138721022767,-0.06550600063663921,-0.06775546750945406,-0.07211489050884427,-0.07749094481619516,-0.08225837386532782,-0.08473480280395529,-0.0900740729094351,-0.09928592091080925,-0.11219522089293665,-0.1296466882753145,-0.12955214326042344,-0.1316765470507358,-0.1196354445356777,-0.11894671723126955,-0.11072980511376686,-0.1187090361722917,-0.1312012013266948,-0.11506588829551641,-0.1283972612527065,-0.149546697148297,-0.1485504400217928,-0.1184675316689085,-0.08213181150646513,-0.047473977683407234,-0.010307252747054864,-0.011739528053169844,-0.07291965140455292,-0.10881168872131357,-0.10775033148367756,-0.08081151951227153,-0.019801041386647553,0.035159796664759754,0.05761985345755532,0.0623690436275453,0.06328587704273202,0.13685883743229502,0.15585227837788865,0.17415132881299317,0.15099502288629324,0.18134179168417575,0.18644923485451648,0.18896300191854645,0.17165028834466034,0.11459295600152292,0.06985584839305552,0.04052731590030626,0.0345519342497991,-0.05270642824570786,-0.07289128979711379,-0.10200831163849797,-0.10295337790150678,-0.10711363591611298,-0.13211112190864327,-0.17931231626665806,-0.21966863082820334,-0.25326261348286044,-0.23213626563772075,-0.22373992258183215,-0.1595061125111089,-0.15877138527740167,-0.15860592815715754,-0.14461389051433174,-0.07726739932349608,-0.019719273071999114,0.047889934695010225,0.07162424250597586,0.10942231682489817,0.0964499489927483,0.02634523622299521,-0.02155362928801165,-0.05405904267381516,0.056185416444720436,-0.0806291516040491,-0.082482728614186,-0.11515558421894191,-0.1378798564068493,-0.13560702057266913,-0.12307744353143331,-0.134361882603829,-0.12110072491263663,-0.11840744891724125,-0.12104339833516366,-0.11762450436513523,-0.1011179344155931,-0.0969417443445789,-0.09788833572827135,-0.08364534846271926,-0.08653992215607437,-0.08276223736927056,-0.08328464296088925,-0.0859398993471071,-0.07236085769377787,-0.046063195399052514,-0.03330384262640599,-0.04155188480404046,-0.053322777897908076,-0.0567682837446034,-0.04996839385662873,-0.0031320202780254114,0.043574763005991765
stat_371,0.7216338617097593,0.19567843848305091,-0.48642123057970493,-0.4265678555599659,0.4139586592731651,0.3386244330514702,0.43003228743154537,0.42974994507285047,0.4293452758483224,0.42917190417793466,0.4290766735560568,0.428946796367022,0.42906416280681303,0.4271319349394141,0.4238970213295755,0.4204940960316795,0.4160170095615442,0.4158459456969068,0.4137293645082536,0.41159142343684946,0.41021839632905355,0.405110206930884,0.39938999286985366,0.3968446763204203,0.39779258268324397,0.39320591660200477,0.38375322986956656,0.37325896556658716,0.3681639729980063,0.35503076337826733,0.3471440530635748,0.34646396353843517,0.33503885957530194,0.33542584343138243,0.33202991875400845,0.3408249787367855,0.37781892935574607,0.404180860557217,0.4464531012747252,0.517289485340966,0.5295863244750274,0.4868918238538215,0.4228915947698112,0.3987831971517208,0.43165712771111103,0.4796393348181871,0.5207329267496817,0.5017251406756223,0.40366700627150304,0.31299504075131307,0.29231502000064175,0.2888911748914754,0.28939557316143416,0.36224977232001404,0.49014586221257794,0.5217521353132265,0.5864494477553688,0.7124808791948971,0.7949391716444443,0.8126604131920131,0.8614246543379107,0.8433916108661255,0.7712412700379603,0.6865436223706461,0.6688595034098671,0.5263379552570974,0.39015132316687057,0.274127361674905,0.2656792551132596,0.17804692194930957,0.11617322886563622,0.0875610152178784,0.05463046853244603,0.05152702524265945,0.05564408504060239,0.05614478241834958,0.058577259067771066,0.02143688600615868,-0.007756798564773534,0.005602587026337799,0.034557923615371286,0.03951080514217884,0.07959231762306467,0.1394733464683613,0.1716770472507243,0.179819082485534,0.1772631725021733,0.18369689845624554,0.19517721467884014,0.1958123991509714,0.1773831124293005,0.1683495998795785,0.1504226515821996,0.14845445081409658,0.1562495270423737,0.16001975211202765,0.1602851167990848,0.15331283758278152,0.14160251138436783,0.13042898989222437,0.12589207433503563,0.12013294062785843,0.12636147420794364,0.12752395558279858,0.13993247481169732,0.1283440280272702,0.12914372677959965,0.12849612250192116,0.13221286217840858,0.1445978613127209,0.14102901111045757,0.13592273579582728,0.14393371434342958,0.15927088560144712,0.16373396633123122,0.1829046106555798,0.1657950678659647,0.1818869379790196
stat_373,-1.2584122545857164,-0.7279529447822797,-0.25629304334648595,-0.17071395043706628,-0.518255549076236,-0.48242234474508944,-0.5100785151776174,-0.5107769103639798,-0.5109369221223728,-0.5122621200248628,-0.5134468755326143,-0.5130064105634129,-0.5144192166350607,-0.5183261795551758,-0.5199213524211338,-0.5230743765251242,-0.5278149497577496,-0.5281894402034011,-0.5324116903848056,-0.5352409075560726,-0.5375804337681515,-0.5427904138156754,-0.5491361454606836,-0.5532791242268398,-0.5597061082642941,-0.5655069256666313,-0.5752885463510493,-0.5824827143542151,-0.6071071916649308,-0.6100511334621033,-0.592894355105467,-0.5917248170485776,-0.5893962928811434,-0.6042448167995282,-0.614470683810494,-0.6156835737203273,-0.5768799653041843,-0.5119302109802636,-0.48746278774999213,-0.5236294071201407,-0.5025751623006717,-0.5096808426416117,-0.5019741635959052,-0.4811240723306101,-0.48816389111070546,-0.5000772831119809,-0.4966232078137205,-0.48084235479189436,-0.476449445342367,-0.46980284480182877,-0.49384547349585645,-0.4580835373656518,-0.45240894595507336,-0.40329393824738846,-0.4300000697689027,-0.4658345787746367,-0.49209494423084177,-0.48412401389348064,-0.5238461875459001,-0.5373170650455634,-0.524392531554796,-0.5027258657158421,-0.48732496520897295,-0.49077832698888557,-0.4906365111450786,-0.5425834825975254,-0.5424755069995799,-0.5321485606646275,-0.5337945417419775,-0.5052979219500684,-0.46324968485396945,-0.40689056637204146,-0.32374389833815737,-0.29222608048104654,-0.26980500103261157,-0.27164943643890127,-0.2043890801782049,-0.16770910018127697,-0.13179831276707282,-0.04732606002316881,0.006279468881464699,0.05814517721315714,0.10814221544261045,0.1019664839772592,0.06550468356605152,0.08318968579741352,0.10363421095051532,0.09800896801437088,0.07740918746021011,-0.1893054493472137,0.07353044220769048,0.06410296240746269,0.004573592248781394,-0.029778200174112344,-0.007181179948451276,-0.002983516305644365,-0.0015115693908487472,-0.016363643179999037,-0.018178404525064768,-0.023546229230170718,-0.06910034280820912,-0.11336236766401556,-0.12840112379108465,-0.13047259388500115,-0.1298936393272106,-0.1374547027944992,-0.1480455075283668,-0.14994195206376462,-0.13548012913857946,-0.13888085939526912,-0.14093378346328017,-0.14103143133700927,-0.13394981630949984,-0.1259783001957568,-0.1257457772556655,-0.1432189348164948,-0.145189281493302,-0.15011878423209574
stat_374,-0.926160836419335,-0.39075801477280214,0.19291594539771403,0.22375853530505488,-0.4276993477051143,-0.28035248594214085,-0.4167278235003377,-0.41796245073744676,-0.4183608665091532,-0.41896803245298664,-0.4209587982869975,-0.4238624527577868,-0.4261336765920475,-0.4259298938802953,-0.4314700507852631,-0.4357757588629262,-0.44495610234126465,-0.44554437604579195,-0.45528111219798245,-0.46430528442857216,-0.4694653425284591,-0.4812638088608016,-0.49185427074533616,-0.49610121266241713,-0.5009051559365987,-0.5095166969070609,-0.5301315583167826,-0.5429429166804687,-0.5725901549439799,-0.6051525881989821,-0.6235374535327735,-0.6242527400948674,-0.6432491974391232,-0.6467405963975658,-0.653170708122169,-0.6568130955162147,-0.6611443481091788,-0.6200445567320242,-0.5736567356605045,-0.6074226911728626,-0.6277999011555627,-0.6107359954011068,-0.6157927535841059,-0.5822837011192791,-0.5525946495991768,-0.5001004492130846,-0.46928485671833137,-0.43809374769898585,-0.36965602322907076,-0.36740125704426996,-0.286902434336629,-0.23481063293420854,-0.2362639285358722,-0.2715167434154612,-0.331748857133511,-0.32531240632294023,-0.27377511800277643,-0.18788438490612924,-0.11806083499514895,-0.1062013949278384,-0.0816776863749962,-0.08817459157298137,-0.1185455957780804,-0.1475581563458488,-0.15110523425407224,-0.18008860986442538,-0.23174318972467886,-0.23168418397745105,-0.23119830061789223,-0.24738383737909442,-0.2476395824340241,-0.2683334977390705,-0.2846326171815546,-0.30083982602066006,-0.31065737272580524,-0.30779565573959294,-0.2921776257059934,-0.25360835854699176,-0.19081030612848243,-0.14599541579186973,-0.19122640121903128,-0.15987381062897896,-0.11077734338774224,-0.0704660083969754,-0.11061619404954676,-0.18318670577556098,-0.19290362988324122,-0.15116803629386613,-0.12864638079949994,-0.09511212948300338,-0.07670644724188945,-0.07795633660820568,-0.07242117759705097,-0.06144529623384372,-0.06756434905403241,-0.022859366465367802,-0.004459871404511256,-0.017345262578082908,-0.017240874549562444,-0.00395158820034372,0.006772924228061587,0.01953031777552797,0.021853470095960954,0.02572825077159158,0.06402642485330508,0.0765706287721847,0.10944411724697112,0.11229580859458387,0.12875429266358893,0.06332875532434094,0.010728990649676045,0.008597214103019007,0.008637503954579642,-0.0003601755367084554,-0.002645382550409493,-0.02837989097011201,-0.04188860590019738,-0.06916970803127137
stat_376,0.32689033761760145,0.5862322037716199,0.6354256612503635,0.7326444947538401,-0.17372080234287837,0.21095425681500976,-0.1599164201675505,-0.15933662986263505,-0.15806101971784475,-0.15725291738729014,-0.15950750979434838,-0.16039336888790875,-0.16630501441620488,-0.1646721553711019,-0.1632996546335238,-0.16817906094651555,-0.1654662740083409,-0.16575071066227595,-0.16406180421587582,-0.1682229294099712,-0.17505826312207662,-0.18064877037095042,-0.18459424825560183,-0.18084149160111596,-0.18553674929950165,-0.18942607242175988,-0.18788694654577112,-0.18933537291560804,-0.21085713631499617,-0.2044626908217114,-0.21817311413515864,-0.21855577166052853,-0.2285932925899702,-0.24088729690629915,-0.2297776781885097,-0.2297928743891007,-0.24984376530936903,-0.2609428434013566,-0.27343973057368853,-0.26911839497184453,-0.2966912238242237,-0.3185435547697247,-0.3585227462034959,-0.27478211613814085,-0.17984163181804008,-0.11407023284659214,-0.015066476894355774,0.009376083879203601,0.014342169010653194,0.021848413863719305,-0.022278010944433654,0.008093799158654378,0.011186688662702183,0.008077878211204386,-0.09739560304111158,-0.18012217811238973,-0.21842166683635117,-0.19466167346362023,-0.23495372486572327,-0.26955660887032956,-0.2549395170744659,-0.2010914910810661,-0.2639557353845133,-0.27276976433835937,-0.26937331036618317,-0.20766725973317465,-0.09937858867000089,-0.11781911455159567,-0.11501333587282252,-0.09095860555386134,-0.010263754993097797,0.0648905530352095,0.1166478941257125,0.12021711182277592,0.22119975381597934,0.2341884621650895,0.40766607540706984,0.5858519518752835,0.7022870017757822,0.9021436408635478,1.104340595820596,1.1643981941305737,1.2260814033286123,1.196593126547105,1.2671796079024347,1.2834207138040254,1.2329523808142502,1.1605697730001734,1.0682469148731677,0.6341947161323815,0.9593155010757205,0.9519119292600834,0.8376321697045234,0.7708810033586252,0.7331576489289665,0.7137921767377549,0.7045598646512023,0.7002122274748513,0.7045283901526956,0.703728336418577,0.687340273005032,0.6588723367371476,0.63236329468622,0.6300421164188529,0.6113730471556799,0.6049640836862962,0.5660393241864129,0.5644742882536364,0.5345035615830259,0.5219902773057119,0.5310585013132545,0.5646457375047945,0.6148379244342248,0.6142186906426796,0.6101143485674277,0.5823837649393566,0.5632840510744507,0.5995648866791948
stat_378,0.5118681907444109,0.19878031889861025,-0.47161943529340034,-0.31714360759753274,0.3646360881095291,0.3551228757103503,0.3736817458327373,0.37195417108177453,0.3715502481852896,0.3726129230754437,0.37447258601059624,0.3757196783036033,0.3749683619624959,0.37343190881398497,0.3759281512811215,0.37288431836895025,0.3711923548615586,0.3713821652371389,0.37310352546236625,0.37439648548927873,0.37491094585999596,0.3742157430998291,0.37052871720629,0.3645837930719009,0.363343097071169,0.3448610130949344,0.3380759253674785,0.33420819960307463,0.3165976567728298,0.31589858480087146,0.3340113565718016,0.3353418028413024,0.34774864612342005,0.33332748802796996,0.3370781659115427,0.3345848127800436,0.34089166030913104,0.33668640983996184,0.331231060967343,0.3515238505317159,0.408583079474353,0.38962425648088533,0.3398828813378871,0.29957306545169576,0.286510403347,0.25888116093690494,0.27752316018379164,0.3322402733635305,0.35579006163173565,0.3761978613952251,0.4071770120294765,0.4212228919595233,0.42286137734119716,0.44559819807351875,0.43811820339752516,0.4153921892018487,0.36789669367226885,0.319669048377867,0.32685151470937523,0.32919076084816834,0.3459210550623363,0.39544994521445814,0.43136591705098065,0.4552284388385625,0.4549264437846167,0.44366241454896377,0.45998205707970025,0.46848708867637107,0.4706085763663375,0.49314059361164847,0.5263656645436227,0.5461565859403877,0.5402535657868498,0.5737301513321162,0.565987939274751,0.5577969121160963,0.46193663391689693,0.38296043489531073,0.34737784064756,0.26637538744931266,0.15641200317359097,0.05681695536150704,-0.018780950836101373,-0.04329751093168498,0.015306616244894215,0.02366553638161112,0.01462219767255377,-0.01152359361302418,0.013779754602469857,0.3646492904159339,0.07975894141876978,0.08516039662133121,0.1304413342047182,0.19889014303199454,0.276151109094164,0.3684073491100511,0.4228922209334592,0.4451729699729252,0.45608066187613594,0.4508582765661626,0.4394886981326996,0.41839530759264176,0.41809878297441794,0.4178866292445075,0.3841162655988152,0.36529823602915107,0.3322501278368164,0.33069450741233525,0.3419044051556567,0.31927095887093365,0.3337134004778661,0.3199240429791122,0.325718314583365,0.3521128814219372,0.3513629582472505,0.3348859947452854,0.35698908718900674,0.3808631141814326
stat_380,0.978967289439069,0.440482930891915,-0.15697339455487852,-0.12386201245631288,0.5608963999578815,0.13373802570647092,0.5736823173318258,0.5745290537290465,0.5745234717898776,0.5754732431719495,0.5812808569603314,0.585108775364772,0.5961910396684367,0.5963770571217175,0.5918420344852712,0.590758151659999,0.6120551699864444,0.6138057013981899,0.6249541487913086,0.6351139490333826,0.6382721474222861,0.6576728125859509,0.6498818698609791,0.6506945168278798,0.689024904859438,0.7082214901480374,0.7585783416573239,0.8443032623782403,0.9053538035434354,0.983184068994917,1.0799914342179995,1.083841454472173,1.1424405344700574,1.1494856707920278,1.1056042236798231,1.056494215486791,1.0057658487768097,0.9606983714937867,0.9453369127453115,0.9372139541263534,0.860038843621623,0.8129550503065829,0.7994641623729651,0.8373997384977868,0.8715509795877386,0.804695442588352,0.7510663058700409,0.7591982613911334,0.6925003152743675,0.5816987617643694,0.40634800496990686,0.300454257556633,0.2935317482125521,0.1829972032842789,0.0987996923185369,0.04685763499493309,-0.02148326081101013,-0.09850658876762912,-0.15644495944818979,-0.17859640351944842,-0.2025822081515022,-0.1832861643538668,-0.15483765329433155,-0.10139865842325502,-0.09698500215521862,-0.08886078216193838,-0.04781548211370443,-0.018087459759771222,-0.017285352140398308,-0.045394461375087104,-0.0768362669317724,-0.11157154499222233,-0.06070070065805736,-0.06365135512873268,-0.07491524276686563,-0.0759033396470527,-0.0949096495201415,-0.09309059799291776,-0.05909486113353745,-0.05345577071988205,-0.03135519525322152,-0.021346375960648933,-0.017536950276991113,-0.015198895819269946,-0.02009330024899895,-0.043618305576561794,-0.052008847043069344,-0.07663160296282961,-0.08172363541353239,-0.04214504006036795,-0.07140361639270487,-0.07025227303846794,-0.05015333777916352,-0.03657686354670783,-0.006965772293952021,-0.0048059354447381256,0.0069929263469684635,-0.006340789310654585,-0.014310706008943033,-0.035168120513192125,-0.05587278713644368,-0.0690187143842518,-0.0657868866054939,-0.06771499939147956,-0.06732700060377102,-0.05668996800518078,-0.042973803891141256,-0.04229714966245798,-0.030300576505331165,-0.015912640543024464,-0.012167544744873285,0.0014271229220327486,-0.011195066631195356,-0.03065403583694575,-0.03277718679582941,-0.04315477071649979,-0.05050487390432992,-0.04447219704047123
stat_381,-0.8279178380753379,-0.5851146584276196,-0.08116024374323746,-0.17756729072927882,-0.271986932403649,0.011522797690169645,-0.2605728484428642,-0.2612334430015558,-0.26192271920794546,-0.2636499992866218,-0.26438892752693677,-0.2675906180016778,-0.26873402590613255,-0.2711231375034534,-0.27038309914607034,-0.2706011498603457,-0.27372332856414827,-0.2738992654648957,-0.27995517605356474,-0.28390871956860636,-0.2865768424759059,-0.2916126584133098,-0.29356160765872313,-0.2963170095676783,-0.30246854052495054,-0.30465019985408304,-0.3118835234093887,-0.32802477881084696,-0.32887946828452036,-0.3346107685478408,-0.3741279747751757,-0.3757019325477291,-0.38850864527067785,-0.3914697455324618,-0.38250179958311575,-0.4112726838554565,-0.40761581810021214,-0.4288769563959664,-0.44187644354951944,-0.4547988438715114,-0.45671838371872586,-0.48048408364049877,-0.48975824070760277,-0.4884698985997454,-0.5251484429727248,-0.5484953307253246,-0.5736576811106645,-0.5819056237738687,-0.537682338084306,-0.48942156619739385,-0.4321280864668199,-0.3887334077585527,-0.3856852620176264,-0.3822168336515081,-0.37951815559859015,-0.3569569348432063,-0.29767957031411135,-0.2396923782700951,-0.23589210727877005,-0.2270393459870337,-0.15284408466302393,-0.11335295665694685,-0.1048208771825552,-0.08078188738359758,-0.07650433531129455,-0.03147887267526536,-0.05413897143264356,-0.004322904651468877,0.0006756537114341222,0.028600671614732096,0.01457624793283011,0.014046185550550089,-0.010537784280003576,-0.02457942835011862,0.04449965535517713,0.051930109759202335,0.034890046036933055,-0.006504083052898824,-0.03149212969903954,-0.015352904454997814,-0.005549596390611573,0.0453751965563423,0.13863612709006834,0.25975474490283545,0.3472950273123641,0.47648404883250306,0.5254467476598667,0.5549579492214197,0.5905316652338596,0.24075545053918465,0.5190516986736304,0.5158764085629767,0.4923799286082841,0.46718819911655096,0.4208165276417528,0.3665214914942286,0.34330564723930673,0.34389205458037825,0.34814604277839806,0.37293335241444536,0.3594960225240823,0.3447122838443761,0.32692785811995567,0.3224504777091565,0.29202543474725984,0.2810220146821033,0.2545157876694551,0.2531795806618653,0.2363856387780806,0.23124394559849754,0.23513448363239725,0.2427539469765256,0.2786385688723808,0.23966292431225697,0.2297925707351365,0.2506970710809439,0.22114796327727385,0.20214260681957927
stat_383,1.0657632899344371,0.484880777043795,-0.22233181408191768,-0.14663449109094362,0.5975009525389721,0.1671835970014642,0.616373922870931,0.6173794490046941,0.6177520557311635,0.620891084887667,0.6202532075525481,0.6266348688604662,0.6382430495874475,0.6390995042534474,0.6623937076990137,0.6800558346671005,0.6896122355121838,0.6900513751843651,0.6899998108145708,0.6886221808364485,0.713217365675328,0.7491012189447251,0.7738272054670107,0.8129663861987464,0.8270800227915891,0.8543676733543394,0.8866073354846333,0.8984728725705945,0.9175803152459422,0.9366079962960725,0.9953098401038735,1.0007056541612944,1.078810812669069,1.1620001030821323,1.218241809178518,1.301477699653123,1.2549810294186,1.081193417166245,0.888593175143954,0.7590311344052546,0.6486374382795606,0.47364249205376124,0.3530724786401323,0.301747349235118,0.2566718812906535,0.16853503760415503,0.11810484885844745,0.05419147182231575,0.0429866949574336,0.0027733287466582264,-0.08843774906517717,-0.17460123980221545,-0.18162465533192204,-0.26252706276796867,-0.27777796339893135,-0.23517264965432993,-0.21600228262480728,-0.20920119472651982,-0.2055456806170132,-0.21635276449530713,-0.208397858089898,-0.13253375819058938,-0.061802462511775284,-0.05130212013680383,-0.048680397814457675,-0.04345226137182184,-0.018392173405231204,0.03316826281368717,0.033260767533620346,0.022116912083504442,-0.018964135311509676,-0.011340397645565629,0.024543616135448896,0.056003423979825544,0.03730528468309214,0.03287473573792371,-0.03260455119394025,-0.05334679490307792,-0.030252218039674313,-0.016581018513196072,-0.06395225539322301,-0.10110462309960316,-0.14590556746483538,-0.20172869715562766,-0.227619671157692,-0.25401599209727704,-0.2732077240120715,-0.2835413815025895,-0.2548180456642577,-0.06915859648310284,-0.24091020882037006,-0.23853368172927425,-0.19720894394606792,-0.16498898980791687,-0.12634496203061665,-0.0739116384074142,-0.013983988008766284,-0.0005579669900416498,-0.0035447979282872844,0.00110870292143113,-0.021157145464164126,-0.06060870407414232,-0.07522621474493726,-0.07592659239861879,-0.04559216496999575,-0.02755727557875185,-0.013544862994668465,-0.014058305171563493,-0.01740216098874034,-0.021622579011443824,-0.027232403551110215,-0.02763243506114551,-0.035348942402086886,-0.05065135998985397,-0.052957004477466,-0.06543826658349639,-0.07120197858295002,-0.06716362139427277
stat_43,-0.9764719875160704,-0.27405776044657765,0.3039552137892699,0.41242301989915,-0.6500166861095834,-0.36724050391244506,-0.6442952908657916,-0.6448214671843621,-0.6454881807806725,-0.646042826804643,-0.6464651552964273,-0.6474626172839385,-0.6517360951025937,-0.6535467290297268,-0.6533411003477834,-0.6543077666579363,-0.653984104086343,-0.6539391437583073,-0.6549848824548091,-0.660199580077884,-0.6651761955445158,-0.6738683345225007,-0.6803816021794243,-0.6826943231142422,-0.6902304049396614,-0.6995368183133628,-0.7074648818331762,-0.7145728858396929,-0.7256084517295689,-0.7360457770511084,-0.7446737488663127,-0.74620628694861,-0.7570523948391491,-0.7751555611699728,-0.793295046849815,-0.795180480586574,-0.7837157579294922,-0.8313230891094641,-0.8872212906018683,-0.9265498303083076,-0.9405741316924653,-0.9102723804962425,-0.8750431664110004,-0.8633995197027073,-0.8168431569092349,-0.7190643712692295,-0.64535178273314,-0.6109355391254175,-0.630616006632648,-0.6659580241995702,-0.7313515546914785,-0.7331977968151182,-0.7327888043189439,-0.7668873354133328,-0.7259527046129369,-0.6508506531147366,-0.5383270158540077,-0.4528495857279472,-0.41773879341661324,-0.41102044140068383,-0.39560817699368156,-0.36292677042029586,-0.26767671503879054,-0.2561058893940866,-0.2582743537688521,-0.23808524261105563,-0.1655744808252682,-0.09910656803873674,-0.09521488055807602,-0.07109478578830117,-0.12202401331303324,-0.13900172200447675,-0.1115405095362265,-0.05234488394020924,-0.028929298669449405,-0.029160494459199916,-0.07485605477232816,-0.14621928828640418,-0.18035002722665222,-0.19518953016417048,-0.1656120271440605,-0.12517363504674667,-0.08883415196545452,-0.10164227953163807,-0.13375707948538346,-0.1702821442390094,-0.194692985234543,-0.24079480808823364,-0.23620523175287922,-0.1480235263880682,-0.20459288787305346,-0.20308401738550966,-0.18240206100863268,-0.17523825757668937,-0.12493075131241865,-0.13858413027358094,-0.15948214782211007,-0.157196425543049,-0.15448128510163278,-0.14260910680643232,-0.1430143450531716,-0.1475238619455793,-0.12779167904500432,-0.1234423850287391,-0.12544441175309803,-0.13962610232407,-0.16095161707052633,-0.1627641614378084,-0.174860997141482,-0.181308994139181,-0.19609611826551224,-0.19837681920363529,-0.19064424835818244,-0.17609606930314683,-0.17387859333464098,-0.1505490471682307,-0.13227468731829706,-0.13594843979188376
stat_46,0.4252491956897332,-0.03002647728970478,-0.4817588462851942,-0.3909523349084504,0.48973331201435,0.098752110185306,0.5043229701822006,0.5061074071338406,0.5090528357049322,0.5111601815398332,0.5151929062486704,0.5187132286458871,0.5194742303332193,0.5242955613941221,0.533378788593768,0.5390621423183236,0.5571447798177164,0.5589572475724635,0.5700811194056312,0.5689673478075408,0.580084000474317,0.5867685508719505,0.5891616971833545,0.6018429814043433,0.6222535268738666,0.6688171369959235,0.7303312138246945,0.7919689069533556,0.8630874024525308,0.9213153282194467,0.9382022009558681,0.9371947591832094,0.9105856190881567,0.8632526295397212,0.8140135489704373,0.7406558517601407,0.675590848551814,0.6584230100279486,0.654644774399308,0.5943196444923792,0.5144776058787722,0.49807386206832893,0.4899735946710144,0.4797031985503254,0.48961247305230804,0.47831157298009364,0.38290080761990136,0.26978804562966324,0.16499825002883817,0.11466838220068397,0.11340795928304129,0.11280483643796999,0.11275174732647678,0.06909843707148676,0.011644697886062687,-0.03564363730163126,-0.0917680599637039,-0.13130655064044777,-0.14880137349491723,-0.1577745563496298,-0.1707740470934821,-0.19755853971191595,-0.19233238994400634,-0.18710642345922382,-0.18877565333923335,-0.21021218275346595,-0.230586253985297,-0.24185313279200668,-0.24957392182224283,-0.24938649146269418,-0.25713831965488804,-0.30393134851050685,-0.3691943585846953,-0.4174857281223175,-0.4389049954398488,-0.43737975424522163,-0.42609075222758225,-0.4054649100285219,-0.39881327970523184,-0.38180601548157245,-0.3801708492933762,-0.382007871816737,-0.3775957957029207,-0.3493804808218008,-0.3398605604468276,-0.322539946703232,-0.32689757077414683,-0.3188522148393055,-0.2961542952860788,-0.144554742884045,-0.27195056121179934,-0.26978575829536455,-0.24068360027420102,-0.2178513077148956,-0.19361919013596945,-0.1757738126905161,-0.1545148673905354,-0.1319960491442448,-0.12585334641122428,-0.10329084772524641,-0.09304100460841508,-0.08868134896803273,-0.09416750195085882,-0.09630067012105696,-0.11863346057798609,-0.13279415618814508,-0.14152904122253337,-0.14197766041835524,-0.15106737882515106,-0.15606336738032509,-0.15175603847464658,-0.14489528207110747,-0.1390054275219895,-0.1467712519765971,-0.14822089655155105,-0.15109551349237765,-0.14452509363424995,-0.1454026641166981
stat_48,0.5655167017019486,0.38685052783445284,0.003885163663019263,0.12072472516321903,0.23158264079443008,0.20448951482742203,0.23540717865577201,0.23503560960688966,0.23397456854393256,0.23246596481832718,0.23065906654101778,0.22867223201043504,0.22506825986067383,0.2235459954227531,0.22492931149691942,0.22630869394971995,0.22539707581239948,0.22525262842022667,0.2258676978016913,0.22351286828621333,0.21905830950014213,0.21511016000602753,0.21030152188060647,0.21170887803676566,0.20141996854804628,0.1913837953682267,0.2008387653729936,0.2114149846327295,0.2076343777531441,0.211145924511578,0.20381971254985104,0.20515209766101364,0.22810178395584754,0.2438339621120288,0.2665700471684622,0.2857293474955223,0.2842587128539201,0.2690192017437298,0.2664473946576244,0.27888311977146196,0.2805271332556965,0.2738277874657026,0.24114755443121696,0.23345730220086627,0.26936540016831656,0.33839164579416914,0.293743679208173,0.19176397967335618,0.2121096584750341,0.2739821680290824,0.3659816468156824,0.4469111386936221,0.4510778381553009,0.47838685624714516,0.4785956961560646,0.4489596867955667,0.352112125139958,0.3119993037186288,0.30128289685205484,0.29662249832002646,0.28176503744199977,0.25452701619414575,0.17111485079839564,0.1626890008325927,0.15885894891046984,0.1478265181226294,0.13483507406160916,0.16511873683886802,0.16933029195861912,0.22546797413830144,0.2566415030148657,0.2571300027633208,0.19320674841059568,0.12899799808824497,0.11055300977667748,0.11308572480556968,0.1194855208769018,0.1546299818479517,0.11736378643635066,0.06967704839272533,0.04507287697195641,0.01846035329220486,0.03887654414018786,0.10086233186590433,0.09811668926058359,0.06891101668304841,0.05515506248257538,0.07690553325446882,0.06563590347573613,0.20915555224077037,0.08071816378419164,0.08334128738054512,0.10713658633856442,0.11537267028455968,0.10366137889576847,0.11565445822127761,0.10802376924839285,0.11198456707704273,0.1086264357633899,0.08544968378915481,0.07489102584599369,0.07104679632741245,0.08556108238547644,0.08897285550613143,0.09574659126518997,0.10307120603545339,0.10319907047013685,0.10142373423202732,0.07446900469305939,0.08960637125778026,0.10129228361097556,0.0847717369852136,0.09163874240779848,0.09993589226868815,0.09926341985497983,0.13588496813385303,0.15881718190375724,0.17451187972516785
stat_49,0.38395479964522145,0.19565309405764728,-0.1291943036871341,-0.04676442667240536,0.1516174703190456,0.16892295960901707,-0.013711981244691765,-0.013717155977002224,-0.014372914451947142,-0.012898079245363016,-0.013118913403701978,-0.014490113499013729,-0.014147699174955246,-0.015207087872528023,-0.018256634981774218,-0.016389897423872812,-0.01654972563616597,-0.016682621805552997,-0.020048094573904322,-0.020559657044345068,-0.01825448342305675,-0.02349053225847991,-0.018892353301197398,-0.02210997405496723,-0.02195488359857336,-0.013646217489583978,-0.026964121791554812,-0.023864202839540574,-0.009457276879380685,-0.0023716404433397217,-0.007250873229858665,-0.007811191772909633,-0.0060148643330666845,0.04165607394577942,0.06242724982036679,0.0727839836243601,0.06031064367784619,0.042661325662492,0.056719836551497045,0.048555838719372836,0.09480402699195851,0.08784946131041933,0.0965135860885743,0.06834680700328587,-0.014874520878963075,-0.02869297722519376,-0.025430683804100615,0.05380342191578347,0.10051356925593549,0.07095528660773562,0.02815558855851157,-0.011691842296113074,-0.013368304453176744,-0.035187500042076054,-0.05632645713845466,-0.07505971103551617,-0.04968284722336008,-0.04490364190577958,-0.06779689328658742,-0.057430977083379395,-0.0038866989045742003,0.028941081680782545,0.084689763679753,0.11406485396711429,0.11210881852178448,0.11760682580781638,0.18212523353432247,0.17806418883209232,0.17719412544639968,0.1709513635073178,0.15054455660607668,0.10115682473659844,0.11290559348914371,0.08232321829030974,0.07698466224429928,0.07723405970164339,0.045330705091298,0.0009523992143429292,-0.03201311258668138,-0.07934401226566751,-0.1410013415024254,-0.12449735156256768,-0.12792102109516174,-0.12215387390521064,-0.12932107499124806,-0.13092982823480664,-0.10457390241360108,-0.06541972499745258,-0.05281979436800024,0.1293381982521461,-0.048182642154630445,-0.047349388380789725,-0.03232499025675004,-0.01927853831640506,-0.01593233289219443,-0.03237825765622603,-0.06482473754621898,-0.06729951183464104,-0.05956971658211687,-0.022325224362389026,-0.005146636709153222,-0.0031217046602358247,0.006464895709475786,0.005574744179067682,0.006404526302900456,0.027596733672674484,0.035160739385443444,0.03674052179769799,0.05917801270217715,0.05189335420477135,0.051220074144270156,0.04276631354387511,0.09613544789041056,0.1318445804538162,0.13594318101406916,0.1415645407093571,0.10860672404220578,0.12872464135879227
stat_5,-1.127514182989018,-0.5098514759871465,0.0650310016754777,0.18421882436811882,-0.5242490734361143,-0.45553654373334207,-0.5157715194885765,-0.5169072589732018,-0.5172514162550425,-0.5184679151887865,-0.5209614101532706,-0.5229920206071249,-0.5258405203657806,-0.5262766294890575,-0.5231854042944504,-0.5239889748672835,-0.5278251427461429,-0.5281028750088019,-0.5332471232202519,-0.5339399139334947,-0.534258834171823,-0.5365354689619887,-0.5410812836574981,-0.5403879671329181,-0.5399371369669688,-0.5441327153174794,-0.5437323364126911,-0.535462178351,-0.5340458389651161,-0.5220314679936616,-0.5039055315327413,-0.5037761094906404,-0.4895689286556333,-0.468023490790953,-0.4310445006980577,-0.4261258706670714,-0.42440644228933067,-0.3840905414412993,-0.3417722149396722,-0.34052907957862943,-0.41502538906794234,-0.4104651164844912,-0.34023068954858116,-0.28268307370156065,-0.3118170463448878,-0.3708686476050526,-0.39502532441897287,-0.37773400242219657,-0.45667892779509356,-0.5547101613191862,-0.5984423370095989,-0.6056668089502036,-0.6066790176072238,-0.6007952526373513,-0.5491968533734034,-0.5688817033398268,-0.5825328330673624,-0.5626041034278855,-0.555818668276561,-0.5520585028542975,-0.5424131511424886,-0.5446583585456082,-0.5639656611457816,-0.6129178409540361,-0.6176792351847076,-0.616300459909653,-0.6091656201035949,-0.6103571697225879,-0.6109343365587248,-0.6221804011440183,-0.6461533243465672,-0.6521061687360215,-0.619681461200392,-0.5855582583646018,-0.5238542688119437,-0.5131112241842345,-0.44764382386664925,-0.4668765437096089,-0.43685982650005106,-0.3708452141152343,-0.2984754497384089,-0.28420579029420956,-0.2972941734917041,-0.30254123077467104,-0.2959884074126733,-0.27184290362827407,-0.21119559306926686,-0.13477152234252945,-0.12273364806083416,-0.09507070257548922,-0.12751946683623688,-0.12479258582261105,-0.07403441941037865,-0.0479500773062562,-0.03663107936994367,-0.041124860386790446,-0.09655944021565872,-0.14872553204152827,-0.16800704307729752,-0.23202373510410224,-0.23185326522450925,-0.23986726944288017,-0.2631543783790655,-0.26217815711165243,-0.25132516678498446,-0.20850690679361356,-0.16442742482737405,-0.1587121705842074,-0.11951385551892633,-0.07673488486359067,-0.10320915992393492,-0.10923020253902606,-0.06943304971917295,-0.043784902026834785,-0.046198131636808595,-0.05719471332900901,-0.0776556338226903,-0.09356234223503708
stat_51,-0.9263866157543136,-0.3852040847727073,0.11888817255234044,0.1894427406043932,-0.45734469121139915,-0.42342904433793666,-0.41530226451232677,-0.4219199111718697,-0.4248678106425976,-0.42180774228132656,-0.4396299106432685,-0.45722839575324586,-0.4614275139082363,-0.45814166096796444,-0.4452442790782389,-0.42511527551220984,-0.4033149535289894,-0.4039785480346869,-0.41834601726047743,-0.420523001783408,-0.398791149350627,-0.4297883766375152,-0.4649681216343663,-0.4817288116854646,-0.49601294068273677,-0.5068980749036743,-0.5189099469173996,-0.537003066978197,-0.5557062398044688,-0.5532776234396145,-0.5325603886713726,-0.5338083224495239,-0.4988410082482714,-0.46503830757565473,-0.4505079050002857,-0.4562190746139348,-0.408974255226816,-0.36536247355792495,-0.4734300538008086,-0.4551300211202395,-0.33619817991392914,-0.27074457893569726,-0.18940873831792973,-0.13863540652887962,-0.173852249814614,-0.25858207003995737,-0.2793141424603494,-0.2652938784145534,-0.2703785203896836,-0.29326085007348107,-0.29588844165579625,-0.3523985202039246,-0.35546622182872,-0.34060339954373126,-0.3204829437781256,-0.3294916424427496,-0.37672081642911404,-0.3360083306260837,-0.32818040654995045,-0.31205111333769403,-0.31450381781749936,-0.3052073990285185,-0.3348106706804338,-0.28567114196962484,-0.27816500323927007,-0.2371011333307376,-0.2227971968900479,-0.25602880922109744,-0.25829754457393206,-0.2754070284739943,-0.28471491022594586,-0.19159013997263744,-0.16299289686086577,-0.14274327072479695,-0.15207292962048824,-0.16484479962987703,-0.2421607005412997,-0.18800474348620388,-0.13869204497803228,-0.17952177179728215,-0.18991705783513635,-0.2441353495380971,-0.22892542475262093,-0.291285075010462,-0.3187840020516375,-0.303188210630825,-0.301661261842787,-0.27866820716808033,-0.2262743452145077,-0.3150129563056191,-0.22113618608208685,-0.2292901274313932,-0.2286191332917941,-0.2810175717433659,-0.3107379230533139,-0.3176474438658801,-0.3100581232457979,-0.27462988333254845,-0.2625932429102331,-0.21370507897985072,-0.2132764062661701,-0.23921796626293634,-0.23079302555422426,-0.2348193895810864,-0.2232365756674441,-0.2908056386964539,-0.2844258609722173,-0.28344594076033214,-0.2548652058434347,-0.26544646712280917,-0.2582722456352302,-0.2800226732885728,-0.28190881766566633,-0.3121179342554573,-0.315132239678021,-0.31515149096468653,-0.32000617916342033,-0.3180913000954036
stat_53,-0.5577238487455336,-0.5372202732263397,-0.3166870996919831,-0.3677726109228697,-0.07720264722917553,-0.11130852533218968,-0.07175601227528774,-0.07180326001891407,-0.07167573596111301,-0.07125509911145503,-0.07049080508110193,-0.07021144824604914,-0.07122292628005833,-0.07275096134006813,-0.07716404721992741,-0.08095273334824965,-0.0867067236585057,-0.08696735876457302,-0.08981914918795642,-0.09094468954700058,-0.09388573906215926,-0.09794993645387187,-0.10013906879685848,-0.09870885933040485,-0.10281735709868957,-0.11225106196161815,-0.12158155058475593,-0.12421741418048421,-0.12163547830241285,-0.12066642523448559,-0.11158499026590767,-0.11080888011988631,-0.1042548236714323,-0.1187633594162729,-0.10866333629206348,-0.07825787082808316,-0.08488492650687521,-0.0957521072296745,-0.08549190660403581,-0.089726373073164,-0.11407161378984827,-0.11791237765344777,-0.12273920907832192,-0.1089759802872993,-0.10712740950877658,-0.08180136389721539,-0.026959044112941283,0.022096309834328604,0.02247604081206535,0.00894810936427118,0.017816733493847343,0.0030564136400565095,0.001378361398329158,-0.05083540929838458,-0.0870477425366478,-0.07301590407778809,-0.03955180534455932,-0.046766918854061076,-0.0675220521638935,-0.06699572941017601,-0.04242196678907086,-0.030488080370041085,-0.04228565255617633,-0.04628733240447908,-0.04534871708512946,-0.047449386058477296,-0.07902125698590427,-0.11161203376575783,-0.11210358127051365,-0.12434480279073062,-0.08320972593251245,-0.06134886208144107,-0.07468978176319148,-0.08044638983617086,-0.09935581440160961,-0.10563649150301488,-0.16526494370583977,-0.22278822975371268,-0.2689471532396168,-0.3330048414869491,-0.40349322374285157,-0.4953292861664829,-0.5869761859598075,-0.6506126355207599,-0.6792677758268445,-0.6560628367507993,-0.6176111690895547,-0.5708076689811582,-0.5178095088193718,-0.22722227751853755,-0.47548070643281765,-0.47310663587289287,-0.4314855242273166,-0.4142266898316137,-0.4128434142888397,-0.4153099646413293,-0.42992622202479636,-0.4176123723134137,-0.4101589921896445,-0.3843753870462237,-0.35971077183404676,-0.33617212269032837,-0.29917374963989746,-0.2941897805324248,-0.26414186817740126,-0.2292029931306626,-0.19995701092021298,-0.1979638918136134,-0.180793776055319,-0.15988065329551443,-0.14363574325068257,-0.13590452332882752,-0.14009774497992397,-0.1601920686995818,-0.1631777380152392,-0.185079487878278,-0.2046097767141837,-0.21666351353697005
stat_55,1.431663456404868,0.6104687015733079,-0.011740638634612596,-0.1586714224712954,0.744650171456234,0.3711467212443246,0.7522444886200363,0.7515450941201232,0.7504209878558827,0.7497651117151871,0.7489259852921019,0.7488876679977997,0.747854026543089,0.7456065147694956,0.7492633800113775,0.7518833803278023,0.7529383228880432,0.7526490421532643,0.7535320371526265,0.7524160390468431,0.7450140380986559,0.7520843492403917,0.7579401363078526,0.7658537241563225,0.7757636396781717,0.7741455863414809,0.8122124970882298,0.8665393314148324,0.9134058808594865,0.9159502536609477,0.8873945006975124,0.8852919803632323,0.8447972293378103,0.8700558689013927,0.8517499879099848,0.8517316408706472,0.8517973108328748,0.8521606759059391,0.8332923279511798,0.8742090184759903,0.9837345071162813,1.0758427696969846,1.146950925170087,1.1745225758152618,1.1779644672966259,1.135646301413588,1.0469946844781879,0.9508833416492914,0.8722053865148057,0.7825771678499974,0.6903033042422706,0.5948158835882146,0.5885243453169132,0.5145452336286706,0.4488742887506301,0.33451580960796035,0.26567628131561183,0.20504045717475522,0.1885336027765679,0.18534653133763943,0.18235557507798728,0.1631143054329067,0.1425268044811825,0.12350808237810877,0.11588317799341064,0.05687155868303149,-0.00761710590401196,-0.035507583165407954,-0.03785413780798064,-0.0517671430862615,-0.06029847599941509,-0.07375564212870941,-0.11506691656979662,-0.1428302990446793,-0.13772498791806473,-0.13958201183774968,-0.1690169065974243,-0.18802253549673995,-0.22651888159178885,-0.23042526711587646,-0.21429402243171772,-0.21920831181162803,-0.2613434644218585,-0.26687077725770464,-0.26902790195473697,-0.27008496327094517,-0.28387900184007586,-0.29686217012143307,-0.29065537696273136,-0.18620935736058805,-0.2681150822068148,-0.2668326764345746,-0.2425283306521516,-0.23309439658251013,-0.2217527537031679,-0.21584436449414152,-0.2159171612680652,-0.19813285309063206,-0.19133042327885583,-0.17798789729457143,-0.17501776097751662,-0.17436105972592997,-0.16050526699392478,-0.15652189065104374,-0.13920146862972255,-0.13770184004230737,-0.14123410503986167,-0.14128611186398632,-0.14102321048518673,-0.13849364725572202,-0.13132367570393133,-0.13977079275585572,-0.13912583157575031,-0.14369676355083946,-0.14577473128386012,-0.1543334122663936,-0.15896780438079822,-0.17279200560103314
stat_58,0.00973117054606632,-0.10627677914730677,-0.6077480899408396,-0.3491925991057639,0.23851150801410326,0.12476338220541866,0.24318037719259294,0.24233791463822954,0.2424465333290253,0.24214776371822128,0.24174646120202314,0.24095632428633096,0.2384375583171421,0.23657182099460403,0.236436334602187,0.2357320983104765,0.23436891329866927,0.23413865960947536,0.23048229980842355,0.22735568850803914,0.22311746568231622,0.21411001754498316,0.2040974394022403,0.19046648323168222,0.18324453748485803,0.168348088324334,0.1545651878232025,0.1409797525068678,0.1273918282998362,0.11654026905103415,0.11177488147188278,0.11161131540114443,0.11397690927615191,0.11958663854241969,0.11483837287092612,0.12370362956502146,0.11201659748584522,0.09646311420891822,0.1215819909235719,0.14283567030676025,0.15883786736540526,0.19121508543881421,0.2225183137536688,0.26302439049468535,0.32850164702984985,0.3919632488058195,0.43135587558965777,0.4430290149020337,0.42454028607466177,0.4155086581870476,0.4364122559828874,0.3974392880534249,0.3933619869781064,0.315223675712246,0.2599305146735449,0.22910860599546734,0.14575579166510558,0.08644495306766281,0.08400518756037563,0.08444788882067,0.10226835323917507,0.1052095297698862,0.08754645199493863,0.0702824790114149,0.06802811402095409,0.06751394885500347,0.08116757457016949,0.06280368911486238,0.06362358243028829,0.07706786961885302,0.08425960161271313,0.05620553501845753,0.06169020010241291,0.07251518216810637,0.012234897347648517,0.0024090197899638097,-0.06201693775609479,-0.07665028438899306,-0.07153787269947183,-0.14059922838038477,-0.2123802492817005,-0.2673244377388574,-0.300009315048982,-0.3133852568253799,-0.329201167333521,-0.35665637843542886,-0.37869873331280435,-0.4296738800572404,-0.5068460806267205,-0.2505045820462768,-0.5493534636013769,-0.5508768602178324,-0.5590269845959371,-0.5293330212247171,-0.4931976666020165,-0.44902062617647565,-0.40106941712642763,-0.3902892104748659,-0.3888012780372235,-0.35369942354351136,-0.30494802908967794,-0.27017275982042804,-0.2297941393189662,-0.22573278501293428,-0.21312083598568946,-0.1939365306012173,-0.18399538587477762,-0.18127192797326408,-0.13873113790944047,-0.09912637619946202,-0.07315877396457882,-0.08298431305490979,-0.11748064684350501,-0.14096103660581097,-0.14278010005139646,-0.1745890419049954,-0.21623034879850983,-0.23888280161375558
stat_59,-0.49570067193026246,-0.10790404474822295,0.2400498736575902,0.2727159363871516,-0.28835674251702936,-0.19204458392863538,-0.28487332585300484,-0.2857268298489219,-0.28507103218876567,-0.28604730747748197,-0.28700791306949763,-0.28693405590737964,-0.2865841950153838,-0.29435014037999097,-0.303452341405052,-0.2962143951999387,-0.2950876273106641,-0.2947301922732811,-0.28351124040417375,-0.2831645762351804,-0.29113985252262453,-0.26804907322385235,-0.26678812248198824,-0.29680500078868893,-0.31993588067927614,-0.3325746569203899,-0.30407254346413504,-0.30640769731439205,-0.295154851251463,-0.24537287988727083,-0.2623626102750393,-0.2626029477385166,-0.312308624892306,-0.31927820968830617,-0.3552195807027435,-0.35428060271275036,-0.28365982980915855,-0.2685691361798746,-0.2938075060728446,-0.3045034398580565,-0.31492099985672767,-0.30485884989106227,-0.2850039934317825,-0.2886095966537253,-0.3187742104806547,-0.38207442964672766,-0.40251749049944024,-0.392185231822649,-0.369012748018192,-0.34659900316544895,-0.3433394390635166,-0.3212440912545998,-0.3199693750186306,-0.2643559779242788,-0.21621004768441054,-0.156213675093079,-0.19627705859504133,-0.15370265310008427,-0.15060205765035806,-0.1557130624983967,-0.18309556633844332,-0.19680431810532728,-0.21356569960056174,-0.19013238744991995,-0.18636490372026607,-0.18225425980221763,-0.20649582926575105,-0.23156035541113945,-0.23375202200259287,-0.2484899372771819,-0.24220855969228872,-0.23135817939628436,-0.22728544138874823,-0.26456843661496515,-0.28356528085298144,-0.2837443024978763,-0.22809064560874917,-0.24909950350730778,-0.21893732419355452,-0.17647855326757672,-0.2184476447070599,-0.30934418749430237,-0.35184250435396297,-0.3677721754473804,-0.3101734181885582,-0.25283255767317964,-0.280743651424564,-0.30709381046332296,-0.29426283888524446,-0.219027005476131,-0.26200574334525834,-0.2610860735273359,-0.2922567769846267,-0.3070327724153325,-0.2852267831450071,-0.26817909835909276,-0.2750621777244863,-0.24741064458072798,-0.23764790788121518,-0.19771355868925913,-0.15128992494864535,-0.13289152764695134,-0.12611988176700895,-0.12430600005316415,-0.11444280912191936,-0.13936990361936621,-0.160978164734311,-0.1622301441205681,-0.16217204420120535,-0.16913980349312943,-0.18088235256003085,-0.1771516846509056,-0.17475007695012781,-0.17531438148848882,-0.17921780398468556,-0.19133510357887784,-0.19319544426593702,-0.20602476905368247
stat_6,0.41425236855035563,-0.010557649734646082,-0.24049077737207694,-0.4422668016310726,0.35563818040884315,0.13783035468797403,0.36242233428498755,0.36154974865476086,0.3602132563502193,0.3581178004904796,0.3565147574081409,0.35543227856103415,0.35250912529287093,0.35214447398444665,0.3546404478283979,0.35328294130908094,0.3623496720384073,0.36262230439929893,0.3640030593647957,0.36573376944456015,0.358323511597209,0.3581346782591399,0.35816457743607005,0.36123783448362223,0.35598926436732775,0.3555740503621967,0.3591049529207431,0.37036534549787775,0.3810424542254099,0.40513675259442783,0.40615331581293446,0.4051027864805908,0.3899202464010655,0.38776712571905,0.39476852112240396,0.4265315661862745,0.450591798193288,0.4673200148459021,0.4762005750182926,0.4907753232855656,0.4707135398094705,0.4660189997824963,0.4808050202793822,0.45742644298928975,0.4612010245974494,0.5366370852566047,0.6164526841852704,0.6438146428659985,0.623728059666476,0.5813169310602742,0.4672190683310317,0.34802894445766963,0.3417922814060138,0.26141082479798594,0.18316153905256402,0.18334270455667762,0.21699892167454968,0.23766395626300948,0.2625838853943746,0.2690917486850885,0.2885147523897999,0.3260801175669844,0.31941957997533416,0.3125437030301546,0.31009048936253353,0.27142615152070954,0.1949194548787213,0.09653103476983801,0.08968748940497615,0.0037225102810969106,-0.06604886650950202,-0.15647624054755857,-0.21088520955463788,-0.2219297435577811,-0.2267786339624514,-0.23006185945610585,-0.2476051185320915,-0.2897845556542858,-0.2639517109440053,-0.24419513966099096,-0.22416377131722123,-0.18436580472856565,-0.15920512949605423,-0.16741460854273307,-0.17460180646628556,-0.19711521629277146,-0.21227732007794128,-0.21516568724735738,-0.18424496610313618,-0.14188775882248816,-0.15377600843596387,-0.1594156365860276,-0.1383353987600953,-0.14807003104929037,-0.18252647113500192,-0.18386895203266176,-0.15002973210873208,-0.13622631015123957,-0.14206950483483333,-0.15398268373895888,-0.1369253252859316,-0.1291314413768646,-0.13204108044431048,-0.13262178032065833,-0.12365425157276243,-0.1133990916819319,-0.10770980285855974,-0.10782747040642153,-0.09530716006061675,-0.09567408927762337,-0.10443139095689859,-0.10091504618243453,-0.09470655511168988,-0.0973738407841949,-0.09750304744594344,-0.10619711379190634,-0.10103050327846187,-0.12792539529241662
stat_64,0.02218234348793599,-0.21075418247606348,-0.010211291254807556,-0.31668668015855295,0.19944600288792885,-0.25624871937971805,0.22136841181869615,0.22200039565122537,0.22318202124794734,0.22418924733738718,0.2259006536299816,0.2285209272690367,0.23053812493242107,0.23023553507511327,0.23128849482347122,0.2341238186400418,0.23739715799489458,0.23752713229430678,0.2414316569247252,0.25139774664691417,0.2592949692528984,0.27621036907790214,0.28481998743619047,0.292607190020733,0.33198833759360186,0.3639764166159182,0.3940492216669228,0.4061066683251357,0.4405983483529782,0.47581209588909185,0.556255352927665,0.5677671108804077,0.7456842565388571,0.8589933038742924,0.9048626669678891,0.9727696371861216,0.864540846892581,0.746827108809522,0.6216741278856803,0.46685517713016333,0.37856176429652905,0.2843471560441881,0.21181576554127904,0.12394532758292075,0.11834382736639155,0.06999172410747026,0.007809147400995335,-0.04312578664126616,-0.11695044992152265,-0.1426852042417761,-0.16757032484352744,-0.2154933309361681,-0.21664254019393686,-0.21735822983834172,-0.23165376882400876,-0.2643810474977295,-0.21444164355472042,-0.2479881356211313,-0.28664854148660296,-0.2899687003866802,-0.28761670517016624,-0.2744342557901337,-0.24331893698749246,-0.28217136906938634,-0.29695320756057,-0.3085501175224562,-0.29598937599414193,-0.2723476120283909,-0.2690430938546133,-0.26998416619562515,-0.29159784243231784,-0.2650176582671527,-0.24189694160672987,-0.2471956608417986,-0.18988521193252758,-0.18558624455501657,-0.24428767464376805,-0.3419647462138243,-0.4117128981900013,-0.4595867538983349,-0.47183472435953744,-0.44092549141194654,-0.39965968745663477,-0.3795658960021691,-0.37027654607077726,-0.3739598285116529,-0.4156304551820259,-0.45078344824136835,-0.4374605508649762,-0.19545901157957793,-0.4161604039273722,-0.4172799617780231,-0.41662250608473134,-0.41480506148908014,-0.41775270765523015,-0.38790241567414024,-0.3939960956996936,-0.3853800881390813,-0.3937542522661482,-0.420111245070976,-0.3980018084957473,-0.37182382237022243,-0.3394956018310099,-0.32984089584290427,-0.2877508960392646,-0.2851258288003329,-0.23557514663546336,-0.23433372693868182,-0.2108108485186298,-0.2158526249514874,-0.19229054003831503,-0.14451338619997717,-0.15334151495176107,-0.15516944562434215,-0.15730748595286187,-0.16242889593361362,-0.17934622233929873,-0.2041392920663661
stat_7,0.5810804443331962,0.14935138288036034,0.00348079639062132,-0.2313054975839056,0.3609632246270683,0.18226144126755695,0.37693589124712823,0.37667709600104293,0.3763087955902353,0.3762030147274375,0.3765591039718737,0.376319293684451,0.37648818302708714,0.3746738602282637,0.3726595646912086,0.3696656716350547,0.36705823530201137,0.36699137751193844,0.36753150089187564,0.36693390742526466,0.3650126261519641,0.3625524601712145,0.36071310164318315,0.3575781581953232,0.35911655189325864,0.3610154929082319,0.3594358758925312,0.34971835909020615,0.34814352268169724,0.34766051002235676,0.3425181123668117,0.3418507879838785,0.3298800089173331,0.31518438166691587,0.301798645000477,0.31590746143649706,0.3252582583693495,0.3271910459900107,0.35692951721727856,0.3940883314658196,0.4709302605420626,0.5290571474688237,0.5653385995451131,0.6266568213976794,0.6170349411759424,0.5421001010255981,0.4330412277295312,0.333671414255936,0.2901180515601446,0.2484074692131861,0.22713295373550096,0.28254491325808656,0.28992515832585497,0.3971930752247322,0.44401744444995456,0.5066091532664813,0.5967076776391826,0.6847771309601578,0.7015564806531794,0.6851122827471723,0.6208466199679804,0.5089611195127358,0.37989800592366146,0.3086671494092101,0.29661933468943585,0.1542764945969543,0.00041170524919487665,-0.07897336875912571,-0.08451948338846085,-0.13798285669406898,-0.14854717575966125,-0.19153181276869657,-0.22168381075321208,-0.2617529665576428,-0.3143944180393357,-0.31776644330823867,-0.3344939696759534,-0.35859218057506326,-0.39482691329755326,-0.40856382828297505,-0.4019575606165492,-0.4145631958890997,-0.3950478758086272,-0.34555097831745885,-0.32754087604362625,-0.3139081003375102,-0.32328816053466924,-0.33454750116709714,-0.32882215176091223,-0.08456181580344219,-0.3081453449727144,-0.30578615295284167,-0.27391342028649485,-0.25612934377067537,-0.25532546463210415,-0.25617571929512956,-0.25938773520073155,-0.2553935269310623,-0.25633219011850183,-0.2761480709065251,-0.26789110329501137,-0.26128435241862635,-0.24407929422330482,-0.2406941504936172,-0.22274468308024098,-0.21189981728450133,-0.21694473530049524,-0.2170763525732396,-0.21907238000624255,-0.17948960450767212,-0.16673048781346936,-0.1792771412868856,-0.17525586632767193,-0.15865818359225048,-0.15831781476977785,-0.14198294499311415,-0.11643714418442219,-0.10579151463557265
stat_70,0.5345169218004795,0.22777098212279995,-0.0999681479212833,-0.13188977897235474,0.31351316028164716,0.07453891835342927,0.3282457829720674,0.32871997203230074,0.3294067858023148,0.3307342384448336,0.3316956057355768,0.33342494896485714,0.33525536459299377,0.3382725258618617,0.33880374346575026,0.3421134245526359,0.3452389788694206,0.3451196852857979,0.3430443370744231,0.35427633619144094,0.35932585249155485,0.36765336746946375,0.3663955967911078,0.38207994811922896,0.397428757571361,0.3978392836414115,0.432172011073908,0.49369361060275635,0.5898367214108139,0.650577167527249,0.7018571184397022,0.7028510120849957,0.8167600838745722,0.9667135125978021,0.9892454491345288,0.8788428892762261,0.8040753646325773,0.7744405891104171,0.6453984557270303,0.6011539474494949,0.5526885968254229,0.48427502195110006,0.41039080732062383,0.4188174862892039,0.40105032765528564,0.3122398683579416,0.2780949990668597,0.2584698966416584,0.17751084549126797,0.10314436880889753,0.047227968328600975,-0.03948520720549325,-0.043406964274556,-0.040984168071606236,0.009988427077955709,-0.00583865858821497,-0.03237494184300661,-0.02110456668945691,-0.002976694740445837,0.01479734218052616,0.03725797802643758,0.024487729162908044,-0.04256106779727755,-0.0489772447290988,-0.047974829043663195,-0.03836235176184605,-0.10759263324658433,-0.13359521154594284,-0.13502630598030674,-0.15240894391418283,-0.1351860731346939,-0.06807747675080572,-0.03737031023841872,-0.008850845466815506,0.01937264401014255,0.020706113393658163,0.04228338442186297,0.03928981824693075,0.05699730335575414,0.10087798831347064,0.12177851838339,0.07956002082127468,0.04228668007096013,0.03446583346071503,0.1289039551531273,0.20775469209562117,0.21249261026483152,0.23594704055011434,0.23010159783676212,0.12443971962469624,0.15412405622454342,0.14433635591856522,0.14331745541512272,0.15257807828958347,0.13107939559282433,0.10365121188288497,0.09539302670122775,0.09028988733051461,0.08514517165686249,0.0851669258840578,0.07783212411395132,0.06592122768519977,0.07251196241897326,0.0738096073169509,0.08232082323169634,0.07889382068363567,0.09166699249067636,0.09029545727078063,0.0850304925559759,0.0731526418161521,0.08851654204929808,0.10722750055753101,0.11231589052952723,0.11772188753079747,0.11601960975714634,0.1044430688174413,0.13057337993659937,0.14497126884979866
stat_71,-1.6440755611921654,-0.7662411472082521,-0.03656989913108716,0.17109096177282085,-0.6982288148739059,-0.7332306217721234,-0.6901640621288381,-0.6898210621024478,-0.689116276141586,-0.6888607347897079,-0.6888245323439245,-0.6886344062171201,-0.6902746870912442,-0.690984510790176,-0.6876816720009412,-0.6858514261108635,-0.686388986852386,-0.6861073930517475,-0.6780945551224538,-0.6666532918308916,-0.6706222264011672,-0.6825278133363151,-0.6844473698129522,-0.6811660184804764,-0.6853394045587831,-0.6959523691097498,-0.7020117907177753,-0.7042635117170161,-0.7062202756294932,-0.6807317722680493,-0.6640484932039906,-0.6632226035923422,-0.6523010118992062,-0.6340845686317993,-0.5909821462454695,-0.5565647309630972,-0.5524510329251009,-0.5746603313830688,-0.590295589655924,-0.624137725916399,-0.6652735703863136,-0.673223887050711,-0.6516837094321836,-0.6346221833886477,-0.6373946436428853,-0.6352651377298376,-0.6587736892157471,-0.6492212495341723,-0.6416808362188975,-0.646309890012754,-0.6477291391005369,-0.6416516243292537,-0.640047472635745,-0.6331219796072797,-0.6772724764966149,-0.7427013274481552,-0.7964844954544962,-0.8102343300890525,-0.8045484315728861,-0.804066890038279,-0.8145301397957136,-0.8491279076028679,-0.8750773727853658,-0.8800464420315185,-0.876427145719839,-0.837109264507132,-0.8145467244584486,-0.7881401430722164,-0.7835245491078312,-0.7599261163171545,-0.7586846268845961,-0.766209527494755,-0.7713425666241703,-0.8046877548928586,-0.8378323389185363,-0.8423017964312635,-0.8420084736627018,-0.8114187183921112,-0.7668741935952352,-0.7687646703072137,-0.7948220736145708,-0.8130082467722263,-0.7879724257329555,-0.7618885837332064,-0.7631767573606307,-0.7183013321249647,-0.641344425760711,-0.6476054003948856,-0.7163190585110125,-0.44212465613581053,-0.7566039581496924,-0.7574798233248962,-0.7483309828583902,-0.6895358867965149,-0.6207403965107083,-0.5762432092378981,-0.5313954153252112,-0.5044596218315491,-0.4924941773670956,-0.4359418112384342,-0.360289813081428,-0.27674914945044776,-0.21826062291283463,-0.20705210879306735,-0.1479231855742464,-0.14562904217358447,-0.15631249375209655,-0.15845892507307074,-0.19302627580944162,-0.2296969920526921,-0.25525691775040155,-0.26543799700426124,-0.2842373707642158,-0.31783760510128045,-0.3237943961253019,-0.3537910375056554,-0.3860461135770868,-0.4085229362916965
stat_73,0.1973783218335406,0.08197463377037276,0.1744525688178311,-0.05331045211391661,0.10212714080430568,0.11493791279537285,0.11977399320429986,0.12072596717201223,0.12207749755786079,0.12498394970011749,0.12714973926958723,0.1304164525787565,0.13581938394846219,0.14576333869283217,0.146972827463138,0.13870132670412888,0.1378240010313195,0.1372459017521261,0.13537819854377145,0.13948291199204926,0.1336168855634882,0.13469393991619125,0.11872799262451836,0.11514297999233673,0.11520334744663197,0.11656882441541562,0.12133740481776512,0.12392397698894968,0.13982407999794788,0.14957986448694358,0.12900958369817242,0.12822756071726077,0.11821533514196288,0.11574973018772329,0.08707136283125999,0.07510379465851834,0.08911293454803314,0.05761373267168509,0.016060457799215735,0.00824369582024077,0.04592070232249772,0.06485259145055944,0.07892088946309395,0.08953471787391064,0.07095599629417862,0.11108996914756745,0.16215050826072067,0.1822390616107966,0.1772135901910406,0.17642071996235154,0.1990400075021516,0.24517284967363526,0.24573555628062077,0.20713800310474448,0.18082194906565197,0.17190170215810766,0.20129259640027447,0.194544055170144,0.16814019952357984,0.16168582009199367,0.15737739130037173,0.15190174553024893,0.13243298028220565,0.1473584432024038,0.14926637257616404,0.1597493307057587,0.16474306765242866,0.17367008225464503,0.1698337518544578,0.1217730248202532,0.11371939806723862,0.10897981428870296,0.06649780227033175,0.044523100133294975,0.007118913949934429,0.00017210066720143688,-0.03333839831852046,-0.03308062797166368,-0.07132611750638121,-0.09981402171511909,-0.08719329008358334,-0.11340445566516252,-0.14578544694476311,-0.14909920024173298,-0.1350408376237633,-0.1458050226887584,-0.1534393104183154,-0.1703723166965415,-0.20119126909819987,-0.07125782259329172,-0.2047693224673135,-0.2044178653702552,-0.20247860054114677,-0.19602566083068904,-0.1881407186184072,-0.1825748792896536,-0.1800451057160086,-0.17576543732672723,-0.17179213047611394,-0.15954350207177864,-0.16424743652336,-0.13925275430638032,-0.12203730460895576,-0.1180420117777265,-0.08764935155941772,-0.04661348975758258,-0.01266899925415891,-0.009811333696425154,0.009469215415184548,-0.008876219628351851,-0.01638141696888912,-0.010377438797888341,-0.01443226384374714,-0.023261163728696896,-0.025129737336539188,-0.02299501177704967,-0.022911298136874803,-0.05775367788242026
stat_77,-0.3027427003005112,-0.2441174337003675,-0.1669600319326032,-0.038579302169262496,-0.12043076793047323,-0.027774622127062675,-0.3371235454564842,-0.33715147945091106,-0.3375096133490596,-0.33807812633164186,-0.3390726244633673,-0.3392527626843699,-0.34085377428744595,-0.3439441589831679,-0.3446410120144837,-0.3474535707981768,-0.35042724417531884,-0.3506169531594246,-0.3539862035707322,-0.3570368102766181,-0.3590977651935725,-0.3626605795842399,-0.36902503817454874,-0.37646827234365515,-0.38319609296664864,-0.39850033122289813,-0.41470509578559545,-0.42736255087556185,-0.4457462767778262,-0.45890877213720893,-0.4761761962921937,-0.4778366310717563,-0.497161907257503,-0.5279900679973504,-0.5514284190568447,-0.5669768087408487,-0.5875416488490199,-0.6160020531229788,-0.6265236592873882,-0.6324285685277166,-0.6463733854746159,-0.6402837287362944,-0.607397467260825,-0.6011582804781027,-0.5788081741633336,-0.5337520336672005,-0.5283325733867243,-0.512056454082697,-0.4400535389696033,-0.35116243799936825,-0.2823906276165504,-0.20786635380553933,-0.20192118784393773,-0.13919510509361108,-0.11283759950403417,-0.11194370350703503,-0.13863147481903146,-0.15950284431957407,-0.162329667478164,-0.16474673064296075,-0.14257851051378176,-0.15031191587941162,-0.17287040519752025,-0.18076263143275423,-0.186850658272864,-0.26670478736802405,-0.3257851197384651,-0.33247310457490303,-0.33199464063020323,-0.32406638715798114,-0.23950398716034232,-0.17015429380339417,-0.1575367368125535,-0.13003879312230834,-0.10584887600990786,-0.10309261880361592,-0.039439617278040816,-0.05849934801510065,-0.08028590825135881,-0.07030829242924115,-0.08348372298663373,-0.09752364215222041,-0.07300595566790934,-0.03219249265093382,-0.013796379826202078,-0.02405526892975322,-0.03592328064279385,-0.004870372235509391,-0.005264227241663516,-0.15433627403395495,-0.022277237384337883,-0.022673429059708126,-0.043343106124328463,-0.04328075176770128,-0.04194178388969558,-0.05870064486566026,-0.058858138214773106,-0.06319596795724627,-0.06665215681206084,-0.07586061991738617,-0.07182739981650181,-0.06584259328360326,-0.06071324519181469,-0.058412119270408,-0.06832218984053369,-0.09956804421666536,-0.11486190366917953,-0.11533177664173964,-0.12886208516738282,-0.1242869091574422,-0.13838272006584174,-0.14778134620673927,-0.1490458319326403,-0.13539896090585468,-0.13310024129593012,-0.11448798236205542,-0.13574870235172137,-0.14930705754093435
stat_80,1.2206268116849948,0.81345228689691,0.05134533312562142,0.36554936695084483,0.611333132011365,0.5664535633455641,0.6202844650381747,0.6202544321330375,0.620549264539987,0.6205307624845058,0.6208205756070695,0.6215005705354725,0.6219023840483956,0.6227259683802862,0.6210141571489591,0.6202516302498748,0.6201606541832043,0.6202046836332757,0.6178665311476847,0.6201190726119413,0.6228972884676475,0.6233810477118946,0.6399616507516731,0.6447377609696056,0.6546280165076804,0.6593776238786618,0.658153716543573,0.6762399936020904,0.6868343764650606,0.6993669615236853,0.6983014580711985,0.6986093776300475,0.7015652537279642,0.7142763506682666,0.7198663159471943,0.7698050147082279,0.8359193859357784,0.8447199886953735,0.8294850292663092,0.807050930400458,0.8182850285997529,0.7274551924226229,0.6634553855124983,0.6011464934120148,0.5454730539083934,0.5081794897959117,0.4531173626419405,0.34668429351313335,0.2847372387481304,0.30035331339923416,0.2807219949262997,0.25921493191572204,0.25872633981518867,0.26620769945302125,0.29432849831042446,0.3104133192570357,0.2807805646598682,0.30007089050081326,0.28957712167784627,0.30190357988347827,0.3643135315695947,0.3799797642888209,0.4212012501124073,0.4526693330768576,0.46001878311890854,0.48817070061775836,0.48606938434277924,0.4793192684714225,0.4785321197106139,0.4271288013952703,0.38940720357112635,0.3534941713519201,0.3359974728023177,0.2782041415171188,0.24016191822742095,0.236191638182045,0.1885944445312705,0.13662239980573362,0.146000096158633,0.12428443009874537,0.04505479757583431,0.10786717014992926,0.22715363820609139,0.22090210458030454,0.21834223633629685,0.29544826558275494,0.42117198995911226,0.46471701558329115,0.45904943242546503,0.3416942009776061,0.4760783122845603,0.4867437634330409,0.4871838484979279,0.5127495445997741,0.48104995689130464,0.4903107923991595,0.5349692034220344,0.540097940207599,0.5325588628840349,0.4851837755949083,0.4529677866968685,0.44196666074354457,0.41501516234084274,0.4135202972960036,0.38050401261451144,0.36606070659334944,0.3612029683874929,0.3606023358586334,0.3618071778215033,0.34921095205917296,0.336534648505389,0.3247524129911194,0.3418322001191349,0.34578052687233407,0.34437165554155064,0.34068542596232837,0.3393423005668982,0.3340109617022976
stat_84,-0.1764383774641763,-0.08989135880180393,0.1127846819644278,-0.04721954351753451,-0.19315943220540743,-0.16883173514563066,-0.18624554151712455,-0.1868675816189512,-0.18688369407725605,-0.18682446372064196,-0.18819807600969526,-0.1901412645012558,-0.19102020215111468,-0.1901023038356987,-0.19131350975579797,-0.1947458706263247,-0.19781662436453729,-0.1980281567788866,-0.2040403786225547,-0.21145754712903808,-0.21271343560793443,-0.21932341691948562,-0.2335376182799095,-0.24944642513058737,-0.25243913367565474,-0.26068997533612237,-0.2756391460375403,-0.2891315158314547,-0.3148550568243645,-0.33782838282694416,-0.3586988730722876,-0.36019952948707135,-0.37972558167079756,-0.40661062292947536,-0.4346108364010617,-0.4642865453223455,-0.5016274082550468,-0.4954701178201215,-0.48450774346047215,-0.4806934277453915,-0.4486717397629169,-0.43053650764934803,-0.40393232684291863,-0.3677412776933288,-0.34314132409441084,-0.27919873217924207,-0.15927738065590893,-0.09261210120823737,-0.04076921909150231,0.05700327966691406,0.05509872437997413,0.028866893645310483,0.0280550022386347,0.1042985724393041,0.1582801341917974,0.17085257544123109,0.19553542729689685,0.2006057355870941,0.13337861027733808,0.11278330895059707,0.06658726727074875,0.02572536508292357,-0.0032455114653186716,-0.026784191391737995,-0.02653492244332241,-0.038479300430464505,-0.061702519122055356,-0.13157688030777645,-0.1343632982609872,-0.15953987799941852,-0.21491865029105,-0.2662504128983751,-0.2495512281292712,-0.293493832648573,-0.39757446385099093,-0.4069873474681478,-0.4516057140565418,-0.4553578450672532,-0.4327519674594095,-0.4158362184958858,-0.3112974454374154,-0.2396914225320514,-0.21436521089615562,-0.27945528704292727,-0.234033109509337,-0.17087504933711664,-0.14765439199990918,-0.13082149947111854,-0.12867147390283187,-0.17746122307278006,-0.1576997316368839,-0.16158861659277884,-0.17642147873107267,-0.1685224570315317,-0.10474839741945899,-0.10348834481542417,-0.11275691755990656,-0.11450132647277245,-0.11710936078773493,-0.10163440596937795,-0.083012926139404,-0.1314339224074669,-0.12851216111726302,-0.13471787570406168,-0.1399129578055968,-0.11214150682844866,-0.07768642132743309,-0.07775307807802202,-0.06342378094128592,-0.0999146483778783,-0.1125650218157228,-0.08406727161890959,-0.08174498022765336,-0.07921841861438703,-0.0767679988968728,-0.07657494761114479,-0.08824816191776554,-0.12705854120803664
stat_86,0.7959473895656655,0.30352038474074394,0.024598166017286194,-0.13872620590323573,0.3254790820035313,0.41747956306583933,0.3327778544744529,0.3324300789505871,0.3327337893408205,0.33196168409133275,0.3318724304643932,0.33205361783272763,0.32883290869092974,0.3299829701520092,0.33148997179340683,0.3309310029769472,0.32921486502443503,0.32921336043370575,0.3258947297614532,0.3297753683682003,0.3290484089550103,0.3281524496047931,0.3216413813834906,0.31985733463039334,0.3217792794567089,0.3230713075158181,0.32373975792492365,0.33014229495498415,0.33497699655854246,0.34466758282169796,0.33330395998242984,0.33360279632554546,0.34104631743818176,0.36204498207003766,0.375991943966292,0.3706362387888887,0.3579255127693607,0.3387862184540759,0.36516117216768107,0.37053323763881907,0.3789900297551146,0.3759908351888642,0.3627252192367445,0.34248413942878486,0.3629926673433971,0.38253932016284853,0.3804588831547864,0.3613227789201394,0.3675045432114048,0.3699191376747459,0.3771756113298443,0.3822955303667802,0.3855682286204535,0.42002253293046193,0.4093588973600057,0.3834870411880904,0.3876399883000534,0.3944349299965684,0.3597115924907786,0.3613646790687369,0.34915053127484447,0.30340167838819543,0.29441422670992684,0.33367098016454805,0.34047512362549787,0.39376910462961245,0.40279493898704577,0.41538968529770093,0.41793353480649265,0.4676122968387823,0.48285202876575384,0.5466658588008734,0.5524181960469945,0.5599848758119227,0.5745382337043702,0.5721948066224073,0.5988616035142843,0.6273399129638385,0.5729791720959833,0.5074377813031388,0.44907744897565643,0.42124967657652723,0.40636674376901305,0.39013325576349395,0.3962948809353785,0.37413712525650095,0.4206464624433064,0.4210692622727807,0.40883904850274977,0.29870184879351,0.40076160910405195,0.4040272757518567,0.3918303545849521,0.38017565153433935,0.37916437049367313,0.40942355267545677,0.4115206615036885,0.3890726493095293,0.38235073815701304,0.3422444152869197,0.31004969020214485,0.2793961260707771,0.2595278392209393,0.25910555660195295,0.24169853996651586,0.23880462653361417,0.23472479579652802,0.23633512043232077,0.24125287371980744,0.23788657503752694,0.24278822912288386,0.24513427318918615,0.2568657126150631,0.3012375664329758,0.30451488495648854,0.3154607754672466,0.318148278651086,0.3061668499997156
stat_89,-0.16752353475916604,-0.10852781498342315,-0.16488505967927558,-0.03831020533759309,-0.18174811047093464,0.1485012294151366,-0.17827437397912102,-0.17961823424342788,-0.1798697786745933,-0.1803617854050394,-0.18077316347007844,-0.1813803401409195,-0.18332566634070352,-0.18389986943937653,-0.18456482716975456,-0.18717607798272773,-0.1899782269980004,-0.19009971219429303,-0.19198508314991092,-0.19868738945381217,-0.20459271154235656,-0.2141436936927207,-0.22616077635010165,-0.2346033537707107,-0.23983380179239294,-0.2480924612432311,-0.26560895472231655,-0.2814872926993051,-0.3072406308864802,-0.315931459190797,-0.3403965606301381,-0.34198899743492206,-0.3688264569425104,-0.3959869627160145,-0.4128734082931864,-0.42145739809220356,-0.42894552313238504,-0.41722609637348607,-0.40103641762341335,-0.38360515444403587,-0.3485708075591737,-0.31100083247775057,-0.2613761962522468,-0.2178138297489423,-0.21110067757625423,-0.20909619827500284,-0.18676794109135628,-0.15573042016413358,-0.07268045179406668,-0.014904292553382508,0.050085532202445236,0.0749122647135368,0.07708240322543188,0.09430010647833544,0.11076477945761987,0.06793916985328355,0.03743700272498159,0.04357834842403139,0.070750562749194,0.07528369163059444,0.07660817143086264,0.043815423279921564,0.06113386819401848,0.0934276169088922,0.10021116840431073,0.13348035937434363,0.18298585700567288,0.2300074637757383,0.22443336256328747,0.26660236333651965,0.31354160992423263,0.3487721768220544,0.38046738437521327,0.3936566606557869,0.3989304427554254,0.3997271379925355,0.40147450833102366,0.398182776967066,0.3736625861383644,0.36282079205285417,0.3355626539053733,0.3113674601840193,0.27806374289469854,0.26062043765291437,0.23050115064399745,0.22310328271827917,0.20910541588839363,0.2006812059934707,0.19035634716025412,0.17303781280145855,0.17601378533503226,0.17554642072119359,0.17471765866931768,0.17202983747001138,0.17005905709796762,0.16423958778809758,0.16489063325728182,0.17133108225121824,0.17358394238606667,0.17186738472627106,0.15766585825402327,0.15640276131800224,0.1626556070457024,0.16429995510126671,0.1675449388265619,0.15655390028530278,0.14297501723841094,0.14226424809144025,0.13600450398655542,0.13356662546493836,0.14157211908123413,0.14848866298832047,0.14816748925751594,0.15158466290024106,0.15200781694679807,0.1575154714116163,0.16892279887332765,0.1733413488164605
stat_9,-0.8336077087814617,-0.7910067611900136,-0.6435032435040672,-0.4917659257183063,-0.06046399296134458,-0.18219022743511257,-0.05345297124652907,-0.05375843401662537,-0.05376262452577734,-0.05352154988704352,-0.052481987313452355,-0.05244023159346197,-0.05382589720028178,-0.05590785442781279,-0.0577200757501638,-0.059566479397966623,-0.06108492478003458,-0.06077204614945257,-0.06205761305475357,-0.06229597013736754,-0.06250575553706521,-0.06280985636688907,-0.06112189312534735,-0.05960922749343853,-0.05549313213719266,-0.048630928638881535,-0.04339968431273806,-0.045742098535696135,-0.04473906147759459,-0.035733382232878634,-0.035020643534908684,-0.03423184598635685,-0.01839411462819099,-0.0006958052441635023,0.022849867398359286,0.040083682149161456,0.03501633334574324,0.03245170301680456,0.05368203982967823,0.06940799923006448,0.06133075553496416,0.06119503722434987,0.06559441521350273,0.030696073267995803,0.030006509808739968,0.05409184366687709,0.051304667160019385,0.01746916329833869,-0.033537326694351555,-0.06962945112600842,-0.0876319397403253,-0.100825306467715,-0.10223680150865558,-0.13710993223589965,-0.18560706923454373,-0.2415609276313091,-0.27633960007039704,-0.3205036931885281,-0.32467049304859835,-0.32198171912821216,-0.31722691504395745,-0.32565766686229775,-0.3328374182552273,-0.3293541131794889,-0.3300987726109847,-0.33748411841429005,-0.36090988791559003,-0.39652473141513817,-0.3984960669569868,-0.4267385937964745,-0.45804851756166143,-0.46988206101752444,-0.4997044433945192,-0.509472986248415,-0.5147785754475624,-0.5162023652381249,-0.5426270241158866,-0.5542320546704914,-0.5339269475796966,-0.5096868545836015,-0.4567708209819343,-0.4274763494457641,-0.3933451886243007,-0.3656735462066864,-0.3627765043652295,-0.336360394122036,-0.3281155962362884,-0.3455371837343671,-0.3361415340274183,-0.3929042690783483,-0.3289811803491579,-0.3289364093608601,-0.3466607426788674,-0.35447841861417084,-0.38446522572189734,-0.4321370794447559,-0.515680913601491,-0.5621383500530633,-0.5663905615406356,-0.5193621029197537,-0.48420011935980417,-0.46429666023779254,-0.42953356913227203,-0.4239563115026761,-0.3963680706554061,-0.38193459865096885,-0.36565894114271486,-0.36527879245782297,-0.37322711254291063,-0.3980919924975889,-0.42766587619976726,-0.4814329939171644,-0.5280477085417594,-0.5386626747927009,-0.5387614127687744,-0.5284856132124488,-0.5043208848277776,-0.44877726666272033
stat_91,1.6906003514265495,0.83803695805717,0.022240416858233473,-0.06255818764366415,0.7999659193664513,0.4596174654819362,0.8095897053812758,0.8097977404906814,0.8096285732984247,0.8089315001311935,0.8107616457294906,0.8121691384329246,0.8125386501104226,0.8142480448051742,0.8165000936259916,0.8192977179368542,0.8260720007040614,0.8266224139045398,0.8347551700979551,0.8564322205649819,0.8626687704925879,0.8734818223091876,0.9140425387631916,0.9500656668709873,0.9839140708703343,1.0679907511432956,1.123303225972259,1.1303738238402987,1.1447145689783809,1.1546463957728978,1.165698685464692,1.1670922327770685,1.189184045490802,1.1467179128681417,1.1251102832466833,1.0580277255713084,1.008384514470834,0.9683194981178633,0.9387302200733549,0.9464243969761147,0.9538798482356506,0.9852997911355718,1.0504273457044246,1.0386494712615095,0.944149434518254,0.8722955584500044,0.9006334521420798,0.9015329061264786,0.9764518713156907,1.0082410447147725,1.0163285371788466,0.96412351133878,0.9597903773487206,0.901751914566653,0.9267556127676742,0.9432128015403743,0.928329292449873,0.8396795783432744,0.7508933236908059,0.727575066559225,0.6137084255090616,0.4999118644332088,0.38364475142051857,0.32921307368565145,0.3205880767032401,0.2688030968533616,0.20166083088057674,0.14120764897400181,0.139445648256362,0.08939878689932221,0.07971379088036043,0.1009355144623897,0.07135288682812813,0.039205545455089974,0.0470576057974823,0.04868558208922659,0.023251085117620293,-0.022709215655155587,-0.028319282275242313,-0.025502425864508727,0.0083970840852561,0.021255887592907387,0.02718606524687155,0.03606028864874645,0.052670493996802695,0.07153419115398778,0.07410253923534166,0.06340004964579135,0.06244708610523554,0.0592255622725372,0.09813905212728008,0.09874556525688258,0.11413146301030787,0.12004418339314356,0.1315801853331449,0.13755785741563045,0.13636065949167922,0.1400269792347011,0.13671056478132373,0.12406920569967728,0.11285874710450024,0.10810944121302028,0.10775411995646986,0.10594885727830577,0.09072316937441703,0.08155964406162146,0.07513872432842492,0.07323351108581312,0.06620134116600934,0.07500019545539464,0.07642636725490685,0.07498673710554116,0.077564968267045,0.06165333971336069,0.05955944379678297,0.05916859817845237,0.06074518356667616,0.059275702115460294
stat_94,0.10174432934175201,-0.06968966260014832,-0.5265725879112764,-0.34562348871014825,0.27938146908334544,0.39294549491473896,0.28605667581906485,0.2851033287511001,0.28385904150408736,0.28228838323399696,0.28078021508793854,0.27793757052309004,0.2733360400961095,0.2696269574288179,0.2692956967989512,0.2671616053888417,0.2659408132092244,0.26603491477162744,0.2650902161496896,0.26003542526375767,0.260895744244994,0.2545442964665416,0.25530048627260105,0.2503237903028008,0.25058711727598837,0.24332596448795787,0.22754001499198812,0.20067538462546142,0.16248759298121565,0.12035202800557909,0.08115209268548838,0.07818038777433932,0.04154269439460301,0.0188414933233328,-0.0018870903207279957,-0.021737155071842734,-0.009357329459724171,-0.0077228328658395734,0.005652602410033576,0.0398040909012421,0.0793979044384601,0.13378299822473835,0.1903079867287983,0.22417270593871505,0.24275421214591342,0.2608479153394966,0.2960642848737009,0.30302908210010343,0.3051131572951624,0.34560383187144966,0.35711629245372234,0.36363514285728793,0.36416015275650826,0.37882421067115907,0.3959392233016973,0.3850523817353114,0.3555218772174813,0.35733659273664803,0.3620679694085289,0.3533497212761667,0.3097231698332055,0.26139604454045,0.21431953649475535,0.17265962031495358,0.16777060527317672,0.1617316714697141,0.16800205068241256,0.1764536249670799,0.16768593116631164,0.176045713256063,0.19319471205157698,0.18954236577606307,0.18871195250440495,0.19586392351998416,0.20842579867161984,0.21354805784906078,0.20441107995436789,0.22017414384542897,0.1966461297219369,0.17901241824564815,0.15569006265734436,0.13265907602124982,0.13494520546844724,0.16671047454502028,0.18827857892111824,0.18992395818962993,0.18524942630338329,0.20556820582921867,0.24262588859458184,0.19274140349435115,0.27233965556843837,0.2749010528247083,0.29321834195809854,0.29065495615533893,0.2911633480218391,0.297488766928162,0.29003722622327577,0.2844845184764104,0.2881572122344607,0.2929449955243934,0.28169643479724976,0.2830969368319554,0.28972912416294155,0.29105884513822744,0.27710812976570603,0.24713353865061358,0.22777108266082777,0.22671151997453537,0.22106926408023164,0.2214327292947233,0.21824127908991242,0.21756630903037918,0.23355384079926184,0.24186541115724888,0.24151684185688396,0.22993987219591355,0.21354512647624785,0.20131645070679544
stat_95,-0.6341533387796827,-0.02654436972127912,0.42547566443026946,0.5628030695156424,-0.4916931997934003,-0.13839357100902397,-0.48310956181629794,-0.48338837408887514,-0.48381183421411045,-0.4841443082610203,-0.4842729982211289,-0.48868671638040245,-0.48868321669667175,-0.4909702919995279,-0.4938459089273573,-0.500632729706716,-0.5044409259438639,-0.504666472508235,-0.5079991803782198,-0.5157517109550234,-0.5222586684852405,-0.5330119835661421,-0.5492190638497525,-0.5563545214435569,-0.5623509823118134,-0.57479658525217,-0.585956854304591,-0.5919516958939429,-0.6132085460044131,-0.6382974680516434,-0.654615493306914,-0.6549907923804343,-0.6648680745138671,-0.6794787383081772,-0.7046917061331208,-0.7199203167333067,-0.723340157463341,-0.7578091123666428,-0.7788245850166177,-0.7917015204347592,-0.811994799177154,-0.82715851550932,-0.8061428243317014,-0.7719441837691025,-0.7220405394570064,-0.7098474962417968,-0.7518461260956787,-0.727147286301216,-0.7099488359660111,-0.6804730326458804,-0.6116981786727111,-0.6129509569436039,-0.6134248464744821,-0.5538845831793838,-0.5045033725301884,-0.46236872288501174,-0.40940932441181865,-0.37954800908491243,-0.37213748719568496,-0.36001123096041937,-0.3437400375888286,-0.27630548374241626,-0.23549123545910533,-0.20630333201832876,-0.1967162151875517,-0.15934881800950695,-0.19885455675318484,-0.2035002876487315,-0.20312464498539115,-0.20078753634437052,-0.14214133669471318,-0.13209327171168017,-0.24348726340926813,-0.2703157904994045,-0.20293453276549733,-0.18622279905962585,-0.1271414371098917,-0.07049795003511307,-0.07286889058323336,-0.0462408996056758,-0.06035919706231444,0.025724614404124897,0.08733073557548005,0.22371876349785644,0.349182623973968,0.3859963188296963,0.36152696236881243,0.47083291641849506,0.5073175232169059,0.06392624405188893,0.48553822696816795,0.48271596057352395,0.3825801024320171,0.4012957388788043,0.4000542134190753,0.4246639966745241,0.3854540653073808,0.36300590379887193,0.36566935951043045,0.31717185273692006,0.2555140032312943,0.22459285105197416,0.19795962335976422,0.20527675942072876,0.19369232436918452,0.1706934847246285,0.1222743709412398,0.12288156319481877,0.11358340584645317,0.1200139132060112,0.10006975762454458,0.07048393875748386,0.05865924614417184,0.06462868461035752,0.06532790212116213,0.05737075924757502,0.06521121253516309,0.06256044117008115
stat_96,0.02950475069851513,-0.021515890861842843,-0.07458408310679218,-0.0977443310263913,0.12084951418295681,0.02895609329561333,0.12710076406621498,0.1254021673922289,0.12545652267276444,0.12396530939229004,0.12084788284168625,0.11701224929995332,0.10781114780857586,0.11139269894431529,0.11129107067848583,0.09409362021263412,0.0866060495609923,0.08693484790901287,0.08517456732934695,0.09002150107436302,0.08233581026102771,0.0884113509805724,0.09491872176708324,0.0739644509212115,0.05462789682536872,0.056029343730313326,0.05498423781515401,0.0863588062542279,0.047086895799927475,0.1022770929800113,0.1678812370527427,0.16979296295013302,0.1987108102212759,0.3043751999219466,0.32731721463526514,0.3783457701940285,0.46221257777850033,0.526223390265173,0.5934948621691809,0.5281669169108089,0.36408217029555234,0.3001152375820624,0.33117929228071397,0.3474800175169209,0.31939232490727154,0.2988213137808422,0.22790638608749378,0.12454593830469374,0.04862343353513653,-0.04117819820127708,-0.09801305583662329,-0.1263986974594275,-0.13094427224142977,-0.19380233315532197,-0.19872941415623718,-0.12749147633038935,-0.10992453703456452,-0.163237799756199,-0.20261076040392115,-0.2145599283514993,-0.25165924423451097,-0.1867755577838273,-0.20345330705685077,-0.2376931083378022,-0.2477673097135611,-0.27470945081925313,-0.2617513361710961,-0.27346100996012307,-0.2721970702736863,-0.286494809117148,-0.27914411587991306,-0.21862987845119708,-0.16073551240024048,-0.18346999935441752,-0.2027497677477387,-0.1897702481669812,-0.1403820537619548,-0.1111968577840541,-0.11153652948609216,-0.08791808227359692,-0.12864563763957393,-0.13151144146692584,-0.1654813803795197,-0.19204471230123807,-0.2149020262724275,-0.24387033672282218,-0.25468743967655477,-0.2493946103283594,-0.2472262278461449,-0.1163237728076344,-0.2138991935293528,-0.207839871348337,-0.1760808252484293,-0.16364428113255197,-0.15117434132499677,-0.1417126633453899,-0.1496011563239,-0.1673534195840456,-0.17382585645869686,-0.1755223055359069,-0.17194920283214854,-0.17103523253461575,-0.15337782080928314,-0.14669104176379585,-0.13533963597852872,-0.13628152679080674,-0.14475569145502976,-0.14401766589512213,-0.153235714572918,-0.14762257489743796,-0.1350156960192369,-0.11216413126547291,-0.15958057347507193,-0.1446088404455899,-0.14493303842525151,-0.15486667120112205,-0.17780650275691312,-0.1393324942297863
stat_97,-0.06587080649622097,0.15722506645822149,0.08082078181086645,0.3132587231705599,-0.10108821731561861,0.05008739206031894,-0.09633994658369555,-0.09738850296020544,-0.09782934902135143,-0.0987841279238702,-0.09978718181915845,-0.10132436631374425,-0.1045384534449744,-0.10685980875663922,-0.10748499579516894,-0.10845270799570067,-0.10987817337910022,-0.10997388124673328,-0.11204036653290661,-0.1141405126236915,-0.11656135074040823,-0.1218889682663625,-0.1261589468446556,-0.12632156908853462,-0.12927978033972634,-0.13575017614374638,-0.14220121426784732,-0.1498839872494651,-0.15699488908133222,-0.1567618592776013,-0.1617986653656948,-0.16297505327417477,-0.17004606060802718,-0.1667664749086394,-0.1637047932412327,-0.1547544958476258,-0.160178759523056,-0.15760333865559828,-0.15136910533608208,-0.13335416975336642,-0.06536214440455716,-0.05922716473431379,-0.08962430044300491,-0.08436854199407506,-0.1009540512714189,-0.08156058945372575,-0.05555361077038221,0.04332480472115312,0.07470667303877757,0.10541879717053837,0.10497712814162398,0.02657164826008989,0.0172661755418616,-0.1258067919151336,-0.20113764919034482,-0.21891789334358797,-0.14816166423561883,-0.06328355763797926,0.003332860605627417,0.015077240367027914,0.018622778478379197,0.038505850681278764,0.08430558902112968,0.13384383072568476,0.1409570255256145,0.15294432594200935,0.14107277804737736,0.12395796792413792,0.12530521996136298,0.15518919691534358,0.20272760685098457,0.29429710524975006,0.40014204589226116,0.3713666004243381,0.31197935039085173,0.30012088517263874,0.2250590979377929,0.168157317378715,0.1374204308193216,0.09254395359445113,0.09966632787930474,0.13354241442826398,0.1618427846458055,0.17779335920778358,0.1732671936775999,0.15595883500620833,0.1375712187408125,0.12094373752459825,0.0983749934049415,0.042985738711194585,0.07794617099058697,0.07645965507269507,0.0696350834627384,0.06250625993279824,0.05729657571110359,0.05156041905145253,0.04972900110145719,0.05825249037899284,0.06178023058847781,0.06703570292567218,0.059712624546524755,0.04635625382471878,0.03959975521996562,0.03948018077896522,0.0338746463734204,0.02453163270925608,0.017618809098775053,0.017321282763005003,0.009414521013869345,0.005331476540128838,0.007669620432401217,0.01184843735555259,0.01399124729819933,0.014895988138467426,0.01634183912902902,0.03626810436579926,0.046411095476496196,0.04780920049737402
stat_98,0.34245687118368734,0.189401346553592,0.42491444628161834,0.047054605659227026,0.12206269224421332,-0.1949786979950699,0.13884911343288925,0.13937940240793684,0.139716379888573,0.14010947817047312,0.1414733876268343,0.1464232304153208,0.16085322309407624,0.15428253718550985,0.13696054734845445,0.13052011922857562,0.12523471058089233,0.12501815891451631,0.12231350810529178,0.12197145217354417,0.12717247332089746,0.12372278012491747,0.12078889309648654,0.11672870419754533,0.11219758592455568,0.10955615441170932,0.11969054772824189,0.13878388159489785,0.1398069627145631,0.10042551026576099,0.07563798992046102,0.07444776276685164,0.052587039054654866,0.0506632386583612,0.05232207996486218,0.08016505314770031,0.10356311368910857,0.13498538576699678,0.1733881678782281,0.21273550612887804,0.2823290980822014,0.3631046599597275,0.45609566625205716,0.4963055043838644,0.6042215136820732,0.6946892091431759,0.7284587468280278,0.6823944404238511,0.5761723939514624,0.4212782251456448,0.3223757330179631,0.23763565663445868,0.22989925291790997,0.1348877242955964,0.026898568836743564,-0.04210299802402145,-0.1552371239088511,-0.23412059540122043,-0.31869414294859194,-0.335808343122286,-0.37305376042699756,-0.3482360230061433,-0.3345180260773874,-0.3192589536929813,-0.3063598981381721,-0.27443475644037163,-0.24295745114153885,-0.21359151527778836,-0.2091868562156802,-0.16841921570937798,-0.13928290888495418,-0.11790632629027645,-0.10573805427893426,-0.13237484921703954,-0.13906118328722064,-0.13904524125510048,-0.1377873536405573,-0.12746875453700324,-0.1205096034465767,-0.134378723857445,-0.14933960479497183,-0.21382070977689288,-0.3241229988027808,-0.42849380198734155,-0.46962296853238383,-0.4953057015726402,-0.48547502709158313,-0.45389352925444065,-0.4113795823811548,-0.2837513066616913,-0.3888055025825408,-0.39101747752655924,-0.35874298716507474,-0.3174046939475497,-0.29388052654641833,-0.25362488620635815,-0.2446550420940993,-0.24604661681057505,-0.24259399277731056,-0.24927757466691808,-0.2613482003244069,-0.2568046536169911,-0.2654494972158703,-0.266056382726735,-0.2592481099925573,-0.25629673321296886,-0.25226950663083314,-0.2547872062848603,-0.2657619187768775,-0.2726858827281767,-0.26520864890152696,-0.2458512486807536,-0.23409798400913054,-0.2280193494153667,-0.22938008222194628,-0.25979355040591445,-0.24460828840087984,-0.24456728620550608
